;Unnamed: 0;Date;Return;pct;Cum
0;0;1950-01-04;0.0;0.0;0.0
1;1;1950-01-05;0.0047365393466734;0.47365393466733996;0.0047365393466734
2;2;1950-01-06;0.0029489847381571;0.29489847381571;0.007685524084830499
3;3;1950-01-09;0.0058720074772225;0.58720074772225;0.013557531562052999
4;4;1950-01-10;-0.0029316349659227;-0.29316349659227003;0.010625896596130299
5;5;1950-01-11;0.0035169437329982;0.35169437329982;0.014142840329128499
6;6;1950-01-12;-0.0194984020735625;-1.9498402073562502;-0.005355561744434002
7;7;1950-01-13;-0.005384398291234;-0.5384398291233999;-0.010739960035668003
8;8;1950-01-16;0.0029948510852384;0.29948510852383997;-0.007745108950429604
9;9;1950-01-17;0.0083384640377475;0.83384640377475;0.0005933550873178962
10;10;1950-01-18;-0.000593355087318;-0.0593355087318;-1.0375814790686277e-16
11;11;1950-01-19;0.0011862990363269;0.11862990363269;0.0011862990363267962
12;12;1950-01-20;0.0017766660943299;0.17766660943299;0.002962965130656696
13;13;1950-01-23;0.0011827322490498;0.11827322490498;0.004145697379706496
14;14;1950-01-24;-0.0035523422923886;-0.35523422923886;0.0005933550873178958
15;15;1950-01-25;-0.0071429468243597;-0.71429468243597;-0.006549591737041805
16;16;1950-01-26;-0.0005975500625963;-0.05975500625963;-0.007147141799638105
17;17;1950-01-27;0.0053651395460692;0.53651395460692;-0.001782002253568905
18;18;1950-01-30;0.0118204686004262;1.1820468600426202;0.010038466346857296
19;19;1950-01-31;0.0017610219332695;0.17610219332695;0.011799488280126795
20;20;1950-02-01;0.0;0.0;0.011799488280126795
21;21;1950-02-02;0.0105019054613407;1.0501905461340701;0.022301393741467494
22;22;1950-02-03;0.0034763069922592;0.34763069922592;0.025777700733726695
23;23;1950-02-06;0.0017335456021916;0.17335456021916;0.027511246335918296
24;24;1950-02-07;-0.0052098525944508;-0.52098525944508;0.022301393741467494
25;25;1950-02-08;-0.0011614984221441;-0.11614984221441;0.021139895319323393
26;26;1950-02-09;0.0040592691285841;0.40592691285841;0.025199164447907492
27;27;1950-02-10;-0.0023175560107313;-0.23175560107313;0.022881608437176192
28;28;1950-02-14;-0.0104957817886624;-1.04957817886624;0.012385826648513792
29;29;1950-02-15;0.0;0.0;0.012385826648513792
30;30;1950-02-16;-0.0041115477630437;-0.41115477630437003;0.008274278885470093
31;31;1950-02-17;0.0093732379281079;0.93732379281079;0.01764751681357799
32;32;1950-02-20;0.0029112683469918;0.29112683469918;0.020558785160569793
33;33;1950-02-21;-0.0017457670495564;-0.17457670495564;0.018813018111013394
34;34;1950-02-23;0.00232687720831;0.232687720831;0.021139895319323393
35;35;1950-02-24;0.0040592691285841;0.40592691285841;0.025199164447907492
36;36;1950-02-27;0.0;0.0;0.025199164447907492
37;37;1950-02-28;-0.0034783803187044;-0.34783803187044005;0.021720784129203093
38;38;1950-03-01;0.001160824307973;0.11608243079729999;0.02288160843717609
39;39;1950-03-02;-0.0005802146957085;-0.058021469570850005;0.02230139374146759
40;40;1950-03-03;0.0034763069922592;0.34763069922592;0.025777700733726792
41;41;1950-03-06;0.0017335456021916;0.17335456021916;0.027511246335918393
42;42;1950-03-07;-0.0069524611753486;-0.69524611753486;0.020558785160569793
43;43;1950-03-08;-0.0005815643908277;-0.058156439082769996;0.019977220769742093
44;44;1950-03-09;-0.0070053407617636;-0.70053407617636;0.012971880007978494
45;45;1950-03-10;0.0011709603211502;0.11709603211502;0.014142840329128695
46;46;1950-03-13;0.0017539319973098;0.17539319973098;0.015896772326438494
47;47;1950-03-14;0.0075647143525596;0.75647143525596;0.023461486678998094
48;48;1950-03-15;0.0115275624776561;1.15275624776561;0.0349890491566542
49;49;1950-03-16;0.0022895830754854;0.22895830754854;0.0372786322321396
50;50;1950-03-17;-0.0022895830754854;-0.22895830754854;0.0349890491566542
51;51;1950-03-20;-0.0005732301347434;-0.057323013474340004;0.0344158190219108
52;52;1950-03-21;0.0005732301347434;0.057323013474340004;0.0349890491566542
53;53;1950-03-22;0.0057141869767911;0.57141869767911;0.0407032361334453
54;54;1950-03-23;0.0005696383275446;0.05696383275446;0.0412728744609899
55;55;1950-03-24;0.0;0.0;0.0412728744609899
56;56;1950-03-27;-0.0057110381216749;-0.57110381216749;0.035561836339315
57;57;1950-03-28;0.004001262840521;0.40012628405210005;0.039563099179836
58;58;1950-03-29;-0.0051472801579253;-0.51472801579253;0.034415819021910696
59;59;1950-03-30;-0.0080600321200181;-0.8060032120018099;0.026355786901892594
60;60;1950-03-31;-0.0005780861681659;-0.057808616816590004;0.025777700733726695
61;61;1950-04-03;0.0137853984461094;1.37853984461094;0.039563099179836095
62;62;1950-04-04;0.0011401369536092;0.11401369536092;0.04070323613344529
63;63;1950-04-05;0.0045480467564638;0.45480467564637994;0.045251282889909095
64;64;1950-04-06;0.0084723466404463;0.8472346640446301;0.05372362953035539
65;65;1950-04-10;0.003929221896922;0.39292218969220005;0.05765285142727739
66;66;1950-04-11;-0.0056179923042236;-0.56179923042236;0.05203485912305379
67;67;1950-04-12;0.010647396450584;1.0647396450584001;0.0626822555736378
68;68;1950-04-13;0.0022271166714658;0.22271166714658;0.0649093722451036
69;69;1950-04-14;-0.0011130218487096;-0.11130218487096001;0.063796350396394
70;70;1950-04-17;-0.0044642933778096;-0.44642933778096;0.059332057018584405
71;71;1950-04-18;0.008354378861386;0.8354378861386;0.0676864358799704
72;72;1950-04-19;0.0011085366988852;0.11085366988852;0.06879497257885561
73;73;1950-04-20;-0.0066703417601847;-0.6670341760184699;0.06212463081867091
74;74;1950-04-21;0.0016717195777231;0.16717195777231;0.063796350396394
75;75;1950-04-24;-0.007264575319716;-0.7264575319716;0.056531775076678004
76;76;1950-04-25;0.0;0.0;0.056531775076678004
77;77;1950-04-26;-0.0039336943110246;-0.39336943110246;0.05259808076565341
78;78;1950-04-27;0.0056148938753688;0.56148938753688;0.05821297464102221
79;79;1950-04-28;0.0055833757553718;0.55833757553718;0.063796350396394
80;80;1950-05-01;0.014372829752304;1.4372829752304002;0.078169180148698
81;81;1950-05-02;-0.0060555098336365;-0.60555098336365;0.07211367031506151
82;82;1950-05-03;0.008796043276483;0.8796043276483;0.0809097135915445
83;83;1950-05-04;-0.0082440145874458;-0.8244014587445799;0.07266569900409871
84;84;1950-05-05;0.0055034811445993;0.5503481144599299;0.078169180148698
85;85;1950-05-08;0.0027405334428465;0.27405334428465;0.0809097135915445
86;86;1950-05-09;0.0;0.0;0.0809097135915445
87;87;1950-05-10;0.0010941466875431;0.10941466875431;0.0820038602790876
88;88;1950-05-11;0.0;0.0;0.0820038602790876
89;89;1950-05-12;-0.0060324283281256;-0.60324283281256;0.075971431950962
90;90;1950-05-15;0.0043907864174896;0.43907864174896;0.0803622183684516
91;91;1950-05-16;0.0098093971915584;0.98093971915584;0.09017161556001001
92;92;1950-05-17;0.004328956859652;0.4328956859652;0.094500572419662
93;93;1950-05-18;0.0021574442607095;0.21574442607095;0.09665801668037151
94;94;1950-05-19;0.0064447593219538;0.64447593219538;0.10310277600232531
95;95;1950-05-22;-0.0042918520815407;-0.42918520815407;0.09881092392078461
96;96;1950-05-23;0.0058965061194866;0.58965061194866;0.10470743004027121
97;97;1950-05-24;-0.0010694118666245;-0.10694118666244999;0.1036380181736467
98;98;1950-05-25;0.0;0.0;0.1036380181736467
99;99;1950-05-26;-0.0010707174183863;-0.10707174183863001;0.10256730075526041
100;100;1950-05-29;0.0026744600770096;0.26744600770096;0.10524176083227
101;101;1950-05-31;0.0032001093976106;0.32001093976106;0.10844187022988061
102;102;1950-06-01;-0.0005326764298341;-0.05326764298341;0.10790919380004652
103;103;1950-06-02;0.0010650160467524;0.10650160467523999;0.10897420984679891
104;104;1950-06-05;-0.0101632859260143;-1.0163285926014298;0.09881092392078461
105;105;1950-06-06;0.0149415270320961;1.49415270320961;0.11375245095288071
106;106;1950-06-07;0.0026448574699795;0.26448574699794997;0.11639730842286021
107;107;1950-06-08;0.0110323685569713;1.10323685569713;0.1274296769798315
108;108;1950-06-09;0.0062500725917766;0.62500725917766;0.1336797495716081
109;109;1950-06-12;0.0072426596993029;0.72426596993029;0.14092240927091101
110;110;1950-06-13;-0.0077620053354889;-0.7762005335488901;0.1331604039354221
111;111;1950-06-14;-0.0141252675520116;-1.41252675520116;0.11903513638341051
112;112;1950-06-15;-0.0026378279605503;-0.26378279605503;0.11639730842286021
113;113;1950-06-16;0.0021107660108774;0.21107660108774;0.1185080744337376
114;114;1950-06-19;-0.0026391676083763;-0.26391676083763;0.1158689068253613
115;115;1950-06-20;-0.0047682209546713;-0.47682209546712995;0.11110068587069
116;116;1950-06-21;0.0089876364973791;0.89876364973791;0.1200883223680691
117;117;1950-06-22;0.0083857933762741;0.83857933762741;0.1284741157443432
118;118;1950-06-23;-0.0010444387645116;-0.10444387645116;0.1274296769798316
119;119;1950-06-26;-0.0553160066647704;-5.53160066647704;0.07211367031506119
120;120;1950-06-27;-0.0111051110408118;-1.11051110408118;0.06100855927424939
121;121;1950-06-28;0.0111051110408118;1.11051110408118;0.07211367031506119
122;122;1950-06-29;-0.0376978512931507;-3.7697851293150704;0.03441581902191049
123;123;1950-06-30;0.0142330888805233;1.42330888805233;0.048648907902433786
124;124;1950-07-03;-0.0028305708115037;-0.28305708115037;0.045818337090930084
125;125;1950-07-05;0.0095910472640361;0.95910472640361;0.05540938435496619
126;126;1950-07-06;0.0055991749192831;0.5599174919283101;0.06100855927424929
127;127;1950-07-07;-0.0134909297410153;-1.34909297410153;0.04751762953323399
128;128;1950-07-10;-0.0045377275821385;-0.45377275821385;0.04297990195109549
129;129;1950-07-11;-0.0154686556151775;-1.54686556151775;0.027511246335917987
130;130;1950-07-12;-0.0263249472995915;-2.63249472995915;0.0011862990363264887
131;131;1950-07-13;-0.0107271582448383;-1.07271582448383;-0.00954085920851181
132;132;1950-07-14;0.0107271582448383;1.07271582448383;0.0011862990363264887
133;133;1950-07-17;-0.0113265589040972;-1.13265589040972;-0.010140259867770712
134;134;1950-07-18;0.022526086516284;2.2526086516284;0.012385826648513287
135;135;1950-07-19;0.0174322833890046;1.74322833890046;0.029818110037517886
136;136;1950-07-20;0.0142982124581414;1.42982124581414;0.044116322495659284
137;137;1950-07-21;-0.0011364205445638;-0.11364205445638001;0.04297990195109548
138;138;1950-07-24;-0.0062731885220772;-0.62731885220772;0.03670671342901828
139;139;1950-07-25;-0.0144053196875511;-1.44053196875511;0.022301393741467182
140;140;1950-07-26;0.0023188416187487;0.23188416187487002;0.024620235360215882
141;141;1950-07-27;0.0132299887708816;1.32299887708816;0.03785022413109748
142;142;1950-07-28;0.0107986837713363;1.07986837713363;0.048648907902433786
143;143;1950-07-31;0.0084435624510583;0.84435624510583;0.05709247035349209
144;144;1950-08-01;0.0100391250283285;1.00391250283285;0.06713159538182059
145;145;1950-08-02;-0.0038920815355991;-0.38920815355991;0.06323951384622149
146;146;1950-08-03;0.0022258773178491;0.22258773178491;0.06546539116407059
147;147;1950-08-04;0.0083033415977555;0.83033415977555;0.07376873276182609
148;148;1950-08-07;0.0147746056847891;1.47746056847891;0.08854333844661519
149;149;1950-08-08;0.0027121796585372;0.27121796585372;0.0912555181051524
150;150;1950-08-09;0.0080929494851855;0.80929494851855;0.0993484675903379
151;151;1950-08-10;-0.007010058175171;-0.7010058175171;0.0923384094151669
152;152;1950-08-11;-0.0108814454829407;-1.08814454829407;0.08145696393222619
153;153;1950-08-14;0.0005468963468611;0.05468963468611;0.08200386027908729
154;154;1950-08-15;0.0016388421685258;0.16388421685258;0.0836427024476131
155;155;1950-08-16;0.0010911075823343;0.10911075823343;0.0847338100299474
156;156;1950-08-17;0.0108461472468218;1.08461472468218;0.0955799572767692
157;157;1950-08-18;0.007522818725556;0.7522818725556001;0.1031027760023252
158;158;1950-08-21;0.0010701445357788;0.10701445357788;0.10417292053810401
159;159;1950-08-22;-0.0010701445357788;-0.10701445357788;0.1031027760023252
160;160;1950-08-23;0.0074667013565372;0.74667013565372;0.1105694773588624
161;161;1950-08-24;-0.0015952675120636;-0.15952675120635998;0.1089742098467988
162;162;1950-08-25;-0.0133942525700297;-1.3394252570029699;0.0955799572767691
163;163;1950-08-28;-0.0005395198113329;-0.05395198113329;0.0950404374654362
164;164;1950-08-29;0.0005395198113329;0.05395198113329;0.0955799572767691
165;165;1950-08-30;-0.0059508423934087;-0.5950842393408701;0.0896291148833604
166;166;1950-08-31;-0.0005427408545708;-0.05427408545708;0.08908637402878959
167;167;1950-09-01;0.0070327043179259;0.70327043179259;0.09611907834671549
168;168;1950-09-05;0.0069836976556096;0.69836976556096;0.10310277600232509
169;169;1950-09-06;-0.007522818725556;-0.7522818725556001;0.09557995727676909
170;170;1950-09-07;0.0026931876582123;0.26931876582123;0.09827314493498139
171;171;1950-09-08;0.0085699506830669;0.8569950683066899;0.10684309561804829
172;172;1950-09-11;-0.0074946280277106;-0.74946280277106;0.09934846759033769
173;173;1950-09-12;0.0138742879859191;1.38742879859191;0.11322275557625679
174;174;1950-09-13;0.0115912253630279;1.15912253630279;0.12481398093928468
175;175;1950-09-14;0.0047034317176359;0.47034317176359;0.12951741265692057
176;176;1950-09-15;0.0057188093026758;0.57188093026758;0.13523622195959636
177;177;1950-09-18;0.0041386502871612;0.41386502871612;0.13937487224675757
178;178;1950-09-19;-0.0031024843913463;-0.31024843913463;0.13627238785541126
179;179;1950-09-20;-0.0051921199295397;-0.51921199295397;0.13108026792587157
180;180;1950-09-21;0.008294604320886;0.8294604320886001;0.13937487224675757
181;181;1950-09-22;0.0036073214274914;0.36073214274914;0.14298219367424897
182;182;1950-09-25;-0.0010293876094418;-0.10293876094418;0.14195280606480717
183;183;1950-09-26;-0.0145231290849761;-1.45231290849761;0.12742967697983107
184;184;1950-09-27;0.014008063402716;1.4008063402716;0.14143774038254708
185;185;1950-09-28;0.0005150656822601;0.05150656822601;0.14195280606480717
186;186;1950-09-29;0.0015436586151569;0.15436586151569;0.14349646467996408
187;187;1950-10-02;0.0122638219598987;1.22638219598987;0.15576028663986277
188;188;1950-10-03;-0.001524828719214;-0.1524828719214;0.15423545792064877
189;189;1950-10-04;0.0171461588349704;1.71461588349704;0.17138161675561916
190;190;1950-10-05;-0.0055152309646322;-0.55152309646322;0.16586638579098698
191;191;1950-10-06;0.0114973523439676;1.14973523439676;0.17736373813495457
192;192;1950-10-09;-0.0059821213793354;-0.59821213793354;0.17138161675561916
193;193;1950-10-10;-0.011060896803309;-1.1060896803309;0.16032071995231018
194;194;1950-10-11;0.0040363322188108;0.40363322188108003;0.16435705217112098
195;195;1950-10-13;-0.0005037018362932;-0.05037018362932;0.16385335033482779
196;196;1950-10-16;-0.0070779367042392;-0.7077936704239199;0.15677541363058858
197;197;1950-10-17;0.0090909721603984;0.9090972160398401;0.16586638579098698
198;198;1950-10-18;0.0060151060062834;0.60151060062834;0.17188149179727039
199;199;1950-10-19;0.0004996252914324;0.049962529143239995;0.1723811170887028
200;200;1950-10-20;-0.003001553103958;-0.3001553103958;0.1693795639847448
201;201;1950-10-23;0.0;0.0;0.1693795639847448
202;202;1950-10-24;0.0059940740404118;0.59940740404118;0.1753736380251566
203;203;1950-10-25;-0.001495190946263;-0.1495190946263;0.1738784470788936
204;204;1950-10-26;-0.0221894126746212;-2.21894126746212;0.1516890344042724
205;205;1950-10-27;0.0081259459798812;0.81259459798812;0.1598149803841536
206;206;1950-10-30;-0.0081259459798812;-0.81259459798812;0.1516890344042724
207;207;1950-10-31;-0.0040878951107807;-0.40878951107807;0.1476011392934917
208;208;1950-11-01;0.0015348173900622;0.15348173900622;0.1491359566835539
209;209;1950-11-02;0.0086537065525984;0.86537065525984;0.1577896632361523
210;210;1950-11-03;0.0060636870986754;0.60636870986754;0.1638533503348277
211;211;1950-11-06;-0.024994873631877;-2.4994873631877;0.1388584767029507
212;212;1950-11-08;0.0102774799806031;1.02774799806031;0.1491359566835538
213;213;1950-11-09;0.0116901966631184;1.16901966631184;0.16082615334667222
214;214;1950-11-10;0.0075510045390982;0.7551004539098201;0.16837715788577043
215;215;1950-11-13;0.0035043339114997;0.35043339114997;0.17188149179727014
216;216;1950-11-14;-0.0075244396261493;-0.75244396261493;0.16435705217112084
217;217;1950-11-15;-0.0020161800676508;-0.20161800676508002;0.16234087210347004
218;218;1950-11-16;-0.0050582304372928;-0.50582304372928;0.15728264166617723
219;219;1950-11-17;0.0070744105049436;0.70744105049436;0.16435705217112082
220;220;1950-11-20;0.0035184252552107;0.35184252552107004;0.16787547742633152
221;221;1950-11-21;-0.0025119832980875;-0.25119832980875;0.16536349412824403
222;222;1950-11-22;0.0139862922765519;1.39862922765519;0.17934978640479593
223;223;1950-11-24;0.0079051795071132;0.79051795071132;0.18725496591190913
224;224;1950-11-27;-0.0069136077848179;-0.69136077848179;0.18034135812709123
225;225;1950-11-28;-0.0312054014435375;-3.12054014435375;0.14913595668355373
226;226;1950-11-29;-0.0097610844367963;-0.97610844367963;0.13937487224675743
227;227;1950-11-30;0.0072016255898907;0.72016255898907;0.14657649783664814
228;228;1950-12-01;0.0076589600840004;0.76589600840004;0.15423545792064855
229;229;1950-12-04;-0.0341471355525802;-3.41471355525802;0.12008832236806835
230;230;1950-12-05;0.0161840654873426;1.61840654873426;0.13627238785541096
231;231;1950-12-06;0.0072240768245528;0.72240768245528;0.14349646467996377
232;232;1950-12-07;-0.0025740554090534;-0.25740554090534;0.14092240927091038
233;233;1950-12-08;0.0;0.0;0.14092240927091038
234;234;1950-12-11;0.0163602323952667;1.63602323952667;0.1572826416661771
235;235;1950-12-12;-0.0020304068404417;-0.20304068404417;0.15525223482573539
236;236;1950-12-13;-0.0005082592231393;-0.050825922313929996;0.1547439756025961
237;237;1950-12-14;-0.0122763690116194;-1.2276369011619401;0.14246760659097668
238;238;1950-12-15;-0.0051599701691089;-0.5159970169108901;0.13730763642186777
239;239;1950-12-18;0.0265457139129599;2.65457139129599;0.16385335033482767
240;240;1950-12-19;0.005526213649917;0.5526213649917;0.16937956398474469
241;241;1950-12-20;0.0005008765694936;0.05008765694936;0.1698804405542383
242;242;1950-12-21;0.0005006758677974;0.050067586779740006;0.17038111642203568
243;243;1950-12-22;0.0044943895878391;0.44943895878391;0.17487550600987478
244;244;1950-12-26;-0.0075019106517944;-0.75019106517944;0.16737359535808038
245;245;1950-12-27;0.0188965846302045;1.88965846302045;0.18627017998828488
246;246;1950-12-28;0.0039331419402075;0.39331419402074996;0.19020332192849237
247;247;1950-12-29;0.0024504301026664;0.24504301026664002;0.19265375203115878
248;248;1951-01-02;0.0165052290584904;1.65052290584904;0.20915898108964917
249;249;1951-01-03;-0.0038590977980428;-0.38590977980428;0.20529988329160637
250;250;1951-01-04;0.0086622289147984;0.86622289147984;0.21396211220640476
251;251;1951-01-05;0.0;0.0;0.21396211220640476
252;252;1951-01-08;0.0062096687186463;0.6209668718646301;0.22017178092505107
253;253;1951-01-09;0.0056980684631211;0.56980684631211;0.22586984938817217
254;254;1951-01-10;-0.0128665579417335;-1.2866557941733499;0.21300329144643868
255;255;1951-01-11;0.0161754712274678;1.61754712274678;0.22917876267390647
256;256;1951-01-12;-0.0037825102411361;-0.37825102411361;0.22539625243277037
257;257;1951-01-15;0.0089601165358792;0.8960116535879199;0.23435636896864956
258;258;1951-01-16;0.0074836648372071;0.74836648372071;0.24184003380585667
259;259;1951-01-17;0.0041850795418145;0.41850795418145;0.24602511334767116
260;260;1951-01-18;-0.0069848481182375;-0.69848481182375;0.23904026522943367
261;261;1951-01-19;-0.0018708611193334;-0.18708611193334002;0.23716940411010026
262;262;1951-01-22;-0.0084627207352117;-0.8462720735211701;0.22870668337488856
263;263;1951-01-23;0.0037700327405412;0.37700327405412;0.23247671611542975
264;264;1951-01-24;-0.004714765923703;-0.4714765923703;0.22776195019172674
265;265;1951-01-25;-0.0061625697243741;-0.6162569724374101;0.22159938046735264
266;266;1951-01-26;0.0108773356480771;1.08773356480771;0.23247671611542975
267;267;1951-01-29;0.019101442634466;1.9101442634466;0.25157815874989575
268;268;1951-01-30;0.0032250661447954;0.32250661447954;0.25480322489469115
269;269;1951-01-31;-0.0036866401202186;-0.36866401202186;0.2511165847744726
270;270;1951-02-01;0.0050656336736114;0.50656336736114;0.256182218448084
271;271;1951-02-02;0.0086896958575319;0.86896958575319;0.26487191430561585
272;272;1951-02-05;0.01086976281929;1.086976281929;0.2757416771249058
273;273;1951-02-06;-0.0036101120611884;-0.36101120611883997;0.27213156506371744
274;274;1951-02-07;-0.0058944172954196;-0.5894417295419601;0.2662371477682978
275;275;1951-02-08;0.004537212865356;0.4537212865356;0.27077436063365384
276;276;1951-02-09;0.0036150061961941;0.36150061961941;0.27438936682984794
277;277;1951-02-13;0.0004509582940008;0.04509582940008;0.27484032512384876
278;278;1951-02-14;-0.0027087600601314;-0.27087600601314;0.2721315650637174
279;279;1951-02-15;-0.0054397685037734;-0.54397685037734;0.26669179655994396
280;280;1951-02-16;0.0058916555171131;0.58916555171131;0.2725834520770571
281;281;1951-02-19;-0.0136489383135769;-1.36489383135769;0.2589345137634802
282;282;1951-02-20;-0.0018339757127137;-0.18339757127137;0.2571005380507665
283;283;1951-02-21;0.003207333644907;0.3207333644907;0.2603078716956735
284;284;1951-02-23;0.0027409335857693;0.27409335857693;0.2630488052814428
285;285;1951-02-26;0.0004561003499818;0.045610034998180005;0.2635049056314246
286;286;1951-02-27;-0.0077821404420546;-0.77821404420546;0.25572276518937
287;287;1951-02-28;0.0018365019357404;0.18365019357404;0.2575592671251104
288;288;1951-03-01;0.0022909976181164;0.22909976181164;0.2598502647432268
289;289;1951-03-02;0.0036546408881976;0.36546408881976;0.2635049056314244
290;290;1951-03-05;-0.0064043675806582;-0.64043675806582;0.2571005380507662
291;291;1951-03-06;0.0;0.0;0.2571005380507662
292;292;1951-03-07;0.003207333644907;0.3207333644907;0.2603078716956732
293;293;1951-03-08;0.0041086565852204;0.41086565852204004;0.2644165282808936
294;294;1951-03-09;0.0;0.0;0.2644165282808936
295;295;1951-03-12;-0.011454878449904;-1.1454878449904;0.2529616498309896
296;296;1951-03-13;-0.0134542040277705;-1.34542040277705;0.23950744580321912
297;297;1951-03-14;-0.0075012072311655;-0.75012072311655;0.2320062385720536
298;298;1951-03-15;0.0018806305053695;0.18806305053695;0.2338868690774231
299;299;1951-03-16;0.0163058818917632;1.6305881891763199;0.2501927509691863
300;300;1951-03-19;-0.0037037081089526;-0.37037081089525997;0.2464890428602337
301;301;1951-03-20;-0.0018569643650225;-0.18569643650225;0.2446320784952112
302;302;1951-03-21;0.0055606724739751;0.55606724739751;0.2501927509691863
303;303;1951-03-22;0.0041503865007794;0.41503865007794005;0.25434313746996573
304;304;1951-03-26;-0.0092464364452493;-0.92464364452493;0.24509670102471642
305;305;1951-03-27;-0.0009294145434499;-0.09294145434499;0.2441672864812665
306;306;1951-03-28;-0.011690570365837;-1.1690570365837;0.2324767161154295
307;307;1951-03-29;0.0032871595694574;0.32871595694574;0.2357638756848869
308;308;1951-03-30;0.0070077371574046;0.70077371574046;0.2427716128422915
309;309;1951-04-02;-0.0074766703430202;-0.74766703430202;0.2352949424992713
310;310;1951-04-03;-0.0028182263838418;-0.28182263838418;0.2324767161154295
311;311;1951-04-04;0.0065635491140039;0.65635491140039;0.2390402652294334
312;312;1951-04-05;0.0134604489151715;1.34604489151715;0.2525007141446049
313;313;1951-04-06;0.0013820780822406;0.13820780822406;0.2538827922268455
314;314;1951-04-09;-0.0018432724537724;-0.18432724537724002;0.2520395197730731
315;315;1951-04-10;-0.0013847221229466;-0.13847221229466;0.2506547976501265
316;316;1951-04-11;-0.0004620466809401;-0.04620466809401;0.2501927509691864
317;317;1951-04-12;0.0087417627942936;0.8741762794293599;0.25893451376348003
318;318;1951-04-13;0.0118398468701737;1.18398468701737;0.27077436063365373
319;319;1951-04-16;-0.0022659877752624;-0.22659877752624;0.26850837285839135
320;320;1951-04-17;0.0022659877752624;0.22659877752624;0.27077436063365373
321;321;1951-04-18;0.0018090914434032;0.18090914434032002;0.2725834520770569
322;322;1951-04-19;-0.0040750792186656;-0.40750792186656;0.2685083728583913
323;323;1951-04-20;0.0;0.0;0.2685083728583913
324;324;1951-04-23;0.0004535268846166;0.045352688461660004;0.2689618997430079
325;325;1951-04-24;-0.0040899854373921;-0.40899854373921;0.2648719143056158
326;326;1951-04-25;0.0004552697759163;0.045526977591630005;0.2653271840815321
327;327;1951-04-26;0.0086110209991785;0.86110209991785;0.2739382050807106
328;328;1951-04-27;0.0103255240687838;1.03255240687838;0.2842637291494944
329;329;1951-04-30;0.0017849625842503;0.17849625842503;0.2860486917337447
330;330;1951-05-01;0.004448450297299;0.44484502972990003;0.2904971420310437
331;331;1951-05-02;0.0039867160672222;0.39867160672222;0.2944838580982659
332;332;1951-05-03;0.0083644775592364;0.8364477559236401;0.3028483356575023
333;333;1951-05-04;-0.0017551123802266;-0.17551123802266;0.3010932232772757
334;334;1951-05-07;-0.0061674646193323;-0.61674646193323;0.2949257586579434
335;335;1951-05-08;-0.0008840849382205;-0.08840849382205;0.2940416737197229
336;336;1951-05-09;0.0013258786472745;0.13258786472745;0.2953675523669974
337;337;1951-05-10;-0.0057585542467286;-0.57585542467286;0.2896089981202688
338;338;1951-05-11;-0.0080285890665745;-0.8028589066574501;0.2815804090536943
339;339;1951-05-14;-0.0067400839298454;-0.6740083929845401;0.2748403251238489
340;340;1951-05-15;-0.0191175599344788;-1.9117559934478798;0.25572276518937015
341;341;1951-05-16;-0.0032220510447649;-0.32220510447649003;0.25250071414460523
342;342;1951-05-17;0.0100917826643978;1.00917826643978;0.26259249680900304
343;343;1951-05-18;-0.0184252103277363;-1.84252103277363;0.24416728648126673
344;344;1951-05-21;-0.0023272526754101;-0.23272526754101;0.24184003380585664
345;345;1951-05-22;-0.0046706296957563;-0.46706296957563;0.23716940411010035
346;346;1951-05-23;-0.0094074539183735;-0.9407453918373501;0.22776195019172685
347;347;1951-05-24;-0.0052120943676476;-0.5212094367647601;0.22254985582407924
348;348;1951-05-25;-0.0009504753567264;-0.09504753567264;0.22159938046735284
349;349;1951-05-28;0.0085226841632932;0.8522684163293199;0.23012206463064602
350;350;1951-05-29;0.0065790182456155;0.65790182456155;0.23670108287626151
351;351;1951-05-31;0.0079309956189499;0.79309956189499;0.2446320784952114
352;352;1951-06-01;-0.0018604656529195;-0.18604656529195002;0.2427716128422919
353;353;1951-06-04;-0.0112360732669261;-1.12360732669261;0.2315355395753658
354;354;1951-06-05;0.0042283361095214;0.42283361095214;0.2357638756848872
355;355;1951-06-06;0.0070077371574046;0.70077371574046;0.2427716128422918
356;356;1951-06-07;0.0037174300179421;0.37174300179421;0.24648904286023388
357;357;1951-06-08;-0.0032519890041871;-0.32519890041871;0.24323705385604677
358;358;1951-06-11;0.0055685061392472;0.55685061392472;0.24880555999529397
359;359;1951-06-12;-0.0041734815000826;-0.41734815000826;0.24463207849521137
360;360;1951-06-13;0.0013930348524597;0.13930348524597;0.24602511334767108
361;361;1951-06-14;0.0133673807306609;1.33673807306609;0.259392494078332
362;362;1951-06-15;0.0091158787800593;0.9115878780059299;0.2685083728583913
363;363;1951-06-18;0.0004535268846166;0.045352688461660004;0.2689618997430079
364;364;1951-06-19;-0.0013614252468463;-0.13614252468463;0.2676004744961616
365;365;1951-06-20;-0.0050079776871587;-0.50079776871587;0.2625924968090029
366;366;1951-06-21;-0.0059509901888796;-0.59509901888796;0.25664150662012325
367;367;1951-06-22;-0.0106163932724521;-1.06163932724521;0.24602511334767116
368;368;1951-06-25;-0.0121382442702478;-1.21382442702478;0.23388686907742337
369;369;1951-06-26;0.000469499891226;0.046949989122600004;0.23435636896864936
370;370;1951-06-27;0.0032810903586053;0.32810903586053;0.23763745932725466
371;371;1951-06-28;-0.0127150756436061;-1.27150756436061;0.22492238368364856
372;372;1951-06-29;-0.0066572287391042;-0.66572287391042;0.21826515494454435
373;373;1951-07-02;0.0066572287391042;0.66572287391042;0.22492238368364856
374;374;1951-07-03;0.0061422352331441;0.61422352331441;0.23106461891679267
375;375;1951-07-05;0.0191281320523937;1.91281320523937;0.25019275096918636
376;376;1951-07-06;0.0;0.0;0.25019275096918636
377;377;1951-07-09;0.0041503865007794;0.41503865007794005;0.2543431374699658
378;378;1951-07-10;-0.0046126005354567;-0.46126005354567;0.24973053693450908
379;379;1951-07-11;0.002308982838564;0.23089828385640002;0.2520395197730731
380;380;1951-07-12;0.0055197473520372;0.55197473520372;0.2575592671251103
381;381;1951-07-13;0.0082230250519925;0.8223025051992501;0.2657822921771028
382;382;1951-07-16;-0.0114391547071371;-1.14391547071371;0.25434313746996573
383;383;1951-07-17;0.0087056678114767;0.87056678114767;0.2630488052814424
384;384;1951-07-18;-0.0018265302298745;-0.18265302298744998;0.2612222750515679
385;385;1951-07-19;-0.0018297809732361;-0.18297809732361;0.2593924940783318
386;386;1951-07-20;0.0018297809732361;0.18297809732361;0.2612222750515679
387;387;1951-07-23;0.0100046766737667;1.00046766737667;0.2712269517253346
388;388;1951-07-24;0.0152675166940672;1.52675166940672;0.2864944684194018
389;389;1951-07-25;-0.005361987704664;-0.5361987704664001;0.2811324807147378
390;390;1951-07-26;0.0066979041803438;0.66979041803438;0.2878303848950816
391;391;1951-07-27;0.0026667571359619;0.26667571359618997;0.2904971420310435
392;392;1951-07-30;0.0044286166268996;0.44286166268995997;0.29492575865794307
393;393;1951-07-31;-0.0102154565953216;-1.0215456595321601;0.2847103020626215
394;394;1951-08-01;0.0048986960576469;0.48986960576469;0.2896089981202684
395;395;1951-08-02;0.0136776895152884;1.36776895152884;0.30328668763555683
396;396;1951-08-03;0.0013137729062844;0.13137729062844;0.30460046054184126
397;397;1951-08-06;0.0069777867070608;0.69777867070608;0.31157824724890204
398;398;1951-08-07;0.000868853206942;0.0868853206942;0.31244710045584406
399;399;1951-08-08;-0.0043516603844038;-0.43516603844038;0.30809544007144024
400;400;1951-08-09;-0.0039327120820034;-0.39327120820034;0.30416272798943683
401;401;1951-08-10;-0.002191497651323;-0.2191497651323;0.30197123033811385
402;402;1951-08-13;0.0004386049642586;0.04386049642586;0.3024098353023725
403;403;1951-08-14;-0.0043955235605257;-0.43955235605257;0.2980143117418468
404;404;1951-08-15;0.0039569185962671;0.39569185962671;0.3019712303381139
405;405;1951-08-16;0.0035041646236067;0.35041646236067;0.3054753949617206
406;406;1951-08-17;0.0030561035331095;0.30561035331095;0.3085314984948301
407;407;1951-08-20;-0.0004360584233897;-0.04360584233897;0.3080954400714404
408;408;1951-08-21;-0.0043706363281086;-0.43706363281086;0.30372480374333183
409;409;1951-08-22;-0.0035103151447448;-0.35103151447448;0.300214488598587
410;410;1951-08-23;0.0065717651632346;0.65717651632346;0.3067862537618216
411;411;1951-08-24;-0.0008737877548914;-0.08737877548914;0.30591246600693023
412;412;1951-08-27;-0.0013120054650888;-0.13120054650888;0.3046004605418414
413;413;1951-08-28;0.0021857932199802;0.21857932199802;0.3067862537618216
414;414;1951-08-29;0.0078295310797047;0.78295310797047;0.3146157848415263
415;415;1951-08-30;0.0069084903438114;0.69084903438114;0.3215242751853377
416;416;1951-08-31;0.0017197338348524;0.17197338348524;0.3232440090201901
417;417;1951-09-04;0.0;0.0;0.3232440090201901
418;418;1951-09-05;0.0059956923510085;0.59956923510085;0.3292397013711986
419;419;1951-09-06;0.002132609085776;0.21326090857760002;0.33137231045697463
420;420;1951-09-07;0.0025532779828605;0.25532779828605;0.3339255884398351
421;421;1951-09-10;0.0038176078680098;0.38176078680098;0.3377431963078449
422;422;1951-09-11;-0.0050934319561042;-0.50934319561042;0.3326497643517407
423;423;1951-09-12;0.0042462908814511;0.42462908814511;0.3368960552331918
424;424;1951-09-13;0.0046501458694518;0.46501458694518;0.3415462011026436
425;425;1951-09-14;-0.0008437975184194;-0.08437975184194;0.3407024035842242
426;426;1951-09-17;-0.0029592072763793;-0.29592072763793;0.3377431963078449
427;427;1951-09-18;-0.001270959686634;-0.1270959686634;0.3364722366212109
428;428;1951-09-19;0.0;0.0;0.3364722366212109
429;429;1951-09-20;-0.000848176471544;-0.0848176471544;0.3356240601496669
430;430;1951-09-21;-0.0072386945843838;-0.72386945843838;0.3283853655652831
431;431;1951-09-24;-0.004282704710457;-0.4282704710457;0.3241026608548261
432;432;1951-09-25;0.0034275956191232;0.34275956191232;0.3275302564739493
433;433;1951-09-26;0.0008551090913337;0.08551090913337;0.32838536556528297
434;434;1951-09-27;-0.0055710450494554;-0.55710450494554;0.3228143205158276
435;435;1951-09-28;-0.0004298302236818;-0.042983022368179996;0.3223844902921458
436;436;1951-10-01;0.0089878201648288;0.89878201648288;0.3313723104569746
437;437;1951-10-02;0.0072171829813649;0.72171829813649;0.3385894934383395
438;438;1951-10-03;0.0063252161126214;0.63252161126214;0.3449147095509609
439;439;1951-10-04;-0.0029468343783261;-0.29468343783261;0.34196787517263477
440;440;1951-10-05;0.002526401343772;0.2526401343772;0.3444942765164068
441;441;1951-10-08;-0.0012624028341292;-0.12624028341292;0.3432318736822776
442;442;1951-10-09;-0.0042194155427086;-0.42194155427086;0.339012458139569
443;443;1951-10-10;-0.0016927214855866;-0.16927214855866;0.3373197366539824
444;444;1951-10-11;0.0038046968828222;0.38046968828222;0.3411244335368046
445;445;1951-10-15;0.0063091269991728;0.63091269991728;0.3474335605359774
446;446;1951-10-16;-0.0033599359622478;-0.33599359622478003;0.3440736245737296
447;447;1951-10-17;-0.0033712209895053;-0.33712209895053;0.34070240358422427
448;448;1951-10-18;-0.0008446368567045;-0.08446368567045001;0.33985776672751977
449;449;1951-10-19;-0.0148970620436009;-1.48970620436009;0.32496070468391886
450;450;1951-10-22;-0.0247462160853322;-2.47462160853322;0.3002144885985867
451;451;1951-10-23;0.00394823939085;0.394823939085;0.30416272798943667
452;452;1951-10-24;0.0082843724664072;0.8284372466407199;0.31244710045584384
453;453;1951-10-25;-0.0030442293568588;-0.30442293568588;0.30940287109898507
454;454;1951-10-26;-0.0065545354414831;-0.65545354414831;0.30284833565750197
455;455;1951-10-29;-0.0052746495918469;-0.5274649591846899;0.29757368606565504
456;456;1951-10-30;-0.0013230872641676;-0.13230872641676;0.29625059880148746
457;457;1951-10-31;0.0122808996933426;1.22808996933426;0.3085314984948301
458;458;1951-11-01;0.0069504622345451;0.69504622345451;0.3154819607293752
459;459;1951-11-02;-0.0073865206579348;-0.73865206579348;0.30809544007144035
460;460;1951-11-05;-0.0048087524358835;-0.48087524358835;0.30328668763555683
461;461;1951-11-07;-0.0145665784627051;-1.45665784627051;0.28872010917285174
462;462;1951-11-08;-0.0008897242777701;-0.08897242777701;0.2878303848950816
463;463;1951-11-09;0.0123841037035053;1.23841037035053;0.3002144885985869
464;464;1951-11-13;0.001756741739527;0.1756741739527;0.3019712303381139
465;465;1951-11-14;0.0026292302037274;0.26292302037274;0.3046004605418413
466;466;1951-11-15;-0.0004377325524043;-0.04377325524043;0.304162727989437
467;467;1951-11-16;-0.0008760403538801;-0.08760403538801001;0.3032866876355569
468;468;1951-11-19;-0.0039517065694774;-0.39517065694774;0.2993349810660795
469;469;1951-11-20;-0.0022021590049008;-0.22021590049007997;0.2971328220611787
470;470;1951-11-21;-0.0017652696941814;-0.17652696941814;0.2953675523669973
471;471;1951-11-23;-0.0106572503043756;-1.0657250304375598;0.2847103020626217
472;472;1951-11-26;0.0013383896711229;0.13383896711229;0.2860486917337446
473;473;1951-11-27;0.010201907067743;1.0201907067743;0.2962505988014876
474;474;1951-11-28;-0.0022089250817649;-0.22089250817649;0.2940416737197227
475;475;1951-11-29;0.0026501340013425;0.26501340013425;0.2966918077210652
476;476;1951-11-30;0.0092206582858649;0.9220658285864901;0.30591246600693006
477;477;1951-12-03;0.005665781241972;0.5665781241972;0.31157824724890204
478;478;1951-12-04;0.005633774503043;0.5633774503043;0.317212021751945
479;479;1951-12-05;-0.0030296063646555;-0.30296063646555;0.3141824153872895
480;480;1951-12-06;0.0116355546727478;1.1635554672747799;0.3258179700600373
481;481;1951-12-07;0.001712286413912;0.1712286413912;0.32753025647394934
482;482;1951-12-10;0.0017094448972492;0.17094448972492;0.32923970137119857
483;483;1951-12-11;-0.0051370405163724;-0.5137040516372401;0.32410266085482614
484;484;1951-12-12;0.0029998736874685;0.29998736874685;0.32710253454229465
485;485;1951-12-13;0.0008553465021061;0.08553465021060999;0.32795788104440077
486;486;1951-12-14;-0.0008553465021061;-0.08553465021060999;0.32710253454229465
487;487;1951-12-17;0.001710090162152;0.1710090162152;0.32881262470444667
488;488;1951-12-18;0.003411517168002;0.3411517168002;0.33222414187244864
489;489;1951-12-19;0.0033999182772181;0.33999182772181;0.3356240601496667
490;490;1951-12-20;0.0;0.0;0.3356240601496667
491;491;1951-12-21;-0.0025488543960614;-0.25488543960614;0.33307520575360533
492;492;1951-12-24;0.001275281761035;0.1275281761035;0.3343504875146403
493;493;1951-12-26;-0.0042571369420865;-0.42571369420864996;0.3300933505725538
494;494;1951-12-27;0.0089191075670149;0.8919107567014899;0.3390124581395687
495;495;1951-12-28;0.0016899454446552;0.16899454446552;0.34070240358422393
496;496;1951-12-31;0.0033712209895053;0.33712209895053;0.34407362457372925
497;497;1952-01-02;0.0012612572885188;0.12612572885188;0.34533488186224803
498;498;1952-01-03;0.0033557079877324;0.33557079877324003;0.3486905898499804
499;499;1952-01-04;0.0016736824340775;0.16736824340775;0.3503642722840579
500;500;1952-01-07;-0.0004181476121978;-0.04181476121978;0.34994612467186015
501;501;1952-01-08;-0.0037712175430795;-0.37712175430795003;0.34617490712878063
502;502;1952-01-09;-0.0033641747456321;-0.33641747456321003;0.3428107323831485
503;503;1952-01-10;0.0050420693993955;0.50420693993955;0.347852801782544
504;504;1952-01-11;0.0050166910184508;0.5016691018450801;0.35286949280099483
505;505;1952-01-14;0.0074782234672459;0.74782234672459;0.36034771626824075
506;506;1952-01-15;-0.0041477040828419;-0.41477040828419004;0.3562000121853989
507;507;1952-01-16;0.0012461476430076;0.12461476430076;0.3574461598284065
508;508;1952-01-17;0.0045558578581741;0.45558578581741005;0.3620020176865806
509;509;1952-01-18;0.002063942898538;0.2063942898538;0.3640659605851186
510;510;1952-01-21;0.0086224719924588;0.86224719924588;0.3726884325775774
511;511;1952-01-22;0.0081434083602474;0.81434083602474;0.3808318409378248
512;512;1952-01-23;-0.0048780177036373;-0.48780177036372996;0.37595382323418747
513;513;1952-01-24;0.0008145825297676;0.08145825297676;0.3767684057639551
514;514;1952-01-25;-0.0004072490549971;-0.04072490549971;0.376361156708958
515;515;1952-01-28;0.0024410915295209;0.24410915295209;0.37880224823847886
516;516;1952-01-29;-0.0016267185037643;-0.16267185037642998;0.3771755297347146
517;517;1952-01-30;-0.0139346517046537;-1.39346517046537;0.3632408780300609
518;518;1952-01-31;-0.0037213605840702;-0.37213605840702;0.3595195174459907
519;519;1952-02-01;0.0066061349498745;0.66061349498745;0.3661256523958652
520;520;1952-02-04;-0.0074348958758849;-0.7434895875884899;0.3586907565199803
521;521;1952-02-05;-0.000414679648709;-0.0414679648709;0.3582760768712713
522;522;1952-02-06;0.002899111517002;0.2899111517002;0.3611751883882733
523;523;1952-02-07;-0.002899111517002;-0.2899111517002;0.3582760768712713
524;524;1952-02-08;0.005377427531469;0.5377427531469;0.3636535044027403
525;525;1952-02-11;-0.005377427531469;-0.5377427531469;0.3582760768712713
526;526;1952-02-13;-0.0079118045872133;-0.79118045872133;0.350364272284058
527;527;1952-02-14;-0.0020924468381031;-0.20924468381031;0.34827182544595486
528;528;1952-02-15;-0.0004190236634107;-0.04190236634107;0.3478528017825442
529;529;1952-02-18;-0.0050420693993955;-0.50420693993955;0.3428107323831487
530;530;1952-02-19;-0.0161361884132774;-1.6136188413277401;0.3266745439698713
531;531;1952-02-20;-0.0116255774018406;-1.16255774018406;0.31504896656803066
532;532;1952-02-21;0.0030270293383907;0.30270293383907;0.3180759959064214
533;533;1952-02-25;0.0030178940775234;0.30178940775234003;0.3210938899839448
534;534;1952-02-26;-0.0034497662500747;-0.34497662500747;0.3176441237338701
535;535;1952-02-27;0.0012950573793624;0.12950573793624;0.3189391811132325
536;536;1952-02-28;0.0047342889215258;0.47342889215258;0.32367347003475827
537;537;1952-02-29;-0.0012889797426129;-0.12889797426129;0.3223844902921454
538;538;1952-03-03;0.0012889797426129;0.12889797426129;0.32367347003475827
539;539;1952-03-04;0.0166066831826734;1.66066831826734;0.34028015321743166
540;540;1952-03-05;0.0012660478852115;0.12660478852115;0.34154620110264317
541;541;1952-03-06;-0.0008437975184194;-0.08437975184194;0.34070240358422377
542;542;1952-03-07;0.0012654715884106;0.12654715884106;0.3419678751726344
543;543;1952-03-10;-0.005071819939443;-0.5071819939443;0.3368960552331914
544;544;1952-03-11;0.0008471410746531;0.08471410746531001;0.3377431963078445
545;545;1952-03-12;0.0046462173414543;0.46462173414543;0.3423894136492988
546;546;1952-03-13;0.0008424600329783;0.08424600329783;0.3432318736822771
547;547;1952-03-14;0.0;0.0;0.3432318736822771
548;548;1952-03-17;0.0071323986017808;0.71323986017808;0.35036427228405786
549;549;1952-03-18;-0.0020924468381031;-0.20924468381031;0.34827182544595475
550;550;1952-03-19;-0.0020969183171741;-0.20969183171741002;0.34617490712878063
551;551;1952-03-20;0.0029343555520453;0.29343555520453;0.3491092626808259
552;552;1952-03-21;0.0016729824410828;0.16729824410828;0.35078224512190875
553;553;1952-03-24;0.0;0.0;0.35078224512190875
554;554;1952-03-25;-0.0058675355709483;-0.58675355709483;0.34491470955096043
555;555;1952-03-26;-0.000420433034554;-0.0420433034554;0.3444942765164064
556;556;1952-03-27;0.0087921435368234;0.87921435368234;0.3532864200532298
557;557;1952-03-28;0.0078887683350434;0.78887683350434;0.3611751883882732
558;558;1952-03-31;0.0078270634845254;0.78270634845254;0.3690022518727986
559;559;1952-04-01;-0.0078270634845254;-0.78270634845254;0.3611751883882732
560;560;1952-04-02;-0.002484431868293;-0.2484431868293;0.3586907565199802
561;561;1952-04-03;0.0;0.0;0.3586907565199802
562;562;1952-04-04;-0.0041545966665159;-0.41545966665158995;0.3545361598534643
563;563;1952-04-07;-0.0092012779912162;-0.92012779912162;0.34533488186224814
564;564;1952-04-08;0.0046112428096121;0.46112428096121;0.34994612467186026
565;565;1952-04-09;0.0012539604306871;0.12539604306871;0.35120008510254735
566;566;1952-04-10;0.0070759917687239;0.7075991768723899;0.3582760768712713
567;567;1952-04-14;-0.0066583680590675;-0.66583680590675;0.3516177088122038
568;568;1952-04-15;-0.0126052506726353;-1.26052506726353;0.3390124581395685
569;569;1952-04-16;-0.0029642198287169;-0.29642198287168997;0.33604823831085157
570;570;1952-04-17;-0.0072356136064053;-0.72356136064053;0.3288126247044463
571;571;1952-04-18;0.003837139647294;0.3837139647294;0.33264976435174026
572;572;1952-04-21;0.0080526392324835;0.8052639232483499;0.34070240358422377
573;573;1952-04-22;-0.0046541652733722;-0.46541652733722;0.33604823831085157
574;574;1952-04-23;-0.004249900149329;-0.42499001493289995;0.33179833816152254
575;575;1952-04-24;-0.0021317424401914;-0.21317424401914;0.32966659572133117
576;576;1952-04-25;0.0046838917933089;0.46838917933089;0.3343504875146401
577;577;1952-04-28;0.0004246336865674;0.04246336865674;0.3347751212012075
578;578;1952-04-29;-0.0025509793287592;-0.25509793287592003;0.3322241418724483
579;579;1952-04-30;-0.0072634371885298;-0.72634371885298;0.3249607046839185
580;580;1952-05-01;-0.0064530230380066;-0.64530230380066;0.3185076816459119
581;581;1952-05-02;0.0166919778942782;1.66919778942782;0.3351996595401901
582;582;1952-05-05;0.0042355422116773;0.42355422116773;0.3394352017518674
583;583;1952-05-06;0.0004225649756519;0.042256497565189996;0.33985776672751933
584;584;1952-05-07;0.0058971949737181;0.58971949737181;0.34575496170123743
585;585;1952-05-08;0.0020978400813067;0.20978400813067002;0.34785280178254413
586;586;1952-05-09;-0.0008386163837683;-0.08386163837683;0.3470141853987758
587;587;1952-05-12;-0.0037823117164985;-0.37823117164985;0.3432318736822773
588;588;1952-05-13;0.0012624028341292;0.12624028341292;0.3444942765164065
589;589;1952-05-14;-0.0042141232989747;-0.42141232989747;0.3402801532174318
590;590;1952-05-15;-0.0033840979842403;-0.33840979842403;0.33689605523319155
591;591;1952-05-16;-0.0016963956930014;-0.16963956930014001;0.33519965954019015
592;592;1952-05-19;0.0021200771137919;0.21200771137919;0.33731973665398207
593;593;1952-05-20;0.0054909957291666;0.54909957291666;0.3428107323831487
594;594;1952-05-21;0.0016835441332578;0.16835441332578;0.34449427651640646
595;595;1952-05-22;0.0054518481554537;0.54518481554537;0.34994612467186015
596;596;1952-05-23;-0.0008368619910341;-0.08368619910341;0.34910926268082604
597;597;1952-05-26;0.0020908224217213;0.20908224217212998;0.35120008510254735
598;598;1952-05-27;-0.0025094952525668;-0.25094952525668;0.3486905898499806
599;599;1952-05-28;-0.0016764044512047;-0.16764044512047;0.3470141853987759
600;600;1952-05-29;0.0008386163837683;0.08386163837683;0.3478528017825442
601;601;1952-06-02;-0.002517919920296;-0.2517919920296;0.3453348818622482
602;602;1952-06-03;-0.0008406053458416;-0.08406053458415999;0.3444942765164066
603;603;1952-06-04;0.0071234322957973;0.71234322957973;0.3516177088122039
604;604;1952-06-05;0.0062434748860322;0.62434748860322;0.3578611836982361
605;605;1952-06-06;0.0066170630192949;0.66170630192949;0.364478246717531
606;606;1952-06-09;0.0045240051552677;0.45240051552677;0.36900225187279867
607;607;1952-06-10;-0.0057613738427377;-0.57613738427377;0.36324087803006094
608;608;1952-06-11;0.0032962123642614;0.32962123642614;0.36653709039432236
609;609;1952-06-12;0.0;0.0;0.36653709039432236
610;610;1952-06-13;0.0024651614784763;0.24651614784762999;0.36900225187279867
611;611;1952-06-16;-0.0028765994769335;-0.28765994769335;0.36612565239586514
612;612;1952-06-17;0.0012338476011928;0.12338476011927998;0.3673594999970579
613;613;1952-06-18;0.0041017284742177;0.41017284742176996;0.3714612284712756
614;614;1952-06-19;0.0032693122703721;0.32693122703721;0.3747305407416477
615;615;1952-06-20;0.0032586586880798;0.32586586880798;0.3779891994297275
616;616;1952-06-23;-0.0012207936657726;-0.12207936657726;0.3767684057639549
617;617;1952-06-24;0.0016273803759885;0.16273803759885;0.37839578613994335
618;618;1952-06-25;0.0024360547978812;0.24360547978812;0.3808318409378246
619;619;1952-06-26;0.0036429912785012;0.36429912785012;0.3844748322163258
620;620;1952-06-27;0.0032271105053758;0.32271105053758;0.38770194272170155
621;621;1952-06-30;0.0052219039170484;0.5221903917048399;0.39292384663874996
622;622;1952-07-01;0.0063898779717903;0.63898779717903;0.39931372461054027
623;623;1952-07-02;-0.0023914718452222;-0.23914718452222;0.39692225276531806
624;624;1952-07-03;-0.0003991219529786;-0.03991219529786;0.3965231308123395
625;625;1952-07-07;-0.0031987233670896;-0.31987233670896004;0.3933244074452499
626;626;1952-07-08;-0.0004005608064998;-0.04005608064998;0.3929238466387501
627;627;1952-07-09;-0.0040143771292982;-0.40143771292982;0.3889094695094519
628;628;1952-07-10;-0.0020133689104446;-0.20133689104446;0.38689610059900725
629;629;1952-07-11;0.0068287473000507;0.68287473000507;0.39372484789905793
630;630;1952-07-14;0.0019996406983078;0.19996406983078;0.39572448859736575
631;631;1952-07-15;0.0051802864365004;0.51802864365004;0.4009047750338662
632;632;1952-07-16;0.0;0.0;0.4009047750338662
633;633;1952-07-17;-0.0043816442215267;-0.43816442215267004;0.3965231308123395
634;634;1952-07-18;-0.0080160350680755;-0.80160350680755;0.38850709574426395
635;635;1952-07-21;0.0040161097350495;0.40161097350495;0.39252320547931346
636;636;1952-07-22;0.0020019625905134;0.20019625905133998;0.39452516806982685
637;637;1952-07-23;0.0043903881260631;0.43903881260631006;0.39891555619589
638;638;1952-07-24;0.0051638246787484;0.51638246787484;0.40407938087463835
639;639;1952-07-25;-0.0031746058407722;-0.31746058407722;0.4009047750338661
640;640;1952-07-28;0.0015886023676765;0.15886023676765001;0.4024933774015426
641;641;1952-07-29;0.0023780827224286;0.23780827224286002;0.40487146012397124
642;642;1952-07-30;0.0043452961054781;0.43452961054781;0.40921675622944936
643;643;1952-07-31;0.0011817609966673;0.11817609966673;0.41039851722611664
644;644;1952-08-01;0.0019666082647713;0.19666082647712999;0.41236512549088794
645;645;1952-08-04;-0.0007862028552336;-0.07862028552336;0.4115789226356543
646;646;1952-08-05;0.0011789744179338;0.11789744179337999;0.4127578970535881
647;647;1952-08-06;-0.0007857760718654;-0.07857760718654;0.4119721209817227
648;648;1952-08-07;0.0031396806964925;0.31396806964925;0.4151118016782152
649;649;1952-08-08;0.0011748190341802;0.11748190341802;0.4162866207123954
650;650;1952-08-11;-0.0011748190341802;-0.11748190341802;0.4151118016782152
651;651;1952-08-12;-0.0082629234296325;-0.8262923429632499;0.40684887824858273
652;652;1952-08-13;-0.0011859262113387;-0.11859262113387;0.40566295203724406
653;653;1952-08-14;0.0;0.0;0.40566295203724406
654;654;1952-08-15;-0.0031695746357014;-0.31695746357014;0.4024933774015427
655;655;1952-08-18;-0.010371053851796;-1.0371053851796;0.3921223235497467
656;656;1952-08-19;-0.0020069041453982;-0.20069041453981998;0.39011541940434846
657;657;1952-08-20;0.0024077860749649;0.24077860749649;0.39252320547931335
658;658;1952-08-21;0.0012016424197445;0.12016424197445;0.3937248478990579
659;659;1952-08-22;0.0004002401494291;0.040024014942910004;0.39412508804848695
660;660;1952-08-25;-0.0048134468224612;-0.48134468224612;0.38931164122602574
661;661;1952-08-26;-0.0016096985043243;-0.16096985043243;0.38770194272170144
662;662;1952-08-27;0.0044203808280451;0.44203808280451;0.3921223235497465
663;663;1952-08-28;0.0012020838955031;0.12020838955030999;0.3933244074452496
664;664;1952-08-29;0.0024000811521158;0.24000811521158;0.3957244885973654
665;665;1952-09-02;0.0047827511500084;0.47827511500083997;0.40050723974737384
666;666;1952-09-03;0.0039682591756209;0.39682591756208996;0.4044754989229947
667;667;1952-09-04;-0.0003961180483567;-0.03961180483567;0.404079380874638
668;668;1952-09-05;-0.0011893361399835;-0.11893361399835001;0.4028900447346545
669;669;1952-09-08;-0.0039744885387649;-0.39744885387649;0.3989155561958896
670;670;1952-09-09;-0.0100060866864382;-1.00060866864382;0.3889094695094514
671;671;1952-09-10;-0.0068617824485106;-0.6861782448510599;0.3820476870609408
672;672;1952-09-11;0.0012142482770998;0.12142482770997999;0.3832619353380406
673;673;1952-09-12;-0.0004046126053425;-0.040461260534250004;0.38285732273269807
674;674;1952-09-15;-0.0105777227103965;-1.05777227103965;0.3722796000223016
675;675;1952-09-16;0.00326664221613;0.326664221613;0.3755462422384316
676;676;1952-09-17;0.0020362051010831;0.20362051010831;0.3775824473395147
677;677;1952-09-18;-0.0028519065978676;-0.28519065978676;0.3747305407416471
678;678;1952-09-19;0.0024449889930666;0.24449889930665997;0.3771755297347137
679;679;1952-09-22;0.0008136696950131;0.08136696950130999;0.3779891994297268
680;680;1952-09-23;0.0044634278916593;0.44634278916593;0.38245262732138613
681;681;1952-09-24;0.0036371022661843;0.36371022661843;0.38608972958757043
682;682;1952-09-25;0.0008063710114361;0.08063710114361;0.38689610059900653
683;683;1952-09-26;-0.0032296758640559;-0.32296758640559003;0.3836664247349506
684;684;1952-09-29;-0.0020238824961378;-0.20238824961378;0.38164254223881283
685;685;1952-09-30;-0.0056887190046262;-0.5688719004626199;0.37595382323418663
686;686;1952-10-01;-0.0024480223884353;-0.24480223884353003;0.37350580084575136
687;687;1952-10-02;0.001632653423885;0.1632653423885;0.3751384542696364
688;688;1952-10-03;-0.000815993517329;-0.0815993517329;0.37432246075230735
689;689;1952-10-06;-0.0024519423307576;-0.24519423307576;0.3718705184215498
690;690;1952-10-07;-0.0016380429207676;-0.16380429207675998;0.3702324755007822
691;691;1952-10-08;0.0073499718387326;0.73499718387326;0.3775824473395148
692;692;1952-10-09;-0.0004069176048009;-0.040691760480089996;0.3771755297347139
693;693;1952-10-10;-0.0008143730257565;-0.08143730257565;0.3763611567089574
694;694;1952-10-14;-0.0028553558632058;-0.28553558632058;0.37350580084575163
695;695;1952-10-15;-0.0173057886603534;-1.7305788660353398;0.3562000121853982
696;696;1952-10-16;-0.0062538875135387;-0.62538875135387;0.3499461246718595
697;697;1952-10-17;0.0120558930147205;1.20558930147205;0.36200201768657997
698;698;1952-10-20;-0.0028968362902026;-0.28968362902026;0.35910518139637737
699;699;1952-10-21;-0.0024895863997707;-0.24895863997707;0.35661559499660667
700;700;1952-10-22;-0.0112807131343593;-1.12807131343593;0.34533488186224737
701;701;1952-10-23;0.0029369435837067;0.29369435837067004;0.3482718254459541
702;702;1952-10-24;0.006680609118697;0.6680609118697;0.3549524345646511
703;703;1952-10-27;0.0024937252637546;0.24937252637546004;0.35744615982840566
704;704;1952-10-28;0.0016590215679714;0.16590215679714002;0.35910518139637704
705;705;1952-10-29;0.0008285419038305;0.08285419038305;0.35993372330020756
706;706;1952-10-30;0.0;0.0;0.35993372330020756
707;707;1952-10-31;0.0152047309694288;1.5204730969428801;0.3751384542696364
708;708;1952-11-03;0.0032573318703064;0.32573318703063997;0.3783957861399428
709;709;1952-11-05;0.0028414876029483;0.28414876029483;0.38123727374289107
710;710;1952-11-06;0.0040453129600028;0.40453129600028;0.3852825867028939
711;711;1952-11-07;0.0004036730548522;0.04036730548522;0.3856862597577461
712;712;1952-11-10;-0.0004036730548522;-0.04036730548522;0.3852825867028939
713;713;1952-11-12;-0.0048563430125692;-0.48563430125692;0.3804262436903247
714;714;1952-11-13;0.0024310790423731;0.24310790423731;0.3828573227326978
715;715;1952-11-14;0.0016175094836272;0.16175094836272;0.384474832216325
716;716;1952-11-17;0.0020181238336554;0.20181238336554;0.3864929560499804
717;717;1952-11-18;0.0144118189838851;1.44118189838851;0.4009047750338655
718;718;1952-11-19;0.006734032181344;0.6734032181344;0.4076388072152095
719;719;1952-11-20;-0.001975855177966;-0.1975855177966;0.4056629520372435
720;720;1952-11-21;-0.0003956874355153;-0.03956874355153;0.4052672646017282
721;721;1952-11-24;0.0059183443612056;0.59183443612056;0.41118560896293377
722;722;1952-11-25;-0.0023630967601073;-0.23630967601073;0.40882251220282645
723;723;1952-11-26;0.0062892894753883;0.62892894753883;0.41511180167821476
724;724;1952-11-28;0.0054709007109012;0.54709007109012;0.420582702389116
725;725;1952-12-01;0.0007791196342701;0.07791196342701;0.42136182202338607
726;726;1952-12-02;0.0023337233462199;0.23337233462199003;0.42369554536960596
727;727;1952-12-03;-0.0011662197855546;-0.11662197855545998;0.4225293255840514
728;728;1952-12-04;-0.0038970431237457;-0.38970431237457;0.41863228246030565
729;729;1952-12-05;0.0003903962419133;0.039039624191329995;0.41902267870221893
730;730;1952-12-08;0.0054495657355593;0.54495657355593;0.42447224443777826
731;731;1952-12-09;0.0065776983144201;0.65776983144201;0.4310499427521984
732;732;1952-12-10;0.0019264116918802;0.19264116918802002;0.43297635444407856
733;733;1952-12-11;-0.000770157927366;-0.0770157927366;0.43220619651671255
734;734;1952-12-12;0.0030770024277382;0.30770024277382;0.4352831989444507
735;735;1952-12-15;0.0;0.0;0.4352831989444507
736;736;1952-12-16;0.0011513722025848;0.11513722025848;0.43643457114703554
737;737;1952-12-17;-0.0011513722025848;-0.11513722025848;0.4352831989444507
738;738;1952-12-18;-0.0003840983191412;-0.03840983191412;0.4348991006253095
739;739;1952-12-19;0.0045994330872476;0.45994330872475997;0.4394985337125571
740;740;1952-12-22;0.0057197106499726;0.57197106499726;0.4452182443625297
741;741;1952-12-23;-0.0041912044587726;-0.41912044587726005;0.44102703990375713
742;742;1952-12-24;0.0007632824798058;0.07632824798058001;0.4417903223835629
743;743;1952-12-26;0.0015250098556949;0.15250098556949002;0.44331533223925784
744;744;1952-12-29;0.0056980211146378;0.56980211146378;0.44901335335389564
745;745;1952-12-30;0.007171195102658;0.7171195102658;0.45618454845655365
746;746;1952-12-31;-0.0007524454832066;-0.07524454832065999;0.4554321029733471
747;747;1953-01-02;-0.0011296931886861;-0.11296931886860999;0.45430240978466097
748;748;1953-01-05;0.0045112481675269;0.45112481675269;0.45881365795218787
749;749;1953-01-06;-0.0067745836817554;-0.6774583681755401;0.4520390742704325
750;750;1953-01-07;-0.0041626927817319;-0.41626927817319;0.44787638148870057
751;751;1953-01-08;-0.0015180647788573;-0.15180647788573;0.4463583167098433
752;752;1953-01-09;-0.0095402364497658;-0.95402364497658;0.43681808026007746
753;753;1953-01-12;-0.0084713250449812;-0.8471325044981199;0.42834675521509624
754;754;1953-01-13;0.0061680610708885;0.61680610708885;0.43451481628598476
755;755;1953-01-14;0.0023032639740927;0.23032639740927;0.43681808026007746
756;756;1953-01-15;0.0019153042038806;0.19153042038806;0.43873338446395804
757;757;1953-01-16;-0.0042185681779733;-0.42185681779733;0.43451481628598476
758;758;1953-01-19;-0.0003843936237992;-0.038439362379919996;0.43413042266218554
759;759;1953-01-20;0.004985590479968;0.4985590479968;0.43911601314215354
760;760;1953-01-21;-0.0019145707918912;-0.19145707918912;0.4372014423502623
761;761;1953-01-22;0.001149243544432;0.1149243544432;0.43835068589469434
762;762;1953-01-23;-0.0019161147476585;-0.19161147476585;0.4364345711470358
763;763;1953-01-26;-0.001919754861051;-0.19197548610509999;0.4345148162859848
764;764;1953-01-27;0.0011522567272996;0.11522567272996001;0.43566707301328444
765;765;1953-01-28;0.0030663114506737;0.30663114506737;0.43873338446395815
766;766;1953-01-29;0.0026754076726565;0.26754076726564996;0.44140879213661466
767;767;1953-01-30;0.0068466604466728;0.6846660446672801;0.4482554525832875
768;768;1953-02-02;0.004915910919272;0.4915910919272;0.4531713635025595
769;769;1953-02-03;0.0011310462821017;0.11310462821017;0.4543024097846612
770;770;1953-02-04;-0.0045317674888565;-0.45317674888565;0.4497706422958047
771;771;1953-02-05;-0.0102721085832473;-1.02721085832473;0.4394985337125574
772;772;1953-02-06;0.0136728297900022;1.36728297900022;0.4531713635025596
773;773;1953-02-09;-0.0314201702534906;-3.1420170253490602;0.421751193249069
774;774;1953-02-10;-0.0027285145468498;-0.27285145468498;0.4190226787022192
775;775;1953-02-11;0.000780257550315;0.0780257550315;0.41980293625253423
776;776;1953-02-13;0.0038926091170719;0.38926091170719;0.42369554536960613
777;777;1953-02-16;-0.003502630551202;-0.3502630551202;0.42019291481840415
778;778;1953-02-17;-0.0058651194523982;-0.58651194523982;0.41432779536600595
779;779;1953-02-18;-0.0007846214604176;-0.07846214604176;0.41354317390558837
780;780;1953-02-19;0.0035259585991327;0.35259585991327;0.41706913250472105
781;781;1953-02-20;0.0023437120561062;0.23437120561062;0.4194128445608272
782;782;1953-02-24;0.0046711257505434;0.46711257505434;0.42408397031137063
783;783;1953-02-25;0.0061943674642734;0.61943674642734;0.430278337775644
784;784;1953-02-26;0.0015426535735239;0.15426535735239;0.4318209913491679
785;785;1953-02-27;-0.0019286794420505;-0.19286794420505;0.4298923119071174
786;786;1953-03-02;0.0011576308450811;0.11576308450810999;0.4310499427521985
787;787;1953-03-03;0.0026959384709091;0.26959384709091;0.4337458812231076
788;788;1953-03-04;-0.008497501720682;-0.8497501720681999;0.4252483795024256
789;789;1953-03-05;0.0003878223671716;0.03878223671716;0.4256362018695972
790;790;1953-03-06;0.0019368202464296;0.19368202464296;0.4275730221160268
791;791;1953-03-09;-0.000387071806652;-0.0387071806652;0.42718595030937484
792;792;1953-03-10;0.0030923874662693;0.30923874662693;0.4302783377756441
793;793;1953-03-11;0.0080723481190503;0.8072348119050299;0.4383506858946944
794;794;1953-03-12;0.0003826985692638;0.03826985692638;0.4387333844639582
795;795;1953-03-13;0.0019117192194211;0.19117192194211;0.44064510368337934
796;796;1953-03-16;0.0015266797149737;0.15266797149737;0.44217178339835306
797;797;1953-03-17;0.0041865333114903;0.41865333114903;0.4463583167098434
798;798;1953-03-18;-0.0034240094323299;-0.34240094323299003;0.4429343072775135
799;799;1953-03-19;-0.0007625238791604;-0.07625238791604;0.44217178339835306
800;800;1953-03-20;-0.0015266797149737;-0.15266797149737;0.44064510368337934
801;801;1953-03-23;-0.0061302873973945;-0.61302873973945;0.4345148162859848
802;802;1953-03-24;0.0057482434576949;0.57482434576949;0.44026305974367974
803;803;1953-03-25;-0.0026784022134065;-0.26784022134065;0.43758465753027326
804;804;1953-03-26;-0.0057636661811053;-0.57636661811053;0.43182099134916796
805;805;1953-03-27;0.0015402005058562;0.15402005058562002;0.43336119185502414
806;806;1953-03-30;-0.0147289093947185;-1.47289093947185;0.41863228246030565
807;807;1953-03-31;-0.0125738390354866;-1.25738390354866;0.40605844342481906
808;808;1953-04-01;-0.0015829445018247;-0.15829445018247001;0.40447549892299434
809;809;1953-04-02;-0.0007923930684023;-0.07923930684022999;0.40368310585459205
810;810;1953-04-06;-0.0248808576161141;-2.48808576161141;0.37880224823847797
811;811;1953-04-07;0.0040550744942198;0.40550744942198;0.3828573227326978
812;812;1953-04-08;0.0088639180043941;0.88639180043941;0.3917212407370919
813;813;1953-04-09;-0.0020076698574143;-0.20076698574142998;0.3897135708796776
814;814;1953-04-10;-0.0024144479015908;-0.24144479015908;0.38729912297808683
815;815;1953-04-13;-0.0020165362751929;-0.20165362751929;0.38528258670289395
816;816;1953-04-14;0.0036268828065573;0.36268828065573;0.38890946950945127
817;817;1953-04-15;0.0040143771292982;0.40143771292982;0.39292384663874946
818;818;1953-04-16;-0.0020051741630347;-0.20051741630347;0.39091867247571477
819;819;1953-04-17;-0.0117101679003984;-1.17101679003984;0.37920850457531635
820;820;1953-04-20;0.0044579201596342;0.44579201596342;0.38366642473495055
821;821;1953-04-21;-0.0024291509920595;-0.24291509920594997;0.38123727374289107
822;822;1953-04-22;-0.0085488411653145;-0.85488411653145;0.37268843257757656
823;823;1953-04-23;-0.0110997234146195;-1.10997234146195;0.36158870916295704
824;824;1953-04-24;0.0004133085236226;0.04133085236226;0.36200201768657964
825;825;1953-04-27;0.0057684130744273;0.57684130744273;0.36777043076100696
826;826;1953-04-28;0.0073680235086293;0.73680235086293;0.37513845426963627
827;827;1953-04-29;0.0065040879691764;0.65040879691764;0.38164254223881267
828;828;1953-04-30;-0.0024340376634963;-0.24340376634963;0.37920850457531635
829;829;1953-05-01;0.0044579201596342;0.44579201596342;0.38366642473495055
830;830;1953-05-04;0.0108587433348757;1.08587433348757;0.39452516806982624
831;831;1953-05-05;0.0011993205275389;0.11993205275388999;0.39572448859736514
832;832;1953-05-06;-0.0011993205275389;-0.11993205275388999;0.39452516806982624
833;833;1953-05-07;-0.0040080213975386;-0.40080213975386;0.39051714667228765
834;834;1953-05-08;0.0;0.0;0.39051714667228765
835;835;1953-05-11;0.0004015258034271;0.04015258034271;0.39091867247571477
836;836;1953-05-12;-0.006847962309747;-0.6847962309747;0.3840707101659678
837;837;1953-05-13;-0.0012133874332698;-0.12133874332698;0.38285732273269796
838;838;1953-05-14;0.0056497730115654;0.56497730115654;0.38850709574426334
839;839;1953-05-15;-0.0004024954773598;-0.04024954773598;0.3881046002669035
840;840;1953-05-18;-0.0036297680505783;-0.36297680505783;0.3844748322163252
841;841;1953-05-19;-0.0020222048949389;-0.20222048949389;0.38245262732138635
842;842;1953-05-20;0.0092686134157058;0.92686134157058;0.39172124073709214
843;843;1953-05-21;0.0052010120282255;0.52010120282255;0.3969222527653176
844;844;1953-05-22;-0.0011977641679523;-0.11977641679523002;0.3957244885973653
845;845;1953-05-25;-0.0015994005488786;-0.15994005488786;0.3941250880484867
846;846;1953-05-26;-0.0048134468224612;-0.48134468224612;0.3893116412260255
847;847;1953-05-27;-0.009291199943497;-0.9291199943496999;0.38002044128252854
848;848;1953-05-28;-0.0073320087049517;-0.73320087049517;0.37268843257757683
849;849;1953-05-29;0.00326539065661;0.326539065661;0.37595382323418686
850;850;1953-06-01;-0.016020099933979;-1.6020099933979002;0.35993372330020784
851;851;1953-06-02;0.002894316738172;0.28943167381720003;0.3628280400383798
852;852;1953-06-03;-0.0016528516501073;-0.16528516501072998;0.3611751883882725
853;853;1953-06-04;-0.0062227538236214;-0.6222753823621401;0.3549524345646511
854;854;1953-06-05;0.0024937252637546;0.24937252637546004;0.35744615982840566
855;855;1953-06-08;-0.0033264063936178;-0.33264063936178;0.35411975343478785
856;856;1953-06-09;-0.0172236982015974;-1.7223698201597402;0.33689605523319044
857;857;1953-06-10;-0.0025455677185513;-0.25455677185513;0.33435048751463914
858;858;1953-06-11;0.0088813861676371;0.88813861676371;0.34323187368227626
859;859;1953-06-12;0.0029430334465034;0.29430334465034;0.34617490712877963
860;860;1953-06-15;-0.0084317108209361;-0.84317108209361;0.33774319630784355
861;861;1953-06-16;-0.0029680751066369;-0.29680751066369;0.33477512120120667
862;862;1953-06-17;0.0126584393347695;1.26584393347695;0.3474335605359762
863;863;1953-06-18;-0.0004193751372012;-0.04193751372012;0.347014185398775
864;864;1953-06-19;0.0;0.0;0.347014185398775
865;865;1953-06-22;0.0050208893138719;0.50208893138719;0.3520350747126469
866;866;1953-06-23;0.0066556818073326;0.6655681807332601;0.3586907565199795
867;867;1953-06-24;-0.0012445966915737;-0.12445966915737;0.35744615982840583
868;868;1953-06-25;0.0041425493345514;0.41425493345514003;0.3615887091629572
869;869;1953-06-26;0.0008263636833891;0.08263636833891;0.36241507284634633
870;870;1953-06-29;-0.0028955554003564;-0.28955554003564;0.3595195174459899
871;871;1953-06-30;0.0;0.0;0.3595195174459899
872;872;1953-07-01;0.0041339869567496;0.41339869567495996;0.3636535044027395
873;873;1953-07-02;0.0028835859915821;0.28835859915821;0.36653709039432164
874;874;1953-07-03;0.0020547366999026;0.20547366999026;0.3685918270942242
875;875;1953-07-06;0.000820599143299;0.08205991432990001;0.36941242623752324
876;876;1953-07-07;0.0053181145041238;0.53181145041238;0.374730540741647
877;877;1953-07-08;-0.0004080799893397;-0.04080799893397;0.3743224607523073
878;878;1953-07-09;-0.0028612322810324;-0.28612322810324;0.3714612284712749
879;879;1953-07-10;-0.0008190008647805;-0.08190008647805;0.3706422276064944
880;880;1953-07-13;-0.0098806896894769;-0.98806896894769;0.3607615379170175
881;881;1953-07-14;-0.0037305742747713;-0.37305742747713;0.3570309636422462
882;882;1953-07-15;0.0029027596579616;0.29027596579616;0.3599337233002078
883;883;1953-07-16;0.0012414650880647;0.12414650880647;0.3611751883882725
884;884;1953-07-17;0.0070060043419522;0.70060043419522;0.3681811927302247
885;885;1953-07-20;-0.0053531526918448;-0.53531526918448;0.36282804003837993
886;886;1953-07-21;-0.0024803237701398;-0.24803237701398;0.36034771626824014
887;887;1953-07-22;0.0012409928947172;0.12409928947172001;0.3615887091629573
888;888;1953-07-23;0.0016521688671029;0.16521688671029;0.3632408780300602
889;889;1953-07-24;0.0;0.0;0.3632408780300602
890;890;1953-07-27;-0.0066252830334536;-0.6625283033453601;0.3566155949966066
891;891;1953-07-28;0.0016604818746639;0.16604818746639;0.3582760768712705
892;892;1953-07-29;0.0062021698462597;0.62021698462597;0.3644782467175302
893;893;1953-07-30;0.0094359674481721;0.94359674481721;0.3739142141657023
894;894;1953-07-31;0.010560618050623;1.0560618050623;0.3844748322163253
895;895;1953-08-03;0.0036297680505783;0.36297680505783;0.3881046002669036
896;896;1953-08-04;-0.0024183405091573;-0.24183405091573;0.3856862597577463
897;897;1953-08-05;-0.0040437175189334;-0.40437175189334;0.3816425422388129
898;898;1953-08-06;0.0048504138111678;0.48504138111678;0.3864929560499807
899;899;1953-08-07;-0.0008066962922343;-0.08066962922343;0.3856862597577464
900;900;1953-08-10;-0.001211427541421;-0.1211427541421;0.3844748322163254
901;901;1953-08-11;-0.0012128968782847;-0.12128968782847;0.3832619353380407
902;902;1953-08-12;0.0024243244197057;0.24243244197057;0.3856862597577464
903;903;1953-08-13;-0.0020198350227955;-0.20198350227955;0.3836664247349509
904;904;1953-08-14;-0.0044579201596342;-0.44579201596342;0.3792085045753167
905;905;1953-08-17;-0.0024400988113622;-0.24400988113622;0.3767684057639545
906;906;1953-08-18;-0.0040799731863776;-0.40799731863775995;0.3726884325775769
907;907;1953-08-19;-0.006151342183255;-0.6151342183255001;0.36653709039432186
908;908;1953-08-20;-0.0008229630094098;-0.08229630094098;0.36571412738491205
909;909;1953-08-21;0.0024670653453129;0.24670653453129;0.3681811927302249
910;910;1953-08-24;-0.010735032901819;-1.0735032901819;0.35744615982840594
911;911;1953-08-25;-0.0066639147064977;-0.66639147064977;0.35078224512190825
912;912;1953-08-26;-0.0029294433393647;-0.29294433393647;0.3478528017825436
913;913;1953-08-27;-0.0029380922315835;-0.29380922315835;0.3449147095509601
914;914;1953-08-28;-0.0021039771678119;-0.21039771678119001;0.3428107323831482
915;915;1953-08-31;-0.0178500276992302;-1.78500276992302;0.32496070468391797
916;916;1953-09-01;0.0042789966872796;0.42789966872796;0.32923970137119757
917;917;1953-09-02;0.0059599581689919;0.59599581689919;0.3351996595401895
918;918;1953-09-03;-0.0021244537865849;-0.21244537865849003;0.3330752057536046
919;919;1953-09-04;0.0025488543960614;0.25488543960614;0.335624060149666
920;920;1953-09-08;0.0016956765043154;0.16956765043153998;0.3373197366539814
921;921;1953-09-09;0.0016927214855866;0.16927214855866;0.339012458139568
922;922;1953-09-10;-0.0101998334351223;-1.0199833435122299;0.32881262470444567
923;923;1953-09-11;-0.0116006029525018;-1.16006029525018;0.31721202175194385
924;924;1953-09-14;-0.0187573664663172;-1.87573664663172;0.29845465528562665
925;925;1953-09-15;0.0083315984761935;0.83315984761935;0.30678625376182017
926;926;1953-09-16;0.0047919934870805;0.47919934870805;0.31157824724890065
927;927;1953-09-17;0.0026041681383874;0.26041681383874;0.314182415387288
928;928;1953-09-18;-0.0052150921061242;-0.52150921061242;0.30896732328116383
929;929;1953-09-21;-0.0030548572742352;-0.30548572742352;0.3059124660069286
930;930;1953-09-22;0.0138891989704089;1.38891989704089;0.31980166497733753
931;931;1953-09-23;0.0012922250066065;0.12922250066065;0.321093889983944
932;932;1953-09-24;0.0004303852013922;0.04303852013922;0.3215242751853362
933;933;1953-09-25;0.0025783856694885;0.25783856694885;0.3241026608548247
934;934;1953-09-28;0.0064172198830116;0.64172198830116;0.3305198807378363
935;935;1953-09-29;0.0017042611346109;0.17042611346109;0.3322241418724472
936;936;1953-09-30;-0.0059778145559152;-0.59778145559152;0.326246327316532
937;937;1953-10-01;0.0059778145559152;0.59778145559152;0.3322241418724472
938;938;1953-10-02;0.0042480947487622;0.42480947487622;0.3364722366212094
939;939;1953-10-05;-0.0046738984596879;-0.46738984596878996;0.3317983381615215
940;940;1953-10-06;-0.0038404571171222;-0.38404571171222;0.32795788104439927
941;941;1953-10-07;0.0080903572664512;0.80903572664512;0.33604823831085046
942;942;1953-10-08;0.0016949579969929;0.16949579969929002;0.33774319630784333
943;943;1953-10-09;0.0016920054440228;0.16920054440228;0.33943520175186614
944;944;1953-10-13;-0.0038111416022008;-0.38111416022008004;0.33562406014966534
945;945;1953-10-14;0.0046560930677652;0.46560930677651996;0.34028015321743055
946;946;1953-10-15;0.0113375555947721;1.13375555947721;0.35161770881220267
947;947;1953-10-16;0.0079018086337869;0.79018086337869;0.3595195174459896
948;948;1953-10-19;0.00082819882225;0.082819882225;0.3603477162682396
949;949;1953-10-20;0.0004138216487774;0.04138216487774;0.360761537917017
950;950;1953-10-21;0.0008271712459397;0.08271712459397;0.36158870916295666
951;951;1953-10-22;0.0045369432329072;0.45369432329072;0.36612565239586387
952;952;1953-10-23;0.0020555403343602;0.20555403343602;0.36818119273022404
953;953;1953-10-26;-0.001644102335903;-0.1644102335903;0.36653709039432103
954;954;1953-10-27;-0.0020588436767914;-0.20588436767914;0.36447824671752965
955;955;1953-10-28;0.0012358806673815;0.12358806673815001;0.36571412738491116
956;956;1953-10-29;0.011868319954603;1.1868319954603;0.3775824473395142
957;957;1953-10-30;-0.001628624105328;-0.16286241053279998;0.3759538232341862
958;958;1953-11-02;0.0048780177036373;0.48780177036372996;0.3808318409378235
959;959;1953-11-04;-0.0061013001961769;-0.61013001961769;0.37473054074164663
960;960;1953-11-05;0.0052899005408813;0.52899005408813;0.38002044128252793
961;961;1953-11-06;-0.0012181930440502;-0.12181930440501999;0.37880224823847775
962;962;1953-11-09;0.0020295926993458;0.20295926993457997;0.3808318409378235
963;963;1953-11-10;-0.0118295890650262;-1.18295890650262;0.36900225187279734
964;964;1953-11-12;0.0036861807047787;0.36861807047787;0.37268843257757606
965;965;1953-11-13;0.00326539065661;0.326539065661;0.3759538232341861
966;966;1953-11-16;-0.0065413969966634;-0.65413969966634;0.3694124262375227
967;967;1953-11-17;-0.0053464656524053;-0.53464656524053;0.36406596058511737
968;968;1953-11-18;0.0016481667997938;0.16481667997938;0.36571412738491116
969;969;1953-11-19;0.0045183481158703;0.45183481158703;0.3702324755007815
970;970;1953-11-20;0.0016380429207676;0.16380429207675998;0.37187051842154906
971;971;1953-11-23;-0.0032786913273255;-0.32786913273255;0.36859182709422356
972;972;1953-11-24;0.0057306336580831;0.57306336580831;0.37432246075230663
973;973;1953-11-25;0.000815993517329;0.0815993517329;0.37513845426963566
974;974;1953-11-27;0.0056933866681876;0.56933866681876;0.38083184093782324
975;975;1953-11-30;0.0040469500801974;0.40469500801973995;0.38487879101802064
976;976;1953-12-01;0.0008074687397248;0.08074687397248;0.38568625975774545
977;977;1953-12-02;0.0068369457215666;0.6836945721566601;0.3925232054793121
978;978;1953-12-03;0.0008012019659364;0.08012019659364;0.3933244074452485
979;979;1953-12-04;0.000400440453808;0.040044045380799996;0.3937248478990565
980;980;1953-12-07;-0.0012016424197445;-0.12016424197445;0.39252320547931197
981;981;1953-12-08;-0.0032115642532875;-0.32115642532875;0.38931164122602446
982;982;1953-12-09;-0.0012070409591218;-0.12070409591218;0.3881046002669027
983;983;1953-12-10;-0.0024183405091573;-0.24183405091573;0.3856862597577454
984;984;1953-12-11;-0.0008074687397248;-0.08074687397248;0.3848787910180206
985;985;1953-12-14;-0.0028311039570807;-0.28311039570807;0.3820476870609399
986;986;1953-12-15;0.0008096356717572;0.08096356717572;0.38285732273269707
987;987;1953-12-16;0.0100665239060516;1.0066523906051599;0.3929238466387487
988;988;1953-12-17;-0.0008015230890032;-0.08015230890032;0.39212232354974547
989;989;1953-12-18;0.0020027644987403;0.20027644987403;0.3941250880484858
990;990;1953-12-21;-0.0016018825691737;-0.16018825691737;0.3925232054793121
991;991;1953-12-22;-0.0076444144612914;-0.76444144612914;0.3848787910180207
992;992;1953-12-23;-0.0028311039570807;-0.28311039570807;0.38204768706094
993;993;1953-12-24;0.0044452689890399;0.44452689890399;0.3864929560499799
994;994;1953-12-28;-0.0036356333172826;-0.36356333172826;0.3828573227326973
995;995;1953-12-29;-0.0064961660237408;-0.64961660237408;0.3763611567089565
996;996;1953-12-30;0.0085176343090642;0.8517634309064199;0.3848787910180207
997;997;1953-12-31;0.0020173095809852;0.20173095809852;0.3868961005990059
998;998;1954-01-04;0.0056271048803062;0.5627104880306201;0.39252320547931213
999;999;1954-01-05;0.0059939838600513;0.59939838600513;0.3985171893393634
1000;1000;1954-01-06;0.0015923172471148;0.15923172471148;0.4001095065864782
1001;1001;1954-01-07;-0.0031872538211614;-0.31872538211614;0.3969222527653168
1002;1002;1954-01-08;-0.0052010120282255;-0.52010120282255;0.3917212407370913
1003;1003;1954-01-11;-0.0052282846871114;-0.52282846871114;0.3864929560499799
1004;1004;1954-01-12;0.0052282846871114;0.52282846871114;0.3917212407370913
1005;1005;1954-01-13;0.0056000146347359;0.5600014634735899;0.3973212553718272
1006;1006;1954-01-14;0.0047752178926088;0.47752178926088;0.40209647326443604
1007;1007;1954-01-15;0.0094824493712173;0.9482449371217301;0.4115789226356533
1008;1008;1954-01-18;0.0;0.0;0.4115789226356533
1009;1009;1954-01-19;0.0097828993877322;0.97828993877322;0.4213618220233855
1010;1010;1954-01-20;0.0027221482879844;0.27221482879844;0.4240839703113699
1011;1011;1954-01-21;0.0015522315582265;0.15522315582265;0.4256362018695964
1012;1012;1954-01-22;0.0023237422864665;0.23237422864665;0.42795994415606287
1013;1013;1954-01-25;0.0030899985961347;0.30899985961347;0.43104994275219755
1014;1014;1954-01-26;0.0061514995980638;0.61514995980638;0.43720144235026137
1015;1015;1954-01-27;-0.0030710196880767;-0.30710196880767;0.43413042266218466
1016;1016;1954-01-28;0.0003843936237992;0.038439362379919996;0.4345148162859839
1017;1017;1954-01-29;0.0023032639740927;0.23032639740927;0.43681808026007657
1018;1018;1954-02-01;-0.0034568884050534;-0.34568884050534;0.43336119185502314
1019;1019;1954-02-02;-0.0026969771693248;-0.26969771693248;0.4306642146856983
1020;1020;1954-02-03;0.0034662079764862;0.34662079764861997;0.43413042266218455
1021;1021;1954-02-04;0.0072783694744291;0.72783694744291;0.44140879213661366
1022;1022;1954-02-05;0.0038094522259153;0.38094522259153;0.44521824436252894
1023;1023;1954-02-08;-0.0026651072821222;-0.26651072821222;0.4425531370804067
1024;1024;1954-02-09;-0.002290077336728;-0.22900773367279997;0.44026305974367874
1025;1025;1954-02-10;-0.0011470466015262;-0.11470466015262;0.43911601314215254
1026;1026;1954-02-11;-0.003065136616815;-0.3065136616815;0.4360508765253375
1027;1027;1954-02-12;0.0022998093693558;0.22998093693558003;0.43835068589469334
1028;1028;1954-02-15;-0.0030674869502433;-0.30674869502433;0.43528319894445006
1029;1029;1954-02-16;-0.0088718807569763;-0.88718807569763;0.42641131818747374
1030;1030;1954-02-17;0.0019354370276216;0.19354370276216;0.42834675521509535
1031;1031;1954-02-18;0.0;0.0;0.42834675521509535
1032;1032;1954-02-19;0.002317459470603;0.23174594706030002;0.4306642146856984
1033;1033;1954-02-23;-0.0034782643763247;-0.34782643763247;0.4271859503093737
1034;1034;1954-02-24;0.0;0.0;0.4271859503093737
1035;1035;1954-02-25;0.0030923874662693;0.30923874662693;0.43027833777564295
1036;1036;1954-02-26;0.0092201959369133;0.9220195936913299;0.43949853371255626
1037;1037;1954-03-01;0.0038167985267008;0.38167985267008;0.44331533223925706
1038;1038;1954-03-02;0.0026631174194835;0.26631174194835;0.44597844965874056
1039;1039;1954-03-03;0.0;0.0;0.44597844965874056
1040;1040;1954-03-04;0.0034136198519245;0.34136198519245;0.44939206951066507
1041;1041;1954-03-05;0.004156439008621;0.4156439008621;0.4535485085192861
1042;1042;1954-03-08;-0.0026429692061706;-0.26429692061706;0.4509055393131155
1043;1043;1954-03-09;0.0022658241894428;0.22658241894428;0.4531713635025583
1044;1044;1954-03-10;0.0022607394707878;0.22607394707878;0.45543210297334613
1045;1045;1954-03-11;0.0045062411119261;0.45062411119261;0.45993834408527223
1046;1046;1954-03-12;0.0;0.0;0.45993834408527223
1047;1047;1954-03-15;-0.0045062411119261;-0.45062411119261;0.45543210297334613
1048;1048;1954-03-16;-0.000376472814092;-0.0376472814092;0.45505563015925415
1049;1049;1954-03-17;0.002256563575075;0.2256563575075;0.45731219373432913
1050;1050;1954-03-18;0.0041236796181225;0.41236796181225;0.4614358733524516
1051;1051;1954-03-19;0.0029883847975247;0.29883847975247;0.46442425814997634
1052;1052;1954-03-22;-0.0007461940644746;-0.07461940644746;0.4636780640855017
1053;1053;1954-03-23;-0.007117505096224;-0.7117505096223999;0.4565605589892777
1054;1054;1954-03-24;-0.0048992373272618;-0.48992373272618;0.45166132166201595
1055;1055;1954-03-25;-0.0018906793662125;-0.18906793662125;0.44977064229580344
1056;1056;1954-03-26;0.0052849878634506;0.52849878634506;0.45505563015925404
1057;1057;1954-03-29;0.0037580277929327;0.37580277929327;0.45881365795218676
1058;1058;1954-03-30;0.0011246861330853;0.11246861330852999;0.45993834408527207
1059;1059;1954-03-31;0.0093232072180939;0.9323207218093901;0.46926155130336594
1060;1060;1954-04-01;0.0085012153365142;0.85012153365142;0.47776276663988015
1061;1061;1954-04-02;0.0014710926057035;0.14710926057035;0.47923385924558365
1062;1062;1954-04-05;0.0018359102244267;0.18359102244267;0.48106976947001034
1063;1063;1954-04-06;-0.0092132584638622;-0.9213258463862201;0.4718565110061481
1064;1064;1954-04-07;0.0036955325928067;0.36955325928067;0.4755520435989548
1065;1065;1954-04-08;0.0099100829399616;0.9910082939961601;0.4854621265389164
1066;1066;1954-04-09;0.0;0.0;0.4854621265389164
1067;1067;1954-04-12;0.0069154416984127;0.69154416984127;0.4923775682373291
1068;1068;1954-04-13;0.0025357376843127;0.25357376843127;0.4949133059216418
1069;1069;1954-04-14;0.0075690036532747;0.7569003653274701;0.5024823095749165
1070;1070;1954-04-15;0.0032264232465029;0.32264232465029;0.5057087328214194
1071;1071;1954-04-19;-0.0064632539811921;-0.64632539811921;0.4992454788402273
1072;1072;1954-04-20;-0.0003602954461601;-0.036029544616010004;0.4988851833940672
1073;1073;1954-04-21;-0.0039718774724253;-0.39718774724253;0.4949133059216419
1074;1074;1954-04-22;0.0014461680294504;0.14461680294504;0.4963594739510923
1075;1075;1954-04-23;0.0036062425738485;0.36062425738485;0.4999657165249408
1076;1076;1954-04-26;0.0035931767009995;0.35931767009995;0.5035588932259403
1077;1077;1954-04-27;-0.0061162272374852;-0.61162272374852;0.4974426659884551
1078;1078;1954-04-28;0.0018028128517722;0.18028128517722;0.4992454788402273
1079;1079;1954-04-29;0.0150163708319306;1.50163708319306;0.5142618496721579
1080;1080;1954-04-30;0.0028348707858469;0.28348707858468997;0.5170967204580048
1081;1081;1954-05-03;-0.0017708876908995;-0.17708876908995;0.5153258327671053
1082;1082;1954-05-04;0.0024783868235682;0.24783868235682002;0.5178042195906735
1083;1083;1954-05-05;0.0003535442726048;0.03535442726048;0.5181577638632783
1084;1084;1954-05-06;0.0077464822629256;0.77464822629256;0.5259042461262039
1085;1085;1954-05-07;0.004898540236168;0.48985402361679997;0.5308027863623719
1086;1086;1954-05-10;-0.0010476340918432;-0.10476340918431999;0.5297551522705287
1087;1087;1954-05-11;-0.0045526605590886;-0.45526605590886;0.5252024917114401
1088;1088;1954-05-12;0.0080405608512648;0.8040560851264801;0.5332430525627049
1089;1089;1954-05-13;-0.0055866069037038;-0.55866069037038;0.527656445659001
1090;1090;1954-05-14;0.0083682499622996;0.8368249962299601;0.5360246956213006
1091;1091;1954-05-17;0.0013879599970709;0.13879599970709;0.5374126556183715
1092;1092;1954-05-18;0.0003466805373602;0.03466805373602;0.5377593361557317
1093;1093;1954-05-19;-0.004516283593027;-0.4516283593027;0.5332430525627047
1094;1094;1954-05-20;0.0034758812102944;0.34758812102944003;0.5367189337729991
1095;1095;1954-05-21;0.0058813523621883;0.5881352362188299;0.5426002861351874
1096;1096;1954-05-24;0.0003448870529099;0.03448870529099;0.5429451731880973
1097;1097;1954-05-25;-0.0024167109984305;-0.24167109984305;0.5405284621896668
1098;1098;1954-05-26;0.0082616648915863;0.82616648915863;0.5487901270812531
1099;1099;1954-05-27;-0.004122335005118;-0.4122335005118;0.544667792076135
1100;1100;1954-05-28;0.0048077702498186;0.48077702498186003;0.5494755623259536
1101;1101;1954-06-01;0.0;0.0;0.5494755623259536
1102;1102;1954-06-02;-0.0010283119838732;-0.10283119838732;0.5484472503420804
1103;1103;1954-06-03;-0.0003429943439559;-0.03429943439559;0.5481042559981245
1104;1104;1954-06-04;-0.0017167386190544;-0.17167386190543998;0.5463875173790701
1105;1105;1954-06-07;-0.0037872312438826;-0.37872312438826;0.5426002861351875
1106;1106;1954-06-08;-0.02267670867103;-2.267670867103;0.5199235774641575
1107;1107;1954-06-09;-0.0067268796768349;-0.6726879676834899;0.5131966977873226
1108;1108;1954-06-10;0.0067268796768349;0.6726879676834899;0.5199235774641575
1109;1109;1954-06-11;0.0084329382391872;0.8432938239187201;0.5283565157033447
1110;1110;1954-06-14;0.0013986365671838;0.13986365671838;0.5297551522705285
1111;1111;1954-06-15;0.0073107025814054;0.73107025814054;0.5370658548519339
1112;1112;1954-06-16;0.0072577127415458;0.72577127415458;0.5443235675934798
1113;1113;1954-06-17;-0.0027586914047281;-0.27586914047281;0.5415648761887517
1114;1114;1954-06-18;0.0027586914047281;0.27586914047281;0.5443235675934798
1115;1115;1954-06-21;0.0006883993387174;0.06883993387173999;0.5450119669321972
1116;1116;1954-06-22;0.0006880289347446;0.06880289347446;0.5456999958669418
1117;1117;1954-06-23;0.0017178839771534;0.17178839771534;0.5474178798440953
1118;1118;1954-06-24;0.0044528589495063;0.44528589495063;0.5518707387936016
1119;1119;1954-06-25;-0.0020526520711676;-0.20526520711676;0.549818086722434
1120;1120;1954-06-28;0.0027359797253048;0.27359797253048;0.5525540664477389
1121;1121;1954-06-29;0.0051098389992656;0.51098389992656;0.5576639054470045
1122;1122;1954-06-30;-0.0075034800805831;-0.75034800805831;0.5501604253664214
1123;1123;1954-07-01;0.0;0.0;0.5501604253664214
1124;1124;1954-07-02;0.0129253842473203;1.29253842473203;0.5630858096137417
1125;1125;1954-07-06;0.0110906866941582;1.10906866941582;0.5741764963078999
1126;1126;1954-07-07;0.0006682592853386;0.06682592853386;0.5748447555932386
1127;1127;1954-07-08;0.0;0.0;0.5748447555932386
1128;1128;1954-07-09;0.0066577476282332;0.66577476282332;0.5815025032214718
1129;1129;1954-07-12;-0.0006637238876252;-0.06637238876252;0.5808387793338466
1130;1130;1954-07-13;-0.0033256099269074;-0.33256099269074;0.5775131694069392
1131;1131;1954-07-14;0.0023290644366378;0.23290644366378002;0.579842233843577
1132;1132;1954-07-15;0.0033178862003442;0.33178862003442;0.5831601200439213
1133;1133;1954-07-16;-0.0043154257842696;-0.43154257842696003;0.5788446942596517
1134;1134;1954-07-19;-0.0026648583835764;-0.26648583835764;0.5761798358760752
1135;1135;1954-07-20;-0.0046807173388914;-0.46807173388914003;0.5714991185371838
1136;1136;1954-07-21;0.0063471399597112;0.63471399597112;0.577846258496895
1137;1137;1954-07-22;0.0079602077383556;0.7960207738355599;0.5858064662352506
1138;1138;1954-07-23;0.0013205350436722;0.13205350436722;0.5871270012789228
1139;1139;1954-07-26;0.0009893158430869;0.09893158430869;0.5881163171220097
1140;1140;1954-07-27;0.00591523249587;0.591523249587;0.5940315496178797
1141;1141;1954-07-28;0.0019639940846598;0.19639940846598003;0.5959955437025395
1142;1142;1954-07-29;0.0035907007146316;0.35907007146316;0.5995862444171711
1143;1143;1954-07-30;0.0061717915576076;0.61717915576076;0.6057580359747787
1144;1144;1954-08-02;0.0035558790265013;0.35558790265013;0.6093139150012801
1145;1145;1954-08-03;-0.0019379851026784;-0.19379851026784;0.6073759298986017
1146;1146;1954-08-04;-0.0009704027932788;-0.09704027932788001;0.6064055271053229
1147;1147;1954-08-05;-0.004215994569749;-0.42159945697490003;0.602189532535574
1148;1148;1954-08-06;-0.0127557250827164;-1.27557250827164;0.5894338074528576
1149;1149;1954-08-09;-0.0085950281190108;-0.85950281190108;0.5808387793338468
1150;1150;1954-08-10;0.0082658758526643;0.82658758526643;0.589104655186511
1151;1151;1954-08-11;0.0114585637425;1.14585637425;0.600563218929011
1152;1152;1954-08-12;-0.0042407175645755;-0.42407175645754996;0.5963225013644355
1153;1153;1954-08-13;0.0042407175645755;0.42407175645754996;0.600563218929011
1154;1154;1954-08-16;0.0106849004459804;1.06849004459804;0.6112481193749913
1155;1155;1954-08-17;0.0022519552704984;0.22519552704984;0.6135000746454897
1156;1156;1954-08-18;-0.000964507373204;-0.0964507373204;0.6125355672722858
1157;1157;1954-08-19;0.0022489969318852;0.22489969318852002;0.6147845642041709
1158;1158;1954-08-20;0.0016033032391273;0.16033032391273;0.6163878674432982
1159;1159;1954-08-23;-0.0067513197565287;-0.6751319756528701;0.6096365476867696
1160;1160;1954-08-24;-0.0042023335771688;-0.42023335771688;0.6054342141096007
1161;1161;1954-08-25;-0.0071522085257571;-0.71522085257571;0.5982820055838436
1162;1162;1954-08-26;-0.0026135264794771;-0.26135264794771;0.5956684791043665
1163;1163;1954-08-27;0.0029397375409248;0.29397375409248;0.5986082166452913
1164;1164;1954-08-30;-0.0101623559381605;-1.01623559381605;0.5884458607071308
1165;1165;1954-08-31;-0.0172819189788505;-1.7281918978850501;0.5711639417282803
1166;1166;1954-09-01;0.0070152616582244;0.7015261658224401;0.5781792033865047
1167;1167;1954-09-02;0.0076272628487457;0.76272628487457;0.5858064662352505
1168;1168;1954-09-03;0.0075695605797387;0.75695605797387;0.5933760268149891
1169;1169;1954-09-07;0.005232189830302;0.5232189830302;0.5986082166452912
1170;1170;1954-09-08;0.0006521030553874;0.06521030553874;0.5992603197006786
1171;1171;1954-09-09;0.0016283996433377;0.16283996433377;0.6008887193440163
1172;1172;1954-09-10;0.0035731725527354;0.35731725527353997;0.6044618918967517
1173;1173;1954-09-13;0.0090381827487378;0.90381827487378;0.6135000746454895
1174;1174;1954-09-14;0.0051282162025527;0.51282162025527;0.6186282908480422
1175;1175;1954-09-15;0.0003196419934634;0.03196419934634;0.6189479328415055
1176;1176;1954-09-16;0.0054182762038532;0.54182762038532;0.6243662090453587
1177;1177;1954-09-17;0.0079151911707264;0.79151911707264;0.632281400216085
1178;1178;1954-09-20;-0.0044247544445621;-0.44247544445621;0.6278566457715229
1179;1179;1954-09-21;0.0069445038092435;0.69445038092435;0.6348011495807664
1180;1180;1954-09-22;0.0065840964205827;0.65840964205827;0.641385246001349
1181;1181;1954-09-23;0.0056092387645105;0.56092387645105;0.6469944847658595
1182;1182;1954-09-24;0.0068133429624399;0.68133429624399;0.6538078277282994
1183;1183;1954-09-27;0.0040042252177277;0.40042252177277;0.6578120529460271
1184;1184;1954-09-28;0.0049064804013192;0.49064804013192;0.6627185333473463
1185;1185;1954-09-29;-0.0058291008100321;-0.58291008100321;0.6568894325373142
1186;1186;1954-09-30;-0.005863278549115;-0.5863278549115001;0.6510261539881993
1187;1187;1954-10-01;-0.0006191950470531;-0.061919504705310005;0.6504069589411462
1188;1188;1954-10-04;0.0055590011728901;0.55590011728901;0.6559659601140363
1189;1189;1954-10-05;0.0049155243394594;0.49155243394594;0.6608814844534957
1190;1190;1954-10-06;0.0039760566829327;0.39760566829327004;0.6648575411364284
1191;1191;1954-10-07;-0.0021390077890819;-0.21390077890819;0.6627185333473464
1192;1192;1954-10-08;-0.00061202575099;-0.061202575099;0.6621065075963565
1193;1193;1954-10-11;-0.0079901472412782;-0.79901472412782;0.6541163603550783
1194;1194;1954-10-12;-0.0040192047306426;-0.40192047306426004;0.6500971556244357
1195;1195;1954-10-13;-0.0003098063589423;-0.030980635894230002;0.6497873492654934
1196;1196;1954-10-14;-0.0121591835094854;-1.21591835094854;0.637628165756008
1197;1197;1954-10-15;-0.0053467655399228;-0.53467655399228;0.6322814002160853
1198;1198;1954-10-18;0.0037771842795391;0.37771842795391003;0.6360585844956244
1199;1199;1954-10-19;0.0025101989961506;0.25101989961506;0.6385687834917749
1200;1200;1954-10-20;0.0081148387910574;0.8114838791057399;0.6466836222828323
1201;1201;1954-10-21;-0.0012440748298825;-0.12440748298825;0.6454395474529497
1202;1202;1954-10-22;0.0;0.0;0.6454395474529497
1203;1203;1954-10-25;-0.0053051146423652;-0.53051146423652;0.6401344328105846
1204;1204;1954-10-26;-0.000625915513392;-0.0625915513392;0.6395085172971926
1205;1205;1954-10-27;0.0025015334729987;0.25015334729987;0.6420100507701914
1206;1206;1954-10-28;-0.0043818850141832;-0.43818850141832;0.6376281657560081
1207;1207;1954-10-29;-0.0062932556081603;-0.62932556081603;0.6313349101478478
1208;1208;1954-11-01;0.0034662394329187;0.34662394329186996;0.6348011495807665
1209;1209;1954-11-03;0.0202403920419272;2.02403920419272;0.6550415416226937
1210;1210;1954-11-04;0.0116458872408738;1.16458872408738;0.6666874288635675
1211;1211;1954-11-05;-0.003357274683343;-0.3357274683343;0.6633301541802245
1212;1212;1954-11-08;0.0094326275133802;0.9432627513380201;0.6727627816936047
1213;1213;1954-11-09;0.0039293384717127;0.39293384717127;0.6766921201653174
1214;1214;1954-11-10;0.0009045077986038;0.09045077986038;0.6775966279639213
1215;1215;1954-11-11;0.0087022603384387;0.8702260338438701;0.68629888830236
1216;1216;1954-11-12;0.0020892411094708;0.20892411094708;0.6883881294118308
1217;1217;1954-11-15;-0.0020892411094708;-0.20892411094708;0.68629888830236
1218;1218;1954-11-16;0.0029832658912063;0.29832658912063;0.6892821541935663
1219;1219;1954-11-17;0.0017857444955895;0.17857444955895;0.6910678986891559
1220;1220;1954-11-18;-0.0056657971753391;-0.56657971753391;0.6854021015138168
1221;1221;1954-11-19;0.0002990581574091;0.029905815740910002;0.6857011596712258
1222;1222;1954-11-22;0.0038788947390511;0.38788947390511;0.6895800544102769
1223;1223;1954-11-23;0.0133117479183236;1.33117479183236;0.7028918023286005
1224;1224;1954-11-24;0.0055678385597457;0.5567838559745699;0.7084596408883462
1225;1225;1954-11-26;0.0095972235833947;0.9597223583394701;0.7180568644717409
1226;1226;1954-11-29;-0.0002894195996465;-0.028941959964650002;0.7177674448720944
1227;1227;1954-11-30;-0.0087234919857173;-0.87234919857173;0.7090439528863771
1228;1228;1954-12-01;-0.0073281871358963;-0.73281871358963;0.7017157657504808
1229;1229;1954-12-02;0.0055742551385864;0.55742551385864;0.7072900208890672
1230;1230;1954-12-03;0.0090288072491255;0.90288072491255;0.7163188281381927
1231;1231;1954-12-06;0.0077977579232202;0.77977579232202;0.7241165860614129
1232;1232;1954-12-07;0.0045924308378406;0.45924308378406;0.7287090168992535
1233;1233;1954-12-08;-0.0017196049195837;-0.17196049195837;0.7269894119796698
1234;1234;1954-12-09;-0.0048886366231406;-0.48886366231406;0.7221007753565292
1235;1235;1954-12-10;-0.0037544592838672;-0.37544592838672003;0.718346316072662
1236;1236;1954-12-13;0.000867650078038;0.0867650078038;0.7192139661507
1237;1237;1954-12-14;-0.0069626625048839;-0.69626625048839;0.7122513036458161
1238;1238;1954-12-15;0.0060950124268459;0.60950124268459;0.718346316072662
1239;1239;1954-12-16;0.0106490859477009;1.06490859477009;0.7289954020203628
1240;1240;1954-12-17;0.0279481289359698;2.7948128935969803;0.7569435309563326
1241;1241;1954-12-20;-0.0165616697745441;-1.65616697745441;0.7403818611817885
1242;1242;1954-12-21;0.001414199016029;0.1414199016029;0.7417960601978175
1243;1243;1954-12-22;-0.0011312501046445;-0.11312501046445;0.740664810093173
1244;1244;1954-12-23;0.0008485080532909;0.08485080532909;0.7415133181464639
1245;1245;1954-12-27;-0.0085179107927548;-0.8517910792754799;0.7329954073537092
1246;1246;1954-12-28;0.0102128547252938;1.0212854725293798;0.7432082620790029
1247;1247;1954-12-29;0.0087116468136088;0.87116468136088;0.7519199088926117
1248;1248;1954-12-30;0.0;0.0;0.7519199088926117
1249;1249;1954-12-31;0.0066926628313979;0.66926628313979;0.7586125717240096
1250;1250;1955-01-03;0.0211749971364585;2.11749971364585;0.7797875688604682
1251;1251;1955-01-04;-0.009020206274267;-0.9020206274267001;0.7707673625862012
1252;1252;1955-01-05;-0.0250221012606091;-2.50221012606091;0.745745261325592
1253;1253;1955-01-06;-0.0136056235169666;-1.36056235169666;0.7321396378086255
1254;1254;1955-01-07;0.0082422233731631;0.8242223373163099;0.7403818611817885
1255;1255;1955-01-10;0.0129360347385332;1.29360347385332;0.7533178959203217
1256;1256;1955-01-11;-0.0030782450068906;-0.30782450068906;0.7502396509134311
1257;1257;1955-01-12;-0.0028065692627663;-0.28065692627663;0.7474330816506648
1258;1258;1955-01-13;-0.0042248195716618;-0.42248195716618;0.743208262079003
1259;1259;1955-01-14;-0.0042427160834615;-0.42427160834615;0.7389655459955415
1260;1260;1955-01-17;-0.020040664701876;-2.0040664701876003;0.7189248812936655
1261;1261;1955-01-18;0.0063418199527531;0.6341819952753099;0.7252667012464186
1262;1262;1955-01-19;0.0045871641384192;0.45871641384192;0.7298538653848378
1263;1263;1955-01-20;0.0048509725602188;0.48509725602188;0.7347048379450566
1264;1264;1955-01-21;0.0087856027767414;0.87856027767414;0.743490440721798
1265;1265;1955-01-24;0.002254820603794;0.2254820603794;0.745745261325592
1266;1266;1955-01-25;-0.0002816274911374;-0.02816274911374;0.7454636338344547
1267;1267;1955-01-26;0.012314821350635;1.2314821350635001;0.7577784551850897
1268;1268;1955-01-27;0.0011120656784626;0.11120656784626001;0.7588905208635522
1269;1269;1955-01-28;0.0055416322817785;0.55416322817785;0.7644321531453308
1270;1270;1955-01-31;0.0120847941470417;1.20847941470417;0.7765169472923724
1271;1271;1955-02-01;0.002453988894655;0.2453988894655;0.7789709361870274
1272;1272;1955-02-02;-0.0030001385383191;-0.30001385383191;0.7759707976487082
1273;1273;1955-02-03;-0.0046544094976996;-0.46544094976996003;0.7713163881510087
1274;1274;1955-02-04;0.0141691747678201;1.41691747678201;0.7854855629188288
1275;1275;1955-02-07;0.0;0.0;0.7854855629188288
1276;1276;1955-02-08;-0.013620477894007;-1.3620477894007;0.7718650850248218
1277;1277;1955-02-09;0.0079224838356464;0.79224838356464;0.7797875688604682
1278;1278;1955-02-10;0.0089395689762397;0.89395689762397;0.7887271378367079
1279;1279;1955-02-11;0.0018860303644823;0.18860303644822998;0.7906131682011902
1280;1280;1955-02-14;-0.007023340498601;-0.7023340498601001;0.7835898277025892
1281;1281;1955-02-15;0.0;0.0;0.7835898277025892
1282;1282;1955-02-16;-0.003258189187786;-0.32581891877860003;0.7803316385148032
1283;1283;1955-02-17;0.0019019160739257;0.19019160739257;0.7822335545887289
1284;1284;1955-02-18;0.0013562731138603;0.13562731138603;0.7835898277025892
1285;1285;1955-02-21;-0.0010849201397067;-0.10849201397067;0.7825049075628825
1286;1286;1955-02-23;-0.000814388556328;-0.0814388556328;0.7816905190065545
1287;1287;1955-02-24;-0.0054466638660497;-0.54466638660497;0.7762438551405048
1288;1288;1955-02-25;-0.0013662797775921;-0.13662797775921;0.7748775753629127
1289;1289;1955-02-28;0.0051820109192308;0.51820109192308;0.7800595862821434
1290;1290;1955-03-01;0.0019025416800087;0.19025416800087;0.7819621279621521
1291;1291;1955-03-02;0.0086510402390382;0.8651040239038199;0.7906131682011903
1292;1292;1955-03-03;0.0037613960080022;0.37613960080022;0.7943745642091925
1293;1293;1955-03-04;0.006148903130454;0.6148903130454;0.8005234673396465
1294;1294;1955-03-07;-0.0064171611446681;-0.64171611446681;0.7941063061949785
1295;1295;1955-03-08;-0.0189552653559519;-1.8955265355951898;0.7751510408390265
1296;1296;1955-03-09;-0.0098902175730812;-0.98902175730812;0.7652608232659454
1297;1297;1955-03-10;0.0063300058251862;0.63300058251862;0.7715908290911315
1298;1298;1955-03-11;-0.017435089256943;-1.7435089256943;0.7541557398341885
1299;1299;1955-03-14;-0.0243018744493506;-2.43018744493506;0.7298538653848379
1300;1300;1955-03-15;0.0212262114197812;2.12262114197812;0.7510800768046191
1301;1301;1955-03-16;0.0075324949193906;0.75324949193906;0.7586125717240096
1302;1302;1955-03-17;0.0038834723409042;0.38834723409042;0.7624960440649139
1303;1303;1955-03-18;0.0016597791038575;0.16597791038575;0.7641558231687714
1304;1304;1955-03-21;-0.0063773679836818;-0.63773679836818;0.7577784551850896
1305;1305;1955-03-22;0.0061008786860949;0.61008786860949;0.7638793338711845
1306;1306;1955-03-23;0.0129105218437906;1.2910521843790599;0.776789855714975
1307;1307;1955-03-24;0.0078837163511189;0.78837163511189;0.784673572066094
1308;1308;1955-03-25;0.0008119908527346;0.08119908527346;0.7854855629188287
1309;1309;1955-03-28;-0.0035234349566768;-0.35234349566768003;0.7819621279621518
1310;1310;1955-03-29;0.0005427796007304;0.05427796007304;0.7825049075628822
1311;1311;1955-03-30;-0.0089955086344919;-0.8995508634491899;0.7735093989283902
1312;1312;1955-03-31;0.0016416419106359;0.16416419106358998;0.7751510408390261
1313;1313;1955-04-01;0.0100639768204061;1.00639768204061;0.7852150176594321
1314;1314;1955-04-04;-0.0032528896972805;-0.32528896972805;0.7819621279621516
1315;1315;1955-04-05;0.0040644411984494;0.40644411984494005;0.786026569160601
1316;1316;1955-04-06;0.0051247045433471;0.51247045433471;0.7911512737039481
1317;1317;1955-04-07;0.0045632076112505;0.45632076112505005;0.7957144813151986
1318;1318;1955-04-11;0.0026744867864128;0.26744867864128;0.7983889681016114
1319;1319;1955-04-12;0.0058588983290168;0.5858898329016801;0.8042478664306282
1320;1320;1955-04-13;0.0013267615230945;0.13267615230945;0.8055746279537227
1321;1321;1955-04-14;0.0021192590713234;0.21192590713234;0.8076938870250461
1322;1322;1955-04-15;0.0044884035747832;0.44884035747832;0.8121822905998293
1323;1323;1955-04-18;0.0081333520394038;0.81333520394038;0.8203156426392331
1324;1324;1955-04-19;-0.0013073344611727;-0.13073344611727;0.8190083081780604
1325;1325;1955-04-20;0.0015685754850127;0.15685754850126998;0.820576883663073
1326;1326;1955-04-21;0.0010444126412085;0.10444126412084999;0.8216212963042815
1327;1327;1955-04-22;-0.0081227227192357;-0.81227227192357;0.8134985735850457
1328;1328;1955-04-25;0.0026275107421764;0.26275107421764005;0.8161260843272221
1329;1329;1955-04-26;0.0052342436898018;0.5234243689801801;0.821360328017024
1330;1330;1955-04-27;-0.0052342436898018;-0.5234243689801801;0.8161260843272221
1331;1331;1955-04-28;-0.0113472914174384;-1.13472914174384;0.8047787929097837
1332;1332;1955-04-29;0.0074034976900452;0.74034976900452;0.8121822905998289
1333;1333;1955-05-02;0.0021053165670994;0.21053165670993998;0.8142876071669284
1334;1334;1955-05-03;-0.0089781429861433;-0.89781429861433;0.8053094641807851
1335;1335;1955-05-04;-0.0015928328294663;-0.15928328294663002;0.8037166313513188
1336;1336;1955-05-05;0.0047707750806145;0.47707750806145;0.8084874064319333
1337;1337;1955-05-06;0.0018491354080096;0.18491354080096;0.8103365418399429
1338;1338;1955-05-09;0.0010551570624861;0.10551570624861;0.8113916989024289
1339;1339;1955-05-10;-0.0021114286575096;-0.21114286575096;0.8092802702449193
1340;1340;1955-05-11;-0.01142565964471;-1.142565964471;0.7978546106002093
1341;1341;1955-05-12;-0.0058964792377667;-0.58964792377667;0.7919581313624426
1342;1342;1955-05-13;0.0064308367391681;0.64308367391681;0.7983889681016108
1343;1343;1955-05-16;-0.0112813177546376;-1.1281317754637599;0.7871076503469732
1344;1344;1955-05-17;-0.0013515071478527;-0.13515071478527;0.7857561431991205
1345;1345;1955-05-18;0.0083501629958568;0.8350162995856799;0.7941063061949772
1346;1346;1955-05-19;0.0056173211020227;0.56173211020227;0.799723627297
1347;1347;1955-05-20;0.0066463088391945;0.66463088391945;0.8063699361361945
1348;1348;1955-05-23;-0.0069131355643516;-0.69131355643516;0.7994568005718429
1349;1349;1955-05-24;-0.0005337870494206;-0.05337870494206;0.7989230135224222
1350;1350;1955-05-25;0.0037303268835571;0.37303268835570996;0.8026533404059794
1351;1351;1955-05-26;0.0066269298389398;0.66269298389398;0.8092802702449191
1352;1352;1955-05-27;0.0021114286575096;0.21114286575096;0.8113916989024287
1353;1353;1955-05-31;-0.0005274261725642;-0.05274261725642;0.8108642727298645
1354;1354;1955-06-01;0.0013180178699641;0.13180178699641;0.8121822905998286
1355;1355;1955-06-02;0.0013162829852166;0.13162829852166;0.8134985735850452
1356;1356;1955-06-03;0.009426647813409;0.9426647813408999;0.8229252213984541
1357;1357;1955-06-06;0.0338233634028775;3.3823363402877495;0.8567485848013316
1358;1358;1955-06-07;0.0067796871556167;0.6779687155616699;0.8635282719569484
1359;1359;1955-06-08;-0.0186920824899319;-1.86920824899319;0.8448361894670164
1360;1360;1955-06-09;-0.0053688740157369;-0.53688740157369;0.8394673154512795
1361;1361;1955-06-10;0.0061334719787589;0.61334719787589;0.8456007874300384
1362;1362;1955-06-13;0.0093825718022091;0.9382571802209101;0.8549833592322476
1363;1363;1955-06-14;0.0012611680796794;0.12611680796794;0.8562445273119269
1364;1364;1955-06-15;0.0055304567380694;0.55304567380694;0.8617749840499963
1365;1365;1955-06-16;0.0017532879069519;0.17532879069519;0.8635282719569483
1366;1366;1955-06-17;0.0034973556818833;0.34973556818833;0.8670256276388315
1367;1367;1955-06-20;0.0009970340181761;0.09970340181761;0.8680226616570076
1368;1368;1955-06-21;0.0091754893886855;0.91754893886855;0.8771981510456931
1369;1369;1955-06-22;0.0022192095025297;0.22192095025296998;0.8794173605482228
1370;1370;1955-06-23;0.0036878223402694;0.36878223402694;0.8831051828884923
1371;1371;1955-06-24;0.0051401166303182;0.51401166303182;0.8882452995188105
1372;1372;1955-06-27;0.0007322269914435;0.07322269914434999;0.888977526510254
1373;1373;1955-06-28;-0.0053816664774712;-0.53816664774712;0.8835958600327828
1374;1374;1955-06-29;0.0004904610141172;0.04904610141172;0.8840863210469
1375;1375;1955-06-30;0.0058665042364047;0.58665042364047;0.8899528252833047
1376;1376;1955-07-01;0.0038920020885675;0.38920020885675;0.8938448273718722
1377;1377;1955-07-05;0.0120657837358862;1.20657837358862;0.9059106111077584
1378;1378;1955-07-06;0.0351161571805236;3.5116157180523597;0.941026768288282
1379;1379;1955-07-07;-0.0139927186509206;-1.39927186509206;0.9270340496373615
1380;1380;1955-07-08;0.0014080499696902;0.14080499696902002;0.9284420996070517
1381;1381;1955-07-11;0.0025764389773379;0.25764389773379004;0.9310185385843897
1382;1382;1955-07-12;0.0;0.0;0.9310185385843897
1383;1383;1955-07-13;-0.0120015086362795;-1.20015086362795;0.9190170299481102
1384;1384;1955-07-14;0.0002366670566931;0.02366670566931;0.9192536970048033
1385;1385;1955-07-15;0.0035440556045394;0.35440556045394;0.9227977526093427
1386;1386;1955-07-18;-0.0009438650673403;-0.09438650673403;0.9218538875420024
1387;1387;1955-07-19;-0.0061568511579852;-0.61568511579852;0.9156970363840171
1388;1388;1955-07-20;0.0030831757634555;0.30831757634554996;0.9187802121474726
1389;1389;1955-07-21;0.009661887459579;0.9661887459579;0.9284420996070516
1390;1390;1955-07-22;0.0084073592881313;0.84073592881313;0.9368494588951829
1391;1391;1955-07-25;0.0111009465594463;1.11009465594463;0.9479504054546292
1392;1392;1955-07-26;0.0022973131560752;0.22973131560752003;0.9502477186107043
1393;1393;1955-07-27;0.0041217370008017;0.41217370008017;0.954369455611506
1394;1394;1955-07-28;-0.0059591743152474;-0.59591743152474;0.9484102812962586
1395;1395;1955-07-29;0.0004596644530487;0.04596644530487;0.9488699457493073
1396;1396;1955-08-01;-0.0136497203112178;-1.3649720311217801;0.9352202254380895
1397;1397;1955-08-02;0.0023266413744385;0.23266413744385;0.937546866812528
1398;1398;1955-08-03;0.001393428016839;0.1393428016839;0.9389402948293669
1399;1399;1955-08-04;-0.0170864072873651;-1.7086407287365097;0.9218538875420018
1400;1400;1955-08-05;0.0047103241892476;0.47103241892476005;0.9265642117312494
1401;1401;1955-08-08;-0.0058913801625792;-0.58913801625792;0.9206728315686702
1402;1402;1955-08-09;-0.0133240370701855;-1.33240370701855;0.9073487944984847
1403;1403;1955-08-10;-0.0002395017321426;-0.02395017321426;0.9071092927663421
1404;1404;1955-08-11;0.0093001501622578;0.93001501622578;0.9164094429285999
1405;1405;1955-08-12;0.0018970363763588;0.18970363763588;0.9183064793049588
1406;1406;1955-08-15;-0.0009481157719521;-0.09481157719521001;0.9173583635330067
1407;1407;1955-08-16;-0.0073782794243788;-0.73782794243788;0.9099800841086279
1408;1408;1955-08-17;0.0009551337537803;0.09551337537803001;0.9109352178624082
1409;1409;1955-08-18;-0.0014330549041203;-0.14330549041203;0.9095021629582879
1410;1410;1955-08-19;0.0042928756601869;0.42928756601869;0.9137950386184748
1411;1411;1955-08-22;-0.0009523810243678;-0.09523810243677999;0.912842657594107
1412;1412;1955-08-23;0.0134865171251337;1.3486517125133701;0.9263291747192407
1413;1413;1955-08-24;0.0014091594628693;0.14091594628693;0.92773833418211
1414;1414;1955-08-25;0.004449088242775;0.4449088242775;0.9321874224248851
1415;1415;1955-08-26;0.0044294978073713;0.44294978073713004;0.9366169202322564
1416;1416;1955-08-29;-0.0006981501074943;-0.06981501074943;0.9359187701247621
1417;1417;1955-08-30;-0.0009315557589677;-0.09315557589677001;0.9349872143657944
1418;1418;1955-08-31;0.0060395539224873;0.60395539224873;0.9410267682882817
1419;1419;1955-09-01;0.0043905097032004;0.43905097032004;0.9454172779914821
1420;1420;1955-09-02;0.0052891696935661;0.52891696935661;0.9507064476850482
1421;1421;1955-09-06;0.0059456613061312;0.59456613061312;0.9566521089911794
1422;1422;1955-09-07;-0.0002280925814024;-0.02280925814024;0.9564240164097769
1423;1423;1955-09-08;0.000683984988298;0.0683984988298;0.957108001398075
1424;1424;1955-09-09;0.000227822719454;0.0227822719454;0.9573358241175289
1425;1425;1955-09-12;0.0068120155971853;0.68120155971853;0.9641478397147142
1426;1426;1955-09-13;0.0137096205864164;1.37096205864164;0.9778574603011306
1427;1427;1955-09-14;0.0042321702078922;0.42321702078922;0.9820896305090229
1428;1428;1955-09-15;-0.0053488425865384;-0.5348842586538399;0.9767407879224844
1429;1429;1955-09-16;0.0075690477121281;0.75690477121281;0.9843098356346125
1430;1430;1955-09-19;0.0015512468484684;0.15512468484684;0.9858610824830809
1431;1431;1955-09-20;-0.0006645032843421;-0.06645032843421;0.9851965791987388
1432;1432;1955-09-21;0.0057445584399706;0.5744558439970601;0.9909411376387094
1433;1433;1955-09-22;0.0;0.0;0.9909411376387094
1434;1434;1955-09-23;0.0052736224176279;0.52736224176279;0.9962147600563372
1435;1435;1955-09-26;-0.0684764258742279;-6.847642587422791;0.9277383341821094
1436;1436;1955-09-27;0.0225093844285942;2.25093844285942;0.9502477186107036
1437;1437;1955-09-28;0.016612032370583;1.6612032370583;0.9668597509812865
1438;1438;1955-09-29;-0.0063392107237922;-0.63392107237922;0.9605205402574943
1439;1439;1955-09-30;-0.0082098753564365;-0.82098753564365;0.9523106649010579
1440;1440;1955-10-03;-0.0273925205028203;-2.73925205028203;0.9249181443982376
1441;1441;1955-10-04;0.007736481964919;0.7736481964919;0.9326546263631567
1442;1442;1955-10-05;0.0039622938690993;0.39622938690993;0.936616920232256
1443;1443;1955-10-06;-0.0067686333768537;-0.67686333768537;0.9298482868554022
1444;1444;1955-10-07;-0.0075223672175939;-0.7522367217593899;0.9223259196378083
1445;1445;1955-10-10;-0.0294526007104379;-2.9452600710437897;0.8928733189273704
1446;1446;1955-10-11;-0.0085419188254389;-0.85419188254389;0.8843314001019316
1447;1447;1955-10-12;0.0174931819573216;1.74931819573216;0.9018245820592532
1448;1448;1955-10-13;-0.0031359572574176;-0.31359572574176;0.8986886248018356
1449;1449;1955-10-14;-0.0041156818778347;-0.41156818778347004;0.8945729429240009
1450;1450;1955-10-17;0.0031487733797246;0.31487733797246;0.8977217163037255
1451;1451;1955-10-18;0.0072290435299526;0.72290435299526;0.9049507598336781
1452;1452;1955-10-19;0.0100334809703715;1.00334809703715;0.9149842408040496
1453;1453;1955-10-20;0.0122845863326924;1.22845863326924;0.927268827136742
1454;1454;1955-10-21;0.0;0.0;0.927268827136742
1455;1455;1955-10-24;0.0074854150683112;0.74854150683112;0.9347542422050532
1456;1456;1955-10-25;-0.0065466447686555;-0.6546644768655501;0.9282075974363977
1457;1457;1955-10-26;-0.0080075791041287;-0.8007579104128699;0.9202000183322689
1458;1458;1955-10-27;0.0011815905760701;0.11815905760701;0.9213816089083391
1459;1459;1955-10-28;0.0007082753301435;0.07082753301434999;0.9220898842384826
1460;1460;1955-10-31;-0.0007082753301435;-0.07082753301434999;0.9213816089083391
1461;1461;1955-11-01;-0.0014181283565273;-0.14181283565272998;0.9199634805518118
1462;1462;1955-11-02;0.0016542365223686;0.16542365223686;0.9216177170741804
1463;1463;1955-11-03;0.0207976651519148;2.07976651519148;0.9424153822260952
1464;1464;1955-11-04;0.0165140677629925;1.65140677629925;0.9589294499890877
1465;1465;1955-11-07;0.0043128655626136;0.43128655626136;0.9632423155517013
1466;1466;1955-11-09;0.0103650992065902;1.03650992065902;0.9736074147582915
1467;1467;1955-11-10;0.0024627796515313;0.24627796515313;0.9760701944098228
1468;1468;1955-11-11;0.0115608442483808;1.15608442483808;0.9876310386582036
1469;1469;1955-11-14;0.0255332577965008;2.55332577965008;1.0131642964547043
1470;1470;1955-11-15;-0.0043187500112473;-0.43187500112473;1.008845546443457
1471;1471;1955-11-16;-0.0065132449807063;-0.65132449807063;1.0023323014627505
1472;1472;1955-11-17;-0.0069945640357804;-0.6994564035780401;0.9953377374269702
1473;1473;1955-11-18;-0.0010973116310393;-0.10973116310393;0.9942404257959309
1474;1474;1955-11-21;-0.0070515936303787;-0.70515936303787;0.9871888321655522
1475;1475;1955-11-22;0.0096831521377169;0.96831521377169;0.9968719843032691
1476;1476;1955-11-23;0.0013132196972263;0.13132196972263;0.9981852040004954
1477;1477;1955-11-25;-0.0008752954511206;-0.08752954511206;0.9973099085493747
1478;1478;1955-11-28;-0.0065890639599199;-0.65890639599199;0.9907208445894549
1479;1479;1955-11-29;0.0039586591402245;0.39586591402245;0.9946795037296794
1480;1480;1955-11-30;-0.001098122445895;-0.1098122445895;0.9935813812837844
1481;1481;1955-12-01;-0.0035219056224531;-0.35219056224531;0.9900594756613312
1482;1482;1955-12-02;0.0019826199461423;0.19826199461423;0.9920420956074736
1483;1483;1955-12-05;0.0057055673761432;0.57055673761432;0.9977476629836168
1484;1484;1955-12-06;0.0;0.0;0.9977476629836168
1485;1485;1955-12-07;-0.0032877180299264;-0.32877180299264;0.9944599449536904
1486;1486;1955-12-08;0.0059100752732792;0.5910075273279201;1.0003700202269696
1487;1487;1955-12-09;0.0015265295901523;0.15265295901523002;1.001896549817122
1488;1488;1955-12-12;-0.0102947139715561;-1.02947139715561;0.9916018358455658
1489;1489;1955-12-13;0.0006603499817421;0.06603499817421;0.992262185827308
1490;1490;1955-12-14;-0.0083960059231311;-0.8396005923131101;0.9838661799041769
1491;1491;1955-12-15;-0.0002218795058266;-0.02218795058266;0.9836443003983503
1492;1492;1955-12-16;0.0015522788003887;0.15522788003887;0.9851965791987389
1493;1493;1955-12-19;-0.0024404005185325;-0.24404005185325;0.9827561786802065
1494;1494;1955-12-20;-0.0015560523140161;-0.15560523140161;0.9812001263661904
1495;1495;1955-12-21;0.019606289241914;1.9606289241914001;1.0008064156081045
1496;1496;1955-12-22;-0.0094247272966248;-0.94247272966248;0.9913816883114797
1497;1497;1955-12-23;0.0019799808470453;0.19799808470452998;0.993361669158525
1498;1498;1955-12-27;-0.0061728369929725;-0.61728369929725;0.9871888321655524
1499;1499;1955-12-28;-0.0037665271071438;-0.37665271071438;0.9834223050584087
1500;1500;1955-12-29;0.0022173623029937;0.22173623029937;0.9856396673614024
1501;1501;1955-12-30;0.0072823447225531;0.72823447225531;0.9929220120839555
1502;1502;1956-01-03;-0.0070609296008741;-0.70609296008741;0.9858610824830814
1503;1503;1956-01-04;-0.0035492495111415;-0.35492495111415;0.9823118329719398
1504;1504;1956-01-05;-0.0011117066057493;-0.11117066057493;0.9812001263661905
1505;1505;1956-01-06;0.0042179660715184;0.42179660715184;0.9854180924377088
1506;1506;1956-01-09;-0.0140549111420496;-1.40549111420496;0.9713631812956592
1507;1507;1956-01-10;-0.0078944361251993;-0.78944361251993;0.96346874517046
1508;1508;1956-01-11;0.0049695380682801;0.49695380682801005;0.9684382832387401
1509;1509;1956-01-12;0.0083025046837446;0.8302504683744599;0.9767407879224848
1510;1510;1956-01-13;-0.0017893541296163;-0.17893541296163;0.9749514337928684
1511;1511;1956-01-16;-0.0119357124178463;-1.19357124178463;0.9630157213750221
1512;1512;1956-01-17;0.0074484488362727;0.7448448836272701;0.9704641702112948
1513;1513;1956-01-18;-0.0067690466808421;-0.67690466808421;0.9636951235304527
1514;1514;1956-01-19;-0.0102400941476679;-1.02400941476679;0.9534550293827848
1515;1515;1956-01-20;-0.0115023119649886;-1.15023119649886;0.9419527174177962
1516;1516;1956-01-23;-0.0025483622606588;-0.25483622606587997;0.9394043551571374
1517;1517;1956-01-24;0.0124483161491078;1.24483161491078;0.9518526713062452
1518;1518;1956-01-25;0.0016023580765396;0.16023580765396;0.9534550293827848
1519;1519;1956-01-26;-0.0059647343625455;-0.59647343625455;0.9474902950202393
1520;1520;1956-01-27;-0.002534294728171;-0.2534294728171;0.9449560002920683
1521;1521;1956-01-30;0.0034542810041902;0.34542810041902;0.9484102812962585
1522;1522;1956-01-31;0.0073293960726821;0.7329396072682101;0.9557396773689406
1523;1523;1956-02-01;0.0047808628885541;0.47808628885541005;0.9605205402574947
1524;1524;1956-02-02;0.004306000987627;0.4306000987627;0.9648265412451217
1525;1525;1956-02-03;0.0125843907957091;1.25843907957091;0.9774109320408307
1526;1526;1956-02-06;0.000669762275288;0.0669762275288;0.9780806943161188
1527;1527;1956-02-07;-0.0046975369315305;-0.46975369315305;0.9733831573845882
1528;1528;1956-02-08;-0.0099144122141283;-0.99144122141283;0.96346874517046
1529;1529;1956-02-09;-0.0113870508470422;-1.13870508470422;0.9520816943234178
1530;1530;1956-02-10;-0.0004582130716848;-0.04582130716848;0.951623481251733
1531;1531;1956-02-13;-0.0013757626410289;-0.13757626410289;0.9502477186107041
1532;1532;1956-02-14;-0.0036782570206619;-0.36782570206619003;0.9465694615900422
1533;1533;1956-02-15;0.0141782161726871;1.41782161726871;0.9607476777627293
1534;1534;1956-02-16;-0.0050080003937886;-0.50080003937886;0.9557396773689407
1535;1535;1956-02-17;0.0158481922400235;1.5848192240023502;0.9715878696089643
1536;1536;1956-02-20;-0.0015735419502429;-0.15735419502429;0.9700143276587213
1537;1537;1956-02-21;0.0024716336035788;0.24716336035788003;0.9724859612623001
1538;1538;1956-02-23;0.0087141651038904;0.8714165103890399;0.9812001263661906
1539;1539;1956-02-24;0.0081976529952352;0.81976529952352;0.9893977793614258
1540;1540;1956-02-27;-0.001103874711938;-0.1103874711938;0.9882939046494879
1541;1541;1956-02-28;0.0035281183234445;0.35281183234445;0.9918220229729323
1542;1542;1956-02-29;-0.0019830346919289;-0.19830346919289;0.9898389882810034
1543;1543;1956-03-01;0.0044014375149279;0.44014375149279;0.9942404257959313
1544;1544;1956-03-02;0.0059113471336345;0.59113471336345;1.0001517729295657
1545;1545;1956-03-05;0.0054424863754052;0.54424863754052;1.005594259304971
1546;1546;1956-03-06;-0.0004343105294259;-0.043431052942590004;1.005159948775545
1547;1547;1956-03-07;-0.0006518848753596;-0.06518848753596;1.0045080639001853
1548;1548;1956-03-08;0.0023879530197255;0.23879530197254997;1.0068960169199108
1549;1549;1956-03-09;0.012497512369837;1.2497512369837;1.0193935292897478
1550;1550;1956-03-12;0.0091655760654196;0.9165576065419601;1.0285591053551675
1551;1551;1956-03-13;-0.0014863576048624;-0.14863576048624;1.027072747750305
1552;1552;1956-03-14;0.0099376650378895;0.99376650378895;1.0370104127881945
1553;1553;1956-03-15;0.0096316279589281;0.9631627958928101;1.0466420407471226
1554;1554;1956-03-16;0.0031207140366769;0.31207140366769;1.0497627547837995
1555;1555;1956-03-19;0.0093043368356324;0.93043368356324;1.059067091619432
1556;1556;1956-03-20;0.0057459424017998;0.57459424017998;1.0648130340212318
1557;1557;1956-03-21;-0.0131824567387313;-1.31824567387313;1.0516305772825005
1558;1558;1956-03-22;0.0101084098462128;1.01084098462128;1.0617389871287133
1559;1559;1956-03-23;0.0022552751049023;0.22552751049023;1.0639942622336156
1560;1560;1956-03-26;-0.0043099707116858;-0.43099707116858005;1.0596842915219298
1561;1561;1956-03-27;-0.0076391205353147;-0.76391205353147;1.052045170986615
1562;1562;1956-03-28;0.0053740932435171;0.53740932435171;1.057419264230132
1563;1563;1956-03-29;-0.0006185792674529;-0.06185792674529;1.0568006849626792
1564;1564;1956-04-02;0.004527708861366;0.45277088613660005;1.0613283938240452
1565;1565;1956-04-03;-0.0034969078111113;-0.34969078111113;1.0578314860129339
1566;1566;1956-04-04;0.0055481495559841;0.55481495559841;1.063379635568918
1567;1567;1956-04-05;-0.0047242360096442;-0.47242360096442;1.0586553995592738
1568;1568;1956-04-06;0.0057482811894793;0.5748281189479301;1.0644036807487531
1569;1569;1956-04-09;-0.0049250459178704;-0.49250459178704;1.0594786348308827
1570;1570;1956-04-10;-0.0140876784577224;-1.40876784577224;1.0453909563731603
1571;1571;1956-04-11;0.0078969860944231;0.78969860944231;1.0532879424675834
1572;1572;1956-04-12;-0.0060210084728558;-0.60210084728558;1.0472669339947276
1573;1573;1956-04-13;-0.0014587686086029;-0.14587686086029;1.0458081653861246
1574;1574;1956-04-16;0.0002084871240999;0.02084871240999;1.0460166525102246
1575;1575;1956-04-17;-0.0006256961370643;-0.06256961370643001;1.0453909563731603
1576;1576;1956-04-18;-0.0039719503672666;-0.39719503672666;1.0414190060058937
1577;1577;1956-04-19;-0.0035673523600832;-0.35673523600832;1.0378516536458104
1578;1578;1956-04-20;0.0039861167641088;0.39861167641088;1.0418377704099193
1579;1579;1956-04-23;-0.0023057551353713;-0.23057551353713002;1.039532015274548
1580;1580;1956-04-24;-0.0082184426332525;-0.8218442633252501;1.0313135726412954
1581;1581;1956-04-25;-0.0036035651842119;-0.36035651842119;1.0277100074570835
1582;1582;1956-04-26;0.0084585404196952;0.84585404196952;1.0361685478767788
1583;1583;1956-04-27;0.0104734928703438;1.04734928703438;1.0466420407471226
1584;1584;1956-04-30;0.0080938283060767;0.8093828306076699;1.0547358690531994
1585;1585;1956-05-01;-0.0045577248510135;-0.45577248510135;1.0501781442021858
1586;1586;1956-05-02;0.000207578121945;0.0207578121945;1.0503857223241309
1587;1587;1956-05-03;0.0035229961528262;0.35229961528262;1.053908718476957
1588;1588;1956-05-04;0.003510545753175;0.3510545753175;1.057419264230132
1589;1589;1956-05-07;-0.0059960275372041;-0.5996027537204099;1.051423236692928
1590;1590;1956-05-08;-0.0041563026982003;-0.41563026982003004;1.0472669339947276
1591;1591;1956-05-09;-0.0016673826462767;-0.16673826462767;1.0455995513484508
1592;1592;1956-05-10;-0.0164041324776605;-1.64041324776605;1.0291954188707904
1593;1593;1956-05-11;-0.0008485575482501;-0.08485575482501001;1.0283468613225402
1594;1594;1956-05-14;-0.0055330637011086;-0.55330637011086;1.0228137976214315
1595;1595;1956-05-15;-0.0105117775821095;-1.05117775821095;1.012302020039322
1596;1596;1956-05-16;-0.006924935851913;-0.6924935851913;1.005377084187409
1597;1597;1956-05-17;0.012087390853484;1.2087390853484001;1.017464475040893
1598;1598;1956-05-18;-0.0047312346319907;-0.47312346319907;1.0127332404089022
1599;1599;1956-05-21;-0.008659872167736;-0.8659872167735999;1.0040733682411662
1600;1600;1956-05-22;-0.0160004290232849;-1.60004290232849;0.9880729392178813
1601;1601;1956-05-23;-0.0053167605376747;-0.5316760537674701;0.9827561786802066
1602;1602;1956-05-24;-0.0093730212956182;-0.93730212956182;0.9733831573845884
1603;1603;1956-05-25;0.0004483524099434;0.04483524099434;0.9738315097945318
1604;1604;1956-05-28;-0.0117224294915861;-1.17224294915861;0.9621090803029457
1605;1605;1956-05-29;0.0226442364870123;2.26442364870123;0.984753316789958
1606;1606;1956-05-31;0.0019931353737412;0.19931353737412;0.9867464521636993
1607;1607;1956-06-01;0.0083719587343522;0.83719587343522;0.9951184108980514
1608;1608;1956-06-04;0.0059060873855401;0.59060873855401;1.0010244982835914
1609;1609;1956-06-05;0.0002181441532815;0.02181441532815;1.001242642436873
1610;1610;1956-06-06;-0.0050278823805354;-0.50278823805354;0.9962147600563376
1611;1611;1956-06-07;0.0078586081848284;0.7858608184828401;1.004073368241166
1612;1612;1956-06-08;-0.0186552758034573;-1.8655275803457299;0.9854180924377087
1613;1613;1956-06-11;0.0125483212305131;1.25483212305131;0.9979664136682218
1614;1614;1956-06-12;0.0141199695752681;1.41199695752681;1.0120863832434899
1615;1615;1956-06-13;0.0012933177195431;0.12933177195431;1.013379700963033
1616;1616;1956-06-14;-0.0023724156751443;-0.23724156751442999;1.0110072852878886
1617;1617;1956-06-15;0.0012947347514331;0.12947347514331;1.0123020200393218
1618;1618;1956-06-18;-0.0043224836369772;-0.43224836369772;1.0079795364023445
1619;1619;1956-06-19;0.0010824332811654;0.10824332811654;1.00906196968351
1620;1620;1956-06-20;0.0041023267711946;0.41023267711946004;1.0131642964547045
1621;1621;1956-06-21;0.0068714034592503;0.68714034592503;1.0200356999139548
1622;1622;1956-06-22;-0.0030004308836293;-0.30004308836293003;1.0170352690303255
1623;1623;1956-06-25;-0.0038709725756209;-0.38709725756209;1.0131642964547045
1624;1624;1956-06-26;0.0066574066709965;0.66574066709965;1.019821703125701
1625;1625;1956-06-27;0.0074634954889698;0.74634954889698;1.027285198614671
1626;1626;1956-06-28;0.0012739067404963;0.12739067404963;1.0285591053551673
1627;1627;1956-06-29;-0.0034006408244584;-0.34006408244583997;1.0251584645307088
1628;1628;1956-07-02;-0.0008519915227624;-0.08519915227623999;1.0243064730079463
1629;1629;1956-07-03;0.0082759093038595;0.82759093038595;1.0325823823118059
1630;1630;1956-07-05;0.0100925794667219;1.00925794667219;1.0426749617785278
1631;1631;1956-07-06;0.0050083994508614;0.5008399450861399;1.0476833612293892
1632;1632;1956-07-09;0.0043618097572255;0.43618097572255;1.0520451709866148
1633;1633;1956-07-10;0.0059923931150258;0.59923931150258;1.0580375641016406
1634;1634;1956-07-11;0.0030854287564903;0.30854287564903;1.061122992858131
1635;1635;1956-07-12;-0.0022616849132801;-0.22616849132800998;1.0588613079448508
1636;1636;1956-07-13;0.0028776791838622;0.28776791838622;1.061738987128713
1637;1637;1956-07-16;0.0085837028159194;0.8583702815919401;1.0703226899446325
1638;1638;1956-07-17;0.0034535737728842;0.34535737728842;1.0737762637175168
1639;1639;1956-07-18;-0.0002028597512282;-0.020285975122820002;1.0735734039662885
1640;1640;1956-07-19;0.000405617531475;0.040561753147500004;1.0739790214977636
1641;1641;1956-07-20;0.000608047056497;0.0608047056497;1.0745870685542607
1642;1642;1956-07-23;-0.0004052695637146;-0.04052695637146;1.074181798990546
1643;1643;1956-07-24;0.0;0.0;1.074181798990546
1644;1644;1956-07-25;0.0022273371339718;0.22273371339718;1.0764091361245178
1645;1645;1956-07-26;0.000808754601389;0.0808754601389;1.077217890725907
1646;1646;1956-07-27;-0.0081168869317807;-0.81168869317807;1.0691010037941262
1647;1647;1956-07-30;-0.0016313624818797;-0.16313624818796998;1.0674696413122464
1648;1648;1956-07-31;0.0079276561948931;0.79276561948931;1.0753972975071395
1649;1649;1956-08-01;0.0046460038049711;0.46460038049711005;1.0800433013121107
1650;1650;1956-08-02;0.000402982080871;0.0402982080871;1.0804462833929818
1651;1651;1956-08-03;0.0;0.0;1.0804462833929818
1652;1652;1956-08-06;-0.0137933224121278;-1.3793322412127802;1.066652960980854
1653;1653;1956-08-07;0.0040766669185998;0.40766669185998;1.0707296278994538
1654;1654;1956-08-08;0.0040601151586177;0.40601151586177003;1.0747897430580715
1655;1655;1956-08-09;-0.0008107215603079;-0.08107215603079;1.0739790214977636
1656;1656;1956-08-10;-0.0046743302261824;-0.46743302261824;1.0693046912715811
1657;1657;1956-08-13;-0.0104433833267303;-1.04433833267303;1.0588613079448508
1658;1658;1956-08-14;-0.0120109538353397;-1.20109538353397;1.046850354109511
1659;1659;1956-08-15;0.0204152255672496;2.04152255672496;1.0672655796767607
1660;1660;1956-08-16;-0.0022479011535359;-0.22479011535359003;1.0650176785232248
1661;1661;1956-08-17;-0.0012282703567909;-0.12282703567909001;1.0637894081664339
1662;1662;1956-08-20;-0.0117442371798191;-1.17442371798191;1.0520451709866148
1663;1663;1956-08-21;-0.0074891343116632;-0.74891343116632;1.0445560366749516
1664;1664;1956-08-22;-0.0098626550123701;-0.98626550123701;1.0346933816625814
1665;1665;1956-08-23;0.0121569724469297;1.21569724469297;1.046850354109511
1666;1666;1956-08-24;-0.0010421887233866;-0.10421887233866;1.0458081653861244
1667;1667;1956-08-27;-0.0060663505139086;-0.6066350513908599;1.0397418148722157
1668;1668;1956-08-28;-0.0018901612264055;-0.18901612264055;1.0378516536458102
1669;1669;1956-08-29;-0.0044242987535754;-0.44242987535754;1.0334273548922348
1670;1670;1956-08-30;-0.0089078425715296;-0.8907842571529601;1.0245195123207052
1671;1671;1956-08-31;0.012070003983343;1.2070003983343;1.0365895163040482
1672;1672;1956-09-04;0.0079665203709034;0.7966520370903399;1.0445560366749516
1673;1673;1956-09-05;0.0027108973197758;0.27108973197758;1.0472669339947274
1674;1674;1956-09-06;0.0016645447385657;0.16645447385657;1.048931478733293
1675;1675;1956-09-07;-0.0060472919775351;-0.6047291977535101;1.042884186755758
1676;1676;1956-09-10;-0.0052427507054848;-0.52427507054848;1.037641436050273
1677;1677;1956-09-11;-0.0037918730120618;-0.37918730120618;1.0338495630382112
1678;1678;1956-09-12;-0.006989375059188;-0.6989375059188;1.0268601879790231
1679;1679;1956-09-13;-0.020614838044986;-2.0614838044986;1.0062453499340371
1680;1680;1956-09-14;0.0240097066438252;2.40097066438252;1.0302550565778623
1681;1681;1956-09-17;-0.0023327548167162;-0.23327548167162002;1.027922301761146
1682;1682;1956-09-18;-0.0066034323093133;-0.66034323093133;1.0213188694518327
1683;1683;1956-09-19;-0.0118242586334967;-1.18242586334967;1.009494610818336
1684;1684;1956-09-20;-0.0006490643748788;-0.06490643748788;1.0088455464434571
1685;1685;1956-09-21;0.0079751041512397;0.79751041512397;1.0168206505946968
1686;1686;1956-09-24;-0.00387180505742;-0.387180505742;1.0129488455372768
1687;1687;1956-09-25;-0.0141077106141267;-1.41077106141267;0.9988411349231501
1688;1688;1956-09-26;0.0015288853038195;0.15288853038195;1.0003700202269696
1689;1689;1956-09-27;-0.0048130043646592;-0.48130043646591997;0.9955570158623105
1690;1690;1956-09-28;-0.0054975402009791;-0.54975402009791;0.9900594756613313
1691;1691;1956-10-01;-0.0144366084688237;-1.44366084688237;0.9756228671925077
1692;1692;1956-10-02;0.0181782658271881;1.8178265827188098;0.9938011330196957
1693;1693;1956-10-03;0.0165580908997938;1.65580908997938;1.0103592239194896
1694;1694;1956-10-04;0.0002160959282475;0.021609592824749998;1.0105753198477372
1695;1695;1956-10-05;0.0034505101422555;0.34505101422555;1.0140258299899927
1696;1696;1956-10-08;-0.0004306847565422;-0.04306847565422;1.0135951452334504
1697;1697;1956-10-09;-0.0049659822991157;-0.49659822991157;1.0086291629343347
1698;1698;1956-10-10;0.0137577189968021;1.37577189968021;1.0223868819311368
1699;1699;1956-10-11;-0.0006406620545811;-0.06406620545811;1.0217462198765557
1700;1700;1956-10-12;0.0040507250351229;0.40507250351229;1.0257969449116786
1701;1701;1956-10-15;-0.002983147290247;-0.29831472902469996;1.0228137976214315
1702;1702;1956-10-16;-0.0051348422622221;-0.51348422622221;1.0176789553592094
1703;1703;1956-10-17;-0.0077519985881924;-0.7751998588192399;1.009926956771017
1704;1704;1956-10-18;0.0017279054348335;0.17279054348335;1.0116548622058505
1705;1705;1956-10-19;-0.0021602513875143;-0.21602513875142998;1.0094946108183362
1706;1706;1956-10-22;-0.000216329616582;-0.0216329616582;1.0092782812017542
1707;1707;1956-10-23;-0.0023822642818434;-0.23822642818434;1.0068960169199108
1708;1708;1956-10-24;-0.0041281753805884;-0.41281753805884;1.0027678415393224
1709;1709;1956-10-25;-0.0017433432557307;-0.17433432557307;1.0010244982835916
1710;1710;1956-10-26;0.0091186478369369;0.9118647836936901;1.0101431461205286
1711;1711;1956-10-29;0.0028056994167484;0.28056994167484;1.012948845537277
1712;1712;1956-10-30;-0.000646825497955;-0.0646825497955;1.012302020039322
1713;1713;1956-10-31;-0.0171836091412705;-1.7183609141270502;0.9951184108980515
1714;1714;1956-11-01;0.0204132599540325;2.0413259954032497;1.015531670852084
1715;1715;1956-11-02;0.0098396515803029;0.98396515803029;1.025371322432387
1716;1716;1956-11-05;0.0131107399897998;1.31107399897998;1.0384820624221869
1717;1717;1956-11-07;-0.0103474052817014;-1.03474052817014;1.0281346571404855
1718;1718;1956-11-08;-0.0080989572265304;-0.8098957226530401;1.020035699913955
1719;1719;1956-11-09;-0.0083808377081044;-0.83808377081044;1.0116548622058505
1720;1720;1956-11-12;0.0032317597182665;0.32317597182665;1.014886621924117
1721;1721;1956-11-13;-0.0047434758035884;-0.47434758035884;1.0101431461205286
1722;1722;1956-11-14;-0.0056350822203432;-0.5635082220343199;1.0045080639001853
1723;1723;1956-11-15;-0.0063228598996896;-0.63228598996896;0.9981852040004957
1724;1724;1956-11-16;0.0004373715211629;0.04373715211629;0.9986225755216586
1725;1725;1956-11-19;-0.0098869526719869;-0.9886952671986899;0.9887356228496716
1726;1726;1956-11-20;-0.0088712491308875;-0.88712491308875;0.9798643737187841
1727;1727;1956-11-21;-0.0049129399259157;-0.49129399259157;0.9749514337928684
1728;1728;1956-11-23;0.0104666586448405;1.04666586448405;0.985418092437709
1729;1729;1956-11-26;-0.0059993515348026;-0.5999351534802599;0.9794187409029064
1730;1730;1956-11-27;0.0008910893983604;0.08910893983604;0.9803098303012667
1731;1731;1956-11-28;-0.0107455701518293;-1.07455701518293;0.9695642601494374
1732;1732;1956-11-29;-0.0011259769106972;-0.11259769106972001;0.9684382832387403
1733;1733;1956-11-30;0.0156497935000268;1.56497935000268;0.9840880767387671
1734;1734;1956-12-03;0.0197677857978888;1.97677857978888;1.0038558625366558
1735;1735;1956-12-04;-0.0030494469285513;-0.30494469285513;1.0008064156081045
1736;1736;1956-12-05;0.0119268248007978;1.19268248007978;1.0127332404089022
1737;1737;1956-12-06;0.0090129794676534;0.9012979467653399;1.0217462198765557
1738;1738;1956-12-07;0.0049014481739391;0.49014481739391;1.0266476680504948
1739;1739;1956-12-10;-0.0051151432927949;-0.51151432927949;1.0215325247576998
1740;1740;1956-12-11;-0.006861069012424;-0.6861069012424;1.0146714557452758
1741;1741;1956-12-12;-0.0075585932960597;-0.75585932960597;1.007112862449216
1742;1742;1956-12-13;0.0079887933457145;0.79887933457145;1.0151016557949306
1743;1743;1956-12-14;0.0008598667677279;0.08598667677279;1.0159615225626586
1744;1744;1956-12-17;0.0;0.0;1.0159615225626586
1745;1745;1956-12-18;0.0;0.0;1.0159615225626586
1746;1746;1956-12-19;-0.0023663773292081;-0.23663773292080997;1.0135951452334504
1747;1747;1956-12-20;-0.0077838230840043;-0.77838230840043;1.005811322149446
1748;1748;1956-12-21;0.006490697889876;0.6490697889876;1.012302020039322
1749;1749;1956-12-26;0.0004312203695802;0.04312203695802;1.0127332404089022
1750;1750;1956-12-27;-0.000862648345365;-0.0862648345365;1.0118705920635371
1751;1751;1956-12-28;0.0045205760389284;0.45205760389283994;1.0163911681024655
1752;1752;1956-12-31;0.0023596922067961;0.23596922067961;1.0187508603092617
1753;1753;1957-01-02;-0.010121697374927;-1.0121697374927;1.0086291629343347
1754;1754;1957-01-03;0.0086206784804296;0.86206784804296;1.0172498414147644
1755;1755;1957-01-04;0.0012867683801398;0.12867683801398;1.0185366097949042
1756;1756;1957-01-07;-0.005156908831871;-0.5156908831871;1.0133797009630332
1757;1757;1957-01-08;-0.0036688938029789;-0.36688938029789;1.0097108071600542
1758;1758;1957-01-09;-0.0019478417585898;-0.19478417585898;1.0077629654014644
1759;1759;1957-01-10;0.0023801807190642;0.23801807190642002;1.0101431461205286
1760;1760;1957-01-11;-0.0019469989925591;-0.19469989925591;1.0081961471279695
1761;1761;1957-01-14;-0.0069535046910962;-0.6953504691096201;1.0012426424368732
1762;1762;1957-01-15;-0.014938788195396;-1.4938788195396;0.9863038542414773
1763;1763;1957-01-16;0.0011060724498945;0.11060724498945;0.9874099266913717
1764;1764;1957-01-17;-0.0002210945258194;-0.02210945258194;0.9871888321655523
1765;1765;1957-01-18;-0.0129091932923107;-1.29091932923107;0.9742796388732416
1766;1766;1957-01-21;-0.0053907811883986;-0.53907811883986;0.968888857684843
1767;1767;1957-01-22;0.0029235823936169;0.29235823936169;0.9718124400784599
1768;1768;1957-01-23;0.0076063008244462;0.76063008244462;0.9794187409029061
1769;1769;1957-01-24;0.0035595144047766;0.35595144047766;0.9829782553076828
1770;1770;1957-01-25;-0.0046744437332817;-0.46744437332816996;0.978303811574401
1771;1771;1957-01-28;-0.0073899786009095;-0.73899786009095;0.9709138329734915
1772;1772;1957-01-29;0.0049326781076564;0.49326781076563997;0.975846511081148
1773;1773;1957-01-30;0.0044633192201186;0.44633192201186;0.9803098303012665
1774;1774;1957-01-31;-0.0042396358914436;-0.42396358914436;0.9760701944098229
1775;1775;1957-02-01;-0.0022386846152913;-0.22386846152913;0.9738315097945316
1776;1776;1957-02-04;-0.0020190697160718;-0.20190697160718;0.9718124400784598
1777;1777;1957-02-05;-0.0144766159609309;-1.44766159609309;0.9573358241175289
1778;1778;1957-02-06;-0.0015961467485885;-0.15961467485885;0.9557396773689404
1779;1779;1957-02-07;-0.0045745963191015;-0.45745963191015;0.9511650810498389
1780;1780;1957-02-08;-0.0069013157154289;-0.69013157154289;0.94426376533441
1781;1781;1957-02-11;-0.0174646422927292;-1.74646422927292;0.9267991230416809
1782;1782;1957-02-12;-0.0042373180659849;-0.42373180659849;0.922561804975696
1783;1783;1957-02-13;0.0152174773136533;1.52174773136533;0.9377792822893493
1784;1784;1957-02-14;-0.001162362057093;-0.11623620570929999;0.9366169202322563
1785;1785;1957-02-15;0.012023173735507;1.2023173735507;0.9486400939677633
1786;1786;1957-02-18;-0.0011497989475239;-0.11497989475239001;0.9474902950202394
1787;1787;1957-02-19;0.0006901207785099;0.06901207785099;0.9481804157987493
1788;1788;1957-02-20;0.0032139374583981;0.32139374583981;0.9513943532571475
1789;1789;1957-02-21;-0.0034439478025185;-0.34439478025185;0.9479504054546289
1790;1790;1957-02-25;-0.0023025338021827;-0.23025338021827;0.9456478716524462
1791;1791;1957-02-26;0.0016123462755346;0.16123462755346002;0.9472602179279809
1792;1792;1957-02-27;-0.0009210454148584;-0.09210454148584;0.9463391725131225
1793;1793;1957-02-28;-0.0034614550186753;-0.34614550186753;0.9428777174944472
1794;1794;1957-03-01;0.0110346866805311;1.10346866805311;0.9539124041749782
1795;1795;1957-03-04;0.0072893030971621;0.72893030971621;0.9612017072721404
1796;1796;1957-03-05;0.0036248339729816;0.36248339729816;0.964826541245122
1797;1797;1957-03-06;0.0002260938367335;0.02260938367335;0.9650526350818556
1798;1798;1957-03-07;-0.0004523066614003;-0.045230666140030004;0.9646003284204553
1799;1799;1957-03-08;-0.003171706364939;-0.3171706364939;0.9614286220555163
1800;1800;1957-03-11;-0.0066022096006594;-0.66022096006594;0.9548264124548569
1801;1801;1957-03-12;-0.000685456449613;-0.0685456449613;0.9541409560052438
1802;1802;1957-03-13;0.0066067217574858;0.6606721757485801;0.9607476777627296
1803;1803;1957-03-14;0.0006809442927866;0.06809442927866001;0.9614286220555163
1804;1804;1957-03-15;-0.0004539491731829;-0.04539491731829;0.9609746728823334
1805;1805;1957-03-18;-0.0045506564725559;-0.45506564725559;0.9564240164097775
1806;1806;1957-03-19;0.0043236613529522;0.43236613529522;0.9607476777627296
1807;1807;1957-03-20;0.0013614025402164;0.13614025402164;0.9621090803029461
1808;1808;1957-03-21;0.0002267996861187;0.022679968611869997;0.9623358799890648
1809;1809;1957-03-22;-0.0011341727169242;-0.11341727169242001;0.9612017072721406
1810;1810;1957-03-25;-0.0040937058740651;-0.40937058740651;0.9571080013980755
1811;1811;1957-03-26;0.0006834263771713;0.06834263771713;0.9577914277752468
1812;1812;1957-03-27;0.0040909147962202;0.40909147962202;0.961882342571467
1813;1813;1957-03-28;0.0020391986221244;0.20391986221244002;0.9639215411935914
1814;1814;1957-03-29;-0.0015856612045266;-0.15856612045266;0.9623358799890648
1815;1815;1957-04-01;0.0006798413859576;0.06798413859576;0.9630157213750223
1816;1816;1957-04-02;0.0063233952681147;0.63233952681147;0.969339116643137
1817;1817;1957-04-03;0.0026979108394331;0.26979108394331;0.97203702748257
1818;1818;1957-04-04;-0.0022477420117712;-0.22477420117712;0.9697892854707988
1819;1819;1957-04-05;0.0011245475026928;0.11245475026928;0.9709138329734915
1820;1820;1957-04-08;-0.0022502934535242;-0.22502934535242;0.9686635395199673
1821;1821;1957-04-09;0.0089707262272731;0.8970726227273099;0.9776342657472404
1822;1822;1957-04-10;0.0042330239855492;0.42330239855492;0.9818672897327896
1823;1823;1957-04-11;0.0;0.0;0.9818672897327896
1824;1824;1957-04-12;0.0;0.0;0.9818672897327896
1825;1825;1957-04-15;-0.0006671633665993;-0.06671633665993;0.9812001263661903
1826;1826;1957-04-16;0.0015560523140161;0.15560523140161;0.9827561786802064
1827;1827;1957-04-17;0.0013318980585603;0.13318980585603;0.9840880767387666
1828;1828;1957-04-18;0.0072936115727126;0.7293611572712599;0.9913816883114792
1829;1829;1957-04-22;0.0015403237724758;0.15403237724758;0.992922012083955
1830;1830;1957-04-23;0.0037309819702513;0.37309819702513;0.9966529940542064
1831;1831;1957-04-24;0.0015322099462888;0.15322099462888;0.9981852040004952
1832;1832;1957-04-25;-0.003505700270816;-0.3505700270816;0.9946795037296792
1833;1833;1957-04-26;-0.0013178345711546;-0.13178345711546;0.9933616691585245
1834;1834;1957-04-29;0.005042211713059;0.5042211713059;0.9984038808715835
1835;1835;1957-04-30;0.0002186946500746;0.02186946500746;0.9986225755216581
1836;1836;1957-05-01;0.0061028522871815;0.6102852287181499;1.0047254278088396
1837;1837;1957-05-02;0.008007812600062;0.8007812600062;1.0127332404089016
1838;1838;1957-05-03;-0.0010783782030516;-0.10783782030516;1.0116548622058499
1839;1839;1957-05-06;-0.0015117160853219;-0.15117160853219;1.010143146120528
1840;1840;1957-05-07;-0.0030302836713125;-0.30302836713125;1.0071128624492154
1841;1841;1957-05-08;0.0038944228386728;0.38944228386727997;1.0110072852878882
1842;1842;1957-05-09;0.0010790979556012;0.10790979556012;1.0120863832434894
1843;1843;1957-05-10;0.0049488857868356;0.49488857868356;1.017035269030325
1844;1844;1957-05-13;0.0062052407711092;0.62052407711092;1.0232405098014343
1845;1845;1957-05-14;-0.0044896494921733;-0.44896494921732993;1.018750860309261
1846;1846;1957-05-15;0.0034225487954739;0.34225487954739;1.022173409104735
1847;1847;1957-05-16;0.0040489772088081;0.40489772088081;1.0262223863135431
1848;1848;1957-05-17;0.0027610083853573;0.27610083853573;1.0289833946989004
1849;1849;1957-05-20;0.0042327258961569;0.42327258961569003;1.0332161205950574
1850;1850;1957-05-21;-0.0004223912187852;-0.042239121878520004;1.0327937293762721
1851;1851;1957-05-22;-0.0040225098800745;-0.40225098800744996;1.0287712194961975
1852;1852;1957-05-23;0.0002121752027028;0.02121752027028;1.0289833946989004
1853;1853;1957-05-24;0.0012716618789614;0.12716618789614;1.0302550565778619
1854;1854;1957-05-27;-0.0091499735968665;-0.91499735968665;1.0211050829809953
1855;1855;1957-05-28;-0.0019257522143929;-0.19257522143928998;1.0191793307666024
1856;1856;1957-05-29;0.0089553263738824;0.8955326373882401;1.0281346571404848
1857;1857;1957-05-31;0.0067696259506249;0.67696259506249;1.0349042830911097
1858;1858;1957-06-03;-0.0012658440642372;-0.12658440642372001;1.0336384390268725
1859;1859;1957-06-04;-0.0019017438780029;-0.19017438780029;1.0317366951488696
1860;1860;1957-06-05;-0.0002115071421049;-0.02115071421049;1.0315251880067646
1861;1861;1957-06-06;0.0111497737717627;1.11497737717627;1.0426749617785274
1862;1862;1957-06-07;0.0010454575247713;0.10454575247713001;1.0437204193032987
1863;1863;1957-06-10;0.0010444700688427;0.10444700688427;1.0447648893721415
1864;1864;1957-06-11;0.0008346619763086;0.08346619763086001;1.0455995513484502
1865;1865;1957-06-12;0.0022919064578159;0.22919064578159;1.0478914578062661
1866;1866;1957-06-13;0.0018712969775327;0.18712969775326999;1.0497627547837989
1867;1867;1957-06-14;0.0002077681988184;0.02077681988184;1.0499705229826173
1868;1868;1957-06-17;0.0018674140973011;0.18674140973011;1.0518379370799185
1869;1869;1957-06-18;-0.0041545758505297;-0.41545758505297004;1.0476833612293888
1870;1870;1957-06-19;-0.0066833998424797;-0.66833998424797;1.040999961386909
1871;1871;1957-06-20;-0.0060956782957992;-0.60956782957992;1.0349042830911097
1872;1872;1957-06-21;-0.0059208883922092;-0.59208883922092;1.0289833946989004
1873;1873;1957-06-24;-0.0078783117179051;-0.7878311717905101;1.0211050829809953
1874;1874;1957-06-25;0.0078783117179051;0.7878311717905101;1.0289833946989004
1875;1875;1957-06-26;-0.0012733872418175;-0.12733872418175;1.0277100074570829
1876;1876;1957-06-27;0.0036035651842119;0.36035651842119;1.0313135726412948
1877;1877;1957-06-28;0.0023248663855777;0.23248663855777002;1.0336384390268725
1878;1878;1957-07-01;0.0012658440642372;0.12658440642372001;1.0349042830911097
1879;1879;1957-07-02;0.0098606062810318;0.98606062810318;1.0447648893721415
1880;1880;1957-07-03;0.0116231485822818;1.1623148582281801;1.0563880379544233
1881;1881;1957-07-05;0.0047349549037072;0.47349549037072;1.0611229928581305
1882;1882;1957-07-08;0.0043037877241101;0.43037877241100997;1.0654267805822406
1883;1883;1957-07-09;0.0;0.0;1.0654267805822406
1884;1884;1957-07-10;0.0020428607300053;0.20428607300053003;1.067469641312246
1885;1885;1957-07-11;-0.0028612118143929;-0.28612118143929;1.064608429497853
1886;1886;1957-07-12;0.0044925742962727;0.44925742962727;1.0691010037941258
1887;1887;1957-07-15;0.0010182059422128;0.10182059422128001;1.0701192097363386
1888;1888;1957-07-16;-0.0051015312131141;-0.51015312131141;1.0650176785232244
1889;1889;1957-07-17;-0.006156370578374;-0.6156370578374;1.0588613079448503
1890;1890;1957-07-18;-0.0010298219319171;-0.10298219319171;1.0578314860129332
1891;1891;1957-07-19;0.0010298219319171;0.10298219319171;1.0588613079448503
1892;1892;1957-07-22;-0.0022668942546282;-0.22668942546281998;1.0565944136902221
1893;1893;1957-07-23;0.0018550968557207;0.18550968557206998;1.0584495105459428
1894;1894;1957-07-24;0.0010291242849391;0.10291242849391001;1.059478634830882
1895;1895;1957-07-25;0.0;0.0;1.059478634830882
1896;1896;1957-07-26;-0.0032969326526526;-0.32969326526526;1.0561817021782294
1897;1897;1957-07-29;-0.010999446905644;-1.0999446905644001;1.0451822552725853
1898;1898;1957-07-30;0.0;0.0;1.0451822552725853
1899;1899;1957-07-31;-0.000208661175935;-0.0208661175935;1.0449735940966502
1900;1900;1957-08-01;-0.0025078173800845;-0.25078173800845;1.0424657767165657
1901;1901;1957-08-02;-0.0023044107578518;-0.23044107578518003;1.040161365958714
1902;1902;1957-08-05;-0.0088477933174191;-0.8847793317419099;1.0313135726412948
1903;1903;1957-08-06;-0.0125627123320338;-1.25627123320338;1.018750860309261
1904;1904;1957-08-07;0.0076841575862913;0.76841575862913;1.0264350178955524
1905;1905;1957-08-08;-0.0027679565977769;-0.27679565977769;1.0236670612977754
1906;1906;1957-08-09;0.000426263063372;0.0426263063372;1.0240933243611474
1907;1907;1957-08-12;-0.0126542385623987;-1.26542385623987;1.0114390857987487
1908;1908;1957-08-13;-0.0006478031032131;-0.06478031032131;1.0107912826955356
1909;1909;1957-08-14;-0.0123874018239523;-1.23874018239523;0.9984038808715834
1910;1910;1957-08-15;0.0004372540515662;0.043725405156620004;0.9988411349231496
1911;1911;1957-08-16;0.0017471504390389;0.17471504390388998;1.0005882853621886
1912;1912;1957-08-19;-0.0202784550609225;-2.02784550609225;0.9803098303012661
1913;1913;1957-08-20;0.008425792548405;0.8425792548405;0.9887356228496711
1914;1914;1957-08-21;0.004406285899567;0.4406285899567;0.9931419087492381
1915;1915;1957-08-22;-0.0072808262661574;-0.72808262661574;0.9858610824830807
1916;1916;1957-08-23;-0.014497901187422;-1.4497901187422;0.9713631812956587
1917;1917;1957-08-26;-0.0140273571781302;-1.40273571781302;0.9573358241175285
1918;1918;1957-08-27;0.0162715906407627;1.6271590640762699;0.9736074147582912
1919;1919;1957-08-28;0.0006722241149499;0.06722241149499;0.9742796388732411
1920;1920;1957-08-29;-0.0040404096276991;-0.40404096276991003;0.970239229245542
1921;1921;1957-08-30;0.0169496029200098;1.6949602920009799;0.9871888321655518
1922;1922;1957-09-03;0.0048532634419213;0.48532634419213;0.992042095607473
1923;1923;1957-09-04;-0.0086197905490652;-0.86197905490652;0.9834223050584078
1924;1924;1957-09-05;-0.0051184934840073;-0.51184934840073;0.9783038115744005
1925;1925;1957-09-06;-0.003128494171781;-0.3128494171781;0.9751753174026195
1926;1926;1957-09-09;-0.0089928889441233;-0.89928889441233;0.9661824284584962
1927;1927;1957-09-10;-0.0093023928733746;-0.93023928733746;0.9568800355851216
1928;1928;1957-09-11;0.0088505970518726;0.88505970518726;0.9657306326369942
1929;1929;1957-09-12;0.0125731789374064;1.25731789374064;0.9783038115744006
1930;1930;1957-09-13;-0.0004463512732701;-0.04463512732701;0.9778574603011305
1931;1931;1957-09-16;-0.0049227442786214;-0.49227442786214;0.9729347160225091
1932;1932;1957-09-17;0.0013449228507322;0.13449228507322;0.9742796388732413
1933;1933;1957-09-18;0.0011194448973679;0.11194448973679001;0.9753990837706092
1934;1934;1957-09-19;-0.0065102260857665;-0.65102260857665;0.9688888576848428
1935;1935;1957-09-20;-0.0161202944084113;-1.6120294408411302;0.9527685632764314
1936;1936;1957-09-23;-0.0231545427296309;-2.3154542729630903;0.9296140205468005
1937;1937;1957-09-24;0.0067702138691836;0.67702138691836;0.9363842344159842
1938;1938;1957-09-25;0.0;0.0;0.9363842344159842
1939;1939;1957-09-26;-0.0095851113743035;-0.95851113743035;0.9267991230416807
1940;1940;1957-09-27;-0.0004699483224404;-0.04699483224404;0.9263291747192403
1941;1941;1957-09-30;-0.003059929528657;-0.3059929528657;0.9232692451905833
1942;1942;1957-10-01;0.0079831373951955;0.7983137395195501;0.9312523825857788
1943;1943;1957-10-02;0.0079199113218297;0.79199113218297;0.9391722939076085
1944;1944;1957-10-03;0.0009276670746785;0.09276670746785;0.940099960982287
1945;1945;1957-10-04;-0.0081461639819959;-0.81461639819959;0.9319537970002911
1946;1946;1957-10-07;-0.0134103876930398;-1.34103876930398;0.9185434093072513
1947;1947;1957-10-08;-0.006415609354514;-0.6415609354514;0.9121277999527373
1948;1948;1957-10-09;0.0009530855753716;0.09530855753716;0.9130808855281088
1949;1949;1957-10-10;-0.0248355860092993;-2.48355860092993;0.8882452995188096
1950;1950;1957-10-11;-0.0004884005100356;-0.048840051003559995;0.887756899008774
1951;1951;1957-10-14;0.0073011518382091;0.73011518382091;0.8950580508469831
1952;1952;1957-10-15;0.0103726897928373;1.03726897928373;0.9054307406398204
1953;1953;1957-10-16;-0.0081927205235614;-0.81927205235614;0.8972380201162591
1954;1954;1957-10-17;-0.0165897917203286;-1.65897917203286;0.8806482283959305
1955;1955;1957-10-18;-0.0079032267181595;-0.79032267181595;0.872745001677771
1956;1956;1957-10-21;-0.0296951849537717;-2.96951849537717;0.8430498167239994
1957;1957;1957-10-22;-0.0043517794429646;-0.43517794429646;0.8386980372810348
1958;1958;1957-10-23;0.0439162275809064;4.39162275809064;0.8826142648619412
1959;1959;1957-10-24;-0.000491183709423;-0.0491183709423;0.8821230811525181
1960;1960;1957-10-25;-0.0029520071000916;-0.29520071000916;0.8791710740524266
1961;1961;1957-10-28;-0.0041970683557877;-0.41970683557877;0.8749740056966389
1962;1962;1957-10-29;0.0066576749425166;0.66576749425166;0.8816316806391554
1963;1963;1957-10-30;0.0080774152066993;0.8077415206699299;0.8897090958458547
1964;1964;1957-10-31;0.0009746833011554;0.09746833011554;0.89068377914701
1965;1965;1957-11-01;-0.0152150665211117;-1.52150665211117;0.8754687126258983
1966;1966;1957-11-04;-0.0017324593302987;-0.17324593302987001;0.8737362532955996
1967;1967;1957-11-06;0.0014851735586995;0.14851735586995002;0.875221426854299
1968;1968;1957-11-07;0.0059185870901554;0.59185870901554;0.8811400139444544
1969;1969;1957-11-08;-0.0118724871635369;-1.18724871635369;0.8692675267809175
1970;1970;1957-11-11;-0.0002488241925093;-0.02488241925093;0.8690187025884082
1971;1971;1957-11-12;-0.0145402916314055;-1.45402916314055;0.8544784109570027
1972;1972;1957-11-13;-0.0012633988261705;-0.12633988261705;0.8532150121308322
1973;1973;1957-11-14;-0.0027851645497478;-0.27851645497478;0.8504298475810844
1974;1974;1957-11-15;0.0233064057145151;2.33064057145151;0.8737362532955996
1975;1975;1957-11-18;-0.0082079306719351;-0.82079306719351;0.8655283226236644
1976;1976;1957-11-19;-0.0057608172905023;-0.57608172905023;0.8597675053331622
1977;1977;1957-11-20;0.0027592392115192;0.27592392115192;0.8625267445446814
1978;1978;1957-11-21;0.0139306236361487;1.39306236361487;0.8764573681808301
1979;1979;1957-11-22;0.0095882481291504;0.95882481291504;0.8860456163099805
1980;1980;1957-11-25;0.0075564284912825;0.7556428491282501;0.8936020448012629
1981;1981;1957-11-26;-0.0268257749452276;-2.6825774945227603;0.8667762698560353
1982;1982;1957-11-27;0.0285241861262744;2.85241861262744;0.8953004559823097
1983;1983;1957-11-29;0.0113295413212007;1.13295413212007;0.9066299973035103
1984;1984;1957-12-02;-0.0086663997237677;-0.86663997237677;0.8979635975797426
1985;1985;1957-12-03;0.0002417019230915;0.02417019230915;0.8982052995028341
1986;1986;1957-12-04;0.0041008862199336;0.41008862199336;0.9023061857227678
1987;1987;1957-12-05;-0.0004816036635149;-0.04816036635149;0.9018245820592529
1988;1988;1957-12-06;-0.0050706132417466;-0.50706132417466;0.8967539688175062
1989;1989;1957-12-09;-0.0094857334083173;-0.94857334083173;0.887268235409189
1990;1990;1957-12-10;-0.0088365082698094;-0.88365082698094;0.8784317271393796
1991;1991;1957-12-11;-0.0012335760936874;-0.12335760936873999;0.8771981510456922
1992;1992;1957-12-12;0.0009869480564366;0.09869480564366001;0.8781850991021288
1993;1993;1957-12-13;0.0044291657598121;0.44291657598121;0.882614264861941
1994;1994;1957-12-16;-0.0150899834918108;-1.50899834918108;0.8675242813701302
1995;1995;1957-12-17;-0.0176016871796048;-1.7601687179604801;0.8499225941905254
1996;1996;1957-12-18;-0.0010151523843253;-0.10151523843252999;0.8489074418062001
1997;1997;1957-12-19;0.0106087885601833;1.06087885601833;0.8595162303663835
1998;1998;1957-12-20;-0.0080726725994826;-0.80726725994826;0.8514435577669008
1999;1999;1957-12-23;0.0;0.0;0.8514435577669008
2000;2000;1957-12-24;0.0010126583143863;0.10126583143863001;0.8524562160812872
2001;2001;1957-12-26;0.0100705284633942;1.00705284633942;0.8625267445446814
2002;2002;1957-12-27;-0.0035131530554961;-0.35131530554961;0.8590135914891852
2003;2003;1957-12-30;-0.0050402575825758;-0.50402575825758;0.8539733339066095
2004;2004;1957-12-31;0.0103054821662396;1.03054821662396;0.8642788160728491
2005;2005;1958-01-02;0.0084661856049219;0.84661856049219;0.8727450016777709
2006;2006;1958-01-03;0.0133006146322097;1.33006146322097;0.8860456163099806
2007;2007;1958-01-06;-0.0046597019280012;-0.46597019280012;0.8813859143819793
2008;2008;1958-01-07;0.0078354955239485;0.78354955239485;0.8892214099059278
2009;2009;1958-01-08;-0.0002438833956746;-0.024388339567459998;0.8889775265102532
2010;2010;1958-01-09;-0.0058723436217618;-0.5872343621761801;0.8831051828884914
2011;2011;1958-01-10;-0.0093689295928918;-0.9368929592891799;0.8737362532955996
2012;2012;1958-01-13;0.0029681693450012;0.29681693450012;0.8767044226406008
2013;2013;1958-01-14;0.0044355913038538;0.44355913038538;0.8811400139444546
2014;2014;1958-01-15;0.0078375125657985;0.78375125657985;0.8889775265102531
2015;2015;1958-01-16;0.0017062526367568;0.17062526367567998;0.8906837791470099
2016;2016;1958-01-17;0.0009736368949968;0.09736368949968001;0.8916574160420068
2017;2017;1958-01-20;0.0060643002617184;0.60643002617184;0.8977217163037252
2018;2018;1958-01-21;-0.0012098973481937;-0.12098973481936999;0.8965118189555316
2019;2019;1958-01-22;-0.0024241951265864;-0.24241951265863998;0.8940876238289451
2020;2020;1958-01-23;0.0038759737507976;0.38759737507976;0.8979635975797428
2021;2021;1958-01-24;0.008426629855665;0.8426629855665;0.9063902274354078
2022;2022;1958-01-27;-0.0028811304789675;-0.28811304789675;0.9035090969564402
2023;2023;1958-01-28;0.0009613314732019;0.09613314732019;0.9044704284296421
2024;2024;1958-01-29;0.0059873246520592;0.5987324652059199;0.9104577530817013
2025;2025;1958-01-30;-0.0047870124349702;-0.47870124349702;0.9056707406467311
2026;2026;1958-01-31;0.0004797553404594;0.04797553404594;0.9061504959871906
2027;2027;1958-02-03;0.008120417010049;0.8120417010048999;0.9142709129972395
2028;2028;1958-02-04;0.009940862927912;0.9940862927912001;0.9242117759251515
2029;2029;1958-02-05;-0.0063792302895837;-0.63792302895837;0.9178325456355678
2030;2030;1958-02-06;-0.0021355092515515;-0.21355092515515;0.9156970363840163
2031;2031;1958-02-07;-0.0088273985789353;-0.8827398578935299;0.906869637805081
2032;2032;1958-02-10;-0.0060089112421346;-0.60089112421346;0.9008607265629464
2033;2033;1958-02-11;-0.008959958126558;-0.8959958126558001;0.8919007684363883
2034;2034;1958-02-12;-0.004388134730457;-0.43881347304569995;0.8875126337059314
2035;2035;1958-02-13;0.0002442653028427;0.02442653028427;0.8877568990087741
2036;2036;1958-02-14;0.009481121107485;0.9481121107485;0.8972380201162591
2037;2037;1958-02-17;-0.0053372516798706;-0.53372516798706;0.8919007684363884
2038;2038;1958-02-18;0.0014583619679813;0.14583619679813;0.8933591304043698
2039;2039;1958-02-19;-0.0004858114769992;-0.04858114769992;0.8928733189273705
2040;2040;1958-02-20;-0.0058494437844434;-0.58494437844434;0.8870238751429271
2041;2041;1958-02-21;-0.0007335615840191;-0.07335615840191;0.8862903135589081
2042;2042;1958-02-24;-0.0056420851629774;-0.5642085162977399;0.8806482283959307
2043;2043;1958-02-25;-0.0009845188716277;-0.09845188716277;0.8796637095243031
2044;2044;1958-02-26;0.0076045258848864;0.7604525884886401;0.8872682354091894
2045;2045;1958-02-27;-0.0058823210272098;-0.58823210272098;0.8813859143819797
2046;2046;1958-02-28;0.0039254221161053;0.39254221161053005;0.8853113364980849
2047;2047;1958-03-03;0.0070758132590209;0.70758132590209;0.8923871497571058
2048;2048;1958-03-04;0.0053345665466197;0.53345665466197;0.8977217163037254
2049;2049;1958-03-05;0.0028979252700014;0.28979252700014;0.9006196415737269
2050;2050;1958-03-06;0.0126993199112615;1.2699319911261502;0.9133189614849884
2051;2051;1958-03-07;0.0016652793190612;0.16652793190612;0.9149842408040496
2052;2052;1958-03-10;0.003322238500909;0.3322238500909;0.9183064793049586
2053;2053;1958-03-11;0.0070821592196055;0.7082159219605499;0.9253886385245641
2054;2054;1958-03-12;-0.0023551118364451;-0.23551118364450999;0.923033526688119
2055;2055;1958-03-13;0.0011782492370326;0.11782492370326;0.9242117759251516
2056;2056;1958-03-14;-0.003066330942886;-0.3066330942886;0.9211454449822656
2057;2057;1958-03-17;-0.006874531985026;-0.6874531985026;0.9142709129972396
2058;2058;1958-03-18;-0.0035744587087225;-0.35744587087225;0.9106964542885171
2059;2059;1958-03-19;0.0047630716955819;0.47630716955819;0.915459525984099
2060;2060;1958-03-20;0.000475083138685;0.047508313868500004;0.915934609122784
2061;2061;1958-03-21;0.007334636067799;0.7334636067799;0.9232692451905831
2062;2062;1958-03-24;0.0037648044467775;0.37648044467775;0.9270340496373606
2063;2063;1958-03-25;-0.0032934162526352;-0.32934162526352;0.9237406333847253
2064;2064;1958-03-26;-0.0033042277715353;-0.33042277715352997;0.9204364056131901
2065;2065;1958-03-27;-0.0030780420801837;-0.30780420801837;0.9173583635330064
2066;2066;1958-03-28;0.0007112244072615;0.07112244072615;0.9180695879402678
2067;2067;1958-03-31;-0.0023725515562516;-0.23725515562516;0.9156970363840162
2068;2068;1958-04-01;-0.0040461319997251;-0.40461319997251;0.9116509043842911
2069;2069;1958-04-02;-0.0079014419923781;-0.79014419923781;0.903749462391913
2070;2070;1958-04-03;-0.0028887358289666;-0.28887358289666;0.9008607265629464
2071;2071;1958-04-07;-0.0036227064466873;-0.36227064466873;0.8972380201162591
2072;2072;1958-04-08;0.0024165791746715;0.24165791746715;0.8996545992909306
2073;2073;1958-04-09;0.0052961605427475;0.52961605427475;0.9049507598336781
2074;2074;1958-04-10;0.0011997361535125;0.11997361535125001;0.9061504959871907
2075;2075;1958-04-11;0.0009587967791513;0.09587967791513001;0.907109292766342
2076;2076;1958-04-14;0.0062096687186463;0.6209668718646301;0.9133189614849883
2077;2077;1958-04-15;0.0101860409308649;1.01860409308649;0.9235050024158532
2078;2078;1958-04-16;-0.0078079660318368;-0.78079660318368;0.9156970363840164
2079;2079;1958-04-17;0.0035566606207861;0.35566606207861;0.9192536970048025
2080;2080;1958-04-18;0.0108287076364717;1.08287076364717;0.9300824046412742
2081;2081;1958-04-21;0.0051378207968149;0.51378207968149;0.9352202254380891
2082;2082;1958-04-22;-0.0030328030132045;-0.30328030132045003;0.9321874224248846
2083;2083;1958-04-23;0.0;0.0;0.9321874224248846
2084;2084;1958-04-24;0.0079125385574023;0.79125385574023;0.9400999609822869
2085;2085;1958-04-25;0.005086762413454;0.5086762413454;0.9451867233957408
2086;2086;1958-04-28;-0.0032340059779452;-0.32340059779452;0.9419527174177956
2087;2087;1958-04-29;-0.0051032585226136;-0.5103258522613601;0.936849458895182
2088;2088;1958-04-30;0.0101805369118595;1.01805369118595;0.9470299958070415
2089;2089;1958-05-01;0.0022994261683653;0.22994261683652997;0.9493294219754068
2090;2090;1958-05-02;0.0034391413010244;0.34391413010244;0.9527685632764312
2091;2091;1958-05-05;0.002286283574759;0.2286283574759;0.9550548468511902
2092;2092;1958-05-06;0.0050113317292113;0.50113317292113;0.9600661785804016
2093;2093;1958-05-07;-0.0018193773910937;-0.18193773910937;0.9582468011893078
2094;2094;1958-05-08;0.0013649228378174;0.13649228378174;0.9596117240271252
2095;2095;1958-05-09;0.0022706185443408;0.22706185443408;0.9618823425714661
2096;2096;1958-05-12;-0.0077413865662232;-0.77413865662232;0.9541409560052428
2097;2097;1958-05-13;-0.0029758749554043;-0.29758749554042996;0.9511650810498385
2098;2098;1958-05-14;-0.0115288344385722;-1.15288344385722;0.9396362466112663
2099;2099;1958-05-15;0.0050890926985665;0.50890926985665;0.9447253393098328
2100;2100;1958-05-16;0.000461384085908;0.046138408590800005;0.9451867233957408
2101;2101;1958-05-19;-0.0027713411696459;-0.27713411696459;0.9424153822260949
2102;2102;1958-05-20;0.00852046576072;0.8520465760720001;0.9509358479868149
2103;2103;1958-05-21;-0.0013768244487963;-0.13768244487963;0.9495590235380186
2104;2104;1958-05-22;0.0052673889168373;0.52673889168373;0.9548264124548559
2105;2105;1958-05-23;0.0020536231302656;0.20536231302656;0.9568800355851215
2106;2106;1958-05-26;-0.0004560191753451;-0.04560191753451;0.9564240164097764
2107;2107;1958-05-27;-0.0013691695585862;-0.13691695585862002;0.9550548468511901
2108;2108;1958-05-28;0.0013691695585862;0.13691695585862002;0.9564240164097764
2109;2109;1958-05-29;0.0054583261616896;0.5458326161689601;0.961882342571466
2110;2110;1958-06-02;0.0049774084098204;0.49774084098203997;0.9668597509812864
2111;2111;1958-06-03;0.0033794782642555;0.33794782642555;0.970239229245542
2112;2112;1958-06-04;0.0008993031282722;0.08993031282722;0.9711385323738142
2113;2113;1958-06-05;0.0011229422979344;0.11229422979344;0.9722614746717486
2114;2114;1958-06-06;0.0020181642014924;0.20181642014923998;0.974279638873241
2115;2115;1958-06-09;-0.0015693087131571;-0.15693087131570999;0.9727103301600839
2116;2116;1958-06-10;-0.0020213370161377;-0.20213370161376998;0.9706889931439462
2117;2117;1958-06-11;0.0002248398295447;0.02248398295447;0.9709138329734909
2118;2118;1958-06-12;0.0058269549489931;0.5826954948993099;0.976740787922484
2119;2119;1958-06-13;0.0060153907577218;0.60153907577218;0.9827561786802058
2120;2120;1958-06-16;0.0035476755612706;0.35476755612706;0.9863038542414764
2121;2121;1958-06-17;-0.0053262665345656;-0.53262665345656;0.9809775877069108
2122;2122;1958-06-18;0.0088614005740916;0.8861400574091601;0.9898389882810024
2123;2123;1958-06-19;-0.0162315735227114;-1.6231573522711402;0.9736074147582909
2124;2124;1958-06-20;0.0053654723550442;0.5365472355044201;0.9789728871133352
2125;2125;1958-06-23;-0.0035738033427263;-0.35738033427263;0.9753990837706089
2126;2126;1958-06-24;-0.0038112141616455;-0.38112141616455003;0.9715878696089634
2127;2127;1958-06-25;0.0024677746402872;0.24677746402871997;0.9740556442492506
2128;2128;1958-06-26;0.0046942971563281;0.46942971563281;0.9787499414055787
2129;2129;1958-06-27;0.0013372410876781;0.13372410876781002;0.9800871824932568
2130;2130;1958-06-30;0.0075438561649461;0.75438561649461;0.9876310386582029
2131;2131;1958-07-01;0.0008837163535377;0.08837163535377;0.9885147550117406
2132;2132;1958-07-02;0.000883024349684;0.0883024349684;0.9893977793614246
2133;2133;1958-07-03;0.0033043536696362;0.33043536696362;0.9927021330310608
2134;2134;1958-07-07;0.0032934051065893;0.32934051065893;0.9959955381376501
2135;2135;1958-07-08;-0.0048340458358664;-0.48340458358664;0.9911614923017836
2136;2136;1958-07-09;-0.0033094789542293;-0.33094789542293;0.9878520133475543
2137;2137;1958-07-10;0.0037498224980105;0.37498224980105;0.9916018358455648
2138;2138;1958-07-11;0.0065833681549296;0.6583368154929601;0.9981852040004944
2139;2139;1958-07-14;-0.0127671115627868;-1.27671115627868;0.9854180924377076
2140;2140;1958-07-15;-0.0006647756477509;-0.06647756477509;0.9847533167899567
2141;2141;1958-07-16;0.0030986965575974;0.30986965575973996;0.9878520133475541
2142;2142;1958-07-17;0.0066079316061351;0.66079316061351;0.9944599449536893
2143;2143;1958-07-18;0.0048182529134801;0.48182529134801;0.9992781978671694
2144;2144;1958-07-21;0.0121608879315787;1.21608879315787;1.011439085798748
2145;2145;1958-07-22;0.0017252106559553;0.17252106559553002;1.0131642964547034
2146;2146;1958-07-23;-0.0002154509174276;-0.02154509174276;1.0129488455372757
2147;2147;1958-07-24;0.0053734678301493;0.53734678301493;1.018322313367425
2148;2148;1958-07-25;0.0068361511632826;0.68361511632826;1.0251584645307077
2149;2149;1958-07-28;0.003824930168192;0.3824930168192;1.0289833946988998
2150;2150;1958-07-29;-0.004037897272159;-0.40378972721589995;1.0249454974267407
2151;2151;1958-07-30;0.0027645100303415;0.27645100303415;1.0277100074570822
2152;2152;1958-07-31;0.0021213202919021;0.21213202919021001;1.0298313277489843
2153;2153;1958-08-01;0.0063372201277931;0.63372201277931;1.0361685478767775
2154;2154;1958-08-04;0.009431003471672;0.9431003471672;1.0455995513484495
2155;2155;1958-08-05;-0.0039711412200915;-0.39711412200915;1.041628410128358
2156;2156;1958-08-06;-0.0060918369894968;-0.60918369894968;1.035536573138861
2157;2157;1958-08-07;0.0065105974646284;0.65105974646284;1.0420471706034895
2158;2158;1958-08-08;0.0058442872027759;0.5844287202775901;1.0478914578062655
2159;2159;1958-08-11;0.002286686395919;0.22866863959189998;1.0501781442021845
2160;2160;1958-08-12;-0.0089686699827606;-0.8968669982760601;1.0412094742194238
2161;2161;1958-08-13;0.001674712536333;0.1674712536333;1.0428841867557568
2162;2162;1958-08-14;0.0020894073408928;0.20894073408928;1.0449735940966496
2163;2163;1958-08-15;-0.0085945398544353;-0.85945398544353;1.0363790542422142
2164;2164;1958-08-18;-0.0059121582057613;-0.59121582057613;1.030466896036453
2165;2165;1958-08-19;0.0016927215214037;0.16927215214037;1.0321596175578567
2166;2166;1958-08-20;0.000422764753948;0.0422764753948;1.0325823823118048
2167;2167;1958-08-21;0.006529796697754;0.6529796697754;1.0391121790095588
2168;2168;1958-08-22;0.002097295209865;0.2097295209865;1.0412094742194238
2169;2169;1958-08-25;0.0002095317864685;0.02095317864685;1.0414190060058923
2170;2170;1958-08-26;0.0033458833662485;0.33458833662485;1.0447648893721408
2171;2171;1958-08-27;0.0002087047245087;0.020870472450870002;1.0449735940966496
2172;2172;1958-08-28;-0.0052317792244349;-0.52317792244349;1.0397418148722146
2173;2173;1958-08-29;0.0018865952561433;0.18865952561433;1.041628410128358
2174;2174;1958-09-02;0.005221943981152;0.5221943981152;1.04685035410951
2175;2175;1958-09-03;0.003742986278834;0.3742986278834;1.050593340388344
2176;2176;1958-09-04;-0.0016618616550521;-0.16618616550520998;1.048931478733292
2177;2177;1958-09-05;-0.0027062991713382;-0.27062991713382;1.0462251795619537
2178;2178;1958-09-08;0.003329867731745;0.3329867731745;1.0495550472936988
2179;2179;1958-09-09;0.0068329906607238;0.68329906607238;1.0563880379544226
2180;2180;1958-09-10;-0.0031000954868405;-0.31000954868405;1.053287942467582
2181;2181;1958-09-11;0.0068076178327376;0.68076178327376;1.0600955603003197
2182;2182;1958-09-12;-0.0022640742873871;-0.22640742873870998;1.0578314860129325
2183;2183;1958-09-15;0.0088214749679203;0.8821474967920301;1.0666529609808528
2184;2184;1958-09-16;0.0079341075734067;0.79341075734067;1.0745870685542596
2185;2185;1958-09-17;0.0;0.0;1.0745870685542596
2186;2186;1958-09-18;0.0006077788155063;0.06077788155063;1.075194847369766
2187;2187;1958-09-19;0.0004049605115588;0.04049605115588;1.0755998078813247
2188;2188;1958-09-22;-0.0040568208562401;-0.40568208562401;1.0715429870250845
2189;2189;1958-09-23;0.0072904331150383;0.72904331150383;1.0788334201401228
2190;2190;1958-09-24;0.0044291999125527;0.44291999125527;1.0832626200526756
2191;2191;1958-09-25;-0.004227464818574;-0.42274648185739994;1.0790351552341015
2192;2192;1958-09-26;0.0018139680475379;0.18139680475379;1.0808491232816395
2193;2193;1958-09-29;0.0042198194258746;0.42198194258746;1.0850689427075142
2194;2194;1958-09-30;0.0038027064737615;0.38027064737615;1.0888716491812758
2195;2195;1958-10-01;-0.0015993805728507;-0.15993805728507002;1.087272268608425
2196;2196;1958-10-02;0.0037942732248939;0.37942732248939;1.091066541833319
2197;2197;1958-10-03;0.0039785412727715;0.39785412727715;1.0950450831060905
2198;2198;1958-10-06;0.0138015007550809;1.38015007550809;1.1088465838611714
2199;2199;1958-10-07;0.0;0.0;1.1088465838611714
2200;2200;1958-10-08;-0.0001958092614127;-0.01958092614127;1.1086507745997587
2201;2201;1958-10-09;-0.0001959063761041;-0.019590637610409998;1.1084548682236546
2202;2202;1958-10-10;0.0066380565230637;0.66380565230637;1.1150929247467183
2203;2203;1958-10-13;0.0044655933730317;0.44655933730317;1.11955851811975
2204;2204;1958-10-14;-0.0069984929989841;-0.6998492998984099;1.112560025120766
2205;2205;1958-10-15;-0.0133544011360081;-1.33544011360081;1.0992056239847579
2206;2206;1958-10-16;0.0070921691372332;0.7092169137233201;1.106297793121991
2207;2207;1958-10-17;0.0101563375006566;1.0156337500656598;1.1164541306226476
2208;2208;1958-10-20;-0.0036990016254194;-0.36990016254193997;1.1127551289972282
2209;2209;1958-10-21;0.0;0.0;1.1127551289972282
2210;2210;1958-10-22;-0.0039085451360567;-0.39085451360567003;1.1088465838611714
2211;2211;1958-10-23;-0.0019599966882184;-0.19599966882184;1.106886587172953
2212;2212;1958-10-24;-0.0031440386845287;-0.31440386845287;1.1037425484884242
2213;2213;1958-10-27;-0.0077053231938313;-0.77053231938313;1.096037225294593
2214;2214;1958-10-28;0.0031683986901649;0.31683986901649;1.0992056239847579
2215;2215;1958-10-29;0.0096409598764135;0.96409598764135;1.1088465838611714
2216;2216;1958-10-30;0.0039085451360567;0.39085451360567003;1.1127551289972282
2217;2217;1958-10-31;0.0011696297401706;0.11696297401706;1.1139247587373988
2218;2218;1958-11-03;0.0044707819300864;0.44707819300864005;1.1183955406674853
2219;2219;1958-11-05;0.0090742586166645;0.9074258616664501;1.1274697992841498
2220;2220;1958-11-06;0.0080398978255518;0.8039897825551799;1.1355096971097016
2221;2221;1958-11-07;-0.0036291320858046;-0.36291320858046;1.131880565023897
2222;2222;1958-11-10;0.0059143930090783;0.59143930090783;1.1377949580329754
2223;2223;1958-11-11;0.0077688690125672;0.77688690125672;1.1455638270455426
2224;2224;1958-11-12;0.0013203623659268;0.13203623659268;1.1468841894114694
2225;2225;1958-11-13;-0.0041555971763487;-0.41555971763487;1.1427285922351207
2226;2226;1958-11-14;0.0049093375620783;0.49093375620783003;1.147637929797199
2227;2227;1958-11-17;0.0028214444970697;0.28214444970697;1.1504593742942688
2228;2228;1958-11-18;-0.0020682718080404;-0.20682718080404003;1.1483911024862283
2229;2229;1958-11-19;0.0013166558599815;0.13166558599815;1.1497077583462099
2230;2230;1958-11-20;0.000187914670227;0.0187914670227;1.149895673016437
2231;2231;1958-11-21;-0.0096308552921695;-0.9630855292169499;1.1402648177242674
2232;2232;1958-11-24;-0.0127950184401175;-1.27950184401175;1.1274697992841498
2233;2233;1958-11-25;-0.0196027433688655;-1.9602743368865498;1.1078670559152843
2234;2234;1958-11-26;0.0171011159938224;1.71011159938224;1.1249681719091067
2235;2235;1958-11-28;0.0111133159283456;1.11133159283456;1.1360814878374523
2236;2236;1958-12-01;0.0039935206064272;0.39935206064271994;1.1400750084438795
2237;2237;1958-12-02;-0.0043747098656759;-0.43747098656759;1.1357002985782036
2238;2238;1958-12-03;0.0013334605525443;0.13334605525443;1.137033759130748
2239;2239;1958-12-04;0.0003806623643352;0.03806623643352;1.1374144214950832
2240;2240;1958-12-05;-0.0017141229168795;-0.17141229168795;1.1357002985782036
2241;2241;1958-12-08;0.0;0.0;1.1357002985782036
2242;2242;1958-12-09;0.0068389514924014;0.68389514924014;1.142539250070605
2243;2243;1958-12-10;0.0120437851362123;1.20437851362123;1.1545830352068174
2244;2244;1958-12-11;-0.0020597517457217;-0.20597517457217;1.1525232834610957
2245;2245;1958-12-12;-0.0024396559200052;-0.24396559200051998;1.1500836275410904
2246;2246;1958-12-15;0.0028144872692634;0.28144872692634;1.1528981148103539
2247;2247;1958-12-16;0.0037404382841339;0.37404382841339;1.1566385530944878
2248;2248;1958-12-17;0.0065122196191937;0.65122196191937;1.1631507727136816
2249;2249;1958-12-18;0.0042565808693777;0.42565808693777;1.1674073535830594
2250;2250;1958-12-19;-0.0014785069875271;-0.14785069875270998;1.1659288465955322
2251;2251;1958-12-22;-0.0066803180950523;-0.66803180950523;1.1592485285004799
2252;2252;1958-12-23;-0.0054140150562083;-0.54140150562083;1.1538345134442716
2253;2253;1958-12-24;0.0128338598928632;1.28338598928632;1.1666683733371348
2254;2254;1958-12-29;0.0115757100133704;1.15757100133704;1.1782440833505052
2255;2255;1958-12-30;0.0034649072056423;0.34649072056423;1.1817089905561475
2256;2256;1958-12-31;0.0050844308287638;0.50844308287638;1.1867934213849114
2257;2257;1959-01-02;0.0041572586608369;0.41572586608368994;1.1909506800457483
2258;2258;1959-01-05;0.0039604192536151;0.39604192536151;1.1949110992993635
2259;2259;1959-01-06;-0.0012584271323667;-0.12584271323666998;1.1936526721669967
2260;2260;1959-01-07;-0.0126721646218346;-1.26721646218346;1.180980507545162
2261;2261;1959-01-08;0.0092484655107769;0.9248465510776901;1.190228973055939
2262;2262;1959-01-09;0.0066564605471422;0.66564605471422;1.1968854336030812
2263;2263;1959-01-12;0.0001792738703079;0.01792738703079;1.1970647074733891
2264;2264;1959-01-13;-0.005573012176864;-0.5573012176864;1.191491695296525
2265;2265;1959-01-14;0.0027004787317679;0.27004787317678997;1.194192174028293
2266;2266;1959-01-15;0.0037685643186282;0.37685643186282003;1.1979607383469213
2267;2267;1959-01-16;-0.0003583124270249;-0.035831242702489996;1.1976024259198963
2268;2268;1959-01-19;-0.0023320666921131;-0.23320666921131;1.1952703592277831
2269;2269;1959-01-20;0.0007181508323181;0.07181508323181;1.1959885100601013
2270;2270;1959-01-21;0.0057265724547201;0.57265724547201;1.2017150825148215
2271;2271;1959-01-22;-0.0012498885432199;-0.12498885432199;1.2004651939716016
2272;2272;1959-01-23;0.0005358399651669;0.053583996516690005;1.2010010339367685
2273;2273;1959-01-26;-0.0041156003336873;-0.41156003336873;1.1968854336030812
2274;2274;1959-01-27;0.0001792738703079;0.01792738703079;1.1970647074733891
2275;2275;1959-01-28;-0.0111773113466693;-1.11773113466693;1.1858873961267198
2276;2276;1959-01-29;0.0007249184738906;0.07249184738906;1.1866123146006105
2277;2277;1959-01-30;0.0045187604316492;0.45187604316492;1.1911310750322597
2278;2278;1959-02-02;-0.0043376536473482;-0.43376536473481997;1.1867934213849114
2279;2279;1959-02-03;0.0012670831863967;0.12670831863967;1.1880605045713082
2280;2280;1959-02-04;-0.0039876434932235;-0.39876434932235;1.1840728610780846
2281;2281;1959-02-05;-0.0045508405735947;-0.45508405735947;1.1795220205044898
2282;2282;1959-02-06;-0.0080601645375377;-0.80601645375377;1.171461855966952
2283;2283;1959-02-09;-0.0146366113215102;-1.46366113215102;1.156825244645442
2284;2284;1959-02-10;0.0137165818066176;1.37165818066176;1.1705418264520595
2285;2285;1959-02-11;0.000552093518249;0.05520935182489999;1.1710939199703085
2286;2286;1959-02-12;-0.0064605302044151;-0.64605302044151;1.1646333897658934
2287;2287;1959-02-13;0.0077476500396307;0.77476500396307;1.172381039805524
2288;2288;1959-02-16;0.0014690050652932;0.14690050652932002;1.1738500448708173
2289;2289;1959-02-17;-0.0038606353322405;-0.38606353322405;1.1699894095385768
2290;2290;1959-02-18;0.0001841421867254;0.01841421867254;1.1701735517253022
2291;2291;1959-02-19;0.0218588122287051;2.18588122287051;1.1920323639540074
2292;2292;1959-02-20;0.0003602954461605;0.03602954461605;1.192392659400168
2293;2293;1959-02-24;-0.0007207207519179;-0.07207207519179;1.19167193864825
2294;2294;1959-02-25;-0.0043352306998922;-0.43352306998922;1.1873367079483577
2295;2295;1959-02-26;0.0018086096120413;0.18086096120413;1.189145317560399
2296;2296;1959-02-27;0.0012641085204778;0.12641085204778002;1.1904094260808769
2297;2297;1959-03-02;0.0057585187021871;0.57585187021871;1.196167944783064
2298;2298;1959-03-03;0.0092874395030841;0.9287439503084101;1.2054553842861482
2299;2299;1959-03-04;0.0017761639087972;0.17761639087972;1.2072315481949454
2300;2300;1959-03-05;0.0014187269877226;0.14187269877226;1.208650275182668
2301;2301;1959-03-06;-0.0039062727574945;-0.39062727574945;1.2047440024251734
2302;2302;1959-03-09;-0.0010679424202253;-0.10679424202253;1.203676060004948
2303;2303;1959-03-10;0.0028454402220328;0.28454402220328;1.206521500226981
2304;2304;1959-03-11;0.0007100479679644;0.07100479679644;1.2072315481949454
2305;2305;1959-03-12;0.0044267448801207;0.44267448801207;1.2116582930750661
2306;2306;1959-03-13;0.0012359850160379;0.12359850160378999;1.212894278091104
2307;2307;1959-03-16;-0.0108223713148128;-1.08223713148128;1.2020719067762913
2308;2308;1959-03-17;0.0081719942416542;0.81719942416542;1.2102439010179455
2309;2309;1959-03-18;-0.0023027377308766;-0.23027377308766;1.207941163287069
2310;2310;1959-03-19;-0.0008870576372235;-0.08870576372235;1.2070541056498454
2311;2311;1959-03-20;0.0008870576372235;0.08870576372235;1.207941163287069
2312;2312;1959-03-23;-0.0092642745130859;-0.9264274513085899;1.198676888773983
2313;2313;1959-03-24;0.0016095863550091;0.16095863550091;1.2002864751289921
2314;2314;1959-03-25;-0.0014305796431219;-0.14305796431219;1.1988558954858701
2315;2315;1959-03-26;-0.0021498216999891;-0.21498216999891;1.196706073785881
2316;2316;1959-03-30;-0.0055749987536213;-0.55749987536213;1.1911310750322597
2317;2317;1959-03-31;-0.0001803949865113;-0.01803949865113;1.1909506800457483
2318;2318;1959-04-01;0.004499242800902;0.44992428009019997;1.1954499228466504
2319;2319;1959-04-02;0.005551111090118;0.5551111090117999;1.2010010339367685
2320;2320;1959-04-03;0.0078264185315326;0.7826418531532601;1.2088274524683011
2321;2321;1959-04-06;0.0028308406067649;0.28308406067649;1.2116582930750661
2322;2322;1959-04-07;-0.0021223566884609;-0.21223566884609;1.2095359363866052
2323;2323;1959-04-08;-0.0047919339614317;-0.47919339614316997;1.2047440024251734
2324;2324;1959-04-09;-0.0007118882854095;-0.07118882854095;1.2040321141397639
2325;2325;1959-04-10;0.0008898123275047;0.08898123275047;1.2049219264672686
2326;2326;1959-04-13;0.0037283487153994;0.37283487153994;1.208650275182668
2327;2327;1959-04-14;0.0049496124113126;0.49496124113126;1.2135998875939806
2328;2328;1959-04-15;0.0043987051551788;0.43987051551788;1.2179985927491594
2329;2329;1959-04-16;0.0082175653286649;0.8217565328664901;1.2262161580778244
2330;2330;1959-04-17;0.0084958986708683;0.84958986708683;1.2347120567486927
2331;2331;1959-04-20;0.004307009993612;0.4307009993612;1.2390190667423047
2332;2332;1959-04-21;-0.0010319402449301;-0.10319402449300999;1.2379871264973745
2333;2333;1959-04-22;-0.0065608142229134;-0.65608142229134;1.231426312274461
2334;2334;1959-04-23;-0.0022544360932199;-0.22544360932199;1.2291718761812411
2335;2335;1959-04-24;0.006230567219581;0.6230567219581;1.2354024434008222
2336;2336;1959-04-27;0.0031007777316638;0.31007777316638;1.238503221132486
2337;2337;1959-04-28;-0.0037911643837933;-0.37911643837933;1.2347120567486927
2338;2338;1959-04-29;-0.0039788826123023;-0.39788826123022997;1.2307331741363903
2339;2339;1959-04-30;-0.0017348894161903;-0.17348894161903;1.2289982847202
2340;2340;1959-05-01;0.0010413398885935;0.10413398885935;1.2300396246087935
2341;2341;1959-05-04;0.0;0.0;1.2300396246087935
2342;2342;1959-05-05;0.0017330679947287;0.17330679947287;1.2317726926035222
2343;2343;1959-05-06;-0.0024271682995138;-0.24271682995138;1.2293455243040083
2344;2344;1959-05-07;-0.0127523780265326;-1.27523780265326;1.2165931462774757
2345;2345;1959-05-08;0.0077057998841141;0.77057998841141;1.2242989461615899
2346;2346;1959-05-11;0.0111034972392323;1.1103497239232298;1.2354024434008222
2347;2347;1959-05-12;0.0;0.0;1.2354024434008222
2348;2348;1959-05-13;0.0001725524027396;0.01725524027396;1.2355749958035618
2349;2349;1959-05-14;0.0068763894816683;0.68763894816683;1.2424513852852301
2350;2350;1959-05-15;-0.0036042088583476;-0.36042088583476;1.2388471764268825
2351;2351;1959-05-18;-0.0001719198667817;-0.01719198667817;1.2386752565601007
2352;2352;1959-05-19;0.0029191743419207;0.29191743419207;1.2415944309020215
2353;2353;1959-05-20;-0.003951555695961;-0.3951555695961;1.2376428752060604
2354;2354;1959-05-21;0.0008603459264255;0.08603459264255;1.238503221132486
2355;2355;1959-05-22;0.0032626971223521;0.32626971223521;1.2417659182548382
2356;2356;1959-05-25;-0.0025749219861639;-0.25749219861639;1.2391909962686742
2357;2357;1959-05-26;-0.0015481210626138;-0.15481210626138;1.2376428752060604
2358;2358;1959-05-27;0.001719969479053;0.17199694790529999;1.2393628446851135
2359;2359;1959-05-28;0.0034311236857309;0.34311236857308997;1.2427939683708444
2360;2360;1959-05-29;0.0049543281055557;0.49543281055557;1.2477482964764002
2361;2361;1959-06-01;-0.0008524252425434;-0.08524252425434001;1.2468958712338567
2362;2362;1959-06-02;-0.0068458421832096;-0.68458421832096;1.240050029050647
2363;2363;1959-06-03;0.000343406596782;0.0343406596782;1.240393435647429
2364;2364;1959-06-04;-0.0107008096451615;-1.07008096451615;1.2296926260022676
2365;2365;1959-06-05;-0.0020844718515471;-0.20844718515470997;1.2276081541507204
2366;2366;1959-06-08;-0.0131269938933416;-1.31269938933416;1.2144811602573788
2367;2367;1959-06-09;-0.0070721122822003;-0.70721122822003;1.2074090479751785
2368;2368;1959-06-10;0.0146193356680904;1.4619335668090399;1.2220283836432688
2369;2369;1959-06-11;0.0010486019926991;0.10486019926991;1.223076985635968
2370;2370;1959-06-12;0.0006984634411901;0.06984634411901;1.2237754490771582
2371;2371;1959-06-15;-0.0052502569347554;-0.52502569347554;1.2185251921424027
2372;2372;1959-06-16;-0.0075738096721274;-0.75738096721274;1.2109513824702753
2373;2373;1959-06-17;0.0093269307075116;0.93269307075116;1.220278313177787
2374;2374;1959-06-18;-0.0007009111965672;-0.07009111965672;1.2195774019812198
2375;2375;1959-06-19;0.0014013314607082;0.14013314607082;1.220978733441928
2376;2376;1959-06-22;0.0;0.0;1.220978733441928
2377;2377;1959-06-23;-0.0001750897159835;-0.01750897159835;1.2208036437259444
2378;2378;1959-06-24;0.0050642036552197;0.50642036552197;1.2258678473811642
2379;2379;1959-06-25;0.0055584648932969;0.5558464893296899;1.231426312274461
2380;2380;1959-06-26;0.0043211544206673;0.43211544206673;1.2357474666951285
2381;2381;1959-06-29;0.0067039185901016;0.67039185901016;1.2424513852852301
2382;2382;1959-06-30;0.0017117772067551;0.17117772067551001;1.2441631624919853
2383;2383;1959-07-01;0.008515037679821;0.8515037679820999;1.2526782001718064
2384;2384;1959-07-02;0.0052431071485479;0.52431071485479;1.2579213073203543
2385;2385;1959-07-06;0.0062222179541073;0.62222179541073;1.2641435252744617
2386;2386;1959-07-07;0.0060169996007992;0.60169996007992;1.270160524875261
2387;2387;1959-07-08;0.0003332389317716;0.03332389317716;1.2704937638070326
2388;2388;1959-07-09;-0.0009999667499913;-0.09999667499913001;1.2694937970570412
2389;2389;1959-07-10;-0.0010010177595889;-0.10010177595888999;1.2684927792974523
2390;2390;1959-07-13;-0.0083808737281838;-0.83808737281838;1.2601119055692684
2391;2391;1959-07-14;0.0023537166410481;0.23537166410481;1.2624656222103166
2392;2392;1959-07-15;0.0006714957501898;0.06714957501898;1.2631371179605064
2393;2393;1959-07-16;-0.0030252123912379;-0.30252123912379;1.2601119055692684
2394;2394;1959-07-17;-0.003709970559762;-0.37099705597620003;1.2564019350095064
2395;2395;1959-07-20;-0.0047417362742914;-0.47417362742914004;1.251660198735215
2396;2396;1959-07-21;0.0084517068340535;0.84517068340535;1.2601119055692684
2397;2397;1959-07-22;0.0033607996398945;0.33607996398945;1.263472705209163
2398;2398;1959-07-23;0.0010059860087654;0.10059860087654;1.2644786912179284
2399;2399;1959-07-24;-0.0003351659434667;-0.03351659434667;1.2641435252744617
2400;2400;1959-07-27;0.0061836579393785;0.61836579393785;1.2703271832138403
2401;2401;1959-07-28;0.0049858836874792;0.49858836874792;1.2753130669013195
2402;2402;1959-07-29;0.0049611314337507;0.49611314337507;1.2802741983350703
2403;2403;1959-07-30;-0.0019814900966554;-0.19814900966554;1.2782927082384148
2404;2404;1959-07-31;0.0001652425450453;0.01652425450453;1.2784579507834601
2405;2405;1959-08-03;0.0032998050887505;0.32998050887505;1.2817577558722106
2406;2406;1959-08-04;-0.0016485002084705;-0.16485002084705;1.2801092556637401
2407;2407;1959-08-05;-0.0051278253127291;-0.5127825312729101;1.274981430351011
2408;2408;1959-08-06;-0.000995470457223;-0.0995470457223;1.273985959893788
2409;2409;1959-08-07;-0.0061610884577643;-0.61610884577643;1.2678248714360236
2410;2410;1959-08-10;-0.0210996100106824;-2.10996100106824;1.2467252614253412
2411;2411;1959-08-11;0.013049926966195;1.3049926966195;1.2597751883915362
2412;2412;1959-08-12;-0.0023600651746766;-0.23600651746766002;1.2574151232168596
2413;2413;1959-08-13;-0.0016891557785037;-0.16891557785037;1.2557259674383559
2414;2414;1959-08-14;0.00236405034879;0.236405034879;1.258090017787146
2415;2415;1959-08-17;-0.0020260516978378;-0.20260516978378001;1.256063966089308
2416;2416;1959-08-18;-0.0093387046639668;-0.9338704663966799;1.2467252614253412
2417;2417;1959-08-19;-0.0059885370687391;-0.5988537068739099;1.240736724356602
2418;2418;1959-08-20;0.0148201163603181;1.4820116360318099;1.2555568407169202
2419;2419;1959-08-21;-0.0010150059997196;-0.10150059997196001;1.2545418347172006
2420;2420;1959-08-24;-0.0035608854619928;-0.35608854619928;1.2509809492552078
2421;2421;1959-08-25;0.0020363658654458;0.20363658654458;1.2530173151206536
2422;2422;1959-08-26;0.001355209400109;0.1355209400109;1.2543725245207626
2423;2423;1959-08-27;0.0085967995343034;0.8596799534303401;1.2629693240550661
2424;2424;1959-08-28;0.000335559660809;0.0335559660809;1.2633048837158751
2425;2425;1959-08-31;0.0;0.0;1.2633048837158751
2426;2426;1959-09-01;-0.0123239344606674;-1.23239344606674;1.2509809492552078
2427;2427;1959-09-02;0.0008489515965086;0.08489515965086;1.2518299008517164
2428;2428;1959-09-03;-0.0112648404476801;-1.12648404476801;1.2405650604040364
2429;2429;1959-09-04;0.0047945811436589;0.47945811436589;1.2453596415476953
2430;2430;1959-09-08;-0.0144531075010006;-1.44531075010006;1.2309065340466947
2431;2431;1959-09-09;-0.0071310849695365;-0.71310849695365;1.2237754490771582
2432;2432;1959-09-10;-0.0052502569347554;-0.52502569347554;1.2185251921424027
2433;2433;1959-09-11;0.0073426552387614;0.7342655238761401;1.2258678473811642
2434;2434;1959-09-14;-0.0073426552387614;-0.7342655238761401;1.2185251921424027
2435;2435;1959-09-15;-0.0054544341183042;-0.54544341183042;1.2130707580240985
2436;2436;1959-09-16;0.0007054850318581;0.07054850318580999;1.2137762430559567
2437;2437;1959-09-17;-0.0054804521024527;-0.54804521024527;1.208295790953504
2438;2438;1959-09-18;-0.0039076604245398;-0.39076604245398006;1.204388130528964
2439;2439;1959-09-21;-0.0165085214821739;-1.65085214821739;1.1878796090467902
2440;2440;1959-09-22;-0.0023548783851756;-0.23548783851756;1.1855247306616146
2441;2441;1959-09-23;0.0122568406481802;1.22568406481802;1.1977815713097948
2442;2442;1959-09-24;0.0170519053248137;1.7051905324813699;1.2148334766346085
2443;2443;1959-09-25;-0.0008809620945138;-0.08809620945138;1.2139525145400947
2444;2444;1959-09-28;0.0073762538979691;0.7376253897969101;1.2213287684380638
2445;2445;1959-09-29;0.0062793857126566;0.62793857126566;1.2276081541507204
2446;2446;1959-09-30;-0.0110150078732447;-1.10150078732447;1.2165931462774757
2447;2447;1959-10-01;0.0010542612116877;0.10542612116877001;1.2176474074891634
2448;2448;1959-10-02;0.0045558515807249;0.45558515807249;1.2222032590698884
2449;2449;1959-10-05;-0.0010495365665175;-0.10495365665175001;1.2211537225033708
2450;2450;1959-10-06;-0.0008754093255838;-0.08754093255838;1.220278313177787
2451;2451;1959-10-07;-0.0026309056886235;-0.26309056886235;1.2176474074891634
2452;2452;1959-10-08;-0.0022856801159747;-0.22856801159746998;1.2153617273731887
2453;2453;1959-10-09;0.0033388836629804;0.33388836629804003;1.2187006110361691
2454;2454;1959-10-12;0.0055983351254207;0.55983351254207;1.2242989461615899
2455;2455;1959-10-13;-0.0027952498983046;-0.27952498983046;1.2215036962632853
2456;2456;1959-10-14;-0.0079038086693046;-0.79038086693046;1.2135998875939806
2457;2457;1959-10-15;0.0028173993423825;0.28173993423825;1.2164172869363632
2458;2458;1959-10-16;0.0080561380712955;0.80561380712955;1.2244734250076588
2459;2459;1959-10-19;-0.0055974258441144;-0.5597425844114401;1.2188759991635443
2460;2460;1959-10-20;-0.0061581615595551;-0.61581615595551;1.212717837603989
2461;2461;1959-10-21;-0.0019433095237069;-0.19433095237069;1.2107745280802822
2462;2462;1959-10-22;-0.0097734941435137;-0.97734941435137;1.2010010339367685
2463;2463;1959-10-23;0.0099503485335068;0.9950348533506801;1.2109513824702753
2464;2464;1959-10-26;0.0066960250188881;0.66960250188881;1.2176474074891634
2465;2465;1959-10-27;0.0083945755743037;0.83945755743037;1.2260419830634672
2466;2466;1959-10-28;0.0006963962858836;0.06963962858836;1.226738379349351
2467;2467;1959-10-29;-0.0008705319681867;-0.08705319681866999;1.2258678473811642
2468;2468;1959-10-30;0.001914209233246;0.1914209233246;1.2277820566144102
2469;2469;1959-11-02;-0.001914209233246;-0.1914209233246;1.2258678473811642
2470;2470;1959-11-04;-0.002616239437974;-0.2616239437974;1.22325160794319
2471;2471;1959-11-05;0.0010473382183997;0.10473382183997001;1.2242989461615899
2472;2472;1959-11-06;0.0048729300196512;0.48729300196512;1.2291718761812411
2473;2473;1959-11-09;-0.0017375851763175;-0.17375851763175;1.2274342910049236
2474;2474;1959-11-10;-0.0003478865924808;-0.03478865924808;1.2270864044124428
2475;2475;1959-11-11;0.0001739932130337;0.01739932130337;1.2272603976254766
2476;2476;1959-11-12;-0.0055818041313608;-0.55818041313608;1.2216785934941157
2477;2477;1959-11-13;-0.0056130652762513;-0.56130652762513;1.2160655282178643
2478;2478;1959-11-16;-0.0111436017505957;-1.11436017505957;1.2049219264672686
2479;2479;1959-11-17;0.0028419201571026;0.28419201571026;1.2077638466243712
2480;2480;1959-11-18;0.0107613455180315;1.07613455180315;1.2185251921424027
2481;2481;1959-11-19;-0.0008777846532392;-0.08777846532392;1.2176474074891634
2482;2482;1959-11-20;0.0005267667578578;0.052676675785779996;1.2181741742470213
2483;2483;1959-11-23;0.0019289966017748;0.19289966017748;1.2201031708487962
2484;2484;1959-11-24;0.0047189810546184;0.47189810546183997;1.2248221519034146
2485;2485;1959-11-25;0.0015680986287023;0.15680986287023;1.226390250532117
2486;2486;1959-11-27;0.0045162835145777;0.45162835145777;1.2309065340466947
2487;2487;1959-11-30;0.010001773323383;1.0001773323382999;1.2409083073700777
2488;2488;1959-12-01;0.0071807797013665;0.71807797013665;1.2480890870714443
2489;2489;1959-12-02;-0.001705081416552;-0.17050814165519998;1.2463840056548923
2490;2490;1959-12-03;0.0022160070811549;0.22160070811548999;1.2486000127360473
2491;2491;1959-12-04;0.0020411301871501;0.20411301871501;1.2506411429231974
2492;2492;1959-12-07;0.0018674311988515;0.18674311988515;1.252508574122049
2493;2493;1959-12-08;0.0064243839422459;0.64243839422459;1.258932958064295
2494;2494;1959-12-09;-0.0062547578924885;-0.6254757892488501;1.2526782001718064
2495;2495;1959-12-10;0.0008475125446061;0.08475125446061;1.2535257127164126
2496;2496;1959-12-11;-0.0023748781104773;-0.23748781104773;1.2511508346059352
2497;2497;1959-12-14;0.0027137058255695;0.27137058255695;1.2538645404315047
2498;2498;1959-12-15;-0.0023740726164884;-0.23740726164884;1.2514904678150163
2499;2499;1959-12-16;0.0011877323567901;0.11877323567901;1.2526782001718064
2500;2500;1959-12-17;-0.0018670971753946;-0.18670971753946;1.2508111029964117
2501;2501;1959-12-18;0.0047457377205084;0.47457377205084;1.2555568407169202
2502;2502;1959-12-21;0.0011829321393443;0.11829321393443;1.2567397728562646
2503;2503;1959-12-22;-0.0011829321393443;-0.11829321393443;1.2555568407169202
2504;2504;1959-12-23;-0.0030482665948712;-0.30482665948712;1.252508574122049
2505;2505;1959-12-24;0.0006782129852895;0.06782129852895;1.2531867871073386
2506;2506;1959-12-28;-0.0003390405185896;-0.03390405185896;1.2528477465887489
2507;2507;1959-12-29;0.0054108857531431;0.54108857531431;1.258258632341892
2508;2508;1959-12-30;0.0078945736958893;0.78945736958893;1.2661532060377814
2509;2509;1959-12-31;0.0020056667429297;0.20056667429297;1.2681588727807112
2510;2510;1960-01-04;0.0003339065167411;0.033390651674110004;1.2684927792974523
2511;2511;1960-01-05;0.0079800756649435;0.7980075664943499;1.2764728549623958
2512;2512;1960-01-06;-0.0043146100786657;-0.43146100786657;1.27215824488373
2513;2513;1960-01-07;-0.007344416254778;-0.7344416254778;1.264813828628952
2514;2514;1960-01-08;-0.003188172875749;-0.3188172875749;1.261625655753203
2515;2515;1960-01-11;-0.012344791927025;-1.2344791927024998;1.249280863826178
2516;2516;1960-01-12;-0.0061444125723415;-0.61444125723415;1.2431364512538365
2517;2517;1960-01-13;-0.0056657031004157;-0.56657031004157;1.2374707481534208
2518;2518;1960-01-14;0.0054945191289537;0.54945191289537;1.2429652672823746
2519;2519;1960-01-15;-0.000342541525633;-0.0342541525633;1.2426227257567415
2520;2520;1960-01-18;-0.0084287417383501;-0.84287417383501;1.2341939840183913
2521;2521;1960-01-19;-0.0107677144110063;-1.07677144110063;1.223426269607385
2522;2522;1960-01-20;-0.0034983418571492;-0.34983418571492;1.2199279277502357
2523;2523;1960-01-21;0.0024501062523585;0.24501062523585002;1.2223780340025943
2524;2524;1960-01-22;0.002967137179918;0.2967137179918;1.2253451711825123
2525;2525;1960-01-25;-0.0105116945479038;-1.05116945479038;1.2148334766346085
2526;2526;1960-01-26;0.0014079903769195;0.14079903769194999;1.216241467011528
2527;2527;1960-01-27;-0.0024652239555713;-0.24652239555713;1.2137762430559567
2528;2528;1960-01-28;-0.0104564530844451;-1.0456453084445099;1.2033197899715116
2529;2529;1960-01-29;-0.0093073875880431;-0.9307387588043101;1.1940124023834684
2530;2530;1960-02-01;0.0062740727455237;0.62740727455237;1.2002864751289921
2531;2531;1960-02-02;0.0152512444986685;1.52512444986685;1.2155377196276607
2532;2532;1960-02-03;-0.0088386645762552;-0.88386645762552;1.2066990550514054
2533;2533;1960-02-04;-0.0008881784045993;-0.08881784045993;1.205810876646806
2534;2534;1960-02-05;-0.0051670493578797;-0.5167049357879699;1.2006438272889264
2535;2535;1960-02-08;-0.0118599772907499;-1.1859977290749901;1.1887838499981764
2536;2536;1960-02-09;0.0093559516575592;0.9355951657559199;1.1981398016557356
2537;2537;1960-02-10;-0.0062875980737775;-0.62875980737775;1.191852203581958
2538;2538;1960-02-11;-0.0056022915911988;-0.5602291591198799;1.1862499119907592
2539;2539;1960-02-12;0.0050614533674782;0.50614533674782;1.1913113653582375
2540;2540;1960-02-15;-0.0052427311238654;-0.5242731123865401;1.186068634234372
2541;2541;1960-02-16;-0.0080072858769266;-0.80072858769266;1.1780613483574454
2542;2542;1960-02-17;0.0054664677439344;0.54664677439344;1.1835278161013798
2543;2543;1960-02-18;0.0138953785663576;1.38953785663576;1.1974231946677374
2544;2544;1960-02-19;0.0078544315981679;0.7854431598167899;1.2052776262659053
2545;2545;1960-02-23;-0.0053486131667686;-0.53486131667686;1.1999290130991367
2546;2546;1960-02-24;-0.0035816119628409;-0.35816119628409;1.1963474011362958
2547;2547;1960-02-25;0.0034028508988193;0.34028508988193;1.199750252035115
2548;2548;1960-02-26;0.0041038508840589;0.41038508840589;1.203854102919174
2549;2549;1960-02-29;-0.0007125223022548;-0.07125223022548;1.2031415806169192
2550;2550;1960-03-01;-0.0019620269014692;-0.19620269014692;1.20117955371545
2551;2551;1960-03-02;-0.0069873796871569;-0.69873796871569;1.194192174028293
2552;2552;1960-03-03;-0.0152176852465802;-1.5217685246580201;1.1789744887817128
2553;2553;1960-03-04;-0.0038408643819534;-0.38408643819534;1.1751336243997594
2554;2554;1960-03-07;-0.0101299328336708;-1.01299328336708;1.1650036915660886
2555;2555;1960-03-08;-0.0102335807017537;-1.02335807017537;1.154770110864335
2556;2556;1960-03-09;0.010603763934093;1.0603763934093;1.165373874798428
2557;2557;1960-03-10;-0.0038935618699405;-0.38935618699405;1.1614803129284874
2558;2558;1960-03-11;0.0075877107784272;0.75877107784272;1.1690680237069146
2559;2559;1960-03-14;0.0014738027451448;0.14738027451448;1.1705418264520595
2560;2560;1960-03-15;0.0077022568984457;0.77022568984457;1.1782440833505052
2561;2561;1960-03-16;0.0054654716448059;0.54654716448059;1.1837095549953112
2562;2562;1960-03-17;-0.0014545820746496;-0.14545820746496;1.1822549729206615
2563;2563;1960-03-18;0.0009093208112975;0.09093208112975;1.183164293731959
2564;2564;1960-03-21;0.0010901527440498;0.10901527440497999;1.184254446476009
2565;2565;1960-03-22;0.0039869751619043;0.39869751619043003;1.1882414216379134
2566;2566;1960-03-23;0.0081059794983824;0.8105979498382401;1.1963474011362958
2567;2567;1960-03-24;0.0042964261526306;0.42964261526305997;1.2006438272889264
2568;2568;1960-03-25;0.0;0.0;1.2006438272889264
2569;2569;1960-03-28;-0.002145905668379;-0.2145905668379;1.1984979216205474
2570;2570;1960-03-29;-0.0014332141471582;-0.14332141471582;1.1970647074733891
2571;2571;1960-03-30;-0.0021536081740256;-0.21536081740256;1.1949110992993635
2572;2572;1960-03-31;-0.0057657817389644;-0.5765781738964401;1.189145317560399
2573;2573;1960-04-01;0.0016249890729334;0.16249890729334002;1.1907703066333324
2574;2574;1960-04-04;0.0019825364519814;0.19825364519813998;1.1927528430853138
2575;2575;1960-04-05;-0.0030655871091411;-0.30655871091411;1.1896872559761726
2576;2576;1960-04-06;0.0203796654752315;2.0379665475231503;1.2100669214514042
2577;2577;1960-04-07;0.0001769795665413;0.01769795665413;1.2102439010179455
2578;2578;1960-04-08;-0.0023027377308766;-0.23027377308766;1.207941163287069
2579;2579;1960-04-11;-0.003909049147305;-0.39090491473050004;1.2040321141397639
2580;2580;1960-04-12;0.0023117464455104;0.23117464455104003;1.2063438605852743
2581;2581;1960-04-13;0.0;0.0;1.2063438605852743
2582;2582;1960-04-14;0.0023064145973936;0.23064145973936;1.208650275182668
2583;2583;1960-04-18;0.002831359173383;0.2831359173383;1.211481634356051
2584;2584;1960-04-19;-0.0081618443845394;-0.81618443845394;1.2033197899715116
2585;2585;1960-04-20;-0.0123691099257632;-1.23691099257632;1.1909506800457483
2586;2586;1960-04-21;0.0027019921212483;0.27019921212483;1.1936526721669967
2587;2587;1960-04-22;-0.0030628256186009;-0.30628256186009;1.1905898465483957
2588;2588;1960-04-25;-0.0101559996091023;-1.01559996091023;1.1804338469392934
2589;2589;1960-04-26;0.0032757080560177;0.32757080560177;1.1837095549953112
2590;2590;1960-04-27;0.0;0.0;1.1837095549953112
2591;2591;1960-04-28;-0.0087591799300401;-0.87591799300401;1.174950375065271
2592;2592;1960-04-29;-0.0034885190983189;-0.34885190983189;1.171461855966952
2593;2593;1960-05-02;-0.004423933482403;-0.4423933482403;1.167037922484549
2594;2594;1960-05-03;0.0128489466094082;1.2848946609408198;1.1798868690939572
2595;2595;1960-05-04;0.0038226859013539;0.38226859013539;1.1837095549953112
2596;2596;1960-05-05;-0.0032757080560177;-0.32757080560177;1.1804338469392934
2597;2597;1960-05-06;-0.0020071350410644;-0.20071350410643998;1.178426711898229
2598;2598;1960-05-09;0.0009128070091843;0.09128070091843;1.1793395189074134
2599;2599;1960-05-10;-0.0069584791018892;-0.69584791018892;1.172381039805524
2600;2600;1960-05-11;0.0027525845942353;0.27525845942353;1.1751336243997594
2601;2601;1960-05-12;0.0051178690600166;0.51178690600166;1.180251493459776
2602;2602;1960-05-13;0.0081707401869488;0.8170740186948799;1.188422233646725
2603;2603;1960-05-16;-0.0009045500472435;-0.09045500472435;1.1875176835994814
2604;2604;1960-05-17;0.003793681758756;0.3793681758756;1.1913113653582375
2605;2605;1960-05-18;-0.0003606853124891;-0.03606853124891;1.1909506800457483
2606;2606;1960-05-19;0.0043196791820348;0.43196791820348;1.1952703592277831
2607;2607;1960-05-20;0.0008975855552808;0.08975855552808;1.196167944783064
2608;2608;1960-05-23;0.000538129002817;0.0538129002817;1.196706073785881
2609;2609;1960-05-24;-0.0010765656977023;-0.10765656977023;1.1956295080881787
2610;2610;1960-05-25;-0.0005387986171365;-0.05387986171365001;1.1950907094710421
2611;2611;1960-05-26;0.0007182798132019;0.07182798132019;1.195808989284244
2612;2612;1960-05-27;0.0005384118520517;0.05384118520516999;1.1963474011362958
2613;2613;1960-05-31;0.0016133372106255;0.16133372106255;1.1979607383469213
2614;2614;1960-06-01;0.001074060244016;0.1074060244016;1.1990347985909373
2615;2615;1960-06-02;0.0042849913805742;0.42849913805742;1.2033197899715116
2616;2616;1960-06-03;0.0017799755342178;0.17799755342178;1.2050997655057294
2617;2617;1960-06-06;0.0116691388806638;1.1669138880663799;1.2167689043863932
2618;2618;1960-06-07;0.0094472536914311;0.9447253691431101;1.2262161580778244
2619;2619;1960-06-08;0.0079778259405669;0.7977825940566899;1.2341939840183913
2620;2620;1960-06-09;0.0018983697296466;0.18983697296466;1.236092353748038
2621;2621;1960-06-10;-0.0005173579444761;-0.05173579444760999;1.2355749958035618
2622;2622;1960-06-13;0.0003449637751105;0.034496377511049996;1.2359199595786723
2623;2623;1960-06-14;-0.0013805351393552;-0.13805351393551998;1.234539424439317
2624;2624;1960-06-15;-0.00588848254998;-0.5888482549980001;1.228650941889337
2625;2625;1960-06-16;-0.0012166508844133;-0.12166508844133;1.2274342910049236
2626;2626;1960-06-17;-0.0010440404728067;-0.10440404728067;1.226390250532117
2627;2627;1960-06-20;-0.0048865542688316;-0.48865542688316;1.2215036962632853
2628;2628;1960-06-21;-0.0008751028748266;-0.08751028748266;1.2206285933884586
2629;2629;1960-06-22;0.0029722550074495;0.29722550074494997;1.2236008483959082
2630;2630;1960-06-23;0.0053974363242916;0.53974363242916;1.2289982847202
2631;2631;1960-06-24;0.0015615514581126;0.15615514581126;1.2305598361783125
2632;2632;1960-06-27;-0.0060864111706537;-0.60864111706537;1.2244734250076588
2633;2633;1960-06-28;-0.0068260175184953;-0.68260175184953;1.2176474074891634
2634;2634;1960-06-29;0.0;0.0;1.2176474074891634
2635;2635;1960-06-30;-0.0003513262029279;-0.035132620292790004;1.2172960812862355
2636;2636;1960-07-01;0.0024566252261486;0.24566252261486;1.219752706512384
2637;2637;1960-07-05;-0.0007012798262389;-0.07012798262389;1.2190514266861452
2638;2638;1960-07-06;-0.0014040191969817;-0.14040191969817;1.2176474074891634
2639;2639;1960-07-07;0.0052549253413056;0.52549253413056;1.2229023328304691
2640;2640;1960-07-08;0.0024428383520431;0.24428383520431002;1.2253451711825123
2641;2641;1960-07-11;-0.0089278842461491;-0.89278842461491;1.2164172869363632
2642;2642;1960-07-12;-0.010961902650215;-1.0961902650215;1.2054553842861482
2643;2643;1960-07-13;-0.002670264206503;-0.26702642065029997;1.202785120079645
2644;2644;1960-07-14;0.0003564605372741;0.03564605372741;1.2031415806169192
2645;2645;1960-07-15;-0.0012481057383446;-0.12481057383446001;1.2018934748785746
2646;2646;1960-07-18;-0.0062639667903958;-0.6263966790395801;1.1956295080881787
2647;2647;1960-07-19;0.0;0.0;1.1956295080881787
2648;2648;1960-07-20;-0.0016171057047103;-0.16171057047103002;1.1940124023834684
2649;2649;1960-07-21;-0.0092133793206219;-0.92133793206219;1.1847990230628465
2650;2650;1960-07-22;-0.0069203882720785;-0.69203882720785;1.177878634790768
2651;2651;1960-07-25;-0.0099174549322;-0.99174549322;1.1679611798585678
2652;2652;1960-07-26;0.0060722977287244;0.6072297728724401;1.1740334775872923
2653;2653;1960-07-27;-0.0062569216366714;-0.62569216366714;1.1677765559506208
2654;2654;1960-07-28;0.0073570684491386;0.73570684491386;1.1751336243997594
2655;2655;1960-07-29;0.0170788674743849;1.70788674743849;1.1922124918741444
2656;2656;1960-08-01;0.0003602485727061;0.03602485727061;1.1925727404468505
2657;2657;1960-08-02;-0.0088631854515393;-0.8863185451539299;1.1837095549953112
2658;2658;1960-08-03;-0.0058309202045432;-0.58309202045432;1.177878634790768
2659;2659;1960-08-04;0.0031018727543941;0.31018727543941;1.180980507545162
2660;2660;1960-08-05;0.0099701725005862;0.9970172500586201;1.1909506800457483
2661;2661;1960-08-08;0.0014419793544195;0.14419793544195;1.192392659400168
2662;2662;1960-08-09;0.0057471422555677;0.57471422555677;1.1981398016557356
2663;2663;1960-08-10;0.0041104516814645;0.41104516814645;1.2022502533372001
2664;2664;1960-08-11;0.0037383043423053;0.37383043423053;1.2059885576795055
2665;2665;1960-08-12;0.0067292799244835;0.67292799244835;1.212717837603989
2666;2666;1960-08-15;-0.000882828689078;-0.08828286890779999;1.211835008914911
2667;2667;1960-08-16;0.0019412341410456;0.19412341410456;1.2137762430559567
2668;2668;1960-08-17;0.0021134033745617;0.21134033745617;1.2158896464305184
2669;2669;1960-08-18;-0.0005279190573297;-0.05279190573297;1.2153617273731887
2670;2670;1960-08-19;0.0035142717903555;0.35142717903555;1.2188759991635443
2671;2671;1960-08-22;0.0031523844797245;0.31523844797245;1.2220283836432688
2672;2672;1960-08-23;0.0097443089602533;0.9744308960253301;1.2317726926035222
2673;2673;1960-08-24;0.005525829982055;0.5525829982055;1.2372985225855773
2674;2674;1960-08-25;-0.0048334117502397;-0.48334117502397006;1.2324651108353375
2675;2675;1960-08-26;-0.0032932346540963;-0.32932346540963;1.2291718761812411
2676;2676;1960-08-29;-0.0027816256491242;-0.27816256491242;1.226390250532117
2677;2677;1960-08-30;-0.0105006041015985;-1.05006041015985;1.2158896464305184
2678;2678;1960-08-31;0.002108946318641;0.21089463186409999;1.2179985927491594
2679;2679;1960-09-01;0.0022797204286275;0.22797204286275;1.220278313177787
2680;2680;1960-09-02;-0.0015777021416179;-0.15777021416179;1.2187006110361691
2681;2681;1960-09-06;-0.0089876010928842;-0.89876010928842;1.209713009943285
2682;2682;1960-09-07;-0.0124690069598703;-1.2469006959870301;1.1972440029834146
2683;2683;1960-09-08;-0.0008966018471188;-0.08966018471188;1.1963474011362958
2684;2684;1960-09-09;0.0066160096503384;0.66160096503384;1.2029634107866343
2685;2685;1960-09-12;-0.0069749007265329;-0.69749007265329;1.1959885100601013
2686;2686;1960-09-13;0.0019722282868199;0.19722282868199;1.1979607383469213
2687;2687;1960-09-14;-0.0070100583011729;-0.70100583011729;1.1909506800457483
2688;2688;1960-09-15;-0.0039761122327401;-0.39761122327401;1.1869745678130081
2689;2689;1960-09-16;-0.0019940185707181;-0.19940185707181002;1.18498054924229
2690;2690;1960-09-19;-0.0229431000905644;-2.29431000905644;1.1620374491517256
2691;2691;1960-09-20;0.0027810716245126;0.27810716245126;1.1648185207762383
2692;2692;1960-09-21;0.0103151036235212;1.03151036235212;1.1751336243997594
2693;2693;1960-09-22;-0.0038556735193187;-0.38556735193187003;1.1712779508804407
2694;2694;1960-09-23;-0.0084980926581197;-0.84980926581197;1.162779858222321
2695;2695;1960-09-26;-0.0157071474645201;-1.5707147464520101;1.147072710757801
2696;2696;1960-09-27;-0.0022641896465356;-0.22641896465356;1.1448085211112653
2697;2697;1960-09-28;-0.0087270332738129;-0.87270332738129;1.1360814878374523
2698;2698;1960-09-29;0.0026641119721322;0.26641119721322;1.1387455998095846
2699;2699;1960-09-30;0.0169591592120075;1.69591592120075;1.155704759021592
2700;2700;1960-10-03;-0.0029939954719755;-0.29939954719755;1.1527107635496165
2701;2701;1960-10-04;-0.0069581661003574;-0.69581661003574;1.145752597449259
2702;2702;1960-10-05;0.0075201895343552;0.7520189534355199;1.1532727869836144
2703;2703;1960-10-06;0.0061619464880822;0.6161946488082201;1.1594347334716966
2704;2704;1960-10-07;0.0057540390776602;0.57540390776602;1.1651887725493568
2705;2705;1960-10-10;0.0020338363677852;0.20338363677852;1.167222608917142
2706;2706;1960-10-11;0.0014765967983749;0.14765967983749;1.168699205715517
2707;2707;1960-10-12;-0.0012918521324576;-0.12918521324576;1.1674073535830594
2708;2708;1960-10-13;0.0077262708167;0.7726270816699999;1.1751336243997594
2709;2709;1960-10-14;0.0053002225395339;0.53002225395339;1.1804338469392934
2710;2710;1960-10-17;-0.0042013030250878;-0.42013030250878;1.1762325439142056
2711;2711;1960-10-18;-0.005138623943897;-0.5138623943896999;1.1710939199703085
2712;2712;1960-10-19;-0.0018415843481207;-0.18415843481207;1.1692523356221878
2713;2713;1960-10-20;-0.0072148864704622;-0.72148864704622;1.1620374491517256
2714;2714;1960-10-21;-0.002602715680029;-0.26027156800289997;1.1594347334716966
2715;2715;1960-10-24;-0.0191699157474292;-1.91699157474292;1.1402648177242674
2716;2716;1960-10-25;-0.0095329604769673;-0.95329604769673;1.1307318572473
2717;2717;1960-10-26;0.0161523321641694;1.6152332164169398;1.1468841894114694
2718;2718;1960-10-27;0.0106872679482048;1.06872679482048;1.1575714573596743
2719;2719;1960-10-28;-0.0039241198063764;-0.39241198063764;1.1536473375532978
2720;2720;1960-10-31;-0.0003745505696834;-0.03745505696834;1.1532727869836144
2721;2721;1960-11-01;0.0102488553904707;1.0248855390470701;1.163521642374085
2722;2722;1960-11-02;0.0051775633414319;0.51775633414319;1.168699205715517
2723;2723;1960-11-03;0.0038656099322103;0.38656099322103;1.1725648156477273
2724;2724;1960-11-04;0.0085979124992485;0.8597912499248499;1.1811627281469759
2725;2725;1960-11-07;0.0038178210953141;0.38178210953141;1.18498054924229
2726;2726;1960-11-09;0.0043454169802794;0.43454169802793996;1.1893259662225695
2727;2727;1960-11-10;0.0193243089600985;1.93243089600985;1.208650275182668
2728;2728;1960-11-11;-0.009973386408685;-0.9973386408685;1.198676888773983
2729;2729;1960-11-14;-0.0050242166069862;-0.5024216606986199;1.1936526721669967
2730;2730;1960-11-15;0.0039497537528996;0.39497537528995996;1.1976024259198963
2731;2731;1960-11-16;-0.0019729178317176;-0.19729178317176;1.1956295080881787
2732;2732;1960-11-17;-0.0026966668027208;-0.26966668027207996;1.1929328412854578
2733;2733;1960-11-18;0.0048487300243369;0.48487300243369;1.1977815713097948
2734;2734;1960-11-21;0.0019686807253203;0.19686807253202998;1.199750252035115
2735;2735;1960-11-22;-0.0037617419750137;-0.37617419750137;1.1959885100601013
2736;2736;1960-11-23;0.001434684607636;0.1434684607636;1.1974231946677374
2737;2737;1960-11-25;0.0058965953037741;0.5896595303774099;1.2033197899715116
2738;2738;1960-11-28;-0.0017832030402811;-0.17832030402811;1.2015365869312304
2739;2739;1960-11-29;-0.0035758485843091;-0.35758485843091004;1.1979607383469213
2740;2740;1960-11-30;-0.0052078952616074;-0.52078952616074;1.1927528430853138
2741;2741;1960-12-01;-0.0043306094385888;-0.43306094385888;1.188422233646725
2742;2742;1960-12-02;0.0016261635461063;0.16261635461063;1.1900483971928313
2743;2743;1960-12-05;-0.001445311904713;-0.1445311904713;1.1886030852881182
2744;2744;1960-12-06;0.0028886100084069;0.28886100084069;1.191491695296525
2745;2745;1960-12-07;0.0098664177370562;0.98664177370562;1.2013581130335813
2746;2746;1960-12-08;0.0023179469713667;0.23179469713667;1.203676060004948
2747;2747;1960-12-09;0.0088653059751866;0.88653059751866;1.2125413659801347
2748;2748;1960-12-12;0.0035241622377295;0.35241622377295;1.2160655282178643
2749;2749;1960-12-13;0.0005276180596114;0.05276180596114;1.2165931462774757
2750;2750;1960-12-14;-0.0007034998469572;-0.07034998469572;1.2158896464305184
2751;2751;1960-12-15;-0.0028188884064199;-0.28188884064199005;1.2130707580240985
2752;2752;1960-12-16;0.0091325010457898;0.91325010457898;1.2222032590698884
2753;2753;1960-12-19;-0.0012245256279603;-0.12245256279603;1.220978733441928
2754;2754;1960-12-20;-0.0007004202641409;-0.07004202641409;1.220278313177787
2755;2755;1960-12-21;0.0080251478155286;0.8025147815528599;1.2283034609933157
2756;2756;1960-12-22;-0.0027840630960644;-0.27840630960644003;1.2255193978972512
2757;2757;1960-12-23;0.0008708526348657;0.08708526348657;1.226390250532117
2758;2758;1960-12-27;0.0013918060822932;0.13918060822932;1.2277820566144102
2759;2759;1960-12-28;0.0045099643182711;0.45099643182711;1.2322920209326813
2760;2760;1960-12-29;0.0046620131863086;0.46620131863086;1.23695403411899
2761;2761;1960-12-30;0.0010330923783845;0.10330923783844999;1.2379871264973745
2762;2762;1961-01-03;-0.0093361846080375;-0.93361846080375;1.228650941889337
2763;2763;1961-01-04;0.0136291421018901;1.3629142101890102;1.2422800839912271
2764;2764;1961-01-05;0.0035918793120828;0.35918793120827996;1.24587196330331
2765;2765;1961-01-06;-0.0029066960209354;-0.29066960209354;1.2429652672823746
2766;2766;1961-01-09;0.0069960013950192;0.69960013950192;1.2499612686773938
2767;2767;1961-01-10;0.0027169314944126;0.27169314944126;1.2526782001718064
2768;2768;1961-01-11;0.0028786405451137;0.28786405451137;1.2555568407169202
2769;2769;1961-01-12;0.0030390197544303;0.30390197544303;1.2585958604713505
2770;2770;1961-01-13;0.0047090232445246;0.47090232445246;1.2633048837158751
2771;2771;1961-01-16;-0.000335559660809;-0.0335559660809;1.2629693240550661
2772;2772;1961-01-17;0.0010064922758203;0.10064922758203002;1.2639758163308865
2773;2773;1961-01-18;0.000670482766238;0.0670482766238;1.2646462990971246
2774;2774;1961-01-19;0.0015069069406568;0.15069069406568;1.2661532060377814
2775;2775;1961-01-20;0.0031737937204487;0.31737937204487;1.2693269997582302
2776;2776;1961-01-23;0.0054886125312014;0.54886125312014;1.2748156122894316
2777;2777;1961-01-24;0.002650324515586;0.2650324515586;1.2774659368050176
2778;2778;1961-01-25;0.0013224997794631;0.13224997794631;1.2787884365844808
2779;2779;1961-01-26;0.0014857617505894;0.14857617505894;1.2802741983350703
2780;2780;1961-01-27;0.010175748314424;1.0175748314424;1.2904499466494943
2781;2781;1961-01-30;0.0118498096629809;1.1849809662980901;1.3022997563124752
2782;2782;1961-01-31;-0.0030707418068889;-0.30707418068889;1.2992290145055863
2783;2783;1961-02-01;0.0019405406967605;0.19405406967605;1.3011695552023468
2784;2784;1961-02-02;0.0064411977413154;0.64411977413154;1.3076107529436622
2785;2785;1961-02-03;-0.0012849022005498;-0.12849022005498;1.3063258507431124
2786;2786;1961-02-06;-0.0074206342083931;-0.74206342083931;1.2989052165347192
2787;2787;1961-02-07;-0.0017826112815475;-0.17826112815475;1.2971226052531717
2788;2788;1961-02-08;0.0090424804007893;0.90424804007893;1.306165085653961
2789;2789;1961-02-09;-0.0030588287800394;-0.30588287800394;1.3031062568739216
2790;2790;1961-02-10;-0.0084197388598301;-0.84197388598301;1.2946865180140914
2791;2791;1961-02-13;-0.005870874705689;-0.5870874705689;1.2888156433084024
2792;2792;1961-02-14;0.004406388234524;0.44063882345239996;1.2932220315429264
2793;2793;1961-02-15;0.0082705086404217;0.82705086404217;1.3014925401833481
2794;2794;1961-02-16;0.0061182127603141;0.61182127603141;1.3076107529436622
2795;2795;1961-02-17;-0.00321545300873;-0.321545300873;1.3043952999349322
2796;2796;1961-02-20;0.0035364448291792;0.35364448291792;1.3079317447641114
2797;2797;1961-02-21;0.0006416586630031;0.06416586630031;1.3085734034271146
2798;2798;1961-02-23;0.0036814607111139;0.36814607111139;1.3122548641382286
2799;2799;1961-02-24;0.0039862924508105;0.39862924508104997;1.316241156589039
2800;2800;1961-02-27;0.0072934999649216;0.72934999649216;1.3235346565539607
2801;2801;1961-02-28;0.0022092482113249;0.22092482113248998;1.3257439047652857
2802;2802;1961-03-01;-0.0001576259178612;-0.01576259178612;1.3255862788474244
2803;2803;1961-03-02;0.0065996155093284;0.65996155093284;1.3321858943567528
2804;2804;1961-03-03;0.0015649925069345;0.15649925069345;1.3337508868636874
2805;2805;1961-03-06;0.001562531519081;0.1562531519081;1.3353134183827684
2806;2806;1961-03-07;-0.0090967061072957;-0.90967061072957;1.3262167122754727
2807;2807;1961-03-08;-0.0004728075101869;-0.04728075101869;1.3257439047652857
2808;2808;1961-03-09;0.0009453443349789;0.09453443349789;1.3266892491002646
2809;2809;1961-03-10;-0.0003150102404374;-0.03150102404374;1.3263742388598272
2810;2810;1961-03-13;0.0028315261957381;0.28315261957381;1.3292057650555653
2811;2811;1961-03-14;-0.004408051813324;-0.4408051813324;1.3247977132422413
2812;2812;1961-03-15;0.0029932909076952;0.29932909076951997;1.3277910041499366
2813;2813;1961-03-16;0.010017285283741;1.0017285283741;1.3378082894336776
2814;2814;1961-03-17;-0.0032758628723872;-0.32758628723871996;1.3345324265612903
2815;2815;1961-03-20;0.0133480329373237;1.33480329373237;1.347880459498614
2816;2816;1961-03-21;-0.0018518986916991;-0.18518986916990998;1.346028560806915
2817;2817;1961-03-22;-0.0006180624662937;-0.06180624662937;1.3454104983406212
2818;2818;1961-03-23;-0.0026309386879219;-0.26309386879219004;1.3427795596526992
2819;2819;1961-03-24;-0.0017061035942873;-0.17061035942872999;1.3410734560584119
2820;2820;1961-03-27;-0.0010872098946892;-0.10872098946891999;1.3399862461637226
2821;2821;1961-03-28;0.0004660763102348;0.04660763102348;1.3404523224739575
2822;2822;1961-03-29;0.0085067872480566;0.85067872480566;1.3489591097220142
2823;2823;1961-03-30;0.0020001237839553;0.20001237839553;1.3509592335059695
2824;2824;1961-04-03;0.0082657751578869;0.8265775157886899;1.3592250086638564
2825;2825;1961-04-04;0.0009143075310973;0.09143075310972999;1.3601393161949538
2826;2826;1961-04-05;-0.0030507191968052;-0.30507191968052;1.3570885969981485
2827;2827;1961-04-06;0.0022888848018354;0.22888848018354;1.359377481799984
2828;2828;1961-04-07;0.005320343932329;0.5320343932329;1.364697825732313
2829;2829;1961-04-10;0.0086044761922883;0.86044761922883;1.3733023019246013
2830;2830;1961-04-11;0.0013519190740725;0.13519190740724998;1.3746542209986738
2831;2831;1961-04-12;-0.0046641925776427;-0.46641925776427;1.3699900284210311
2832;2832;1961-04-13;-0.00075425816354;-0.075425816354;1.369235770257491
2833;2833;1961-04-14;0.0016587653031052;0.16587653031052;1.3708945355605964
2834;2834;1961-04-17;0.0342128436702973;3.4212843670297297;1.4051073792308937
2835;2835;1961-04-18;-0.0367776184035336;-3.67776184035336;1.3683297608273601
2836;2836;1961-04-19;-0.0059086455482324;-0.59086455482324;1.3624211152791277
2837;2837;1961-04-20;0.0001519714376847;0.01519714376847;1.3625730867168124
2838;2838;1961-04-21;-0.0007599818154364;-0.07599818154364;1.361813104901376
2839;2839;1961-04-24;-0.021050097533549;-2.1050097533549;1.340763007367827
2840;2840;1961-04-25;0.013878418057983;1.3878418057983;1.35464142542581
2841;2841;1961-04-26;0.0038211737521072;0.38211737521072;1.3584625991779171
2842;2842;1961-04-27;-0.0013740021797685;-0.13740021797685;1.3570885969981485
2843;2843;1961-04-28;-0.0022941205051463;-0.22941205051462998;1.3547944764930022
2844;2844;1961-05-01;-0.0021459236360623;-0.21459236360623002;1.3526485528569399
2845;2845;1961-05-02;0.0071860413319564;0.71860413319564;1.3598345941888963
2846;2846;1961-05-03;0.0081930515061889;0.81930515061889;1.3680276456950853
2847;2847;1961-05-04;0.0039210123539756;0.39210123539756003;1.371948658049061
2848;2848;1961-05-05;0.0012032943780653;0.12032943780652999;1.3731519524271263
2849;2849;1961-05-08;-0.0016549014409941;-0.16549014409941;1.3714970509861322
2850;2850;1961-05-09;0.0009030253133577;0.09030253133577;1.37240007629949
2851;2851;1961-05-10;-0.0009030253133577;-0.09030253133577;1.3714970509861322
2852;2852;1961-05-11;-0.0003012801159547;-0.030128011595470003;1.3711957708701774
2853;2853;1961-05-12;0.0016555199932497;0.16555199932497;1.3728512908634272
2854;2854;1961-05-15;0.0049501637878499;0.49501637878499005;1.3778014546512771
2855;2855;1961-05-16;0.0037338553204957;0.37338553204957003;1.3815353099717729
2856;2856;1961-05-17;0.0046106573489748;0.46106573489748004;1.3861459673207477
2857;2857;1961-05-18;-0.0059532994541555;-0.5953299454155501;1.3801926678665921
2858;2858;1961-05-19;0.0041710027761379;0.41710027761379;1.38436367064273
2859;2859;1961-05-22;-0.0062630538108861;-0.62630538108861;1.378100616831844
2860;2860;1961-05-23;-0.0025462157476319;-0.25462157476319003;1.375554401084212
2861;2861;1961-05-24;-0.0063186308267209;-0.63186308267209;1.369235770257491
2862;2862;1961-05-25;-0.0037801510567536;-0.37801510567536;1.3654556192007374
2863;2863;1961-05-26;0.0063424856780312;0.63424856780312;1.3717981048787686
2864;2864;1961-05-31;0.0019550047877254;0.19550047877253998;1.373753109666494
2865;2865;1961-06-01;0.0;0.0;1.373753109666494
2866;2866;1961-06-02;0.0025509054079293;0.25509054079293003;1.3763040150744235
2867;2867;1961-06-05;0.0052312948973494;0.52312948973494;1.3815353099717729
2868;2868;1961-06-06;-0.0028365025897549;-0.28365025897549;1.3786988073820179
2869;2869;1961-06-07;-0.0188642131931216;-1.88642131931216;1.3598345941888963
2870;2870;1961-06-08;0.0155697956441907;1.55697956441907;1.375404389833087
2871;2871;1961-06-09;-0.0001499137458758;-0.01499137458758;1.3752544760872112
2872;2872;1961-06-12;-0.0076802120903121;-0.7680212090312101;1.367574263996899
2873;2873;1961-06-13;-0.0053050368713041;-0.53050368713041;1.362269227125595
2874;2874;1961-06-14;0.0027318273447818;0.27318273447818;1.3650010544703768
2875;2875;1961-06-15;-0.0044049739183424;-0.44049739183423997;1.3605960805520343
2876;2876;1961-06-16;-0.0077940639409996;-0.7794063940999599;1.3528020166110346
2877;2877;1961-06-19;-0.0092478771099466;-0.9247877109946601;1.343554139501088
2878;2878;1961-06-20;0.0087875379697726;0.8787537969772601;1.3523416774708605
2879;2879;1961-06-21;-0.0001535497727047;-0.015354977270470001;1.3521881276981558
2880;2880;1961-06-22;-0.0036911299698516;-0.36911299698516004;1.3484969977283041
2881;2881;1961-06-23;0.003998190594511;0.39981905945109997;1.3524951883228151
2882;2882;1961-06-26;-0.0106458302875776;-1.06458302875776;1.3418493580352375
2883;2883;1961-06-27;0.0;0.0;1.3418493580352375
2884;2884;1961-06-28;0.0018595232816691;0.18595232816691;1.3437088813169067
2885;2885;1961-06-29;-0.0010843313554911;-0.10843313554911;1.3426245499614156
2886;2886;1961-06-30;0.0018581919827465;0.18581919827465;1.344482741944162
2887;2887;1961-07-03;0.0087794173274966;0.87794173274966;1.3532621592716587
2888;2888;1961-07-05;0.0064200467047879;0.6420046704787901;1.3596822059764466
2889;2889;1961-07-06;0.002738909302681;0.2738909302681;1.3624211152791277
2890;2890;1961-07-07;-0.0006080103777517;-0.06080103777517;1.361813104901376
2891;2891;1961-07-10;-0.0009126560083645;-0.09126560083645001;1.3609004488930114
2892;2892;1961-07-11;-0.0003043683409771;-0.030436834097710003;1.3605960805520343
2893;2893;1961-07-12;-0.0056484692481513;-0.56484692481513;1.354947611303883
2894;2894;1961-07-13;-0.0070671518052689;-0.70671518052689;1.347880459498614
2895;2895;1961-07-14;0.0064545790402288;0.64545790402288;1.3543350385388429
2896;2896;1961-07-17;-0.0075344094408773;-0.75344094408773;1.3468006290979655
2897;2897;1961-07-18;-0.005882323235391;-0.5882323235391;1.3409183058625744
2898;2898;1961-07-19;0.0044921924780467;0.44921924780467004;1.3454104983406212
2899;2899;1961-07-20;0.0001545784766099;0.01545784766099;1.3455650768172311
2900;2900;1961-07-21;0.0023153826813828;0.23153826813828;1.347880459498614
2901;2901;1961-07-24;0.0001541971743064;0.01541971743064;1.3480346566729204
2902;2902;1961-07-25;0.0055342183278099;0.55342183278099;1.3535688750007304
2903;2903;1961-07-26;0.0093079638163597;0.9307963816359699;1.3628768388170902
2904;2904;1961-07-27;0.0116272358223775;1.1627235822377502;1.3745040746394677
2905;2905;1961-07-28;0.0015001202933184;0.15001202933184;1.3760041949327861
2906;2906;1961-07-31;0.0007492770205255;0.07492770205255;1.3767534719533117
2907;2907;1961-08-01;0.0090957307510812;0.90957307510812;1.385849202704393
2908;2908;1961-08-02;-0.0064031338420917;-0.6403133842091701;1.3794460688623011
2909;2909;1961-08-03;0.0052149264005931;0.5214926400593101;1.3846609952628943
2910;2910;1961-08-04;0.0057790632366927;0.57790632366927;1.390440058499587
2911;2911;1961-08-07;-0.0001477946090284;-0.01477946090284;1.3902922638905586
2912;2912;1961-08-08;0.0022142160085527;0.22142160085527;1.3925064798991114
2913;2913;1961-08-09;-0.0011803188325201;-0.11803188325201;1.3913261610665912
2914;2914;1961-08-10;0.0030952785820685;0.30952785820685;1.3944214396486598
2915;2915;1961-08-11;0.0016175432398819;0.16175432398819;1.3960389828885418
2916;2916;1961-08-14;-0.0050080676553019;-0.50080676553019;1.3910309152332399
2917;2917;1961-08-15;-0.0025134632138668;-0.25134632138668;1.388517452019373
2918;2918;1961-08-16;0.0026611487025753;0.26611487025753;1.3911786007219484
2919;2919;1961-08-17;0.0055948024150289;0.55948024150289;1.3967734031369774
2920;2920;1961-08-18;0.002639297681072;0.26392976810720004;1.3994127008180495
2921;2921;1961-08-21;0.002047967347976;0.2047967347976;1.4014606681660255
2922;2922;1961-08-22;0.0001461532822624;0.01461532822624;1.401606821448288
2923;2923;1961-08-23;-0.0067438898480736;-0.6743889848073601;1.3948629316002144
2924;2924;1961-08-24;-0.0057536044666868;-0.57536044666868;1.3891093271335275
2925;2925;1961-08-25;0.001182936757031;0.11829367570310001;1.3902922638905586
2926;2926;1961-08-28;0.0004432149161424;0.04432149161424;1.390735478806701
2927;2927;1961-08-29;-0.0022180267873279;-0.22180267873279;1.388517452019373
2928;2928;1961-08-30;0.0038415383838215;0.38415383838215;1.3923589904031946
2929;2929;1961-08-31;0.0038269402582846;0.38269402582846;1.3961859306614792
2930;2930;1961-09-01;0.0017613684025148;0.17613684025148;1.397947299063994
2931;2931;1961-09-05;-0.0033786737731818;-0.33786737731818;1.3945686252908123
2932;2932;1961-09-06;0.0073303364057757;0.73303364057757;1.401898961696588
2933;2933;1961-09-07;-0.0016080845861665;-0.16080845861665;1.4002908771104214
2934;2934;1961-09-08;-0.006900137738417;-0.6900137738417;1.3933907393720044
2935;2935;1961-09-11;-0.008878395368951;-0.8878395368951001;1.3845123440030533
2936;2936;1961-09-12;0.0100562812877589;1.0056281287758901;1.3945686252908123
2937;2937;1961-09-13;0.0007355005057938;0.07355005057938;1.3953041257966061
2938;2938;1961-09-14;-0.0070828538164704;-0.70828538164704;1.3882212719801357
2939;2939;1961-09-15;0.0017754554022113;0.17754554022113;1.389996727382347
2940;2940;1961-09-18;-0.0065253530775919;-0.65253530775919;1.383471374304755
2941;2941;1961-09-19;-0.0169558716240701;-1.6955871624070098;1.366515502680685
2942;2942;1961-09-20;0.0132292517678643;1.32292517678643;1.3797447544485493
2943;2943;1961-09-21;0.0004479134180428;0.04479134180428;1.3801926678665921
2944;2944;1961-09-22;-0.0040385516264729;-0.40385516264729;1.3761541162401192
2945;2945;1961-09-25;-0.0143410113387432;-1.43410113387432;1.361813104901376
2946;2946;1961-09-26;0.0001520638589642;0.01520638589642;1.3619651687603402
2947;2947;1961-09-27;0.0104349075391497;1.04349075391497;1.37240007629949
2948;2948;1961-09-28;0.0016535290880579;0.16535290880579;1.3740536053875478
2949;2949;1961-09-29;0.0022504096868756;0.22504096868756;1.3763040150744235
2950;2950;1961-10-02;0.0005991610666136;0.059916106661360005;1.376903176141037
2951;2951;1961-10-03;-0.0005991610666136;-0.059916106661360005;1.3763040150744235
2952;2952;1961-10-04;0.0067209123113425;0.6720912311342501;1.383024927385766
2953;2953;1961-10-05;0.008743990696499;0.8743990696498999;1.391768918082265
2954;2954;1961-10-06;-0.0118748020266279;-1.18748020266279;1.379894116055637
2955;2955;1961-10-09;0.0143802193161582;1.43802193161582;1.3942743353717952
2956;2956;1961-10-10;0.0024990677651821;0.24990677651821003;1.3967734031369774
2957;2957;1961-10-11;0.0008804961009163;0.08804961009163;1.3976538992378937
2958;2958;1961-10-12;-0.0001466148297701;-0.01466148297701;1.3975072844081236
2959;2959;1961-10-13;-0.0017621589816068;-0.17621589816068;1.3957451254265167
2960;2960;1961-10-16;-0.002796425420807;-0.2796425420807;1.3929487000057097
2961;2961;1961-10-17;0.0002947981137264;0.029479811372640004;1.3932434981194362
2962;2962;1961-10-18;0.0049970120882036;0.49970120882036;1.3982405102076398
2963;2963;1961-10-19;0.0035123409008246;0.35123409008246;1.4017528511084645
2964;2964;1961-10-20;-0.0065958027307386;-0.65958027307386;1.3951570483777258
2965;2965;1961-10-23;0.0008819345108159;0.08819345108159;1.3960389828885418
2966;2966;1961-10-24;-0.0011760512883274;-0.11760512883273999;1.3948629316002144
2967;2967;1961-10-25;0.0052815997576738;0.52815997576738;1.4001445313578882
2968;2968;1961-10-26;0.0017544303386998;0.17544303386998;1.401898961696588
2969;2969;1961-10-27;-0.0017544303386998;-0.17544303386998;1.4001445313578882
2970;2970;1961-10-30;0.0011699621619696;0.11699621619695999;1.4013144935198578
2971;2971;1961-10-31;0.0029189308310959;0.29189308310959;1.4042334243509538
2972;2972;1961-11-01;0.0016017476332397;0.16017476332397;1.4058351719841935
2973;2973;1961-11-02;0.0055136237904145;0.55136237904145;1.411348795774608
2974;2974;1961-11-03;0.0051955665265026;0.51955665265026;1.4165443623011107
2975;2975;1961-11-06;0.0077430984569613;0.77430984569613;1.424287460758072
2976;2976;1961-11-08;0.0122091375967388;1.2209137596738802;1.4364965983548108
2977;2977;1961-11-09;-0.0014121154563433;-0.14121154563433;1.4350844828984675
2978;2978;1961-11-10;0.0042301671419551;0.42301671419551;1.4393146500404226
2979;2979;1961-11-13;0.0028101325815272;0.28101325815272;1.4421247826219499
2980;2980;1961-11-14;0.0054573282756207;0.54573282756207;1.4475821108975706
2981;2981;1961-11-15;0.0001394544041968;0.01394544041968;1.4477215653017674
2982;2982;1961-11-16;-0.0006978156421215;-0.06978156421215;1.4470237496596459
2983;2983;1961-11-17;0.0;0.0;1.4470237496596459
2984;2984;1961-11-20;0.0013952562220174;0.13952562220174;1.4484190058816633
2985;2985;1961-11-21;0.0008362091079598;0.08362091079598;1.4492552149896232
2986;2986;1961-11-22;-0.0011151660234345;-0.11151660234344998;1.4481400489661886
2987;2987;1961-11-24;0.0019506625500858;0.19506625500858;1.4500907115162744
2988;2988;1961-11-27;0.0001392163746087;0.013921637460869999;1.4502299278908832
2989;2989;1961-11-28;-0.0013927300495337;-0.13927300495337;1.4488371978413495
2990;2990;1961-11-29;-0.0006971488751608;-0.06971488751608;1.4481400489661886
2991;2991;1961-11-30;-0.0053139127696306;-0.53139127696306;1.442826136196558
2992;2992;1961-12-01;0.0064290787930652;0.6429078793065199;1.4492552149896232
2993;2993;1961-12-04;0.0031991542466913;0.31991542466913;1.4524543692363145
2994;2994;1961-12-05;-0.0011116021554311;-0.11116021554311001;1.4513427670808834
2995;2995;1961-12-06;0.0008337688203106;0.08337688203106;1.452176535901194
2996;2996;1961-12-07;-0.0040364869350053;-0.40364869350053;1.4481400489661886
2997;2997;1961-12-08;0.0047308284243623;0.47308284243623;1.452870877390551
2998;2998;1961-12-11;0.0048466203020547;0.48466203020547;1.4577174976926057
2999;2999;1961-12-12;0.0034475660355308;0.34475660355308;1.4611650637281366
3000;3000;1961-12-13;-0.0015154649385946;-0.15154649385946;1.459649598789542
3001;3001;1961-12-14;-0.0076119112587953;-0.76119112587953;1.4520376875307466
3002;3002;1961-12-15;0.0004166817055679;0.04166817055679;1.4524543692363145
3003;3003;1961-12-18;-0.0034777804134753;-0.34777804134753004;1.4489765888228392
3004;3004;1961-12-19;-0.0069920573772943;-0.6992057377294301;1.4419845314455448
3005;3005;1961-12-20;-0.0019665548560503;-0.19665548560503;1.4400179765894945
3006;3006;1961-12-21;-0.0036625198382154;-0.36625198382154;1.436355456751279
3007;3007;1961-12-22;0.0007054101757768;0.07054101757768;1.437060866927056
3008;3008;1961-12-26;0.001549961547882;0.1549961547882;1.438610828474938
3009;3009;1961-12-27;0.0088316969143296;0.88316969143296;1.4474425253892675
3010;3010;1961-12-28;0.0005581135750256;0.05581135750256;1.4480006389642932
3011;3011;1961-12-29;-0.001954747831494;-0.1954747831494;1.4460458911327991
3012;3012;1962-01-02;-0.008280224022303;-0.8280224022303001;1.4377656671104961
3013;3013;1962-01-03;0.0023928226602487;0.23928226602487002;1.440158489770745
3014;3014;1962-01-04;-0.0069126044297069;-0.69126044297069;1.433245885341038
3015;3015;1962-01-05;-0.0139702197798028;-1.39702197798028;1.419275665561235
3016;3016;1962-01-08;-0.0077821544610392;-0.77821544610392;1.4114935111001958
3017;3017;1962-01-09;0.0004339191348217;0.043391913482169996;1.4119274302350175
3018;3018;1962-01-10;-0.0027514751791208;-0.27514751791208;1.4091759550558967
3019;3019;1962-01-11;0.0059279287892914;0.59279287892914;1.4151038838451881
3020;3020;1962-01-12;0.0034537089027573;0.34537089027573004;1.4185575927479455
3021;3021;1962-01-15;-0.0020132304468347;-0.20132304468346998;1.4165443623011107
3022;3022;1962-01-16;-0.0057745359986105;-0.5774535998610499;1.4107698263025001
3023;3023;1962-01-17;-0.0109179336205667;-1.09179336205667;1.3998518926819334
3024;3024;1962-01-18;0.0010240510076693;0.10240510076693;1.4008759436896028
3025;3025;1962-01-19;0.0052501360586969;0.5250136058696899;1.4061260797482997
3026;3026;1962-01-22;0.0008723176021643;0.08723176021643;1.406998397350464
3027;3027;1962-01-23;-0.0075856965324145;-0.75856965324145;1.3994127008180495
3028;3028;1962-01-24;0.0016094962518398;0.16094962518398;1.4010221970698893
3029;3029;1962-01-25;-0.0007313199594678;-0.07313199594678;1.4002908771104214
3030;3030;1962-01-26;-0.0032239331566925;-0.32239331566925;1.3970669439537289
3031;3031;1962-01-29;-0.0033815367323786;-0.33815367323786;1.3936854072213503
3032;3032;1962-01-30;0.0039684920165434;0.39684920165434;1.3976538992378937
3033;3033;1962-01-31;0.0097803572013095;0.97803572013095;1.4074342564392033
3034;3034;1962-02-01;0.0060826546133876;0.60826546133876;1.413516911052591
3035;3035;1962-02-02;0.0079096694821467;0.7909669482146701;1.4214265805347377
3036;3036;1962-02-05;0.0010022050019973;0.10022050019973;1.422428785536735
3037;3037;1962-02-06;0.0011441935214024;0.11441935214023999;1.4235729790581375
3038;3038;1962-02-07;0.0065536494693647;0.65536494693647;1.4301266285275023
3039;3039;1962-02-08;0.0022695612578793;0.22695612578793;1.4323961897853816
3040;3040;1962-02-09;-0.0014178223905725;-0.14178223905725;1.430978367394809
3041;3041;1962-02-12;-0.0002838654725483;-0.02838654725483;1.4306945019222608
3042;3042;1962-02-13;-0.0001419629593462;-0.01419629593462;1.4305525389629146
3043;3043;1962-02-14;-0.0004259104354122;-0.04259104354122;1.4301266285275023
3044;3044;1962-02-15;0.0045338701789035;0.45338701789035;1.4346604987064058
3045;3045;1962-02-16;-0.0021227207626575;-0.21227207626574998;1.4325377779437483
3046;3046;1962-02-19;-0.0025530794009771;-0.25530794009770996;1.429984698542771
3047;3047;1962-02-20;0.0035443431989596;0.35443431989595997;1.4335290417417308
3048;3048;1962-02-21;-0.0048234451631907;-0.48234451631906994;1.42870559657854
3049;3049;1962-02-23;-0.0022778483004524;-0.22778483004523997;1.4264277482780876
3050;3050;1962-02-26;-0.0057175968060203;-0.57175968060203;1.4207101514720673
3051;3051;1962-02-27;0.0018617549103909;0.18617549103909;1.4225719063824582
3052;3052;1962-02-28;0.0010010726756792;0.10010726756792;1.4235729790581375
3053;3053;1962-03-01;0.0034246324402031;0.34246324402031003;1.4269976114983407
3054;3054;1962-03-02;-0.000569863220253;-0.0569863220253;1.4264277482780876
3055;3055;1962-03-05;-0.0021402875200156;-0.21402875200156;1.424287460758072
3056;3056;1962-03-06;-0.0032906961285785;-0.32906961285784997;1.4209967646294934
3057;3057;1962-03-07;-0.0012905572789252;-0.12905572789251998;1.4197062073505682
3058;3058;1962-03-08;0.0071490150874682;0.71490150874682;1.4268552224380364
3059;3059;1962-03-09;0.0032714060894658;0.32714060894658;1.4301266285275023
3060;3060;1962-03-12;-0.000283993752796;-0.028399375279599997;1.4298426347747062
3061;3061;1962-03-13;0.0028368245974963;0.28368245974963;1.4326794593722025
3062;3062;1962-03-14;0.0043814075548533;0.43814075548533;1.437060866927056
3063;3063;1962-03-15;0.0021130387222143;0.21130387222143;1.4391739056492703
3064;3064;1962-03-16;-0.0016900849093373;-0.16900849093373;1.437483820739933
3065;3065;1962-03-19;-0.001269539630277;-0.12695396302769998;1.4362142811096559
3066;3066;1962-03-20;-0.002685239367925;-0.2685239367925;1.4335290417417308
3067;3067;1962-03-21;-0.0021251264443922;-0.21251264443922;1.4314039152973386
3068;3068;1962-03-22;-0.0015612805226323;-0.15612805226323;1.4298426347747062
3069;3069;1962-03-23;0.0007099041882083;0.07099041882083;1.4305525389629146
3070;3070;1962-03-26;-0.0079806325804563;-0.79806325804563;1.4225719063824582
3071;3071;1962-03-27;-0.0027222884559687;-0.27222884559687;1.4198496179264894
3072;3072;1962-03-28;0.0048662469703364;0.48662469703364003;1.424715864896826
3073;3073;1962-03-29;-0.0004284041387538;-0.042840413875380005;1.424287460758072
3074;3074;1962-03-30;-0.0065921560525668;-0.65921560525668;1.4176953047055052
3075;3075;1962-04-02;-0.002591420860317;-0.2591420860317;1.4151038838451881
3076;3076;1962-04-03;-0.008105486494724;-0.8105486494724;1.406998397350464
3077;3077;1962-04-04;-0.0046613341403754;-0.46613341403754;1.4023370632100887
3078;3078;1962-04-05;0.0061136434073727;0.61136434073727;1.4084507066174614
3079;3079;1962-04-06;-0.0010164501782581;-0.10164501782581001;1.4074342564392033
3080;3080;1962-04-09;-0.0077287737721167;-0.77287737721167;1.3997054826670865
3081;3081;1962-04-10;0.0036531056525275;0.36531056525275;1.403358588319614
3082;3082;1962-04-11;-0.0021901738741068;-0.21901738741068;1.4011684144455072
3083;3083;1962-04-12;-0.0074830072241569;-0.74830072241569;1.3936854072213503
3084;3084;1962-04-13;0.0;0.0;1.3936854072213503
3085;3085;1962-04-16;-0.0044281105566126;-0.44281105566125994;1.3892572966647376
3086;3086;1962-04-17;0.0044281105566126;0.44281105566125994;1.3936854072213503
3087;3087;1962-04-18;0.0054343234672895;0.54343234672895;1.3991197306886398
3088;3088;1962-04-19;0.0046763057066687;0.46763057066686997;1.4037960363953086
3089;3089;1962-04-23;-0.0008751021881066;-0.08751021881066;1.402920934207202
3090;3090;1962-04-24;-0.0010219725106139;-0.10219725106139001;1.401898961696588
3091;3091;1962-04-25;-0.0110157537662827;-1.10157537662827;1.3908832079303053
3092;3092;1962-04-26;-0.0097952102582707;-0.97952102582707;1.3810879976720345
3093;3093;1962-04-27;-0.0112487120297313;-1.12487120297313;1.3698392856423032
3094;3094;1962-04-30;-0.0161171953439112;-1.61171953439112;1.353722090298392
3095;3095;1962-05-01;0.0070261327316902;0.70261327316902;1.3607482230300822
3096;3096;1962-05-02;0.0044043052592437;0.44043052592437004;1.365152528289326
3097;3097;1962-05-03;0.0081497736352753;0.81497736352753;1.3733023019246013
3098;3098;1962-05-04;-0.0043684788392157;-0.43684788392157;1.3689338230853856
3099;3099;1962-05-07;-0.0033267988994962;-0.33267988994962;1.3656070241858893
3100;3100;1962-05-08;-0.0129584713289495;-1.2958471328949501;1.3526485528569399
3101;3101;1962-05-09;-0.0140618248440489;-1.40618248440489;1.338586728012891
3102;3102;1962-05-10;-0.0107957238629544;-1.07957238629544;1.3277910041499366
3103;3103;1962-05-11;-0.0145779476828567;-1.45779476828567;1.3132130564670799
3104;3104;1962-05-14;0.0071570245859851;0.71570245859851;1.320370081053065
3105;3105;1962-05-15;0.0186833758566678;1.86833758566678;1.3390534569097328
3106;3106;1962-05-16;-0.0003112010029973;-0.03112010029973;1.3387422559067355
3107;3107;1962-05-17;-0.0053041779264813;-0.5304177926481299;1.3334380779802542
3108;3108;1962-05-18;-0.0017221139285377;-0.17221139285377;1.3317159640517164
3109;3109;1962-05-21;-0.0036103955707806;-0.36103955707806;1.3281055684809357
3110;3110;1962-05-22;-0.019852950940126;-1.9852950940126;1.3082526175408098
3111;3111;1962-05-23;-0.0199277390684331;-1.99277390684331;1.2883248784723766
3112;3112;1962-05-24;-0.0080506801373063;-0.80506801373063;1.2802741983350703
3113;3113;1962-05-25;-0.0191528545997484;-1.9152854599748401;1.261121343735322
3114;3114;1962-05-28;-0.0690889797813146;-6.908897978131461;1.1920323639540074
3115;3115;1962-05-29;0.0454383841994135;4.54383841994135;1.2374707481534208
3116;3116;1962-05-31;0.0263374149532947;2.63374149532947;1.2638081631067155
3117;3117;1962-06-01;-0.0042013337287958;-0.42013337287958;1.2596068293779197
3118;3118;1962-06-04;-0.0361805597705347;-3.61805597705347;1.223426269607385
3119;3119;1962-06-05;0.005224672281952;0.5224672281952;1.228650941889337
3120;3120;1962-06-06;0.0141430264815074;1.41430264815074;1.2427939683708444
3121;3121;1962-06-07;0.0001712989115301;0.017129891153010002;1.2429652672823746
3122;3122;1962-06-08;0.0008557809459617;0.08557809459617;1.2438210482283363
3123;3123;1962-06-11;-0.0108369684385172;-1.08369684385172;1.232984079789819
3124;3124;1962-06-12;-0.0259299741399737;-2.59299741399737;1.2070541056498454
3125;3125;1962-06-13;-0.015021741695838;-1.5021741695838;1.1920323639540074
3126;3126;1962-06-14;-0.0213064233768829;-2.13064233768829;1.1707259405771244
3127;3127;1962-06-15;0.0283088580138129;2.83088580138129;1.1990347985909373
3128;3128;1962-06-18;-0.0026873974546415;-0.26873974546415;1.1963474011362958
3129;3129;1962-06-19;-0.0035945580509819;-0.35945580509819;1.1927528430853138
3130;3130;1962-06-20;-0.013778354303601;-1.3778354303601;1.1789744887817128
3131;3131;1962-06-21;-0.0219626620733351;-2.19626620733351;1.1570118267083778
3132;3132;1962-06-22;-0.0171266066316784;-1.71266066316784;1.1398852200766993
3133;3133;1962-06-25;-0.0043755229669977;-0.43755229669977;1.1355096971097016
3134;3134;1962-06-26;-0.0024816467591395;-0.24816467591395;1.133028050350562
3135;3135;1962-06-27;0.0053373745719063;0.53373745719063;1.1383654249224684
3136;3136;1962-06-28;0.0338318787769842;3.38318787769842;1.1721973036994526
3137;3137;1962-06-29;0.0062294081987763;0.62294081987763;1.178426711898229
3138;3138;1962-07-02;0.0200712097223184;2.00712097223184;1.1984979216205474
3139;3139;1962-07-03;0.0112150883227375;1.1215088322737499;1.209713009943285
3140;3140;1962-07-05;0.0056487174299038;0.56487174299038;1.2153617273731887
3141;3141;1962-07-06;-0.0113296132334249;-1.13296132334249;1.2040321141397639
3142;3142;1962-07-09;0.0067424139405183;0.6742413940518299;1.2107745280802822
3143;3143;1962-07-10;0.0114287309896062;1.14287309896062;1.2222032590698884
3144;3144;1962-07-11;0.0092230532045727;0.9223053204572699;1.231426312274461
3145;3145;1962-07-12;0.0051831318972084;0.5183131897208401;1.2366094441716695
3146;3146;1962-07-13;-0.0034523942157989;-0.34523942157989;1.2331570499558706
3147;3147;1962-07-16;0.0;0.0;1.2331570499558706
3148;3148;1962-07-17;-0.0183235733212621;-1.8323573321262099;1.2148334766346085
3149;3149;1962-07-18;-0.0102673587397497;-1.02673587397497;1.2045661178948588
3150;3150;1962-07-19;0.0039068954321868;0.39068954321868;1.2084730133270456
3151;3151;1962-07-20;0.0068887140461431;0.6888714046143101;1.2153617273731887
3152;3152;1962-07-23;-0.0001760760500983;-0.01760760500983;1.2151856513230903
3153;3153;1962-07-24;-0.0077766033479118;-0.77766033479118;1.2074090479751785
3154;3154;1962-07-25;0.0017727003401288;0.17727003401288;1.2091817483153073
3155;3155;1962-07-26;0.0054756120689463;0.5475612068946301;1.2146573603842536
3156;3156;1962-07-27;0.0075458986856347;0.75458986856347;1.2222032590698884
3157;3157;1962-07-30;0.0109537908859823;1.09537908859823;1.2331570499558706
3158;3158;1962-07-31;0.0068929790947764;0.68929790947764;1.240050029050647
3159;3159;1962-08-01;-0.0082773364471249;-0.8277336447124899;1.2317726926035222
3160;3160;1962-08-02;0.0039747740916062;0.39747740916062;1.2357474666951285
3161;3161;1962-08-03;0.002411698002791;0.24116980027909998;1.2381591646979195
3162;3162;1962-08-06;-0.0063864720943973;-0.63864720943973;1.2317726926035222
3163;3163;1962-08-07;-0.0067761356767865;-0.67761356767865;1.2249965569267356
3164;3164;1962-08-08;0.0026115972239848;0.26115972239848;1.2276081541507204
3165;3165;1962-08-09;0.0010427877386165;0.10427877386165;1.228650941889337
3166;3166;1962-08-10;-0.0003474808960213;-0.03474808960213;1.2283034609933157
3167;3167;1962-08-13;0.0013891650089519;0.13891650089519;1.2296926260022676
3168;3168;1962-08-14;0.0107008096451615;1.07008096451615;1.240393435647429
3169;3169;1962-08-15;0.0070139711034951;0.70139711034951;1.2474074067509242
3170;3170;1962-08-16;-0.0003410230241156;-0.03410230241156;1.2470663837268086
3171;3171;1962-08-17;0.0062898466513265;0.62898466513265;1.2533562303781351
3172;3172;1962-08-20;0.0060821442625442;0.60821442625442;1.2594383746406794
3173;3173;1962-08-21;-0.0042197717138643;-0.42197717138643;1.255218602926815
3174;3174;1962-08-22;0.0111018804025926;1.1101880402592599;1.2663204833294077
3175;3175;1962-08-23;-0.0013391029788136;-0.13391029788136;1.264981380350594
3176;3176;1962-08-24;-0.0020120562955279;-0.20120562955278998;1.2629693240550661
3177;3177;1962-08-27;-0.0005037018447495;-0.05037018447495;1.2624656222103166
3178;3178;1962-08-28;-0.0128444895848387;-1.28444895848387;1.2496211326254778
3179;3179;1962-08-29;-0.0022137258745536;-0.22137258745535998;1.2474074067509242
3180;3180;1962-08-30;0.0003408897254759;0.034088972547589996;1.2477482964764002
3181;3181;1962-08-31;0.0074703064504149;0.74703064504149;1.255218602926815
3182;3182;1962-09-04;-0.0095173729956377;-0.9517372995637701;1.2457012299311774
3183;3183;1962-09-05;-0.0075420652332578;-0.75420652332578;1.2381591646979195
3184;3184;1962-09-06;0.0041209192933076;0.41209192933076;1.2422800839912271
3185;3185;1962-09-07;0.0003426417655143;0.03426417655143;1.2426227257567415
3186;3186;1962-09-10;0.0011983224715947;0.11983224715947001;1.2438210482283363
3187;3187;1962-09-11;0.0023923285299796;0.23923285299796002;1.246213376758316
3188;3188;1962-09-12;0.0042578621765399;0.42578621765399;1.2504712389348558
3189;3189;1962-09-13;-0.0023821518634115;-0.23821518634115002;1.2480890870714443
3190;3190;1962-09-14;0.0032315361058419;0.32315361058419;1.2513206231772862
3191;3191;1962-09-17;0.0032212115399143;0.32212115399143004;1.2545418347172006
3192;3192;1962-09-18;-0.0008467192035226;-0.08467192035226001;1.253695115513678
3193;3193;1962-09-19;-0.0013561283651508;-0.13561283651508;1.252338987148527
3194;3194;1962-09-20;-0.0069793456008318;-0.69793456008318;1.2453596415476953
3195;3195;1962-09-21;-0.014626467411305;-1.4626467411305;1.2307331741363903
3196;3196;1962-09-24;-0.0185449331505732;-1.85449331505732;1.2121882409858171
3197;3197;1962-09-25;0.0058103517633423;0.58103517633423;1.2179985927491594
3198;3198;1962-09-26;-0.0143225327442114;-1.43225327442114;1.203676060004948
3199;3199;1962-09-27;-0.0067906264018669;-0.67906264018669;1.1968854336030812
3200;3200;1962-09-28;0.0089254430437248;0.89254430437248;1.205810876646806
3201;3201;1962-10-01;-0.013958673064848;-1.3958673064848;1.191852203581958
3202;3202;1962-10-02;0.010932916497687;1.0932916497687;1.202785120079645
3203;3203;1962-10-03;0.0010689828395289;0.10689828395289;1.203854102919174
3204;3204;1962-10-04;0.0095694686528355;0.95694686528355;1.2134235715720096
3205;3205;1962-10-05;0.006504356178226;0.6504356178226001;1.2199279277502357
3206;3206;1962-10-08;0.0;0.0;1.2199279277502357
3207;3207;1962-10-09;0.0022753313196526;0.22753313196526;1.2222032590698884
3208;3208;1962-10-10;0.0006990737605807;0.06990737605807;1.2229023328304691
3209;3209;1962-10-11;-0.0033249308492493;-0.33249308492493;1.2195774019812198
3210;3210;1962-10-12;-0.0017543513271478;-0.17543513271478;1.217823050654072
3211;3211;1962-10-15;0.005603218953313;0.5603218953313;1.223426269607385
3212;3212;1962-10-16;-0.0033230987585888;-0.33230987585888;1.2201031708487962
3213;3213;1962-10-17;-0.0033342664624029;-0.33342664624029;1.2167689043863932
3214;3214;1962-10-18;-0.0097147987365477;-0.97147987365477;1.2070541056498454
3215;3215;1962-10-19;-0.0134014334828487;-1.34014334828487;1.1936526721669967
3216;3216;1962-10-22;-0.0113976992463352;-1.13976992463352;1.1822549729206615
3217;3217;1962-10-23;-0.0271108717857183;-2.7110871785718302;1.1551441011349433
3218;3218;1962-10-24;0.0316493202499681;3.1649320249968103;1.1867934213849114
3219;3219;1962-10-25;-0.0094632191094898;-0.9463219109489799;1.1773302022754215
3220;3220;1962-10-26;-0.0027464633211935;-0.27464633211934997;1.174583738954228
3221;3221;1962-10-29;0.0214047711058734;2.14047711058734;1.1959885100601013
3222;3222;1962-10-30;0.0146092030935554;1.46092030935554;1.2105977131536567
3223;3223;1962-10-31;-0.0003538121357111;-0.03538121357111;1.2102439010179455
3224;3224;1962-11-01;0.0105597427079989;1.05597427079989;1.2208036437259444
3225;3225;1962-11-02;0.0109690488775778;1.09690488775778;1.2317726926035222
3226;3226;1962-11-05;0.0103359750547396;1.0335975054739601;1.2421086676582618
3227;3227;1962-11-07;0.0061507285865785;0.61507285865785;1.2482593962448403
3228;3228;1962-11-08;-0.0066649653428188;-0.66649653428188;1.2415944309020215
3229;3229;1962-11-09;0.0078565562777788;0.7856556277778801;1.2494509871798003
3230;3230;1962-11-12;0.0136861307807061;1.36861307807061;1.2631371179605064
3231;3231;1962-11-13;-0.0021839740069653;-0.21839740069653;1.260953143953541
3232;3232;1962-11-14;0.0117038788896622;1.17038788896622;1.2726570228432033
3233;3233;1962-11-15;-0.003163225786162;-0.3163225786162;1.2694937970570412
3234;3234;1962-11-16;0.003163225786162;0.3163225786162;1.2726570228432033
3235;3235;1962-11-19;-0.0056676264397825;-0.5667626439782499;1.2669893964034207
3236;3236;1962-11-20;0.010476540401597;1.0476540401597;1.2774659368050176
3237;3237;1962-11-21;0.0059376719732835;0.59376719732835;1.2834036087783012
3238;3238;1962-11-23;0.0119331205668072;1.19331205668072;1.2953367293451084
3239;3239;1962-11-26;-0.0029292127872269;-0.29292127872269;1.2924075165578814
3240;3240;1962-11-27;0.006011863049542;0.6011863049542;1.2984193796074235
3241;3241;1962-11-28;0.0062979457768062;0.62979457768062;1.3047173253842297
3242;3242;1962-11-29;0.0046575367633403;0.46575367633403003;1.30937486214757
3243;3243;1962-11-30;-0.0024063860558429;-0.24063860558429;1.306968476091727
3244;3244;1962-12-03;-0.0051529744897074;-0.51529744897074;1.3018155016020196
3245;3245;1962-12-04;0.0112378773179067;1.12378773179067;1.3130533789199264
3246;3246;1962-12-05;-0.0039990456238223;-0.39990456238223;1.309054333296104
3247;3247;1962-12-06;0.0086180074443573;0.86180074443573;1.3176723407404614
3248;3248;1962-12-07;0.0020636724359848;0.20636724359848;1.3197360131764462
3249;3249;1962-12-10;-0.012606901090467;-1.2606901090467;1.3071291120859792
3250;3250;1962-12-11;0.0008026326781322;0.08026326781322;1.3079317447641114
3251;3251;1962-12-12;0.0049620109416181;0.49620109416180996;1.3128937557057296
3252;3252;1962-12-13;-0.0033587077024908;-0.33587077024908;1.3095350480032388
3253;3253;1962-12-14;0.0024002252086523;0.24002252086523002;1.3119352732118912
3254;3254;1962-12-17;-0.0032015555055906;-0.32015555055906;1.3087337177063005
3255;3255;1962-12-18;-0.0048215940791207;-0.48215940791206996;1.3039121236271798
3256;3256;1962-12-19;0.0081829897742666;0.81829897742666;1.3120951134014465
3257;3257;1962-12-20;0.0038277239106729;0.38277239106729;1.3159228373121195
3258;3258;1962-12-21;-0.0028694583921931;-0.28694583921931;1.3130533789199264
3259;3259;1962-12-24;-0.0001596232141967;-0.015962321419669998;1.3128937557057296
3260;3260;1962-12-26;0.0062077238250175;0.6207723825017499;1.3191014795307472
3261;3261;1962-12-27;-0.0014291387902858;-0.14291387902858;1.3176723407404614
3262;3262;1962-12-28;0.0004765906872048;0.04765906872048;1.3181489314276662
3263;3263;1962-12-31;0.0022211496253987;0.22211496253986998;1.320370081053065
3264;3264;1963-01-02;-0.0065188085170762;-0.65188085170762;1.3138512725359888
3265;3265;1963-01-03;0.0162965714011376;1.62965714011376;1.3301478439371264
3266;3266;1963-01-04;0.0064137256452845;0.6413725645284499;1.336561569582411
3267;3267;1963-01-07;-0.0001558518521669;-0.015585185216689999;1.336405717730244
3268;3268;1963-01-08;0.0096228430766709;0.9622843076670899;1.346028560806915
3269;3269;1963-01-09;-0.0023196794900082;-0.23196794900082002;1.3437088813169067
3270;3270;1963-01-10;0.0018561955003244;0.18561955003244;1.3455650768172311
3271;3271;1963-01-11;0.002161146306439;0.21611463064390002;1.3477262231236702
3272;3272;1963-01-14;0.0053825429982845;0.53825429982845;1.3531087661219547
3273;3273;1963-01-15;-0.0013812603129412;-0.13812603129412;1.3517275058090135
3274;3274;1963-01-16;-0.0067807780751341;-0.67807780751341;1.3449467277338794
3275;3275;1963-01-17;0.0070878419643261;0.70878419643261;1.3520345696982055
3276;3276;1963-01-18;0.0007674469128291;0.07674469128291;1.3528020166110346
3277;3277;1963-01-21;0.0015330219278082;0.15330219278082;1.3543350385388429
3278;3278;1963-01-22;0.0024480275196143;0.24480275196143;1.3567830660584572
3279;3279;1963-01-23;0.0027468503938852;0.27468503938852;1.3595299164523424
3280;3280;1963-01-24;0.0019790978071503;0.19790978071503001;1.3615090142594928
3281;3281;1963-01-25;0.0025821842035362;0.25821842035362;1.364091198463029
3282;3282;1963-01-28;0.0048426246223565;0.48426246223565;1.3689338230853856
3283;3283;1963-01-29;-0.0001509020901862;-0.01509020901862;1.3687829209951994
3284;3284;1963-01-30;-0.0057541799763489;-0.57541799763489;1.3630287410188504
3285;3285;1963-01-31;0.0053010198085097;0.5301019808509699;1.3683297608273601
3286;3286;1963-02-01;0.0016602675936709;0.16602675936709;1.3699900284210311
3287;3287;1963-02-04;-0.0021135274206223;-0.21135274206223;1.3678765010004088
3288;3288;1963-02-05;-0.0009071213269988;-0.09071213269988;1.36696937967341
3289;3289;1963-02-06;0.0043770501310787;0.43770501310787;1.3713464298044886
3290;3290;1963-02-07;-0.0034699288040798;-0.34699288040798;1.3678765010004088
3291;3291;1963-02-08;0.0;0.0;1.3678765010004088
3292;3292;1963-02-11;-0.0062153766372405;-0.62153766372405;1.3616611243631682
3293;3293;1963-02-12;0.0010639106995205;0.10639106995205;1.3627250350626887
3294;3294;1963-02-13;0.0048492289342103;0.48492289342103;1.367574263996899
3295;3295;1963-02-14;0.0030188098397561;0.30188098397561003;1.3705930738366552
3296;3296;1963-02-15;0.0009039771494769;0.09039771494769;1.3714970509861322
3297;3297;1963-02-18;0.0016549014409941;0.16549014409941;1.3731519524271263
3298;3298;1963-02-19;-0.0048221915997661;-0.48221915997660997;1.3683297608273601
3299;3299;1963-02-20;-0.0056047257646714;-0.56047257646714;1.3627250350626887
3300;3300;1963-02-21;0.0013661634003403;0.13661634003403;1.364091198463029
3301;3301;1963-02-25;-0.0070026014648805;-0.70026014648805;1.3570885969981485
3302;3302;1963-02-26;0.0001527839306412;0.01527839306412;1.3572413809287898
3303;3303;1963-02-27;-0.0070509027462959;-0.70509027462959;1.3501904781824938
3304;3304;1963-02-28;-0.0111370212727611;-1.11370212727611;1.3390534569097328
3305;3305;1963-03-01;-0.0029597809827377;-0.29597809827377003;1.336093675926995
3306;3306;1963-03-04;0.009625955476034;0.9625955476034;1.345719631403029
3307;3307;1963-03-05;0.0003089294038858;0.030892940388580002;1.346028560806915
3308;3308;1963-03-06;0.0016976623167552;0.16976623167552;1.3477262231236702
3309;3309;1963-03-07;0.0063024418897672;0.63024418897672;1.3540286650134374
3310;3310;1963-03-08;0.001072057654647;0.1072057654647;1.3551007226680845
3311;3311;1963-03-11;0.0027514538070088;0.27514538070088;1.3578521764750933
3312;3312;1963-03-12;0.0024393364741;0.24393364741;1.3602915129491933
3313;3313;1963-03-13;0.0036480660058702;0.36480660058701997;1.3639395789550635
3314;3314;1963-03-14;-0.004714570291207;-0.4714570291207;1.3592250086638564
3315;3315;1963-03-15;0.005017907662971;0.5017907662971001;1.3642429163268275
3316;3316;1963-03-18;-0.0048654345268435;-0.48654345268435;1.359377481799984
3317;3317;1963-03-19;-0.0021361008711942;-0.21361008711941998;1.3572413809287898
3318;3318;1963-03-20;0.007304795947145;0.7304795947145;1.3645461768759348
3319;3319;1963-03-21;-0.0015174358570844;-0.15174358570844;1.3630287410188504
3320;3320;1963-03-22;0.0051500265296438;0.5150026529643801;1.3681787675484942
3321;3321;1963-03-25;0.0003020694864206;0.03020694864206;1.3684808370349149
3322;3322;1963-03-26;0.0028655927695737;0.28655927695737;1.3713464298044886
3323;3323;1963-03-27;0.0042079712797233;0.42079712797233;1.375554401084212
3324;3324;1963-03-28;-0.0015007956966641;-0.15007956966641;1.3740536053875478
3325;3325;1963-03-29;-0.000150236573317;-0.015023657331700002;1.3739033688142308
3326;3326;1963-04-01;0.0041972480176131;0.41972480176131;1.378100616831844
3327;3327;1963-04-02;-0.0001496297474385;-0.014962974743850001;1.3779509870844053
3328;3328;1963-04-03;0.00774974089689;0.7749740896890001;1.3857007279812954
3329;3329;1963-04-04;0.0072479720244143;0.72479720244143;1.3929487000057097
3330;3330;1963-04-05;0.0063175264765718;0.63175264765718;1.3992662264822815
3331;3331;1963-04-08;0.0035087463924181;0.35087463924181;1.4027749728746997
3332;3332;1963-04-09;-0.0010221217662351;-0.10221217662351001;1.4017528511084645
3333;3333;1963-04-10;-0.002340150290415;-0.23401502904149998;1.3994127008180495
3334;3334;1963-04-11;0.0070042020916405;0.70042020916405;1.40641690290969
3335;3335;1963-04-15;0.0046423848971324;0.46423848971324;1.4110592878068224
3336;3336;1963-04-16;0.0007234754248672;0.07234754248672;1.4117827632316897
3337;3337;1963-04-17;-0.0031870373894946;-0.31870373894946;1.408595725842195
3338;3338;1963-04-18;-0.0004353675513666;-0.04353675513666;1.4081603582908284
3339;3339;1963-04-19;0.0049233229345384;0.49233229345384;1.4130836812253669
3340;3340;1963-04-22;0.0010106114621519;0.10106114621519001;1.4140942926875189
3341;3341;1963-04-23;0.0033133502427453;0.33133502427453;1.4174076429302642
3342;3342;1963-04-24;0.0027289352662611;0.27289352662611;1.4201365781965254
3343;3343;1963-04-25;0.0005735732755418;0.05735732755417999;1.4207101514720673
3344;3344;1963-04-26;-0.0008605335455778;-0.08605335455778;1.4198496179264894
3345;3345;1963-04-29;-0.0007175457840524;-0.07175457840524001;1.419132072142437
3346;3346;1963-04-30;0.0021513238074506;0.21513238074506;1.4212833959498876
3347;3347;1963-05-01;0.0024325403013758;0.24325403013758;1.4237159362512635
3348;3348;1963-05-02;0.0028542477123432;0.28542477123432;1.4265701839636067
3349;3349;1963-05-03;-0.0019971333741564;-0.19971333741564;1.4245730505894503
3350;3350;1963-05-06;-0.007165407659186;-0.7165407659186;1.4174076429302642
3351;3351;1963-05-07;-0.0012952005747077;-0.12952005747077;1.4161124423555564
3352;3352;1963-05-08;0.0081750184025155;0.8175018402515499;1.424287460758072
3353;3353;1963-05-09;0.0048446375746626;0.48446375746626;1.4291320983327347
3354;3354;1963-05-10;0.0024135598574295;0.24135598574294997;1.4315456581901642
3355;3355;1963-05-13;-0.0005672907953551;-0.05672907953550999;1.430978367394809
3356;3356;1963-05-14;-0.0038382874070181;-0.38382874070181;1.427140079987791
3357;3357;1963-05-15;0.0031285719711471;0.31285719711471;1.430268651958938
3358;3358;1963-05-16;-0.0025590005434637;-0.25590005434637;1.4277096514154743
3359;3359;1963-05-17;0.0005692472007332;0.056924720073319994;1.4282788986162076
3360;3360;1963-05-20;-0.00470591955807;-0.47059195580700003;1.4235729790581375
3361;3361;1963-05-21;0.002569594598313;0.2569594598313;1.4261425736564506
3362;3362;1963-05-22;0.0;0.0;1.4261425736564506
3363;3363;1963-05-23;-0.0005704649449578;-0.05704649449578;1.4255721087114928
3364;3364;1963-05-24;-0.0011418928282562;-0.11418928282561999;1.4244302158832365
3365;3365;1963-05-27;-0.0021444571803765;-0.21444571803765;1.42228575870286
3366;3366;1963-05-28;0.0020017020552121;0.20017020552120998;1.424287460758072
3367;3367;1963-05-29;0.0045603612008395;0.45603612008395;1.4288478219589116
3368;3368;1963-05-31;0.0066605643152621;0.66605643152621;1.4355083862741738
3369;3369;1963-06-03;-0.0015548945971479;-0.15548945971479;1.4339534916770258
3370;3370;1963-06-04;0.0001413819943048;0.01413819943048;1.4340948736713306
3371;3371;1963-06-05;-0.0024073934279877;-0.24073934279877;1.4316874802433428
3372;3372;1963-06-06;0.0007087095420388;0.07087095420388;1.4323961897853816
3373;3373;1963-06-07;-0.0024114912426105;-0.24114912426104998;1.429984698542771
3374;3374;1963-06-10;-0.0066975951099834;-0.66975951099834;1.4232871034327876
3375;3375;1963-06-11;0.0012859471566626;0.12859471566626;1.4245730505894503
3376;3376;1963-06-12;0.0054116479533208;0.5411647953320801;1.429984698542771
3377;3377;1963-06-13;-0.0025597424534362;-0.25597424534362;1.4274249560893348
3378;3378;1963-06-14;0.0002846953261395;0.02846953261395;1.4277096514154743
3379;3379;1963-06-17;-0.0042796499901429;-0.42796499901428997;1.4234300014253314
3380;3380;1963-06-18;0.0010002144579051;0.10002144579051;1.4244302158832365
3381;3381;1963-06-19;0.0009992007611323;0.09992007611323;1.4254294166443688
3382;3382;1963-06-20;-0.0011419558862968;-0.11419558862967999;1.424287460758072
3383;3383;1963-06-21;0.0034221906574023;0.34221906574023;1.4277096514154743
3384;3384;1963-06-24;-0.0007120399171336;-0.07120399171336;1.4269976114983407
3385;3385;1963-06-25;-0.0022817466015148;-0.22817466015148;1.424715864896826
3386;3386;1963-06-26;-0.0090355147151326;-0.90355147151326;1.4156803501816932
3387;3387;1963-06-27;-0.0049105238791931;-0.49105238791931005;1.4107698263025001
3388;3388;1963-06-28;0.004334057542688;0.4334057542688;1.4151038838451881
3389;3389;1963-07-01;-0.0073790682109731;-0.73790682109731;1.407724815634215
3390;3390;1963-07-02;0.0086755604865569;0.8675560486556899;1.416400376120772
3391;3391;1963-07-03;0.0068867273120156;0.6886727312015599;1.4232871034327876
3392;3392;1963-07-05;0.0039954247500739;0.39954247500739;1.4272825281828616
3393;3393;1963-07-08;-0.0068591724116844;-0.68591724116844;1.4204233557711772
3394;3394;1963-07-09;0.0042925091256487;0.42925091256486997;1.424715864896826
3395;3395;1963-07-10;-0.0021439585143676;-0.21439585143676;1.4225719063824582
3396;3396;1963-07-11;-0.0018617549103909;-0.18617549103909;1.4207101514720673
3397;3397;1963-07-12;-0.0017217077300237;-0.17217077300237;1.4189884437420435
3398;3398;1963-07-15;-0.0063382812694028;-0.63382812694028;1.4126501624726406
3399;3399;1963-07-16;-0.0008673992409509;-0.08673992409509;1.4117827632316897
3400;3400;1963-07-17;-0.0030419231325105;-0.30419231325105;1.4087408400991792
3401;3401;1963-07-18;-0.0064037768890905;-0.64037768890905;1.4023370632100887
3402;3402;1963-07-19;-0.0020461860996672;-0.20461860996672;1.4002908771104214
3403;3403;1963-07-22;-0.0066054698890711;-0.6605469889071099;1.3936854072213503
3404;3404;1963-07-23;0.000147294007454;0.0147294007454;1.3938327012288043
3405;3405;1963-07-24;0.0054335252534771;0.5433525253477101;1.3992662264822815
3406;3406;1963-07-25;-0.0002929105023659;-0.029291050236589997;1.3989733159799156
3407;3407;1963-07-26;0.0040935582581864;0.40935582581864;1.403066874238102
3408;3408;1963-07-29;0.0018948624713015;0.18948624713015;1.4049617367094036
3409;3409;1963-07-30;0.0082663079151856;0.82663079151856;1.4132280446245893
3410;3410;1963-07-31;-0.0015899548622968;-0.15899548622968;1.4116380897622924
3411;3411;1963-08-01;-0.0008682634597922;-0.08682634597922;1.4107698263025001
3412;3412;1963-08-02;0.0033244663850187;0.33244663850187;1.4140942926875189
3413;3413;1963-08-05;0.0058988156672628;0.58988156672628;1.4199931083547817
3414;3414;1963-08-06;0.006577075608825;0.6577075608825;1.4265701839636067
3415;3415;1963-08-07;-0.0029972049054691;-0.29972049054691;1.4235729790581375
3416;3416;1963-08-08;0.0008572368250989;0.08572368250989;1.4244302158832365
3417;3417;1963-08-09;0.0065481515115726;0.65481515115726;1.430978367394809
3418;3418;1963-08-12;0.0015594105489391;0.15594105489391;1.4325377779437483
3419;3419;1963-08-13;0.0028293271702573;0.28293271702573;1.4353671051140056
3420;3420;1963-08-14;0.003947544926417;0.39475449264170004;1.4393146500404226
3421;3421;1963-08-15;0.0043523691946303;0.43523691946303;1.443667019235053
3422;3422;1963-08-16;0.0015398757693851;0.15398757693850998;1.445206895004438
3423;3423;1963-08-19;-0.0006995872390556;-0.06995872390556;1.4445073077653825
3424;3424;1963-08-20;-0.0008402885303295;-0.08402885303294999;1.443667019235053
3425;3425;1963-08-21;-0.0012615968766844;-0.12615968766844;1.4424054223583684
3426;3426;1963-08-22;0.0035006686523164;0.35006686523164;1.445906091010685
3427;3427;1963-08-23;0.0030704978121542;0.30704978121542;1.4489765888228392
3428;3428;1963-08-26;0.0020881471182674;0.20881471182674;1.4510647359411066
3429;3429;1963-08-27;-0.0054383038205383;-0.5438303820538299;1.4456264321205683
3430;3430;1963-08-28;0.0072444452699826;0.72444452699826;1.452870877390551
3431;3431;1963-08-29;0.0016643969978069;0.16643969978069;1.454535274388358
3432;3432;1963-08-30;0.0047006306738897;0.47006306738897;1.4592359050622477
3433;3433;1963-09-03;0.0022045199833478;0.22045199833478002;1.4614404250455955
3434;3434;1963-09-04;-0.0002753613174588;-0.02753613174588;1.4611650637281366
3435;3435;1963-09-05;0.0049437206218732;0.49437206218732;1.4661087843500098
3436;3436;1963-09-06;-0.0021942412038669;-0.21942412038668999;1.4639145431461429
3437;3437;1963-09-09;-0.0035757706037999;-0.35757706037999;1.460338772542343
3438;3438;1963-09-10;0.0056329887218025;0.56329887218025;1.4659717612641454
3439;3439;1963-09-11;0.002872961921132;0.2872961921132;1.4688447231852775
3440;3440;1963-09-12;-0.0006832251764459;-0.06832251764458999;1.4681614980088316
3441;3441;1963-09-13;0.0002733187551191;0.02733187551191;1.4684348167639507
3442;3442;1963-09-16;-0.0013675877592058;-0.13675877592058;1.4670672290047448
3443;3443;1963-09-17;0.0006840823712144;0.06840823712144;1.4677513113759593
3444;3444;1963-09-18;-0.0043859717629093;-0.43859717629093;1.46336533961305
3445;3445;1963-09-19;0.0057526249381298;0.57526249381298;1.4691179645511798
3446;3446;1963-09-20;0.0010920284707385;0.10920284707384999;1.4702099930219183
3447;3447;1963-09-23;-0.0046493177603643;-0.46493177603643004;1.465560675261554
3448;3448;1963-09-24;0.0046493177603643;0.46493177603643004;1.4702099930219183
3449;3449;1963-09-25;-0.005609208145481;-0.5609208145480999;1.4646007848764373
3450;3450;1963-09-26;-0.0085423778909303;-0.85423778909303;1.456058406985507
3451;3451;1963-09-27;-0.001939058859878;-0.1939058859878;1.454119348125629
3452;3452;1963-09-30;-0.0059792991594402;-0.59792991594402;1.4481400489661886
3453;3453;1963-10-01;0.0072263239313219;0.72263239313219;1.4553663728975106
3454;3454;1963-10-02;0.0011071409626026;0.11071409626026;1.4564735138601133
3455;3455;1963-10-03;0.0073038150325395;0.73038150325395;1.4637773288926528
3456;3456;1963-10-04;0.0002745194965072;0.027451949650720002;1.46405184838916
3457;3457;1963-10-07;-0.0020611619135433;-0.20611619135433001;1.4619906864756167
3458;3458;1963-10-08;-0.0013764489914569;-0.13764489914569;1.4606142374841597
3459;3459;1963-10-09;-0.0101059210601564;-1.01059210601564;1.4505083164240034
3460;3460;1963-10-10;0.0045810311251486;0.45810311251486;1.455089347549152
3461;3461;1963-10-11;0.0009690594363549;0.09690594363549;1.456058406985507
3462;3462;1963-10-14;0.0004151068746063;0.04151068746063;1.4564735138601133
3463;3463;1963-10-15;0.0013821563574856;0.13821563574856;1.4578556702175989
3464;3464;1963-10-16;0.0078420844658104;0.7842084465810399;1.4656977546834093
3465;3465;1963-10-17;0.0039663731689048;0.39663731689048004;1.4696641278523142
3466;3466;1963-10-18;0.0008186383208093;0.08186383208093;1.4704827661731235
3467;3467;1963-10-21;0.0008179550725557;0.08179550725557;1.4713007212456792
3468;3468;1963-10-22;-0.0057400459841252;-0.5740045984125199;1.465560675261554
3469;3469;1963-10-23;0.0005481090884558;0.05481090884558001;1.4661087843500098
3470;3470;1963-10-24;0.0038282655711956;0.38282655711956;1.4699370499212054
3471;3471;1963-10-25;0.0099125395131629;0.9912539513162901;1.4798495894343684
3472;3472;1963-10-28;0.0063304270153308;0.63304270153308;1.4861800164496992
3473;3473;1963-10-29;-0.0002686182335391;-0.02686182335391;1.48591139821616
3474;3474;1963-10-30;-0.0089032827577089;-0.8903282757708899;1.4770081154584511
3475;3475;1963-10-31;0.0028414739759172;0.28414739759172003;1.4798495894343684
3476;3476;1963-11-01;-0.002435066072417;-0.2435066072417;1.4774145233619513
3477;3477;1963-11-04;-0.0051603183845587;-0.51603183845587;1.4722542049773926
3478;3478;1963-11-06;-0.0087515808379086;-0.87515808379086;1.463502624139484
3479;3479;1963-11-07;0.0034277130545099;0.34277130545099;1.466930337193994
3480;3480;1963-11-08;0.004097847587241;0.4097847587241;1.471028184781235
3481;3481;1963-11-11;0.0021785956625919;0.21785956625919;1.473206780443827
3482;3482;1963-11-12;-0.0039522232024138;-0.39522232024138;1.469254557241413
3483;3483;1963-11-13;0.0008189735423904;0.08189735423904;1.4700735307838035
3484;3484;1963-11-14;-0.0046499537374487;-0.46499537374487004;1.4654235770463548
3485;3485;1963-11-15;-0.0082588084106438;-0.82588084106438;1.457164768635711
3486;3486;1963-11-18;-0.0072131815038627;-0.72131815038627;1.4499515871318482
3487;3487;1963-11-19;0.000974048613183;0.09740486131829999;1.4509256357450313
3488;3488;1963-11-20;0.0091374857000721;0.91374857000721;1.4600631214451034
3489;3489;1963-11-21;-0.0130393717854576;-1.3039371785457599;1.4470237496596459
3490;3490;1963-11-22;-0.0284661569117004;-2.8466156911700398;1.4185575927479455
3491;3491;1963-11-26;0.0390217271413551;3.90217271413551;1.4575793198893006
3492;3492;1963-11-27;-0.0017976496951401;-0.17976496951401;1.4557816701941604
3493;3493;1963-11-29;0.0134728870472527;1.34728870472527;1.469254557241413
3494;3494;1963-12-02;0.0058547512806805;0.58547512806805;1.4751093085220937
3495;3495;1963-12-03;-0.0005431966198043;-0.054319661980430006;1.4745661119022893
3496;3496;1963-12-04;0.0024420035561618;0.24420035561618;1.4770081154584511
3497;3497;1963-12-05;0.0064829507650987;0.64829507650987;1.4834910662235499
3498;3498;1963-12-06;-0.0037766298177608;-0.37766298177608004;1.479714436405789
3499;3499;1963-12-09;-0.0005407002060682;-0.05407002060682;1.4791737361997208
3500;3500;1963-12-10;0.0004055289086775;0.04055289086775;1.4795792651083983
3501;3501;1963-12-11;-0.0012170668890245;-0.12170668890245;1.4783621982193738
3502;3502;1963-12-12;0.0001353358989142;0.01353358989142;1.478497534118288
3503;3503;1963-12-13;0.0020273575636657;0.20273575636657;1.4805248916819538
3504;3504;1963-12-16;0.0032354436202286;0.32354436202286;1.4837603353021824
3505;3505;1963-12-17;0.0059044051973415;0.59044051973415;1.489664740499524
3506;3506;1963-12-18;-0.0014728663529215;-0.14728663529215;1.4881918741466025
3507;3507;1963-12-19;-0.0030865622242171;-0.30865622242171;1.4851053119223854
3508;3508;1963-12-20;-0.0016142456988355;-0.16142456988355;1.4834910662235499
3509;3509;1963-12-23;-0.0063475263365697;-0.63475263365697;1.47714353988698
3510;3510;1963-12-24;0.0021654224334088;0.21654224334088;1.479308962320389
3511;3511;1963-12-26;0.0047204753868124;0.47204753868124;1.4840294377072014
3512;3512;1963-12-27;0.0016133641357427;0.16133641357427;1.4856428018429442
3513;3513;1963-12-30;0.0016106849119754;0.16106849119754;1.4872534867549196
3514;3514;1963-12-31;0.0061505611111032;0.61505611111032;1.4934040478660229
3515;3515;1964-01-02;0.0054503692011351;0.54503692011351;1.498854417067158
3516;3516;1964-01-03;0.0009275823894396;0.09275823894396;1.4997819994565977
3517;3517;1964-01-06;0.0022490980208971;0.22490980208971;1.5020310974774949
3518;3518;1964-01-07;0.0002643234687695;0.02643234687695;1.5022954209462644
3519;3519;1964-01-08;0.0040872625416854;0.40872625416854;1.50638268348795
3520;3520;1964-01-09;0.0036774273362913;0.36774273362913;1.5100601108242413
3521;3521;1964-01-10;-0.0005245345096245;-0.05245345096245001;1.5095355763146168
3522;3522;1964-01-13;-0.0002623245473678;-0.02623245473678;1.509273251767249
3523;3523;1964-01-14;0.0018351033877781;0.18351033877781;1.511108355155027
3524;3524;1964-01-15;0.0036601086611804;0.36601086611804;1.5147684638162076
3525;3525;1964-01-16;-0.0011749593208252;-0.11749593208251999;1.5135935044953823
3526;3526;1964-01-17;0.0001305597276326;0.01305597276326;1.513724064223015
3527;3527;1964-01-20;-0.0019610910127534;-0.19610910127534;1.5117629732102615
3528;3528;1964-01-21;0.0027445484181276;0.27445484181276003;1.5145075216283892
3529;3529;1964-01-22;0.0053367649561488;0.53367649561488;1.519844286584538
3530;3530;1964-01-23;0.0007785752008455;0.07785752008455;1.5206228617853836
3531;3531;1964-01-24;0.0002594682295908;0.025946822959079997;1.5208823300149745
3532;3532;1964-01-27;-0.0003891173201227;-0.03891173201227;1.5204932126948518
3533;3533;1964-01-28;0.0002593851357133;0.025938513571330004;1.5207525978305652
3534;3534;1964-01-29;-0.0061146487957923;-0.61146487957923;1.5146379490347728
3535;3535;1964-01-30;0.0009130634266272;0.09130634266272;1.5155510124614
3536;3536;1964-01-31;0.0044231112103592;0.44231112103592;1.5199741236717592
3537;3537;1964-02-03;-0.0009090319318394;-0.09090319318394001;1.5190650917399198
3538;3538;1964-02-04;-0.0011700228981164;-0.11700228981164;1.5178950688418034
3539;3539;1964-02-05;-0.0016923391728775;-0.16923391728775;1.5162027296689258
3540;3540;1964-02-06;0.0023425310035367;0.23425310035367;1.5185452606724625
3541;3541;1964-02-07;0.003244438638629;0.32444386386290003;1.5217896993110915
3542;3542;1964-02-10;-0.0016857554075926;-0.16857554075926;1.520103943903499
3543;3543;1964-02-11;0.0036274037822474;0.36274037822474003;1.5237313476857464
3544;3544;1964-02-12;0.003098750018653;0.30987500186530004;1.5268300977043994
3545;3545;1964-02-13;-0.0006448256199611;-0.06448256199611;1.5261852720844382
3546;3546;1964-02-14;-0.0005160516243556;-0.05160516243556;1.5256692204600826
3547;3547;1964-02-17;-0.0002582160817468;-0.02582160817468;1.5254110043783358
3548;3548;1964-02-18;0.0001291163753167;0.01291163753167;1.5255401207536525
3549;3549;1964-02-19;0.0010321507552326;0.10321507552326001;1.5265722715088852
3550;3550;1964-02-20;0.0009022362833253;0.09022362833253;1.5274745077922105
3551;3551;1964-02-24;0.0007726593924779;0.07726593924779;1.5282471671846884
3552;3552;1964-02-25;0.0;0.0;1.5282471671846884
3553;3553;1964-02-26;0.002442984131572;0.2442984131572;1.5306901513162605
3554;3554;1964-02-27;-0.00321564352405;-0.321564352405;1.5274745077922105
3555;3555;1964-02-28;0.0023163051541645;0.23163051541645;1.529790812946375
3556;3556;1964-03-02;0.002182680402198;0.2182680402198;1.5319734933485731
3557;3557;1964-03-03;0.0032012319648675;0.32012319648675;1.5351747253134407
3558;3558;1964-03-04;-0.0019195219796222;-0.19195219796222;1.5332552033338185
3559;3559;1964-03-05;-0.0001281240010477;-0.012812400104770002;1.5331270793327707
3560;3560;1964-03-06;0.0031975470921716;0.31975470921716;1.5363246264249424
3561;3561;1964-03-09;0.0002554136888246;0.025541368882460003;1.536580040113767
3562;3562;1964-03-10;0.003313717068873;0.3313717068873;1.53989375718264
3563;3563;1964-03-11;0.0045702887218954;0.45702887218953997;1.5444640459045356
3564;3564;1964-03-12;0.0016453208903435;0.16453208903435;1.546109366794879
3565;3565;1964-03-13;0.0007583997281823;0.07583997281823;1.5468677665230615
3566;3566;1964-03-16;0.0;0.0;1.5468677665230615
3567;3567;1964-03-17;0.0022718803301522;0.22718803301521998;1.5491396468532137
3568;3568;1964-03-18;0.0007561059104288;0.07561059104288001;1.5498957527636426
3569;3569;1964-03-19;-0.0010082430902009;-0.10082430902009;1.5488875096734416
3570;3570;1964-03-20;-0.004803510659527;-0.48035106595270005;1.5440839990139146
3571;3571;1964-03-23;0.0001267279080154;0.012672790801539999;1.54421072692193
3572;3572;1964-03-24;-0.0017752857707487;-0.17752857707487;1.5424354411511814
3573;3573;1964-03-25;0.0024085958932396;0.24085958932395998;1.544844037044421
3574;3574;1964-03-26;0.0026553596352325;0.26553596352325004;1.5474993966796535
3575;3575;1964-03-30;-0.000631630156592;-0.0631630156592;1.5468677665230615
3576;3576;1964-03-31;-0.0020237294786404;-0.20237294786404;1.544844037044421
3577;3577;1964-04-01;0.0032865027477697;0.32865027477697;1.5481305397921907
3578;3578;1964-04-02;0.0057883515644423;0.57883515644423;1.553918891356633
3579;3579;1964-04-03;0.0030068301469272;0.30068301469271996;1.5569257215035603
3580;3580;1964-04-06;0.0010001876365191;0.10001876365191001;1.5579259091400794
3581;3581;1964-04-07;-0.0035052490667668;-0.35052490667668;1.5544206600733126
3582;3582;1964-04-08;0.0001254247932598;0.01254247932598;1.5545460848665724
3583;3583;1964-04-09;-0.0006271935099393;-0.06271935099393;1.553918891356633
3584;3584;1964-04-10;0.0018803014590433;0.18803014590432998;1.5557991928156765
3585;3585;1964-04-13;-0.0010023932991432;-0.10023932991432001;1.5547967995165333
3586;3586;1964-04-14;0.0027541455426902;0.27541455426902;1.5575509450592235
3587;3587;1964-04-15;0.0012493505341719;0.12493505341719001;1.5588002955933955
3588;3588;1964-04-16;0.001372525074208;0.1372525074208;1.5601728206676035
3589;3589;1964-04-17;0.0043546694009455;0.43546694009455;1.564527490068549
3590;3590;1964-04-20;-0.0006209624424124;-0.062096244241239995;1.5639065276261366
3591;3591;1964-04-21;0.0004967834149809;0.04967834149809;1.5644033110411175
3592;3592;1964-04-22;-0.0006210395816639;-0.06210395816639;1.5637822714594536
3593;3593;1964-04-23;-0.0013675765594971;-0.13675765594971;1.5624146948999564
3594;3594;1964-04-24;-0.007868610033384;-0.7868610033384;1.5545460848665724
3595;3595;1964-04-27;-0.0050283198973248;-0.50283198973248;1.5495177649692475
3596;3596;1964-04-28;0.006907456035889;0.6907456035889;1.5564252210051366
3597;3597;1964-04-29;-0.0025063296485035;-0.25063296485034997;1.553918891356633
3598;3598;1964-04-30;-0.00301581035351;-0.301581035351;1.550903081003123
3599;3599;1964-05-01;0.0088956173063685;0.88956173063685;1.5597986983094916
3600;3600;1964-05-04;0.0037351014771598;0.37351014771598;1.5635337997866514
3601;3601;1964-05-05;0.0050820810351943;0.50820810351943;1.5686158808218458
3602;3602;1964-05-06;0.0022230589068534;0.22230589068534;1.5708389397286993
3603;3603;1964-05-07;0.0011097220792377;0.11097220792377;1.571948661807937
3604;3604;1964-05-08;-0.001850163933879;-0.1850163933879;1.570098497874058
3605;3605;1964-05-11;-0.0012353058861149;-0.12353058861149;1.568863191987943
3606;3606;1964-05-12;0.0032087154566511;0.32087154566511;1.5720719074445941
3607;3607;1964-05-13;-0.002343836194699;-0.23438361946990002;1.569728071249895
3608;3608;1964-05-14;-0.0013594514685975;-0.13594514685975;1.5683686197812976
3609;3609;1964-05-15;0.002963659880776;0.2963659880776;1.5713322796620737
3610;3610;1964-05-18;-0.0046965480265983;-0.46965480265983;1.5666357316354753
3611;3611;1964-05-19;-0.0052167301212406;-0.52167301212406;1.5614190015142346
3612;3612;1964-05-20;0.0044731807234805;0.44731807234805;1.5658921822377152
3613;3613;1964-05-21;0.0034653251212848;0.34653251212848;1.569357507359
3614;3614;1964-05-22;-0.0025978735895506;-0.25978735895506;1.5667596337694494
3615;3615;1964-05-25;-0.002108066983741;-0.21080669837410002;1.5646515667857084
3616;3616;1964-05-26;-0.0021124456835783;-0.21124456835783;1.56253912110213
3617;3617;1964-05-27;-0.0016183881427274;-0.16183881427274;1.5609207329594026
3618;3618;1964-05-28;0.0013696197942039;0.13696197942039;1.5622903527536065
3619;3619;1964-06-01;-0.0032403068421258;-0.32403068421258;1.5590500459114807
3620;3620;1964-06-02;-0.0051311545548475;-0.51311545548475;1.553918891356633
3621;3621;1964-06-03;-0.0026383457303911;-0.26383457303911;1.551280545626242
3622;3622;1964-06-04;-0.0103693395061235;-1.03693395061235;1.5409112061201184
3623;3623;1964-06-05;0.0044390840996726;0.44390840996726005;1.545350290219791
3624;3624;1964-06-08;-0.0048204838954362;-0.48204838954362006;1.5405298063243549
3625;3625;1964-06-09;0.0063379601987065;0.63379601987065;1.5468677665230615
3626;3626;1964-06-10;0.0037836215917082;0.37836215917082;1.5506513881147697
3627;3627;1964-06-11;0.003643919228244;0.36439192282439997;1.5542953073430137
3628;3628;1964-06-12;-0.0016318964166863;-0.16318964166862998;1.5526634109263273
3629;3629;1964-06-15;0.0046375091237793;0.46375091237793;1.5573009200501067
3630;3630;1964-06-16;0.0053626242120543;0.53626242120543;1.562663544262161
3631;3631;1964-06-17;0.0050864944354014;0.5086494435401401;1.5677500386975625
3632;3632;1964-06-18;-0.0002474876265567;-0.024748762655669998;1.5675025510710057
3633;3633;1964-06-19;0.0012369867980064;0.12369867980063999;1.568739537869012
3634;3634;1964-06-22;0.0027160757437956;0.27160757437955996;1.5714556136128077
3635;3635;1964-06-23;-0.0042006980994884;-0.42006980994884;1.5672549155133193
3636;3636;1964-06-24;0.0035840242153799;0.35840242153799;1.5708389397286993
3637;3637;1964-06-25;0.0018487834534841;0.18487834534841;1.5726877231821834
3638;3638;1964-06-26;0.0030737099637381;0.30737099637381;1.5757614331459215
3639;3639;1964-06-29;0.0022072357484432;0.22072357484431998;1.5779686688943648
3640;3640;1964-06-30;0.0006122941438322;0.06122941438322001;1.578580963038197
3641;3641;1964-07-01;0.0070748648789624;0.70748648789624;1.5856558279171595
3642;3642;1964-07-02;0.0040031715983159;0.40031715983159;1.5896589995154755
3643;3643;1964-07-06;0.0045899947441547;0.45899947441546995;1.5942489942596303
3644;3644;1964-07-07;0.001685731825356;0.1685731825356;1.5959347260849863
3645;3645;1964-07-08;0.0;0.0;1.5959347260849863
3646;3646;1964-07-09;0.0012023326877699;0.12023326877699;1.5971370587727562
3647;3647;1964-07-10;0.0016808744300806;0.16808744300806;1.598817933202837
3648;3648;1964-07-13;-0.0006000240211223;-0.06000240211223;1.5982179091817146
3649;3649;1964-07-14;-0.0030053518564674;-0.30053518564674;1.5952125573252471
3650;3650;1964-07-15;0.0033653638745176;0.33653638745176;1.5985779211997648
3651;3651;1964-07-16;0.0035932846062847;0.35932846062847;1.6021712058060495
3652;3652;1964-07-17;0.0044140005790147;0.44140005790147;1.6065852063850643
3653;3653;1964-07-20;-0.0032191264758969;-0.32191264758969;1.6033660799091674
3654;3654;1964-07-21;-0.0023911656682056;-0.23911656682056;1.6009749142409617
3655;3655;1964-07-22;-0.0002394828245551;-0.02394828245551;1.6007354314164066
3656;3656;1964-07-23;-0.0004789700690368;-0.04789700690368;1.6002564613473698
3657;3657;1964-07-24;-0.0002396549641323;-0.023965496413229998;1.6000168063832374
3658;3658;1964-07-27;-0.004563440100525;-0.4563440100525;1.5954533662827124
3659;3659;1964-07-28;-0.002772303348534;-0.2772303348534;1.5926810629341783
3660;3660;1964-07-29;0.0008445437153854;0.08445437153854;1.5935256066495638
3661;3661;1964-07-30;0.0020480460883733;0.20480460883733;1.5955736527379372
3662;3662;1964-07-31;0.001082624778447;0.10826247784469999;1.5966562775163842
3663;3663;1964-08-03;-0.002166326518167;-0.2166326518167;1.594489950998217
3664;3664;1964-08-04;-0.0126092966269731;-1.2609296626973099;1.581880654371244
3665;3665;1964-08-05;0.0015848464635412;0.15848464635412;1.5834655008347853
3666;3666;1964-08-06;-0.0091783063303863;-0.9178306330386301;1.574287194504399
3667;3667;1964-08-07;0.006372631977455;0.6372631977455;1.580659826481854
3668;3668;1964-08-10;-0.0009777805716675;-0.09777805716674999;1.5796820459101866
3669;3669;1964-08-11;-0.0002445517913338;-0.02445517913338;1.5794374941188527
3670;3670;1964-08-12;0.0050020966860788;0.50020966860788;1.5844395908049316
3671;3671;1964-08-13;0.0029165897097769;0.29165897097769;1.5873561805147085
3672;3672;1964-08-14;-0.0007284049760221;-0.07284049760221001;1.5866277755386864
3673;3673;1964-08-17;0.000121461964337;0.012146196433700001;1.5867492375030234
3674;3674;1964-08-18;0.0004855668858656;0.04855668858656;1.587234804388889
3675;3675;1964-08-19;-0.0009713696614763;-0.09713696614763;1.5862634347274127
3676;3676;1964-08-20;-0.0046267949989653;-0.46267949989653;1.5816366397284474
3677;3677;1964-08-21;0.0015852451147919;0.15852451147919;1.5832218848432393
3678;3678;1964-08-24;-0.001951409280025;-0.1951409280025;1.5812704755632143
3679;3679;1964-08-25;-0.0057545550014266;-0.57545550014266;1.5755159205617877
3680;3680;1964-08-26;-0.0014745886000229;-0.14745886000229;1.5740413319617648
3681;3681;1964-08-27;0.0046619763861039;0.46619763861039;1.5787033083478688
3682;3682;1964-08-28;0.0035432990686175;0.35432990686175;1.5822466074164863
3683;3683;1964-08-31;-0.0019533152346635;-0.19533152346635002;1.5802932921818227
3684;3684;1964-09-01;0.0042680144750599;0.42680144750599;1.5845613066568827
3685;3685;1964-09-02;0.0015806192309044;0.15806192309044;1.5861419258877871
3686;3686;1964-09-03;0.003032694822278;0.3032694822278;1.5891746207100652
3687;3687;1964-09-04;0.0024195995351599;0.24195995351599;1.5915942202452251
3688;3688;1964-09-08;0.0013282740186229;0.13282740186229;1.592922494263848
3689;3689;1964-09-09;0.0021697211198921;0.21697211198921001;1.5950922153837401
3690;3690;1964-09-10;0.0006018056118923;0.06018056118923;1.5956940209956325
3691;3691;1964-09-11;0.0042029363641589;0.42029363641589;1.5998969573597914
3692;3692;1964-09-14;-0.0027598985870351;-0.27598985870351;1.5971370587727562
3693;3693;1964-09-15;-0.0026471077745391;-0.26471077745391003;1.594489950998217
3694;3694;1964-09-16;0.0028873697019253;0.28873697019253;1.5973773207001425
3695;3695;1964-09-17;0.0065857030612699;0.65857030612699;1.6039630237614124
3696;3696;1964-09-18;-0.0037065624140426;-0.37065624140426;1.6002564613473698
3697;3697;1964-09-21;0.0045416355215017;0.45416355215017;1.6047980968688715
3698;3698;1964-09-22;0.0003576512705789;0.03576512705789;1.6051557481394505
3699;3699;1964-09-23;0.0002384386142679;0.02384386142679;1.6053941867537185
3700;3700;1964-09-24;0.0010719552912137;0.10719552912137;1.6064661420449322
3701;3701;1964-09-25;0.0024968683235133;0.24968683235133002;1.6089630103684456
3702;3702;1964-09-28;0.00083090990395;0.08309099039500001;1.6097939202723957
3703;3703;1964-09-29;-0.0004747329867473;-0.04747329867473;1.6093191872856483
3704;3704;1964-09-30;-0.0007124807416047;-0.07124807416046999;1.6086067065440435
3705;3705;1964-10-01;-0.0011886129868594;-0.11886129868594;1.607418093557184
3706;3706;1964-10-02;0.0033246171089675;0.33246171089675003;1.6107427106661516
3707;3707;1964-10-05;0.0044943541322748;0.44943541322748004;1.6152370647984264
3708;3708;1964-10-06;0.0005899015129475;0.05899015129475;1.615826966311374
3709;3709;1964-10-07;0.0001179550654599;0.01179550654599;1.615944921376834
3710;3710;1964-10-08;0.0028261676176493;0.28261676176493;1.6187710889944833
3711;3711;1964-10-09;0.0021144140132358;0.21144140132357997;1.6208855030077192
3712;3712;1964-10-12;0.0002346239611528;0.02346239611528;1.621120126968872
3713;3713;1964-10-13;-0.0032902380438697;-0.32902380438697;1.6178298889250022
3714;3714;1964-10-14;-0.0020029226136282;-0.20029226136282002;1.615826966311374
3715;3715;1964-10-15;-0.0063890538772843;-0.6389053877284301;1.6094379124340896
3716;3716;1964-10-16;0.006860708163737;0.6860708163736999;1.6162986205978267
3717;3717;1964-10-19;0.0011781103957098;0.11781103957098;1.6174767309935365
3718;3718;1964-10-20;0.0029392767031497;0.29392767031497;1.6204160076966863
3719;3719;1964-10-21;-0.000939652417502;-0.0939652417502;1.6194763552791842
3720;3720;1964-10-22;-0.0018818636464077;-0.18818636464077002;1.6175944916327765
3721;3721;1964-10-23;0.0023518002234883;0.23518002234883;1.6199462918562648
3722;3722;1964-10-26;-0.0016456921643293;-0.16456921643293;1.6183005996919355
3723;3723;1964-10-27;0.0;0.0;1.6183005996919355
3724;3724;1964-10-28;-0.0036537019412703;-0.36537019412703;1.6146468977506652
3725;3725;1964-10-29;0.0004722110679109;0.04722110679109;1.6151191088185761
3726;3726;1964-10-30;0.001533085941336;0.1533085941336;1.6166521947599122
3727;3727;1964-11-02;0.003763812936774;0.3763812936774;1.6204160076966863
3728;3728;1964-11-04;-0.0004697158404214;-0.046971584042140004;1.6199462918562648
3729;3729;1964-11-05;0.0002349383410402;0.02349383410402;1.620181230197305
3730;3730;1964-11-06;0.0008216327373933;0.08216327373933001;1.6210028629346984
3731;3731;1964-11-09;-0.0004694402013969;-0.04694402013969;1.6205334227333015
3732;3732;1964-11-10;-0.0041169969827743;-0.41169969827742997;1.6164164257505271
3733;3733;1964-11-11;0.0028249312904149;0.28249312904149004;1.619241357040942
3734;3734;1964-11-12;0.0012920656923594;0.12920656923594;1.6205334227333015
3735;3735;1964-11-13;0.0002347065724697;0.02347065724697;1.6207681293057712
3736;3736;1964-11-16;0.0051504620168225;0.51504620168225;1.6259185913225938
3737;3737;1964-11-17;0.0044268128884299;0.44268128884299;1.6303454042110237
3738;3738;1964-11-18;0.0022061199078207;0.22061199078207;1.6325515241188444
3739;3739;1964-11-19;-0.0004640487295333;-0.04640487295333;1.632087475389311
3740;3740;1964-11-20;0.0011596777430922;0.11596777430921999;1.6332471531324033
3741;3741;1964-11-23;-0.0032505136772771;-0.32505136772771;1.6299966394551262
3742;3742;1964-11-24;-0.0031444385692589;-0.31444385692589;1.6268522008858672
3743;3743;1964-11-25;-0.0033884590641237;-0.33884590641237;1.6234637418217435
3744;3744;1964-11-27;-0.0032825116244383;-0.32825116244382996;1.620181230197305
3745;3745;1964-11-30;-0.0087275703324021;-0.8727570332402099;1.611453659864903
3746;3746;1964-12-01;-0.0103590257152391;-1.03590257152391;1.601094634149664
3747;3747;1964-12-02;0.0028683896117485;0.28683896117485;1.6039630237614124
3748;3748;1964-12-03;0.004643682782631;0.46436827826309995;1.6086067065440435
3749;3749;1964-12-04;0.0020174219388229;0.20174219388229003;1.6106241284828664
3750;3750;1964-12-07;-0.0002370879783448;-0.02370879783448;1.6103870405045215
3751;3751;1964-12-08;-0.0039208984595893;-0.39208984595893;1.6064661420449322
3752;3752;1964-12-09;-0.0064493356616948;-0.64493356616948;1.6000168063832374
3753;3753;1964-12-10;-0.0001198490234459;-0.011984902344590001;1.5998969573597914
3754;3754;1964-12-11;0.0025133996684534;0.25133996684534005;1.6024103570282449
3755;3755;1964-12-14;-0.0025133996684534;-0.25133996684534005;1.5998969573597914
3756;3756;1964-12-15;-0.0027598985870351;-0.27598985870351;1.5971370587727562
3757;3757;1964-12-16;0.0039575753769076;0.39575753769076005;1.601094634149664
3758;3758;1964-12-17;0.0041803463630172;0.41803463630172;1.6052749805126811
3759;3759;1964-12-18;0.004637608562132;0.4637608562132;1.6099125890748132
3760;3760;1964-12-21;0.0010671252695493;0.10671252695493;1.6109797143443625
3761;3761;1964-12-22;-0.0005926738398409;-0.05926738398409;1.6103870405045215
3762;3762;1964-12-23;-0.0021367528990055;-0.21367528990055;1.608250287605516
3763;3763;1964-12-24;0.0;0.0;1.608250287605516
3764;3764;1964-12-28;-0.0009511592566919;-0.09511592566919;1.607299128348824
3765;3765;1964-12-29;-0.0030974768998914;-0.30974768998914004;1.6042016514489326
3766;3766;1964-12-30;0.0058295923476841;0.58295923476841;1.6100312437966167
3767;3767;1964-12-31;0.0053238456655622;0.53238456655622;1.6153550894621789
3768;3768;1965-01-04;-0.006154558316525;-0.6154558316525;1.6092005311456539
3769;3769;1965-01-05;0.0047375902895563;0.47375902895563;1.6139381214352102
3770;3770;1965-01-06;0.0030675107363347;0.30675107363347;1.617005632171545
3771;3771;1965-01-07;0.004349145824797;0.43491458247970005;1.621354777996342
3772;3772;1965-01-08;0.0012893513686416;0.12893513686416;1.6226441293649836
3773;3773;1965-01-11;0.000351338050363;0.0351338050363;1.6229954674153466
3774;3774;1965-01-12;0.0024559862215447;0.24559862215447;1.6254514536368914
3775;3775;1965-01-13;0.0026829412888469;0.26829412888469;1.6281343949257383
3776;3776;1965-01-14;0.0;0.0;1.6281343949257383
3777;3777;1965-01-15;0.0043011168981319;0.43011168981319003;1.6324355118238703
3778;3778;1965-01-18;0.0032426085721084;0.32426085721083997;1.6356781203959787
3779;3779;1965-01-19;0.0016173640776528;0.16173640776528;1.6372954844736316
3780;3780;1965-01-20;-0.0003463487983115;-0.034634879831149996;1.63694913567532
3781;3781;1965-01-21;-0.0009242260629074;-0.09242260629074;1.6360249096124126
3782;3782;1965-01-22;0.0025395489390129;0.25395489390129;1.6385644585514256
3783;3783;1965-01-25;0.0013825232696484;0.13825232696484;1.6399469818210741
3784;3784;1965-01-26;0.0009206099455614;0.09206099455614;1.6408675917666355
3785;3785;1965-01-27;0.0033300942719476;0.33300942719476;1.6441976860385832
3786;3786;1965-01-28;0.0028618872651549;0.28618872651549;1.647059573303738
3787;3787;1965-01-29;0.0009140197110628;0.09140197110628;1.647973593014801
3788;3788;1965-02-01;0.0002284343963339;0.02284343963339;1.6482020274111349
3789;3789;1965-02-02;-0.0003425912115222;-0.03425912115222;1.6478594361996126
3790;3790;1965-02-03;0.0009132778349139;0.09132778349139001;1.6487727140345265
3791;3791;1965-02-04;-0.0006848972987745;-0.06848972987745;1.648087816735752
3792;3792;1965-02-05;-0.0032025533308086;-0.32025533308086;1.6448852634049433
3793;3793;1965-02-08;-0.0039027139056209;-0.39027139056209;1.6409825494993224
3794;3794;1965-02-09;0.0033297121104611;0.33297121104611;1.6443122616097836
3795;3795;1965-02-10;-0.0089810507347216;-0.8981050734721601;1.635331210875062
3796;3796;1965-02-11;-0.0106977531842434;-1.06977531842434;1.6246334576908186
3797;3797;1965-02-12;0.0073379515525413;0.73379515525413;1.63197140924336
3798;3798;1965-02-15;-0.0011611473803583;-0.11611473803583;1.6308102618630016
3799;3799;1965-02-16;-0.0046582360308251;-0.46582360308251;1.6261520258321764
3800;3800;1965-02-17;0.0011665773945068;0.11665773945068;1.6273186032266833
3801;3801;1965-02-18;0.0032592974959344;0.32592974959344;1.6305779007226178
3802;3802;1965-02-19;0.0018576111012524;0.18576111012524;1.6324355118238703
3803;3803;1965-02-23;0.0049754225284708;0.49754225284708004;1.637410934352341
3804;3804;1965-02-24;0.0060986209290891;0.60986209290891;1.6435095552814303
3805;3805;1965-02-25;0.0003440844314521;0.03440844314521;1.6438536397128825
3806;3806;1965-02-26;0.0026341766815356;0.26341766815356;1.646487816394418
3807;3807;1965-03-01;-0.002060912110263;-0.2060912110263;1.644426904284155
3808;3808;1965-03-02;0.0017177444622484;0.17177444622484;1.6461446487464035
3809;3809;1965-03-03;-0.0016031149293125;-0.16031149293125002;1.644541533817091
3810;3810;1965-03-04;-0.0032139489552927;-0.32139489552927;1.6413275848617983
3811;3811;1965-03-05;-0.0020715854316639;-0.20715854316638999;1.6392559994301343
3812;3812;1965-03-08;0.0003455508775518;0.03455508775518;1.6396015503076862
3813;3813;1965-03-09;-0.0016136471548069;-0.16136471548068998;1.6379879031528792
3814;3814;1965-03-10;-0.0017318135991715;-0.17318135991715;1.6362560895537077
3815;3815;1965-03-11;0.0041513089342171;0.41513089342171;1.6404073984879248
3816;3816;1965-03-12;0.0035609364860134;0.35609364860133996;1.6439683349739382
3817;3817;1965-03-15;0.0003439266358453;0.03439266358453;1.6443122616097836
3818;3818;1965-03-16;-0.0012616965962797;-0.12616965962797;1.6430505650135039
3819;3819;1965-03-17;-0.0012632789941848;-0.12632789941848;1.641787286019319
3820;3820;1965-03-18;-0.0024161434528045;-0.24161434528045;1.6393711425665145
3821;3821;1965-03-19;0.0003454995834717;0.03454995834717;1.6397166421499862
3822;3822;1965-03-22;-0.0001150918423;-0.01150918423;1.6396015503076862
3823;3823;1965-03-23;0.0011509899849055;0.11509899849055001;1.6407525402925918
3824;3824;1965-03-24;0.0018388236841762;0.18388236841761998;1.642591363976768
3825;3825;1965-03-25;-0.0028747218267817;-0.28747218267817004;1.6397166421499862
3826;3826;1965-03-26;-0.0073971560815051;-0.73971560815051;1.632319486068481
3827;3827;1965-03-29;-0.0019740818574574;-0.19740818574574;1.6303454042110237
3828;3828;1965-03-30;0.0019740818574574;0.19740818574574;1.632319486068481
3829;3829;1965-03-31;-0.0004640635934745;-0.04640635934745;1.6318554224750066
3830;3830;1965-04-01;0.0018552416764912;0.18552416764912;1.6337106641514978
3831;3831;1965-04-02;0.0024298421120825;0.24298421120825;1.6361405062635803
3832;3832;1965-04-05;0.0;0.0;1.6361405062635803
3833;3833;1965-04-06;-0.0003467491241275;-0.034674912412749996;1.6357937571394527
3834;3834;1965-04-07;0.0005779023464285;0.05779023464285;1.6363716594858813
3835;3835;1965-04-08;0.0056454783123403;0.56454783123403;1.6420171377982216
3836;3836;1965-04-09;0.0059564552165793;0.5956455216579299;1.647973593014801
3837;3837;1965-04-12;0.0043305366822608;0.43305366822608005;1.6523041296970618
3838;3838;1965-04-13;0.001136481521291;0.11364815212909998;1.6534406112183528
3839;3839;1965-04-14;0.0022690842630552;0.22690842630551997;1.6557096954814081
3840;3840;1965-04-15;-0.0010204207473112;-0.10204207473112001;1.6546892747340969
3841;3841;1965-04-19;0.0040756310446239;0.40756310446238997;1.6587649057787208
3842;3842;1965-04-20;-0.0005651014414658;-0.05651014414658;1.658199804337255
3843;3843;1965-04-21;-0.0018103195506373;-0.18103195506373;1.6563894847866176
3844;3844;1965-04-22;0.0054212465570922;0.54212465570922;1.6618107313437098
3845;3845;1965-04-23;0.0011257234359076;0.11257234359076;1.6629364547796175
3846;3846;1965-04-26;0.0001125274257258;0.01125274257258;1.6630489822053434
3847;3847;1965-04-27;0.0016860791944726;0.16860791944726;1.664735061399816
3848;3848;1965-04-28;-0.0004493484660574;-0.04493484660574;1.6642857129337585
3849;3849;1965-04-29;-0.0007868263205912;-0.07868263205912;1.6634988866131672
3850;3850;1965-04-30;0.0020220294351647;0.20220294351647;1.665520916048332
3851;3851;1965-05-03;0.0013457666863256;0.13457666863256001;1.6668666827346577
3852;3852;1965-05-04;0.0031330336936807;0.31330336936807;1.6699997164283384
3853;3853;1965-05-05;0.0022318611974432;0.22318611974432;1.6722315776257817
3854;3854;1965-05-06;0.0023381294792246;0.23381294792246002;1.6745697071050063
3855;3855;1965-05-07;-0.0007787729331409;-0.07787729331409;1.6737909341718653
3856;3856;1965-05-10;-0.0021168076299718;-0.21168076299718;1.6716741265418935
3857;3857;1965-05-11;-0.0012276213327169;-0.12276213327169;1.6704465052091766
3858;3858;1965-05-12;0.0043456415720504;0.43456415720504;1.674792146781227
3859;3859;1965-05-13;0.0036623424968222;0.36623424968222;1.6784544892780493
3860;3860;1965-05-14;-0.0018850036596971;-0.18850036596971;1.6765694856183522
3861;3861;1965-05-17;-0.006234678435721;-0.6234678435721;1.6703348071826312
3862;3862;1965-05-18;-0.0008938771544908;-0.08938771544908;1.6694409300281403
3863;3863;1965-05-19;0.002344655833431;0.23446558334310003;1.6717855858615713
3864;3864;1965-05-20;-0.0054794434606222;-0.54794434606222;1.666306142400949
3865;3865;1965-05-21;-0.004833370843805;-0.4833370843805;1.661472771557144
3866;3866;1965-05-24;-0.0074644546419273;-0.7464454641927301;1.6540083169152167
3867;3867;1965-05-25;0.0057728613240737;0.57728613240737;1.6597811782392904
3868;3868;1965-05-26;-0.0033916934526727;-0.33916934526727;1.6563894847866176
3869;3869;1965-05-27;-0.0052232093611195;-0.52232093611195;1.651166275425498
3870;3870;1965-05-28;0.0065812335549004;0.65812335549004;1.6577475089803986
3871;3871;1965-06-01;0.0033871885347478;0.33871885347478;1.6611346975151464
3872;3872;1965-06-02;-0.0185433335383784;-1.85433335383784;1.642591363976768
3873;3873;1965-06-03;-0.0021839654888431;-0.21839654888431;1.6404073984879248
3874;3874;1965-06-04;0.0024136440242328;0.24136440242328003;1.6428210425121577
3875;3875;1965-06-07;-0.0026438776553003;-0.26438776553003;1.6401771648568573
3876;3876;1965-06-08;-0.0109948103301063;-1.0994810330106302;1.629182354526751
3877;3877;1965-06-09;-0.0104112655322677;-1.04112655322677;1.6187710889944833
3878;3878;1965-06-10;-0.0036519801759071;-0.36519801759071;1.6151191088185761
3879;3879;1965-06-11;0.0045922952207373;0.45922952207372997;1.6197114040393135
3880;3880;1965-06-14;-0.0131261976542492;-1.31261976542492;1.6065852063850643
3881;3881;1965-06-15;0.005697297309867;0.5697297309867;1.6122825036949313
3882;3882;1965-06-16;0.0083682381306893;0.83682381306893;1.6206507418256206
3883;3883;1965-06-17;0.0063180392194937;0.6318039219493701;1.6269687810451143
3884;3884;1965-06-18;-0.004676206954981;-0.46762069549810004;1.6222925740901333
3885;3885;1965-06-21;-0.0034038767732758;-0.34038767732757996;1.6188886973168575
3886;3886;1965-06-22;0.0018794319889137;0.18794319889137;1.6207681293057712
3887;3887;1965-06-23;-0.006357462071084;-0.6357462071084;1.6144106672346872
3888;3888;1965-06-24;-0.0131964112796004;-1.31964112796004;1.6012142559550868
3889;3889;1965-06-25;-0.0060016986298396;-0.60016986298396;1.5952125573252471
3890;3890;1965-06-28;-0.0177339766633713;-1.77339766633713;1.5774785806618759
3891;3891;1965-06-29;0.0098775998528326;0.98775998528326;1.5873561805147085
3892;3892;1965-06-30;0.0205375491847466;2.05375491847466;1.607893729699455
3893;3893;1965-07-01;0.0042704689714776;0.42704689714776;1.6121641986709327
3894;3894;1965-07-02;0.0080170315263723;0.80170315263723;1.620181230197305
3895;3895;1965-07-06;-0.001998308017332;-0.19983080173319998;1.618182922179973
3896;3896;1965-07-07;-0.0037722549452858;-0.37722549452858;1.6144106672346872
3897;3897;1965-07-08;0.0084676621754731;0.8467662175473101;1.6228783294101603
3898;3898;1965-07-09;0.0037405070349994;0.37405070349994;1.6266188364451597
3899;3899;1965-07-12;-0.0002333372225669;-0.02333372225669;1.6263854992225928
3900;3900;1965-07-13;-0.0011677488618886;-0.11677488618885999;1.6252177503607041
3901;3901;1965-07-14;0.0032661524618395;0.32661524618395;1.6284839028225437
3902;3902;1965-07-15;-0.00174837734966;-0.174837734966;1.6267355254728837
3903;3903;1965-07-16;-0.0003500262502909;-0.035002625029090004;1.6263854992225928
3904;3904;1965-07-19;-0.0007005020173247;-0.07005020173247001;1.625684997205268
3905;3905;1965-07-20;-0.0126925431770974;-1.26925431770974;1.6129924540281706
3906;3906;1965-07-21;-0.0056933256793465;-0.56933256793465;1.607299128348824
3907;3907;1965-07-22;-0.0026203207301041;-0.26203207301041004;1.60467880761872
3908;3908;1965-07-23;0.0026203207301041;0.26203207301041004;1.607299128348824
3909;3909;1965-07-26;-0.0002378895995409;-0.02378895995409;1.607061238749283
3910;3910;1965-07-27;-0.0021438787817009;-0.21438787817008997;1.6049173599675821
3911;3911;1965-07-28;0.0019058492736521;0.19058492736521;1.6068232092412342
3912;3912;1965-07-29;0.0077055802270491;0.77055802270491;1.6145287894682834
3913;3913;1965-07-30;0.0067086698969616;0.67086698969616;1.621237459365245
3914;3914;1965-08-02;0.001992125835974;0.19921258359740002;1.623229585201219
3915;3915;1965-08-03;0.0004681765148975;0.04681765148975;1.6236977617161166
3916;3916;1965-08-04;0.0038540427267461;0.38540427267461;1.6275518044428627
3917;3917;1965-08-05;0.0;0.0;1.6275518044428627
3918;3918;1965-08-06;0.0032584574201388;0.32584574201388;1.6308102618630016
3919;3919;1965-08-09;-0.002442844218101;-0.2442844218101;1.6283674176449006
3920;3920;1965-08-10;0.0001164851776431;0.01164851776431;1.6284839028225437
3921;3921;1965-08-11;0.0030231883490872;0.30231883490872;1.631507091171631
3922;3922;1965-08-12;0.0028983848322807;0.28983848322807;1.6344054760039117
3923;3923;1965-08-13;0.0045047724289437;0.45047724289436997;1.6389102484328555
3924;3924;1965-08-16;0.0011518775749532;0.11518775749532;1.6400621260078088
3925;3925;1965-08-17;0.0019550117904128;0.19550117904127998;1.6420171377982216
3926;3926;1965-08-18;-0.0005746480683024;-0.057464806830239995;1.6414424897299191
3927;3927;1965-08-19;-0.0023017273500824;-0.23017273500824;1.6391407623798366
3928;3928;1965-08-20;-0.0011528592269574;-0.11528592269573999;1.6379879031528792
3929;3929;1965-08-23;-0.0015007679584497;-0.15007679584497002;1.6364871351944295
3930;3930;1965-08-24;0.0017314138635633;0.17314138635633;1.6382185490579928
3931;3931;1965-08-25;0.0011525935085217;0.11525935085217;1.6393711425665145
3932;3932;1965-08-26;0.0037942098486141;0.37942098486141;1.6431653524151286
3933;3933;1965-08-27;0.0006882872977538;0.06882872977538;1.6438536397128825
3934;3934;1965-08-30;0.0001146952610557;0.011469526105570001;1.6439683349739382
3935;3935;1965-08-31;-0.0004587796925079;-0.045877969250790004;1.6435095552814303
3936;3936;1965-09-01;0.0;0.0;1.6435095552814303
3937;3937;1965-09-02;0.0054914221054582;0.5491422105458199;1.6490009773868886
3938;3938;1965-09-03;0.0046667434305502;0.46667434305502;1.6536677208174388
3939;3939;1965-09-07;0.0034010122534349;0.34010122534348997;1.6570687330708738
3940;3940;1965-09-08;0.0033894845638258;0.33894845638258003;1.6604582176346996
3941;3941;1965-09-09;0.0025907645706437;0.25907645706437;1.6630489822053434
3942;3942;1965-09-10;0.0025841708377267;0.25841708377267;1.6656331530430701
3943;3943;1965-09-13;0.0029131000992981;0.29131000992981004;1.6685462531423683
3944;3944;1965-09-14;-0.0039235295873387;-0.39235295873386994;1.6646227235550295
3945;3945;1965-09-15;0.0054886501381945;0.5488650138194501;1.670111373693224
3946;3946;1965-09-16;0.0055698040472531;0.55698040472531;1.6756811777404772
3947;3947;1965-09-17;0.000333270397931;0.0333270397931;1.6760144481384083
3948;3948;1965-09-20;0.000333081657077;0.0333081657077;1.6763475297954853
3949;3949;1965-09-21;-0.0030018811802436;-0.30018811802436;1.6733456486152416
3950;3950;1965-09-22;0.0045548376506436;0.45548376506435995;1.6779004862658853
3951;3951;1965-09-23;-0.0039982282938302;-0.39982282938302;1.673902257972055
3952;3952;1965-09-24;0.0017789197684221;0.17789197684221;1.6756811777404772
3953;3953;1965-09-27;0.0069741247248806;0.69741247248806;1.6826553024653579
3954;3954;1965-09-28;-0.00242988851135;-0.242988851135;1.6802254139540078
3955;3955;1965-09-29;-0.0045442362135306;-0.45442362135306;1.6756811777404772
3956;3956;1965-09-30;-0.0006667185637949;-0.06667185637949001;1.6750144591766822
3957;3957;1965-10-01;-0.0006671522505481;-0.06671522505481;1.674347306926134
3958;3958;1965-10-04;0.0020002228693512;0.20002228693511998;1.6763475297954853
3959;3959;1965-10-05;0.0060870643712016;0.60870643712016;1.682434594166687
3960;3960;1965-10-06;-0.0009934979124137;-0.09934979124137;1.6814410962542732
3961;3961;1965-10-07;-0.0007734379616159;-0.07734379616159;1.6806676582926572
3962;3962;1965-10-08;0.004191457736832;0.4191457736832;1.6848591160294892
3963;3963;1965-10-11;0.0057074570161921;0.57074570161921;1.6905665730456814
3964;3964;1965-10-12;-0.0002189689138623;-0.02189689138623;1.690347604131819
3965;3965;1965-10-13;-0.0001094969657717;-0.01094969657717;1.6902381071660473
3966;3966;1965-10-14;-0.001643500086625;-0.1643500086625;1.6885946070794222
3967;3967;1965-10-15;0.0020813394273808;0.20813394273808003;1.690675946506803
3968;3968;1965-10-18;0.0032776496612454;0.32776496612454004;1.6939535961680485
3969;3969;1965-10-19;0.0013080773397531;0.13080773397530998;1.6952616735078017
3970;3970;1965-10-20;-0.000217932235115;-0.0217932235115;1.6950437412726866
3971;3971;1965-10-21;0.0017418140603311;0.17418140603311;1.6967855553330178
3972;3972;1965-10-22;0.0004349825961647;0.04349825961647;1.6972205379291825
3973;3973;1965-10-25;-0.0033760445712678;-0.33760445712678;1.6938444933579146
3974;3974;1965-10-26;0.0057649478682906;0.5764947868290601;1.6996094412262053
3975;3975;1965-10-27;0.0033566703779248;0.33566703779247997;1.7029661116041301
3976;3976;1965-10-28;-0.0032481946962725;-0.32481946962725;1.6997179169078576
3977;3977;1965-10-29;0.0022748100955434;0.22748100955434;1.701992727003401
3978;3978;1965-11-01;-0.0020578940267777;-0.20578940267777002;1.6999348329766233
3979;3979;1965-11-03;0.0008669665609302;0.08669665609302;1.7008017995375535
3980;3980;1965-11-04;0.0016236514086571;0.16236514086571;1.7024254509462107
3981;3981;1965-11-05;-0.0009738246619965;-0.09738246619965;1.701451626284214
3982;3982;1965-11-08;-0.0015167933075908;-0.15167933075908;1.6999348329766233
3983;3983;1965-11-09;-0.0032580718993413;-0.32580718993413;1.696676761077282
3984;3984;1965-11-10;-0.0010883544708573;-0.10883544708573;1.6955884066064246
3985;3985;1965-11-11;0.003044462451923;0.30444624519229996;1.6986328690583476
3986;3986;1965-11-12;0.0047655455776878;0.47655455776878;1.7033984146360355
3987;3987;1965-11-15;0.0008639594446036;0.08639594446036;1.704262374080639
3988;3988;1965-11-16;-0.0023777896937131;-0.23777896937131;1.701884584386926
3989;3989;1965-11-17;0.002053878868554;0.2053878868554;1.70393846325548
3990;3990;1965-11-18;-0.0041120824316669;-0.41120824316668997;1.699826380823813
3991;3991;1965-11-19;0.0002168166560423;0.021681665604230002;1.7000431974798553
3992;3992;1965-11-22;-0.0065260076052071;-0.65260076052071;1.6935171898746482
3993;3993;1965-11-23;0.0015265513980384;0.15265513980384002;1.6950437412726866
3994;3994;1965-11-24;0.0017418140603311;0.17418140603311;1.6967855553330178
3995;3995;1965-11-26;0.0009783878533449;0.09783878533449;1.6977639431863627
3996;3996;1965-11-29;-0.002502269678561;-0.2502269678561;1.6952616735078017
3997;3997;1965-11-30;-0.0020718833632269;-0.20718833632269001;1.6931897901445747
3998;3998;1965-12-01;-0.0012014746614799;-0.12014746614799;1.6919883154830948
3999;3999;1965-12-02;-0.003174443053119;-0.3174443053119;1.6888138724299757
4000;4000;1965-12-03;0.0006575844309208;0.06575844309208001;1.6894714568608966
4001;4001;1965-12-06;-0.0074783261330662;-0.74783261330662;1.6819931307278304
4002;4002;1965-12-07;0.0087922648157823;0.87922648157823;1.6907853955436127
4003;4003;1965-12-08;-0.0012043577434761;-0.12043577434761;1.6895810378001366
4004;4004;1965-12-09;0.0030627786422483;0.30627786422483;1.692643816442385
4005;4005;1965-12-10;0.0026178570654167;0.26178570654167;1.6952616735078017
4006;4006;1965-12-13;0.0003267330986229;0.03267330986229;1.6955884066064246
4007;4007;1965-12-14;0.0005442817648066;0.05442817648066;1.6961326883712313
4008;4008;1965-12-15;0.0015225669561012;0.15225669561012;1.6976552553273325
4009;4009;1965-12-16;0.0010861953929879;0.10861953929879;1.6987414507203205
4010;4010;1965-12-17;-0.000434321384831;-0.0434321384831;1.6983071293354894
4011;4011;1965-12-20;-0.0046807900260077;-0.46807900260077;1.6936263393094817
4012;4012;1965-12-21;0.0039202924231744;0.39202924231743996;1.6975466317326562
4013;4013;1965-12-22;0.0030385155818581;0.30385155818581;1.7005851473145144
4014;4014;1965-12-23;-0.001084117608066;-0.1084117608066;1.6995010297064483
4015;4015;1965-12-27;-0.0072941916530622;-0.72941916530622;1.6922068380533861
4016;4016;1965-12-28;0.0001092816195411;0.01092816195411;1.6923161196729273
4017;4017;1965-12-29;0.0030544259001805;0.30544259001805;1.6953705455731078
4018;4018;1965-12-30;0.0042388956530974;0.42388956530974004;1.6996094412262053
4019;4019;1965-12-31;0.0024915032520995;0.24915032520995;1.7021009444783048
4020;4020;1966-01-03;-0.0027084139843234;-0.27084139843234;1.6993925304939814
4021;4021;1966-01-04;0.0008675125151782;0.08675125151782;1.7002600430091597
4022;4022;1966-01-05;0.006374566451055;0.6374566451054999;1.7066346094602147
4023;4023;1966-01-06;0.0022591586663951;0.22591586663951;1.7088937681266099
4024;4024;1966-01-07;0.0008593018927145;0.08593018927145;1.7097530700193244
4025;4025;1966-01-10;0.0020378941892857;0.20378941892857;1.7117909642086102
4026;4026;1966-01-11;0.0008568276997324;0.08568276997324;1.7126477919083427
4027;4027;1966-01-12;-0.0023580074476292;-0.23580074476291998;1.7102897844607134
4028;4028;1966-01-13;0.0018225574304313;0.18225574304313;1.7121123418911448
4029;4029;1966-01-14;0.0014984376051154;0.14984376051154;1.7136107794962603
4030;4030;1966-01-17;0.0028835071437169;0.28835071437169;1.7164942866399773
4031;4031;1966-01-18;0.0019177504892367;0.19177504892367;1.718412037129214
4032;4032;1966-01-19;-0.0027712126175032;-0.27712126175032;1.7156408245117107
4033;4033;1966-01-20;-0.0035284826205659;-0.35284826205659003;1.7121123418911448
4034;4034;1966-01-21;0.0011775412035861;0.11775412035861;1.713289883094731
4035;4035;1966-01-24;0.0025643565714004;0.25643565714004;1.7158542396661314
4036;4036;1966-01-25;0.0014928452574034;0.14928452574034;1.7173470849235348
4037;4037;1966-01-26;-0.0015995844946159;-0.15995844946159;1.7157475004289189
4038;4038;1966-01-27;-0.0003202113578142;-0.032021135781420004;1.7154272890711046
4039;4039;1966-01-28;-0.0038506840574852;-0.38506840574851997;1.7115766050136194
4040;4040;1966-01-31;-0.0046189567221066;-0.46189567221065997;1.7069576482915128
4041;4041;1966-02-01;-0.0077820647395361;-0.77820647395361;1.6991755835519766
4042;4042;1966-02-02;0.004006665103275;0.4006665103275;1.7031822486552517
4043;4043;1966-02-03;0.0012960688643524;0.12960688643524002;1.704478317519604
4044;4044;1966-02-04;0.006562338507611;0.6562338507611;1.7110406560272151
4045;4045;1966-02-07;0.0035321846039586;0.35321846039586;1.7145728406311738
4046;4046;1966-02-08;-0.0004274126410441;-0.04274126410441;1.7141454279901296
4047;4047;1966-02-09;0.0054367704653675;0.54367704653675;1.719582198455497
4048;4048;1966-02-10;-0.0024481996367757;-0.24481996367757003;1.7171339988187213
4049;4049;1966-02-11;-0.0002132167989321;-0.02132167989321;1.7169207820197891
4050;4050;1966-02-14;-0.0029892090634673;-0.29892090634673;1.7139315729563218
4051;4051;1966-02-15;-0.0038564697585066;-0.38564697585066;1.7100751031978152
4052;4052;1966-02-16;-0.0001072720431745;-0.01072720431745;1.7099678311546407
4053;4053;1966-02-17;-0.0053815647959467;-0.5381564795946701;1.704586266358694
4054;4054;1966-02-18;-0.002701681971768;-0.27016819717679996;1.701884584386926
4055;4055;1966-02-21;-0.0058606742470939;-0.58606742470939;1.696023910139832
4056;4056;1966-02-23;-0.0042541649895797;-0.42541649895796996;1.6917697451502522
4057;4057;1966-02-24;-0.0064704288202648;-0.64704288202648;1.6852993163299874
4058;4058;1966-02-25;0.0027468017352374;0.27468017352374;1.6880461180652249
4059;4059;1966-02-28;0.0008774073824566;0.08774073824566;1.6889235254476815
4060;4060;1966-03-01;-0.0127980895800546;-1.27980895800546;1.676125435867627
4061;4061;1966-03-02;-0.0101557259227594;-1.01557259227594;1.6659697099448676
4062;4062;1966-03-03;0.0035830179931863;0.35830179931863;1.669552727938054
4063;4063;1966-03-04;-0.0025740375835781;-0.25740375835781;1.6669786903544759
4064;4064;1966-03-07;-0.013538079136123;-1.3538079136123;1.6534406112183528
4065;4065;1966-03-08;0.0015889119130578;0.15889119130578;1.6550295231314107
4066;4066;1966-03-09;0.0088066393314729;0.88066393314729;1.6638361624628837
4067;4067;1966-03-10;0.0;0.0;1.6638361624628837
4068;4068;1966-03-11;-0.0012372871704524;-0.12372871704524;1.6625988752924312
4069;4069;1966-03-14;-0.0113187402237847;-1.13187402237847;1.6512801350686466
4070;4070;1966-03-15;-0.0057077781833561;-0.57077781833561;1.6455723568852905
4071;4071;1966-03-16;0.005821636245705;0.5821636245705;1.6513939931309956
4072;4072;1966-03-17;0.0035220964861064;0.35220964861064;1.654916089617102
4073;4073;1966-03-18;0.0040747199118689;0.40747199118689;1.658990809528971
4074;4074;1966-03-21;0.0075395396263235;0.7539539626323499;1.6665303491552945
4075;4075;1966-03-22;0.0029105808728457;0.29105808728457;1.6694409300281403
4076;4076;1966-03-23;-0.0036956423425964;-0.36956423425963997;1.6657452876855439
4077;4077;1966-03-24;0.0017935662446628;0.17935662446627998;1.6675388539302067
4078;4078;1966-03-25;0.0027959532524244;0.27959532524243996;1.6703348071826312
4079;4079;1966-03-28;0.0008930788516545;0.08930788516545;1.6712278860342857
4080;4080;1966-03-29;-0.0039130912473117;-0.39130912473117;1.667314794786974
4081;4081;1966-03-30;-0.0055040634432641;-0.55040634432641;1.6618107313437098
4082;4082;1966-03-31;0.0050559513909478;0.5055951390947799;1.6668666827346577
4083;4083;1966-04-01;0.0079254640465693;0.79254640465693;1.674792146781227
4084;4084;1966-04-04;0.0090758783681721;0.9075878368172099;1.6838680251493992
4085;4085;1966-04-05;0.0060416067770621;0.6041606777062101;1.6899096319264613
4086;4086;1966-04-06;0.0027341845159236;0.27341845159236;1.692643816442385
4087;4087;1966-04-07;0.0021820213763383;0.21820213763383;1.6948258378187233
4088;4088;1966-04-11;0.0003268755083283;0.03268755083283;1.6951527133270516
4089;4089;1966-04-12;-0.0037110280933703;-0.37110280933703;1.6914416852336813
4090;4090;1966-04-13;0.0009837041176199;0.09837041176199002;1.6924253893513013
4091;4091;1966-04-14;0.0035985207885307;0.35985207885307;1.696023910139832
4092;4092;1966-04-15;0.0013052868093588;0.13052868093588;1.6973291969491908
4093;4093;1966-04-18;-0.004466924679793;-0.4466924679793;1.6928622722693978
4094;4094;1966-04-19;-0.0001092219481382;-0.010922194813819999;1.6927530503212596
4095;4095;1966-04-20;0.0055540790142298;0.5554079014229799;1.6983071293354894
4096;4096;1966-04-21;0.0036855976679115;0.36855976679115;1.701992727003401
4097;4097;1966-04-22;-0.0016243547245942;-0.16243547245942;1.7003683722788068
4098;4098;1966-04-25;-0.0020612429433173;-0.20612429433173002;1.6983071293354894
4099;4099;1966-04-26;-0.0009779323862986;-0.09779323862986;1.6973291969491908
4100;4100;1966-04-27;-0.0025033591304675;-0.25033591304674996;1.6948258378187233
4101;4101;1966-04-28;-0.0068894690290735;-0.6889469029073501;1.6879363687896498
4102;4102;1966-04-29;-0.0007684176449354;-0.07684176449354;1.6871679511447144
4103;4103;1966-05-02;-0.0017585847574626;-0.17585847574625998;1.6854093663872518
4104;4104;1966-05-03;-0.0116184322153865;-1.16184322153865;1.6737909341718653
4105;4105;1966-05-04;-0.0051327830574186;-0.5132783057418601;1.6686581511144467
4106;4106;1966-05-05;-0.0164677645219173;-1.64677645219173;1.6521903865925294
4107;4107;1966-05-06;-0.0010241111670312;-0.10241111670311999;1.651166275425498
4108;4108;1966-05-09;-0.0174556112740003;-1.74556112740003;1.6337106641514978
4109;4109;1966-05-10;0.0087659383838536;0.8765938383853601;1.6424766025353514
4110;4110;1966-05-11;0.0017210835032317;0.17210835032317;1.6441976860385832
4111;4111;1966-05-12;-0.0115301630820559;-1.15301630820559;1.6326675229565273
4112;4112;1966-05-13;-0.0088527308769705;-0.8852730876970499;1.6238147920795567
4113;4113;1966-05-16;-0.0124795234945605;-1.24795234945605;1.6113352685849962
4114;4114;1966-05-17;-0.009283653862238;-0.9283653862238;1.6020516147227581
4115;4115;1966-05-18;0.0176597893165553;1.76597893165553;1.6197114040393135
4116;4116;1966-05-19;-0.0011755731928664;-0.11755731928664;1.618535830846447
4117;4117;1966-05-20;0.0048108395186989;0.48108395186988995;1.623346670365146
4118;4118;1966-05-23;0.008972815703335;0.8972815703335;1.632319486068481
4119;4119;1966-05-24;0.0065907623643743;0.65907623643743;1.6389102484328555
4120;4120;1966-05-25;0.0034514876092872;0.34514876092872004;1.6423617360421428
4121;4121;1966-05-26;0.0;0.0;1.6423617360421428
4122;4122;1966-05-27;0.0029816764867547;0.29816764867546997;1.6453434125288975
4123;4123;1966-05-31;-0.0138363213572665;-1.38363213572665;1.631507091171631
4124;4124;1966-06-01;-0.0003483597651312;-0.03483597651312;1.6311587314064997
4125;4125;1966-06-02;-0.0016273280638889;-0.16273280638888998;1.6295314033426107
4126;4126;1966-06-03;0.0011626440298613;0.11626440298613;1.630694047372472
4127;4127;1966-06-06;-0.0074644621712529;-0.74644621712529;1.623229585201219
4128;4128;1966-06-07;-0.0069309646033923;-0.69309646033923;1.6162986205978267
4129;4129;1966-06-08;0.0011781103957098;0.11781103957098;1.6174767309935365
4130;4130;1966-06-09;0.0066889881507972;0.66889881507972;1.6241657191443337
4131;4131;1966-06-10;0.0109341788334065;1.09341788334065;1.6350998979777402
4132;4132;1966-06-13;0.0045016523299459;0.45016523299459;1.6396015503076862
4133;4133;1966-06-14;0.0027601857344565;0.27601857344565;1.6423617360421428
4134;4134;1966-06-15;-0.0039125135540532;-0.39125135540532;1.6384492224880896
4135;4135;1966-06-16;-0.0030023347494276;-0.30023347494276;1.6354468877386619
4136;4136;1966-06-17;0.0004624927739538;0.04624927739538;1.6359093805126157
4137;4137;1966-06-20;-0.0003468292899428;-0.03468292899428;1.6355625512226728
4138;4138;1966-06-21;0.00265599783532;0.265599783532;1.6382185490579928
4139;4139;1966-06-22;0.0016132638025299;0.16132638025298998;1.6398318128605227
4140;4140;1966-06-23;-0.0040380557210699;-0.40380557210699003;1.6357937571394527
4141;4141;1966-06-24;0.0009244511760231;0.09244511760231;1.6367182083154759
4142;4142;1966-06-27;-0.0057917454661824;-0.57917454661824;1.6309264628492934
4143;4143;1966-06-28;-0.004774437017117;-0.4774437017117;1.6261520258321764
4144;4144;1966-06-29;-0.0094998310722642;-0.94998310722642;1.6166521947599122
4145;4145;1966-06-30;-0.0014151299614857;-0.14151299614857002;1.6152370647984264
4146;4146;1966-07-01;0.0102143888384649;1.02143888384649;1.6254514536368914
4147;4147;1966-07-05;0.0024499691281061;0.24499691281061;1.6279014227649975
4148;4148;1966-07-06;0.0143454335881099;1.4345433588109902;1.6422468563531074
4149;4149;1966-07-07;0.0036688760390015;0.36688760390015;1.645915732392109
4150;4150;1966-07-08;0.0026287689020039;0.26287689020039;1.648544501294113
4151;4151;1966-07-11;-0.0018279909332008;-0.18279909332008001;1.646716510360912
4152;4152;1966-07-12;-0.0065393455040547;-0.65393455040547;1.6401771648568573
4153;4153;1966-07-13;-0.0066981888034005;-0.66981888034005;1.6334789760534567
4154;4154;1966-07-14;0.0060073770196096;0.60073770196096;1.6394863530730663
4155;4155;1966-07-15;0.0029902494622851;0.29902494622851;1.6424766025353514
4156;4156;1966-07-18;-0.0010341128054323;-0.10341128054323001;1.6414424897299191
4157;4157;1966-07-19;-0.0076159611139514;-0.7615961113951399;1.6338265286159677
4158;4158;1966-07-20;-0.0095438338574078;-0.9543833857407801;1.6242826947585598
4159;4159;1966-07-21;0.000116880080335;0.0116880080335;1.6243995748388949
4160;4160;1966-07-22;-0.0012869948462972;-0.12869948462972;1.6231125799925976
4161;4161;1966-07-25;-0.0186722742834053;-1.86722742834053;1.6044403057091923
4162;4162;1966-07-26;-0.0015520208544384;-0.15520208544383998;1.6028882848547539
4163;4163;1966-07-27;0.0047676015445539;0.47676015445539;1.6076558863993078
4164;4164;1966-07-28;-0.0039316308443151;-0.39316308443151;1.6037242555549927
4165;4165;1966-07-29;-0.0020314161861634;-0.20314161861634;1.6016928393688292
4166;4166;1966-08-01;-0.0155509134810421;-1.55509134810421;1.5861419258877871
4167;4167;1966-08-02;0.0002430029166475;0.02430029166475;1.5863849288044347
4168;4168;1966-08-03;0.0099106440890368;0.99106440890368;1.5962955728934716
4169;4169;1966-08-04;0.0093368884028839;0.9336888402883899;1.6056324612963555
4170;4170;1966-08-05;0.0008336807485767;0.08336807485767;1.6064661420449322
4171;4171;1966-08-08;-0.0029806281381379;-0.29806281381379;1.6034855139067943
4172;4172;1966-08-09;-0.0031093304542313;-0.31093304542313;1.600376183452563
4173;4173;1966-08-10;-0.0045617966537632;-0.45617966537632;1.5958143867987997
4174;4174;1966-08-11;-0.0010835371081592;-0.10835371081592;1.5947308496906405
4175;4175;1966-08-12;0.0018051753444421;0.18051753444421;1.5965360250350826
4176;4176;1966-08-15;-0.0051835449723043;-0.5183544972304299;1.5913524800627783
4177;4177;1966-08-16;-0.01350633214909;-1.3506332149090001;1.5778461479136883
4178;4178;1966-08-17;-0.005527893301318;-0.5527893301318;1.5723182546123702
4179;4179;1966-08-18;-0.0126442241739984;-1.26442241739984;1.5596740304383718
4180;4180;1966-08-19;-0.0067593319856076;-0.6759331985607601;1.5529146984527642
4181;4181;1966-08-22;-0.0174843550869559;-1.74843550869559;1.5354303433658083
4182;4182;1966-08-23;-0.0016628977395258;-0.16628977395258;1.5337674456262824
4183;4183;1966-08-24;0.0122154336581719;1.22154336581719;1.5459828792844543
4184;4184;1966-08-25;-0.0128557999516836;-1.28557999516836;1.5331270793327707
4185;4185;1966-08-26;-0.0213641061225092;-2.1364106122509203;1.5117629732102615
4186;4186;1966-08-29;-0.0249119145324563;-2.49119145324563;1.4868510586778052
4187;4187;1966-08-30;0.0176878339667441;1.7687833966744102;1.5045388926445493
4188;4188;1966-08-31;0.0162137051860158;1.6213705186015799;1.5207525978305652
4189;4189;1966-09-01;0.0077519641346164;0.7751964134616399;1.5285045619651816
4190;4190;1966-09-02;-0.0036100994471786;-0.36100994471786;1.524894462518003
4191;4191;1966-09-06;-0.0059593259526957;-0.59593259526957;1.5189351365653072
4192;4192;1966-09-07;-0.0076958051809557;-0.76958051809557;1.5112393313843515
4193;4193;1966-09-08;-0.0041989300297;-0.41989300297000004;1.5070404013546514
4194;4194;1966-09-09;0.0031508230569832;0.31508230569831996;1.5101912244116347
4195;4195;1966-09-12;0.0210124844740411;2.1012484474041098;1.5312037088856758
4196;4196;1966-09-13;0.0052486325381977;0.5248632538197701;1.5364523414238735
4197;4197;1966-09-14;0.0102890334865506;1.02890334865506;1.5467413749104242
4198;4198;1966-09-15;0.0119341282731842;1.19341282731842;1.5586755031836084
4199;4199;1966-09-16;-0.0011245581243848;-0.11245581243848;1.5575509450592235
4200;4200;1966-09-19;-0.0050131952974181;-0.50131952974181;1.5525377497618054
4201;4201;1966-09-20;-0.006934340468752;-0.6934340468751999;1.5456034092930533
4202;4202;1966-09-21;-0.0169701297386409;-1.6970129738640898;1.5286332795544124
4203;4203;1966-09-22;0.0029553892185338;0.29553892185338;1.5315886687729463
4204;4204;1966-09-23;-0.0034702688897398;-0.34702688897398;1.5281183998832064
4205;4205;1966-09-26;0.0024432983442874;0.24432983442873998;1.5305616982274939
4206;4206;1966-09-27;0.0030776762115705;0.30776762115705;1.5336393744390644
4207;4207;1966-09-28;-0.0127570444240899;-1.27570444240899;1.5208823300149745
4208;4208;1966-09-29;-0.0104290217206993;-1.04290217206993;1.5104533082942753
4209;4209;1966-09-30;0.0032707559287397;0.32707559287397;1.513724064223015
4210;4210;1966-10-03;-0.0219208037959531;-2.19208037959531;1.491803260427062
4211;4211;1966-10-04;0.0026666149134868;0.26666149134868;1.4944698753405488
4212;4212;1966-10-05;-0.0054742909926082;-0.5474290992608201;1.4889955843479405
4213;4213;1966-10-06;-0.0086056599193478;-0.8605659919347799;1.4803899244285927
4214;4214;1966-10-07;-0.0115452012433153;-1.15452012433153;1.4688447231852775
4215;4215;1966-10-10;0.0180063354925277;1.80063354925277;1.4868510586778052
4216;4216;1966-10-11;0.0050857308810137;0.5085730881013699;1.491936789558819
4217;4217;1966-10-12;0.0280373341129403;2.80373341129403;1.5199741236717592
4218;4218;1966-10-13;-0.0019489644316435;-0.19489644316435;1.5180251592401157
4219;4219;1966-10-14;-0.0037787654016119;-0.37787654016119;1.5142463938385038
4220;4220;1966-10-17;0.0112937269151487;1.12937269151487;1.5255401207536525
4221;4221;1966-10-18;0.0154982159688251;1.54982159688251;1.5410383367224776
4222;4222;1966-10-19;-0.0080393081225187;-0.80393081225187;1.5329990285999588
4223;4223;1966-10-20;-0.0026942989080529;-0.26942989080529;1.530304729691906
4224;4224;1966-10-21;0.0044864012248542;0.44864012248541996;1.5347911309167601
4225;4225;1966-10-24;0.0029371836453462;0.29371836453462;1.5377283145621063
4226;4226;1966-10-25;0.0061022818398832;0.61022818398832;1.5438305964019896
4227;4227;1966-10-26;0.0085815769303545;0.8581576930354501;1.5524121733323442
4228;4228;1966-10-27;0.0081347170273353;0.8134717027335301;1.5605468903596795
4229;4229;1966-10-28;0.000124571570395;0.0124571570395;1.5606714619300746
4230;4230;1966-10-31;-0.000498641262471;-0.0498641262471;1.5601728206676035
4231;4231;1966-11-01;0.0075772180299589;0.75772180299589;1.5677500386975625
4232;4232;1966-11-02;0.0008658421242833;0.08658421242833;1.5686158808218458
4233;4233;1966-11-03;-0.0039643140361374;-0.39643140361374;1.5646515667857084
4234;4234;1966-11-04;0.003098471911854;0.3098471911854;1.5677500386975625
4235;4235;1966-11-07;-0.000990404928113;-0.0990404928113;1.5667596337694494
4236;4236;1966-11-09;0.0080192151416183;0.80192151416183;1.5747788489110677
4237;4237;1966-11-10;0.006247365361145;0.6247365361145;1.5810262142722127
4238;4238;1966-11-11;0.0006104254562346;0.061042545623459996;1.5816366397284474
4239;4239;1966-11-14;-0.0069806049496383;-0.69806049496383;1.574656034778809
4240;4240;1966-11-15;0.003924928259388;0.3924928259388;1.578580963038197
4241;4241;1966-11-16;0.0082897095376051;0.82897095376051;1.5868706725758022
4242;4242;1966-11-17;-0.0069440490906655;-0.6944049090665501;1.5799266234851366
4243;4243;1966-11-18;-0.0066233651115821;-0.66233651115821;1.5733032583735544
4244;4244;1966-11-21;-0.0145029627801589;-1.4502962780158901;1.5588002955933955
4245;4245;1966-11-22;-0.0052578741030542;-0.52578741030542;1.5535424214903413
4246;4246;1966-11-23;0.0067551046228375;0.67551046228375;1.5602975261131788
4247;4247;1966-11-25;0.0079473783743875;0.79473783743875;1.5682449044875664
4248;4248;1966-11-28;-0.0017330903397052;-0.17330903397052;1.5665118141478611
4249;4249;1966-11-29;-0.0035995943465501;-0.35995943465501;1.562912219801311
4250;4250;1966-11-30;0.0003729595484571;0.03729595484571;1.5632851793497682
4251;4251;1966-12-01;-0.0046096761661598;-0.46096761661598;1.5586755031836084
4252;4252;1966-12-02;0.0006241183688278;0.06241183688278;1.5592996215524362
4253;4253;1966-12-05;0.0013718403776383;0.13718403776383;1.5606714619300746
4254;4254;1966-12-06;0.0074497243265083;0.74497243265083;1.568121186256583
4255;4255;1966-12-07;0.0108269391313636;1.08269391313636;1.5789481253879465
4256;4256;1966-12-08;0.0040300719128429;0.40300719128428997;1.5829781973007895
4257;4257;1966-12-09;0.0010962422549054;0.10962422549054;1.584074439555695
4258;4258;1966-12-12;0.0104155114425222;1.04155114425222;1.594489950998217
4259;4259;1966-12-13;-0.003258278331967;-0.3258278331967;1.59123167266625
4260;4260;1966-12-14;-0.001088516753926;-0.1088516753926;1.590143155912324
4261;4261;1966-12-15;-0.0121744870179592;-1.21744870179592;1.5779686688943648
4262;4262;1966-12-16;-0.0007351672875213;-0.07351672875213;1.5772335016068435
4263;4263;1966-12-19;-0.003807250554102;-0.38072505541019996;1.5734262510527415
4264;4264;1966-12-20;-0.0038217146637462;-0.38217146637461996;1.5696045363889952
4265;4265;1966-12-21;0.0051743125220724;0.5174312522072401;1.5747788489110677
4266;4266;1966-12-22;0.0038021141271293;0.38021141271292996;1.578580963038197
4267;4267;1966-12-23;-0.0026967532395714;-0.26967532395714;1.5758842097986256
4268;4268;1966-12-27;-0.0057857119245676;-0.57857119245676;1.570098497874058
4269;4269;1966-12-28;-0.0048264309715211;-0.48264309715211;1.5652720669025368
4270;4270;1966-12-29;-0.0029817141489303;-0.29817141489303;1.5622903527536065
4271;4271;1966-12-30;-0.0004978344689678;-0.04978344689678;1.5617925182846386
4272;4272;1967-01-03;0.0006221766153178;0.062217661531779996;1.5624146948999564
4273;4273;1967-01-04;0.0021127951685926;0.21127951685926002;1.564527490068549
4274;4274;1967-01-05;0.0129510905933268;1.29510905933268;1.5774785806618759
4275;4275;1967-01-06;0.0070827259950068;0.70827259950068;1.5845613066568827
4276;4276;1967-01-09;0.0076368394386721;0.76368394386721;1.5921981460955548
4277;4277;1967-01-10;0.0;0.0;1.5921981460955548
4278;4278;1967-01-11;0.0079384949490615;0.7938494949061501;1.6001366410446163
4279;4279;1967-01-12;0.0052575457091022;0.52575457091022;1.6053941867537185
4280;4280;1967-01-13;0.0073616455586167;0.73616455586167;1.6127558323123352
4281;4281;1967-01-16;-0.0026060308981108;-0.26060308981108005;1.6101498014142244
4282;4282;1967-01-17;0.0109703255546476;1.09703255546476;1.621120126968872
4283;4283;1967-01-18;0.0064316774739907;0.64316774739907;1.6275518044428627
4284;4284;1967-01-19;0.0003496183221347;0.03496183221347;1.6279014227649975
4285;4285;1967-01-20;0.0029088390980041;0.29088390980041;1.6308102618630016
4286;4286;1967-01-23;0.0037109981339957;0.37109981339957;1.6345212599969974
4287;4287;1967-01-24;0.0013881205156183;0.13881205156183002;1.6359093805126157
4288;4288;1967-01-25;-0.0076584732639597;-0.76584732639597;1.628250907248656
4289;4289;1967-01-26;-0.0004660375353147;-0.04660375353147;1.6277848697133412
4290;4290;1967-01-27;0.0040705527616653;0.40705527616653003;1.6318554224750066
4291;4291;1967-01-30;0.0057863831957716;0.57863831957716;1.6376418056707782
4292;4292;1967-01-31;-0.0005771685801949;-0.05771685801949;1.6370646370905833
4293;4293;1967-02-01;-0.0020804561244176;-0.20804561244176;1.6349841809661656
4294;4294;1967-02-02;0.0034650415219239;0.34650415219239;1.6384492224880896
4295;4295;1967-02-03;0.0072376441570103;0.72376441570103;1.6456868666450999
4296;4296;1967-02-06;-0.002062576633234;-0.2062576633234;1.6436242900118658
4297;4297;1967-02-07;-0.0026417405125434;-0.26417405125434;1.6409825494993224
4298;4298;1967-02-08;0.0088167286518929;0.88167286518929;1.6497992781512154
4299;4299;1967-02-09;-0.0041124115061155;-0.41124115061155;1.6456868666450999
4300;4300;1967-02-10;0.0030858473894266;0.30858473894266;1.6487727140345265
4301;4301;1967-02-13;-0.0005706866233916;-0.05706866233916;1.6482020274111349
4302;4302;1967-02-14;0.0067140622059671;0.67140622059671;1.654916089617102
4303;4303;1967-02-15;0.0011335186300254;0.11335186300254;1.6560496082471274
4304;4304;1967-02-16;-0.0046556151161318;-0.46556151161317993;1.6513939931309956
4305;4305;1967-02-17;0.0003413712693181;0.034137126931809994;1.6517353644003137
4306;4306;1967-02-20;-0.0055907156539101;-0.55907156539101;1.6461446487464035
4307;4307;1967-02-21;-0.0006868032854017;-0.06868032854017;1.6454578454610018
4308;4308;1967-02-23;0.0012586648999102;0.12586648999102001;1.646716510360912
4309;4309;1967-02-24;-0.000457428805543;-0.0457428805543;1.646259081555369
4310;4310;1967-02-27;-0.0109278706803071;-1.09278706803071;1.635331210875062
4311;4311;1967-02-28;0.0036943011733692;0.36943011733692;1.6390255120484312
4312;4312;1967-03-01;0.0103176543528933;1.03176543528933;1.6493431664013245
4313;4313;1967-03-02;0.0054595675769482;0.54595675769482;1.6548027339782727
4314;4314;1967-03-03;0.0014734714631483;0.14734714631483;1.656276205441421
4315;4315;1967-03-06;-0.0021543519991444;-0.21543519991444002;1.6541218534422766
4316;4316;1967-03-07;0.0006808805359961;0.06808805359961;1.6548027339782727
4317;4317;1967-03-08;0.0012468742688547;0.12468742688547;1.6560496082471274
4318;4318;1967-03-09;0.0029412012818435;0.29412012818435;1.658990809528971
4319;4319;1967-03-10;0.0040581726763724;0.40581726763723996;1.6630489822053434
4320;4320;1967-03-13;-0.0051883604160805;-0.5188360416080501;1.6578606217892629
4321;4321;1967-03-14;-0.0009051024591775;-0.09051024591775;1.6569555193300853
4322;4322;1967-03-15;0.0094627719736877;0.94627719736877;1.666418291303773
4323;4323;1967-03-16;0.010040178161149;1.0040178161149;1.676458469464922
4324;4324;1967-03-17;0.0017744709496874;0.17744709496873998;1.6782329404146095
4325;4325;1967-03-20;-0.000554203403837;-0.05542034038370001;1.6776787370107724
4326;4326;1967-03-21;-0.0022197234788885;-0.22197234788884998;1.6754590135318839
4327;4327;1967-03-22;0.0027739268827256;0.27739268827256;1.6782329404146095
4328;4328;1967-03-23;0.007616373176396;0.7616373176396001;1.6858493135910055
4329;4329;1967-03-27;-0.0007700236679353;-0.07700236679353;1.6850792899230702
4330;4330;1967-03-28;0.0004401034118748;0.04401034118748;1.685519393334945
4331;4331;1967-03-29;-0.0019819538866512;-0.19819538866512001;1.6835374394482938
4332;4332;1967-03-30;-0.0003307722016598;-0.03307722016598;1.683206667246634
4333;4333;1967-03-31;-0.0055279302358615;-0.55279302358615;1.6776787370107724
4334;4334;1967-04-03;-0.0107000466562965;-1.07000466562965;1.6669786903544759
4335;4335;1967-04-04;-0.0002241062444889;-0.02241062444889;1.666754584109987
4336;4336;1967-04-05;0.0063683807614465;0.63683807614465;1.6731229648714334
4337;4337;1967-04-06;0.0016691819097935;0.16691819097934998;1.674792146781227
4338;4338;1967-04-07;-0.0064696376279735;-0.64696376279735;1.6683225091532534
4339;4339;1967-04-10;-0.0126128136718453;-1.26128136718453;1.6557096954814081
4340;4340;1967-04-11;0.0072267592982093;0.72267592982093;1.6629364547796175
4341;4341;1967-04-12;-0.0011257234359076;-0.11257234359076;1.6618107313437098
4342;4342;1967-04-13;0.0076301986844304;0.76301986844304;1.6694409300281403
4343;4343;1967-04-14;0.0107844839258675;1.07844839258675;1.6802254139540078
4344;4344;1967-04-17;0.0070523708273384;0.70523708273384;1.6872777847813463
4345;4345;1967-04-18;0.0086372482040513;0.86372482040513;1.6959150329853976
4346;4346;1967-04-19;0.0008705223476201;0.08705223476201;1.6967855553330178
4347;4347;1967-04-20;0.0018473137253298;0.18473137253298;1.6986328690583476
4348;4348;1967-04-21;0.002060648154786;0.2060648154786;1.7006935172131337
4349;4349;1967-04-24;0.0034609594315027;0.34609594315027;1.7041544766446364
4350;4350;1967-04-25;0.0052764671974054;0.52764671974054;1.7094309438420419
4351;4351;1967-04-26;-0.0009671090956011;-0.09671090956011;1.7084638347464407
4352;4352;1967-04-27;0.0084569472733484;0.8456947273348401;1.7169207820197891
4353;4353;1967-04-28;0.0021297420466215;0.21297420466215;1.7190505240664107
4354;4354;1967-05-01;-0.0018100191453189;-0.18100191453189002;1.7172405049210917
4355;4355;1967-05-02;-0.001813215849987;-0.1813215849987;1.7154272890711046
4356;4356;1967-05-03;0.0025589735410083;0.25589735410083003;1.717986262612113
4357;4357;1967-05-04;0.0043563368186214;0.43563368186214;1.7223425994307344
4358;4358;1967-05-05;0.0012714771656634;0.12714771656634;1.7236140765963979
4359;4359;1967-05-08;0.0014813249670702;0.14813249670702;1.725095401563468
4360;4360;1967-05-09;-0.0104156962458246;-1.0415696245824602;1.7146797053176435
4361;4361;1967-05-10;-0.002674513553039;-0.26745135530389996;1.7120051917646044
4362;4362;1967-05-11;0.0042758162875342;0.42758162875342;1.7162810080521387
4363;4363;1967-05-12;-0.002884123087437;-0.2884123087437;1.7133968849647017
4364;4364;1967-05-15;-0.0082712109305145;-0.82712109305145;1.7051256740341871
4365;4365;1967-05-16;0.0046273959851372;0.46273959851372004;1.7097530700193244
4366;4366;1967-05-17;-0.0038726382722931;-0.38726382722930996;1.7058804317470313
4367;4367;1967-05-18;-0.0026981830917796;-0.26981830917795996;1.7031822486552517
4368;4368;1967-05-19;-0.0049837481538785;-0.49837481538785;1.698198500501373
4369;4369;1967-05-22;-0.0043540071434584;-0.43540071434584;1.6938444933579146
4370;4370;1967-05-23;-0.0048113269149938;-0.48113269149938;1.6890331664429208
4371;4371;1967-05-24;-0.0115761502483638;-1.1576150248363801;1.677457016194557
4372;4372;1967-05-25;0.0111375908848652;1.11375908848652;1.6885946070794222
4373;4373;1967-05-26;-0.0023055287616662;-0.23055287616662;1.686289078317756
4374;4374;1967-05-29;-0.0054004098549853;-0.54004098549853;1.6808886684627706
4375;4375;1967-05-31;-0.0157044604202561;-1.5704460420256101;1.6651842080425145
4376;4376;1967-06-01;0.012827134413878;1.2827134413878;1.6780113424563925
4377;4377;1967-06-02;-0.004888377584959;-0.4888377584959;1.6731229648714334
4378;4378;1967-06-05;-0.0152623430821706;-1.52623430821706;1.6578606217892629
4379;4379;1967-06-06;0.0201507206671296;2.01507206671296;1.6780113424563925
4380;4380;1967-06-07;0.0075080508785525;0.75080508785525;1.685519393334945
4381;4381;1967-06-08;0.005375450208616;0.5375450208615999;1.6908948435435611
4382;4382;1967-06-09;0.0017489728988238;0.17489728988238;1.692643816442385
4383;4383;1967-06-12;0.0052288027912403;0.52288027912403;1.6978726192336253
4384;4384;1967-06-13;0.006281857411011;0.6281857411010999;1.7041544766446364
4385;4385;1967-06-14;-0.0023781331503576;-0.23781331503575998;1.7017763434942788
4386;4386;1967-06-15;0.0009735086495492;0.09735086495492;1.702749852143828
4387;4387;1967-06-16;0.0005404853427819;0.05404853427819;1.70329033748661
4388;4388;1967-06-19;-0.0003242258824798;-0.03242258824798;1.7029661116041301
4389;4389;1967-06-20;-0.0003243310389979;-0.03243310389979;1.7026417805651322
4390;4390;1967-06-21;-0.0030323393389268;-0.30323393389268;1.6996094412262053
4391;4391;1967-06-22;-0.0024976502368696;-0.24976502368696;1.6971117909893356
4392;4392;1967-06-23;0.0003261292613236;0.03261292613236;1.6974379202506593
4393;4393;1967-06-26;-0.0039207303760111;-0.39207303760110995;1.6935171898746482
4394;4394;1967-06-27;-0.0037170262133994;-0.37170262133994003;1.6898001636612487
4395;4395;1967-06-28;0.0001094682652125;0.01094682652125;1.6899096319264613
4396;4396;1967-06-29;-0.005050515896972;-0.5050515896972;1.6848591160294892
4397;4397;1967-06-30;-0.002314167140776;-0.2314167140776;1.6825449488887132
4398;4398;1967-07-03;0.0029744444462318;0.29744444462318;1.685519393334945
4399;4399;1967-07-05;0.0049377067200833;0.49377067200833;1.6904571000550284
4400;4400;1967-07-06;-0.0004379351918144;-0.04379351918144;1.690019164863214
4401;4401;1967-07-07;0.0040435222128438;0.40435222128438;1.6940626870760578
4402;4402;1967-07-10;0.0039185963956303;0.39185963956303;1.697981283471688
4403;4403;1967-07-11;0.004660497093444;0.46604970934440004;1.7026417805651322
4404;4404;1967-07-12;-0.0008654370708534;-0.08654370708534;1.7017763434942788
4405;4405;1967-07-13;0.0002163835091222;0.021638350912219998;1.701992727003401
4406;4406;1967-07-14;0.0034564735958646;0.34564735958646003;1.7054492005992656
4407;4407;1967-07-17;0.0001078440898973;0.01078440898973;1.705557044689163
4408;4408;1967-07-18;0.0080537348070972;0.8053734807097199;1.7136107794962603
4409;4409;1967-07-19;0.001603013951569;0.1603013951569;1.7152137934478293
4410;4410;1967-07-20;0.0021332914757055;0.21332914757055;1.7173470849235348
4411;4411;1967-07-21;0.002022492583726;0.20224925837260002;1.7193695775072608
4412;4412;1967-07-24;-0.0033018935404198;-0.33018935404197997;1.716067683966841
4413;4413;1967-07-25;-0.005241548047687;-0.5241548047687;1.710826135919154
4414;4414;1967-07-26;0.0087560625363432;0.8756062536343199;1.719582198455497
4415;4415;1967-07-27;0.0030783953630129;0.30783953630129;1.72266059381851
4416;4416;1967-07-28;0.0014827370113819;0.14827370113819;1.724143330829892
4417;4417;1967-07-31;0.0027478563342624;0.27478563342623996;1.7268911871641544
4418;4418;1967-08-01;0.0065222510847178;0.6522251084717801;1.7334134382488722
4419;4419;1967-08-02;0.0042897894266165;0.42897894266165004;1.7377032276754887
4420;4420;1967-08-03;-0.0012536044069593;-0.12536044069593;1.7364496232685294
4421;4421;1967-08-04;0.0017755291590511;0.17755291590511002;1.7382251524275805
4422;4422;1967-08-07;-0.0026121951510704;-0.26121951510704;1.73561295727651
4423;4423;1967-08-08;0.0011502066171056;0.11502066171056001;1.7367631638936156
4424;4424;1967-08-09;0.000940063781873;0.09400637818730001;1.7377032276754887
4425;4425;1967-08-10;-0.0026135606598689;-0.26135606598689;1.7350896670156197
4426;4426;1967-08-11;-0.0039857090524;-0.39857090524;1.7311039579632197
4427;4427;1967-08-14;-0.0053744056578262;-0.53744056578262;1.7257295523053935
4428;4428;1967-08-15;0.0013726627227415;0.13726627227415;1.727102215028135
4429;4429;1967-08-16;-0.0023240449928065;-0.23240449928065002;1.7247781700353284
4430;4430;1967-08-17;0.0008456919840114;0.08456919840114;1.7256238620193398
4431;4431;1967-08-18;0.0015838871709723;0.15838871709723001;1.7272077491903122
4432;4432;1967-08-21;-0.0056075796605732;-0.56075796605732;1.721600169529739
4433;4433;1967-08-22;-0.005425855169169;-0.5425855169169;1.7161743143605699
4434;4434;1967-08-23;-0.0013877450926784;-0.13877450926784;1.7147865692678914
4435;4435;1967-08-24;-0.0055705019070444;-0.55705019070444;1.709216067360847
4436;4436;1967-08-25;-0.0041982839498784;-0.41982839498783997;1.7050177834109685
4437;4437;1967-08-28;-0.000647437179138;-0.0647437179138;1.7043703462318305
4438;4438;1967-08-29;0.0025873020596822;0.25873020596822;1.7069576482915128
4439;4439;1967-08-30;0.0020435931077251;0.20435931077251;1.709001241399238
4440;4440;1967-08-31;0.006105733745894;0.6105733745894;1.715106975145132
4441;4441;1967-09-01;0.0004270873459484;0.04270873459484;1.7155340624910804
4442;4442;1967-09-05;0.0056416031565298;0.56416031565298;1.7211756656476103
4443;4443;1967-09-06;0.0019088022965192;0.19088022965192;1.7230844679441295
4444;4444;1967-09-07;-0.0006358308785863;-0.06358308785863;1.7224486370655432
4445;4445;1967-09-08;0.0003179712732608;0.03179712732608;1.722766608338804
4446;4446;1967-09-11;0.0019057708054388;0.19057708054388;1.7246723791442429
4447;4447;1967-09-12;0.0047485659046193;0.47485659046193;1.7294209450488622
4448;4448;1967-09-13;0.0104723966926983;1.04723966926983;1.7398933417415605
4449;4449;1967-09-14;0.0021853279466874;0.21853279466873998;1.742078669688248
4450;4450;1967-09-15;0.0007273861408894;0.07273861408894;1.7428060558291374
4451;4451;1967-09-18;0.0026971178735317;0.26971178735317;1.7455031737026692
4452;4452;1967-09-19;-0.0037363925731659;-0.37363925731659;1.7417667811295032
4453;4453;1967-09-20;-0.0004160270578994;-0.04160270578994;1.7413507540716038
4454;4454;1967-09-21;0.0064289210399062;0.6428921039906199;1.74777967511151
4455;4455;1967-09-22;0.0025806465934916;0.25806465934916;1.7503603217050017
4456;4456;1967-09-25;0.0060640096621797;0.60640096621797;1.7564243313671815
4457;4457;1967-09-26;-0.008541281754038;-0.8541281754038;1.7478830496131434
4458;4458;1967-09-27;0.0003099870811187;0.03099870811187;1.7481930366942622
4459;4459;1967-09-28;0.0;0.0;1.7481930366942622
4460;4460;1967-09-29;-0.0008268941039641;-0.08268941039641;1.747366142590298
4461;4461;1967-10-02;-0.0040408178281685;-0.40408178281685003;1.7433253247621294
4462;4462;1967-10-03;0.0034202447870521;0.34202447870521;1.7467455695491816
4463;4463;1967-10-04;-0.00227886982527;-0.22788698252700001;1.7444666997239116
4464;4464;1967-10-05;0.0024857392652792;0.24857392652791999;1.7469524389891908
4465;4465;1967-10-06;0.0060847297515058;0.60847297515058;1.7530371687406967
4466;4466;1967-10-09;0.0025671318186661;0.25671318186661;1.755604300559363
4467;4467;1967-10-10;-0.0068948665931332;-0.68948665931332;1.7487094339662297
4468;4468;1967-10-11;-0.0048651097713952;-0.48651097713951996;1.7438443241948345
4469;4469;1967-10-12;-0.0064543529324598;-0.64543529324598;1.7373899712623746
4470;4470;1967-10-13;0.0026075634070803;0.26075634070803;1.739997534669455
4471;4471;1967-10-16;-0.0078431774610257;-0.78431774610257;1.7321543572084293
4472;4472;1967-10-17;-0.0026281224062696;-0.26281224062696;1.7295262348021596
4473;4473;1967-10-18;0.0026281224062696;0.26281224062696;1.7321543572084293
4474;4474;1967-10-19;0.0018879804223521;0.18879804223521;1.7340423376307814
4475;4475;1967-10-20;-0.0005241130122195;-0.05241130122195;1.7335182246185619
4476;4476;1967-10-23;-0.00441314164628;-0.441314164628;1.7291050829722818
4477;4477;1967-10-24;-0.0057028458344756;-0.5702845834475601;1.7234022371378062
4478;4478;1967-10-25;0.001058526643205;0.1058526643205;1.7244607637810112
4479;4479;1967-10-26;0.0044337136097159;0.44337136097158997;1.728894477390727
4480;4480;1967-10-27;0.0002106055815547;0.02106055815547;1.7291050829722818
4481;4481;1967-10-30;-0.0017918107560763;-0.17918107560763;1.7273132722162055
4482;4482;1967-10-31;-0.0158437890069481;-1.58437890069481;1.7114694832092574
4483;4483;1967-11-01;-0.0063438091750702;-0.6343809175070201;1.7051256740341871
4484;4484;1967-11-02;-0.0039989570718983;-0.39989570718983;1.7011267169622888
4485;4485;1967-11-03;-0.0060829756896021;-0.60829756896021;1.6950437412726866
4486;4486;1967-11-06;-0.0032739961224344;-0.32739961224344;1.6917697451502522
4487;4487;1967-11-08;-0.0037236270850273;-0.37236270850273;1.6880461180652249
4488;4488;1967-11-09;0.0049252768783993;0.49252768783992995;1.6929713949436243
4489;4489;1967-11-10;0.0067465219642333;0.67465219642333;1.6997179169078576
4490;4490;1967-11-13;-0.0026061259185219;-0.26061259185219;1.6971117909893356
4491;4491;1967-11-14;-0.0063263954457228;-0.63263954457228;1.6907853955436127
4492;4492;1967-11-15;0.0040404422751105;0.40404422751105;1.6948258378187233
4493;4493;1967-11-16;0.0091126254367566;0.9112625436756601;1.70393846325548
4494;4494;1967-11-17;0.0023730137591684;0.23730137591683997;1.7063114770146484
4495;4495;1967-11-20;-0.0126851377051667;-1.26851377051667;1.6936263393094817
4496;4496;1967-11-21;0.0156971666928811;1.5697166692881102;1.7093235060023628
4497;4497;1967-11-22;0.0058902874454664;0.58902874454664;1.7152137934478293
4498;4498;1967-11-24;0.0026659572672613;0.26659572672612997;1.7178797507150907
4499;4499;1967-11-27;0.0028712307703138;0.28712307703138;1.7207509814854045
4500;4500;1967-11-28;0.0033923493444874;0.33923493444874003;1.724143330829892
4501;4501;1967-11-29;-0.000211653261859;-0.0211653261859;1.723931677568033
4502;4502;1967-11-30;-0.0049875520964102;-0.49875520964102005;1.7189441254716227
4503;4503;1967-12-01;0.0053050522296933;0.53050522296933;1.724249177701316
4504;4504;1967-12-04;0.0063291140211534;0.6329114021153399;1.7305782917224695
4505;4505;1967-12-05;0.0013661011877808;0.13661011877808;1.7319443929102503
4506;4506;1967-12-06;0.0042960824256166;0.42960824256165997;1.736240475335867
4507;4507;1967-12-07;-0.0011508083202471;-0.11508083202471;1.7350896670156197
4508;4508;1967-12-08;-0.0011521446860065;-0.11521446860065;1.7339375223296132
4509;4509;1967-12-11;-0.00314889520636;-0.314889520636;1.730788627123253
4510;4510;1967-12-12;-0.0011571136525603;-0.11571136525603;1.7296315134706928
4511;4511;1967-12-13;0.0034672375524964;0.34672375524964;1.7330987510231892
4512;4512;1967-12-14;0.0013626646628663;0.13626646628663;1.7344614156860556
4513;4513;1967-12-15;-0.0046194517842055;-0.46194517842055;1.72984196390185
4514;4514;1967-12-18;-0.002739748873715;-0.2739748873715;1.727102215028135
4515;4515;1967-12-19;-0.0014783530087951;-0.14783530087951;1.7256238620193398
4516;4516;1967-12-20;0.0054800959438798;0.54800959438798;1.7311039579632197
4517;4517;1967-12-21;0.0024142666553421;0.24142666553421;1.7335182246185619
4518;4518;1967-12-22;-0.0018889711322289;-0.18889711322289002;1.731629253486333
4519;4519;1967-12-26;0.0006301060831708;0.06301060831708;1.7322593595695037
4520;4520;1967-12-27;0.0068002770777395;0.68002770777395;1.7390596366472433
4521;4521;1967-12-28;-0.0002086027086507;-0.020860270865070002;1.7388510339385925
4522;4522;1967-12-29;0.0060303988114052;0.60303988114052;1.7448814327499977
4523;4523;1968-01-02;-0.0037387103084416;-0.37387103084416;1.741142722441556
4524;4524;1968-01-03;-0.0045886304550562;-0.45886304550562;1.7365540919865
4525;4525;1968-01-04;-0.0032455349812643;-0.32455349812643;1.7333085570052356
4526;4526;1968-01-05;0.0060638031166631;0.60638031166631;1.7393723601218987
4527;4527;1968-01-08;0.007062773255452;0.7062773255452001;1.7464351333773507
4528;4528;1968-01-09;-0.0012427818307916;-0.12427818307916001;1.745192351546559
4529;4529;1968-01-10;0.0002072013302489;0.020720133024889998;1.745399552876808
4530;4530;1968-01-11;0.0010355805005426;0.10355805005426;1.7464351333773507
4531;4531;1968-01-12;0.0010344264699284;0.10344264699284;1.7474695598472791
4532;4532;1968-01-15;-0.0031065884107688;-0.31065884107688;1.7443629714365103
4533;4533;1968-01-16;-0.0062421967799153;-0.62421967799153;1.738120774656595
4534;4534;1968-01-17;-0.001880299320728;-0.1880299320728;1.736240475335867
4535;4535;1968-01-18;-0.0008368306058983;-0.08368306058983;1.7354036447299686
4536;4536;1968-01-19;-0.003354300909268;-0.3354300909268;1.7320493438207005
4537;4537;1968-01-22;-0.0127861309649999;-1.27861309649999;1.7192632128557006
4538;4538;1968-01-23;-0.0039426231910209;-0.39426231910209;1.7153205896646797
4539;4539;1968-01-24;-0.0052454864668645;-0.52454864668645;1.7100751031978152
4540;4540;1968-01-25;0.0013943800114422;0.13943800114422;1.7114694832092574
4541;4541;1968-01-26;0.0016063617912038;0.16063617912038;1.7130758450004613
4542;4542;1968-01-29;-0.0010706532358568;-0.10706532358568;1.7120051917646044
4543;4543;1968-01-30;-0.0049398619289773;-0.49398619289773;1.707065329835627
4544;4544;1968-01-31;-0.0070221323557717;-0.70221323557717;1.7000431974798553
4545;4545;1968-02-01;0.0034632069995783;0.34632069995783;1.7035064044794337
4546;4546;1968-02-02;-0.0031380322006269;-0.31380322006269;1.7003683722788068
4547;4547;1968-02-05;-0.0043444621389747;-0.43444621389747;1.696023910139832
4548;4548;1968-02-06;0.0003264841862131;0.03264841862131;1.6963503943260452
4549;4549;1968-02-07;0.0017394655397069;0.17394655397069;1.6980898598657521
4550;4550;1968-02-08;-0.0126804934785003;-1.2680493478500299;1.6854093663872518
4551;4551;1968-02-09;-0.0115071084151968;-1.15071084151968;1.673902257972055
4552;4552;1968-02-13;-0.0088303373266578;-0.88303373266578;1.6650719206453972
4553;4553;1968-02-14;0.01194142872487;1.194142872487;1.6770133493702672
4554;4554;1968-02-15;0.001773487476882;0.1773487476882;1.6787868368471492
4555;4555;1968-02-16;-0.003772377670467;-0.3772377670467;1.6750144591766822
4556;4556;1968-02-19;0.0038830581417022;0.38830581417022;1.6788975173183844
4557;4557;1968-02-20;0.0102452013792114;1.0245201379211402;1.6891427186975958
4558;4558;1968-02-21;0.0;0.0;1.6891427186975958
4559;4559;1968-02-23;-0.0038434023676083;-0.38434023676082996;1.6852993163299874
4560;4560;1968-02-26;-0.0078423001354304;-0.78423001354304;1.677457016194557
4561;4561;1968-02-27;0.0038736034483486;0.38736034483486004;1.6813306196429056
4562;4562;1968-02-28;-0.0049830898474203;-0.49830898474203;1.6763475297954853
4563;4563;1968-02-29;-0.0080250206422318;-0.8025020642231799;1.6683225091532534
4564;4564;1968-03-01;-0.0028015931049214;-0.28015931049214;1.665520916048332
4565;4565;1968-03-04;-0.0134442854993004;-1.34442854993004;1.6520766305490315
4566;4566;1968-03-05;-0.0022773523978161;-0.22773523978160998;1.6497992781512154
4567;4567;1968-03-06;0.0174035466579801;1.74035466579801;1.6672028248091955
4568;4568;1968-03-07;-0.0017941695775025;-0.17941695775025;1.665408655231693
4569;4569;1968-03-08;-0.0007859316766634;-0.07859316766634;1.6646227235550295
4570;4570;1968-03-11;0.0122796589296525;1.22796589296525;1.676902382484682
4571;4571;1968-03-12;0.0011089599717104;0.11089599717104;1.6780113424563925
4572;4572;1968-03-13;-0.0022190622417968;-0.22190622417968;1.6757922802145957
4573;4573;1968-03-14;-0.0191763544841921;-1.91763544841921;1.6566159257304036
4574;4574;1968-03-15;0.0087927295012892;0.87927295012892;1.665408655231693
4575;4575;1968-03-18;0.0054843499315717;0.54843499315717;1.6708930051632647
4576;4576;1968-03-19;-0.0067196805673104;-0.67196805673104;1.6641733245959542
4577;4577;1968-03-20;-0.0001123223009988;-0.01123223009988;1.6640610022949553
4578;4578;1968-03-21;-0.0073318356939324;-0.73318356939324;1.6567291666010229
4579;4579;1968-03-22;0.0010183423793757;0.10183423793756999;1.6577475089803986
4580;4580;1968-03-25;-0.0010183423793757;-0.10183423793756999;1.6567291666010229
4581;4581;1968-03-26;0.0067697200121443;0.67697200121443;1.6634988866131672
4582;4582;1968-03-27;0.0081752399287262;0.8175239928726199;1.6716741265418935
4583;4583;1968-03-28;-0.0010043408531705;-0.10043408531705;1.670669785688723
4584;4584;1968-03-29;0.0070089513220494;0.70089513220494;1.6776787370107724
4585;4585;1968-04-01;0.0249630435543597;2.4963043554359703;1.7026417805651322
4586;4586;1968-04-02;0.0017285656666983;0.17285656666983;1.7043703462318305
4587;4587;1968-04-03;0.0089195368629004;0.8919536862900399;1.713289883094731
4588;4588;1968-04-04;0.0039506218263607;0.39506218263607;1.7172405049210917
4589;4589;1968-04-05;-0.0058782300273403;-0.58782300273403;1.7113622748937514
4590;4590;1968-04-08;0.0176374739705851;1.76374739705851;1.7289997488643365
4591;4591;1968-04-10;0.0075543431221634;0.7554343122163399;1.7365540919865
4592;4592;1968-04-11;0.0089490817161692;0.8949081716169199;1.7455031737026692
4593;4593;1968-04-15;0.0006213442779987;0.06213442779987;1.746124517980668
4594;4594;1968-04-16;0.0003106153966827;0.03106153966827;1.7464351333773507
4595;4595;1968-04-17;0.0019644838972254;0.19644838972253997;1.7483996172745762
4596;4596;1968-04-18;0.0027851273870087;0.27851273870087;1.751184744661585
4597;4597;1968-04-19;-0.0127509528342493;-1.2750952834249298;1.7384337918273356
4598;4598;1968-04-22;-0.0055447963951751;-0.55447963951751;1.7328889954321605
4599;4599;1968-04-23;0.0135461379451902;1.35461379451902;1.7464351333773507
4600;4600;1968-04-24;0.0031000851370173;0.31000851370173;1.749535218514368
4601;4601;1968-04-25;-0.0031000851370173;-0.31000851370173;1.7464351333773507
4602;4602;1968-04-26;0.0060877863702382;0.60877863702382;1.752522919747589
4603;4603;1968-04-29;0.0077877430177872;0.77877430177872;1.7603106627653762
4604;4604;1968-04-30;-0.0052192924090173;-0.52192924090173;1.7550913703563589
4605;4605;1968-05-01;0.0052192924090173;0.52192924090173;1.7603106627653762
4606;4606;1968-05-02;0.0063084764511254;0.63084764511254;1.7666191392165016
4607;4607;1968-05-03;0.0007098403339886;0.07098403339886;1.7673289795504903
4608;4608;1968-05-06;-0.0031471118493398;-0.31471118493398;1.7641818677011505
4609;4609;1968-05-07;0.0055767343515817;0.55767343515817;1.7697586020527323
4610;4610;1968-05-08;0.0001011273414395;0.01011273414395;1.7698597293941718
4611;4611;1968-05-09;-0.0052712234785135;-0.52712234785135;1.7645885059156583
4612;4612;1968-05-10;0.0011173854640036;0.11173854640035999;1.765705891379662
4613;4613;1968-05-13;-0.0031521506281713;-0.31521506281713;1.7625537407514906
4614;4614;1968-05-14;-0.0007131475847774;-0.07131475847774;1.7618405931667132
4615;4615;1968-05-15;-0.0005097405608651;-0.05097405608651;1.761330852605848
4616;4616;1968-05-16;-0.0048040364769859;-0.48040364769859;1.756526816128862
4617;4617;1968-05-17;-0.0071979333906879;-0.71979333906879;1.749328882738174
4618;4618;1968-05-20;-0.0046548312890166;-0.46548312890165994;1.7446740514491574
4619;4619;1968-05-21;0.0049643602569782;0.49643602569782;1.7496384117061357
4620;4620;1968-05-22;0.0025758604732404;0.25758604732404;1.752214272179376
4621;4621;1968-05-23;-0.0021632663488349;-0.21632663488349;1.7500510058305412
4622;4622;1968-05-24;0.0018545337812483;0.18545337812483;1.7519055396117895
4623;4623;1968-05-27;-0.0016483366254016;-0.16483366254016;1.7502572029863879
4624;4624;1968-05-28;0.0064745614056391;0.64745614056391;1.756731764392027
4625;4625;1968-05-29;0.0030683771487707;0.30683771487707;1.7598001415407978
4626;4626;1968-05-31;0.0077314933219767;0.77314933219767;1.7675316348627745
4627;4627;1968-06-03;0.0131878693246019;1.31878693246019;1.7807195041873765
4628;4628;1968-06-04;0.0038927933545975;0.38927933545975;1.784612297541974
4629;4629;1968-06-05;-0.0048933838073086;-0.48933838073085995;1.7797189137346654
4630;4630;1968-06-06;0.0075796014235933;0.7579601423593301;1.7872985151582588
4631;4631;1968-06-07;0.0061410157637755;0.61410157637755;1.7934395309220343
4632;4632;1968-06-10;0.0013815573473303;0.13815573473303;1.7948210882693647
4633;4633;1968-06-11;0.0024622062978521;0.24622062978521;1.7972832945672168
4634;4634;1968-06-13;-0.0040412453789491;-0.40412453789491;1.7932420491882677
4635;4635;1968-06-14;-0.0011859177373576;-0.11859177373575999;1.79205613145091
4636;4636;1968-06-17;-0.0099374764906308;-0.9937476490630801;1.7821186549602792
4637;4637;1968-06-18;-0.0013991507729027;-0.13991507729027;1.7807195041873765
4638;4638;1968-06-20;0.0150871745130745;1.50871745130745;1.795806678700451
4639;4639;1968-06-21;-0.0084087944128876;-0.84087944128876;1.7873978842875633
4640;4640;1968-06-24;-0.0026859503436611;-0.26859503436611;1.7847119339439022
4641;4641;1968-06-25;-0.0030927045996147;-0.30927045996146996;1.7816192293442874
4642;4642;1968-06-27;-0.0009996901512439;-0.09996901512438999;1.7806195391930435
4643;4643;1968-06-28;-0.0040088346930335;-0.40088346930334995;1.77661070450001
4644;4644;1968-07-01;-0.0018092275151389;-0.18092275151388998;1.774801476984871
4645;4645;1968-07-02;0.0034146462825885;0.34146462825885;1.7782161232674596
4646;4646;1968-07-03;0.0116622900498786;1.16622900498786;1.7898784133173382
4647;4647;1968-07-08;0.0101553544155601;1.01553544155601;1.8000337677328984
4648;4648;1968-07-09;0.0028407815832363;0.28407815832363004;1.8028745493161347
4649;4649;1968-07-11;0.0015638357056309;0.15638357056309;1.8044383850217656
4650;4650;1968-07-12;-0.0004884775286031;-0.04884775286031;1.8039499074931624
4651;4651;1968-07-15;-0.0007819550817007;-0.07819550817007;1.8031679524114617
4652;4652;1968-07-16;-0.0054913356538541;-0.54913356538541;1.7976766167576075
4653;4653;1968-07-18;-0.0025597631509848;-0.25597631509847996;1.7951168536066227
4654;4654;1968-07-19;-0.0097078820373157;-0.97078820373157;1.785408971569307
4655;4655;1968-07-22;-0.0113119680055203;-1.13119680055203;1.7740970035637866
4656;4656;1968-07-23;-0.0012088547799855;-0.12088547799855001;1.772888148783801
4657;4657;1968-07-25;-0.0128837388873455;-1.28837388873455;1.7600044098964556
4658;4658;1968-07-26;0.0040757546137468;0.40757546137468;1.7640801645102024
4659;4659;1968-07-29;-0.0070411435045851;-0.70411435045851;1.7570390210056173
4660;4660;1968-07-30;0.000921193575559;0.0921193575559;1.7579602145811764
4661;4661;1968-08-01;-0.004717463441306;-0.4717463441306;1.7532427511398703
4662;4662;1968-08-02;-0.0067041869732937;-0.67041869732937;1.7465385641665765
4663;4663;1968-08-05;0.0022741482375563;0.22741482375563;1.7488127124041328
4664;4664;1968-08-06;0.0041216132960419;0.41216132960419;1.7529343257001748
4665;4665;1968-08-08;-0.0021617075577324;-0.21617075577324;1.7507726181424423
4666;4666;1968-08-09;-0.0003091883512;-0.03091883512;1.7504634297912423
4667;4667;1968-08-12;0.0102554480975456;1.02554480975456;1.760718877888788
4668;4668;1968-08-13;0.0052915254980208;0.52915254980208;1.7660104033868087
4669;4669;1968-08-15;-0.0046795507809607;-0.46795507809607;1.761330852605848
4670;4670;1968-08-16;0.0062007822569265;0.62007822569265;1.7675316348627745
4671;4671;1968-08-19;0.0032375584734341;0.32375584734341;1.7707691933362086
4672;4672;1968-08-20;-0.0004041321554506;-0.04041321554506;1.770365061180758
4673;4673;1968-08-22;-0.0026308019348402;-0.26308019348402;1.7677342592459178
4674;4674;1968-08-23;-0.0001012715949055;-0.01012715949055;1.7676329876510122
4675;4675;1968-08-26;0.0025299815644404;0.25299815644404;1.7701629692154526
4676;4676;1968-08-27;-0.0013148320478286;-0.13148320478286;1.768848137167624
4677;4677;1968-08-29;-0.0007086813905043;-0.07086813905042999;1.7681394557771195
4678;4678;1968-08-30;0.0012146054186272;0.12146054186272001;1.7693540611957468
4679;4679;1968-09-03;0.0046422426458381;0.46422426458381005;1.773996303841585
4680;4680;1968-09-04;0.0070231753567897;0.7023175356789699;1.7810194791983747
4681;4681;1968-09-05;0.0071727844676612;0.7172784467661201;1.788192263666036
4682;4682;1968-09-06;0.0045558067446789;0.45558067446789;1.7927480704107148
4683;4683;1968-09-09;0.000296458037047;0.0296458037047;1.7930445284477619
4684;4684;1968-09-10;-0.0049514855089665;-0.49514855089665005;1.7880930429387953
4685;4685;1968-09-12;-0.002087016906592;-0.2087016906592;1.7860060260322033
4686;4686;1968-09-13;0.0033767437327281;0.33767437327281;1.7893827697649314
4687;4687;1968-09-16;0.0037604893585729;0.37604893585729005;1.7931432591235044
4688;4688;1968-09-17;0.0025648825599562;0.25648825599562;1.7957081416834606
4689;4689;1968-09-19;0.0008862672476572;0.08862672476572;1.7965944089311179
4690;4690;1968-09-20;0.0006888856360989;0.06888856360989;1.7972832945672168
4691;4691;1968-09-23;0.0056890197018111;0.56890197018111;1.802972314269028
4692;4692;1968-09-24;0.0034174520420569;0.34174520420569;1.8063897663110848
4693;4693;1968-09-26;-0.0022444020484364;-0.22444020484363997;1.8041453642626484
4694;4694;1968-09-27;-0.0004886207186123;-0.048862071861230004;1.803656743544036
4695;4695;1968-09-30;0.0035125414885692;0.35125414885691997;1.8071692850326053
4696;4696;1968-10-01;0.0018489082377355;0.18489082377354998;1.8090181932703409
4697;4697;1968-10-03;0.0034937923399036;0.34937923399035997;1.8125119856102445
4698;4698;1968-10-04;0.0047358905507453;0.47358905507453;1.8172478761609898
4699;4699;1968-10-07;-9.64466534947306e-05;-0.00964466534947306;1.817151429507495
4700;4700;1968-10-08;0.0003856633384113;0.03856633384113;1.8175370928459065
4701;4701;1968-10-10;-0.0043471739442662;-0.43471739442662;1.8131899189016403
4702;4702;1968-10-11;-0.0010655398835171;-0.10655398835171001;1.8121243790181232
4703;4703;1968-10-14;0.0013559324111351;0.13559324111350998;1.8134803114292584
4704;4704;1968-10-15;0.0020304478913457;0.20304478913456997;1.8155107593206041
4705;4705;1968-10-17;0.0046256514749769;0.46256514749769007;1.820136410795581
4706;4706;1968-10-18;0.0077575257800575;0.77575257800575;1.8278939365756386
4707;4707;1968-10-21;0.0016204951033964;0.16204951033964;1.829514431679035
4708;4708;1968-10-22;-0.0040083848669185;-0.40083848669185;1.8255060468121165
4709;4709;1968-10-24;-0.00700548917552;-0.700548917552;1.8185005576365965
4710;4710;1968-10-25;0.0034608860935012;0.34608860935012004;1.8219614437300977
4711;4711;1968-10-28;-0.0028831831740188;-0.28831831740187996;1.819078260556079
4712;4712;1968-10-29;-0.0057915121872413;-0.57915121872413;1.8132867483688375
4713;4713;1968-10-31;0.0010643027106427;0.10643027106426999;1.8143510510794802
4714;4714;1968-11-01;-0.0033903843839544;-0.33903843839544;1.8109606666955258
4715;4715;1968-11-04;0.0003880481303646;0.03880481303646;1.8113487148258904
4716;4716;1968-11-06;0.001647517008978;0.1647517008978;1.8129962318348685
4717;4717;1968-11-07;0.0022247240721737;0.22247240721737002;1.8152209559070422
4718;4718;1968-11-08;0.0043383727385695;0.43383727385695;1.8195593286456118
4719;4719;1968-11-12;0.0064247811736768;0.6424781173676799;1.8259841098192886
4720;4720;1968-11-13;0.0048628844339715;0.48628844339715;1.8308469942532601
4721;4721;1968-11-14;0.0006656207348578;0.06656207348578;1.831512614988118
4722;4722;1968-11-15;0.0054981843977515;0.54981843977515;1.8370107993858695
4723;4723;1968-11-18;0.0013226171222724;0.13226171222724;1.838333416508142
4724;4724;1968-11-19;0.0020748946717068;0.20748946717067998;1.8404083111798488
4725;4725;1968-11-21;-0.0016029233548522;-0.16029233548521998;1.8388053878249966
4726;4726;1968-11-22;0.0031092689465372;0.31092689465372;1.8419146567715339
4727;4727;1968-11-25;0.001691888691246;0.1691888691246;1.84360654546278
4728;4728;1968-11-26;0.0072986099398981;0.72986099398981;1.850905155402678
4729;4729;1968-11-27;0.0046507384608114;0.46507384608114;1.8555558938634895
4730;4730;1968-11-29;0.0056447749559707;0.5644774955970701;1.8612006688194602
4731;4731;1968-12-02;-0.0023095764626468;-0.23095764626468002;1.8588910923568134
4732;4732;1968-12-03;-0.0009253817630847;-0.09253817630847;1.8579657105937286
4733;4733;1968-12-05;-0.0032453921397603;-0.32453921397602997;1.8547203184539682
4734;4734;1968-12-06;0.002411893584906;0.2411893584906;1.8571322120388742
4735;4735;1968-12-09;-0.0025047185504414;-0.25047185504414;1.8546274934884328
4736;4736;1968-12-10;-0.0025110917285431;-0.25110917285431;1.8521164017598897
4737;4737;1968-12-12;-0.0006520330008479;-0.06520330008479;1.8514643687590417
4738;4738;1968-12-13;0.0024197498784897;0.24197498784896998;1.8538841186375314
4739;4739;1968-12-16;-0.0044718166563457;-0.44718166563457;1.8494123019811857
4740;4740;1968-12-17;-0.0041167161047672;-0.41167161047672;1.8452955858764184
4741;4741;1968-12-19;0.0029021879916548;0.29021879916548;1.8481977738680733
4742;4742;1968-12-20;-0.0059069602054595;-0.59069602054595;1.8422908136626137
4743;4743;1968-12-23;-0.0106831271455983;-1.06831271455983;1.8316076865170154
4744;4744;1968-12-24;-0.0016171038006733;-0.16171038006733;1.829990582716342
4745;4745;1968-12-26;0.0010466816544321;0.10466816544320999;1.8310372643707742
4746;4746;1968-12-27;-0.0039068514127151;-0.39068514127151;1.827130412958059
4747;4747;1968-12-30;-0.0090150701229179;-0.90150701229179;1.818115342835141
4748;4748;1968-12-31;0.0005778484109963;0.057784841099629995;1.8186931912461375
4749;4749;1969-01-02;0.0006737475558118;0.06737475558118;1.8193669388019493
4750;4750;1969-01-03;0.0005771258391922;0.057712583919220004;1.8199440646411416
4751;4751;1969-01-06;-0.0147246388689428;-1.4724638868942799;1.8052194257721987
4752;4752;1969-01-07;-0.0122737069051775;-1.22737069051775;1.7929457188670213
4753;4753;1969-01-08;-0.00415799026623;-0.415799026623;1.7887877286007912
4754;4754;1969-01-09;0.00415799026623;0.415799026623;1.7929457188670213
4755;4755;1969-01-10;-0.0028691684146338;-0.28691684146338;1.7900765504523874
4756;4756;1969-01-13;-0.0048666530489986;-0.48666530489986;1.7852098974033888
4757;4757;1969-01-14;0.0068462340475212;0.68462340475212;1.79205613145091
4758;4758;1969-01-15;0.0048336074380417;0.48336074380417005;1.7968897388889518
4759;4759;1969-01-16;0.005495568215319;0.5495568215319;1.8023853071042708
4760;4760;1969-01-17;-0.0014690860164767;-0.14690860164767;1.800916221087794
4761;4761;1969-01-20;-0.0033378884155119;-0.33378884155119;1.797578332672282
4762;4762;1969-01-21;-0.0005902518398315;-0.05902518398315;1.7969880808324505
4763;4763;1969-01-22;0.0034380074137105;0.34380074137105004;1.8004260882461611
4764;4764;1969-01-23;0.0044028934039008;0.44028934039007994;1.804828981650062
4765;4765;1969-01-24;-0.0004882867216045;-0.04882867216045;1.8043406949284575
4766;4766;1969-01-27;0.0001953804098189;0.01953804098189;1.8045360753382764
4767;4767;1969-01-28;9.76710093736344e-05;0.009767100937363441;1.80463374634765
4768;4768;1969-01-29;0.00097597115957;0.09759711595699999;1.80560971750722
4769;4769;1969-01-30;0.0003901394668099;0.03901394668099;1.80599985697403
4770;4770;1969-01-31;0.0044755765387813;0.44755765387813;1.8104754335128115
4771;4771;1969-02-03;-0.001165643642591;-0.1165643642591;1.8093097898702204
4772;4772;1969-02-04;0.0002915213123726;0.02915213123726;1.809601311182593
4773;4773;1969-02-05;0.0027168559967201;0.27168559967201;1.8123181671793132
4774;4774;1969-02-06;0.0032891971541637;0.32891971541637;1.815607364333477
4775;4775;1969-02-07;-9.66050128727858e-05;-0.009660501287278581;1.8155107593206041
4776;4776;1969-02-11;0.00115844205851;0.115844205851;1.8166692013791141
4777;4777;1969-02-12;-0.0001930239305156;-0.01930239305156;1.8164761774485985
4778;4778;1969-02-13;0.0007716987123913;0.07716987123913001;1.8172478761609898
4779;4779;1969-02-14;-0.0009646730441321;-0.09646730441321;1.8162832031168576
4780;4780;1969-02-17;-0.0113565790602905;-1.1356579060290501;1.8049266240565671
4781;4781;1969-02-18;-0.0102041699740001;-1.02041699740001;1.794722454082567
4782;4782;1969-02-19;-0.0074239389243082;-0.74239389243082;1.7872985151582588
4783;4783;1969-02-20;-0.0085811840393743;-0.8581184039374299;1.7787173311188844
4784;4784;1969-02-24;-0.0119967465926516;-1.1996746592651601;1.7667205845262328
4785;4785;1969-02-25;-0.0063078344956917;-0.63078344956917;1.760412750030541
4786;4786;1969-02-26;0.0047853677838904;0.47853677838904;1.7651981178144316
4787;4787;1969-02-27;-0.0031537541405803;-0.31537541405803;1.7620443636738512
4788;4788;1969-02-28;-0.0001019208255215;-0.01019208255215;1.7619424428483297
4789;4789;1969-03-03;0.0025444012264799;0.25444012264799;1.7644868440748096
4790;4790;1969-03-04;0.0095094597667753;0.9509459766775301;1.773996303841585
4791;4791;1969-03-05;0.003919002171651;0.39190021716510004;1.777915306013236
4792;4792;1969-03-06;-0.0101810467673182;-1.01810467673182;1.7677342592459178
4793;4793;1969-03-07;-0.0005066633019801;-0.05066633019801;1.7672275959439376
4794;4794;1969-03-10;0.0034405619853359;0.34405619853359;1.7706681579292736
4795;4795;1969-03-11;0.0033281459123113;0.33281459123113;1.773996303841585
4796;4796;1969-03-12;-0.0027221572076729;-0.27221572076729;1.771274146633912
4797;4797;1969-03-13;-0.0066856407182536;-0.66856407182536;1.7645885059156583
4798;4798;1969-03-14;-0.0039716840434671;-0.39716840434671;1.7606168218721912
4799;4799;1969-03-17;0.002547772078798;0.2547772078798;1.7631645939509892
4800;4800;1969-03-18;0.0024397491256102;0.24397491256102;1.7656043430765995
4801;4801;1969-03-19;0.0072838057072015;0.72838057072015;1.772888148783801
4802;4802;1969-03-20;0.0063300589748323;0.63300589748323;1.7792182077586334
4803;4803;1969-03-21;-0.0021055706116621;-0.21055706116621;1.7771126371469712
4804;4804;1969-03-24;-0.0013056497808055;-0.13056497808055;1.7758069873661657
4805;4805;1969-03-25;0.0016067888251747;0.16067888251747;1.7774137761913404
4806;4806;1969-03-26;0.0072981577525617;0.72981577525617;1.7847119339439022
4807;4807;1969-03-27;0.0070475155017488;0.70475155017488;1.791759449445651
4808;4808;1969-03-28;0.0040472292547999;0.40472292547999;1.795806678700451
4809;4809;1969-04-01;-0.0008870448519351;-0.08870448519351;1.7949196338485158
4810;4810;1969-04-02;-0.0063303773170488;-0.63303773170488;1.788589256531467
4811;4811;1969-04-03;-0.0009927430627332;-0.09927430627332001;1.7875965134687337
4812;4812;1969-04-07;-0.0078775997340683;-0.78775997340683;1.7797189137346654
4813;4813;1969-04-08;0.0024996263827326;0.24996263827325998;1.782218540117398
4814;4814;1969-04-09;0.0087492904270369;0.8749290427036901;1.790967830544435
4815;4815;1969-04-10;0.0052328302256743;0.5232830225674301;1.7962006607701093
4816;4816;1969-04-11;0.0009842421812216;0.09842421812216;1.797184902951331
4817;4817;1969-04-14;-0.0007873437983025;-0.07873437983025;1.7963975591530283
4818;4818;1969-04-15;-0.0003939044875833;-0.03939044875833;1.796003654665445
4819;4819;1969-04-16;-0.0089039173307679;-0.89039173307679;1.787099737334677
4820;4820;1969-04-17;0.0014895191967898;0.14895191967898;1.788589256531467
4821;4821;1969-04-18;0.0045540025920374;0.45540025920373994;1.7931432591235044
4822;4822;1969-04-21;-0.0067393715285177;-0.67393715285177;1.7864038875949866
4823;4823;1969-04-22;0.0021853689364803;0.21853689364803;1.788589256531467
4824;4824;1969-04-23;0.0001984720693242;0.019847206932419998;1.7887877286007912
4825;4825;1969-04-24;0.0046518023212431;0.46518023212431;1.7934395309220343
4826;4826;1969-04-25;0.0044337626644113;0.44337626644113004;1.7978732935864457
4827;4827;1969-04-28;0.0030429275013483;0.30429275013483;1.800916221087794
4828;4828;1969-04-29;0.0074212038672278;0.74212038672278;1.808337424955022
4829;4829;1969-04-30;0.0087176161050468;0.87176161050468;1.8170550410600688
4830;4830;1969-05-01;-0.0017374521409863;-0.17374521409863;1.8153175889190825
4831;4831;1969-05-02;0.0047226534239088;0.47226534239087997;1.8200402423429913
4832;4832;1969-05-05;0.0035514074344797;0.35514074344797;1.8235916497774711
4833;4833;1969-05-06;0.0046838301050593;0.46838301050592995;1.8282754798825305
4834;4834;1969-05-07;-0.0018136119217908;-0.18136119217908;1.8264618679607396
4835;4835;1969-05-08;0.0040997340942885;0.40997340942884997;1.8305616020550282
4836;4836;1969-05-09;-0.000475803004571;-0.0475803004571;1.830085799050457
4837;4837;1969-05-12;-0.0015242834091227;-0.15242834091227;1.8285615156413344
4838;4838;1969-05-13;0.0042810036432463;0.42810036432463;1.8328425192845808
4839;4839;1969-05-14;0.0077542516199642;0.77542516199642;1.840596770904545
4840;4840;1969-05-15;-0.0029244490167146;-0.29244490167146003;1.8376723218878304
4841;4841;1969-05-16;0.0008499363087794;0.08499363087794;1.8385222581966099
4842;4842;1969-05-19;-0.0091983104207535;-0.9198310420753499;1.8293239477758563
4843;4843;1969-05-20;-0.0088991543820986;-0.8899154382098601;1.8204247933937576
4844;4844;1969-05-21;0.0041245082294034;0.41245082294033997;1.824549301623161
4845;4845;1969-05-22;0.0012435740888214;0.12435740888214;1.8257928757119826
4846;4846;1969-05-23;-9.56259887621158e-05;-0.00956259887621158;1.8256972497232204
4847;4847;1969-05-26;-0.0022014366708589;-0.22014366708588998;1.8234958130523615
4848;4848;1969-05-27;-0.0075987572499549;-0.7598757249954899;1.8158970558024066
4849;4849;1969-05-28;-0.0029976137807006;-0.29976137807006004;1.812899442021706
4850;4850;1969-05-29;0.0019349560897108;0.19349560897108;1.8148343981114168
4851;4851;1969-06-02;-0.0050387412563957;-0.50387412563957;1.809795656855021
4852;4852;1969-06-03;-0.0030160552269986;-0.30160552269986;1.8067796016280224
4853;4853;1969-06-04;-0.0003898353169375;-0.038983531693750004;1.8063897663110848
4854;4854;1969-06-05;0.0016557685950422;0.16557685950422;1.808045534906127
4855;4855;1969-06-06;-0.0062475699540227;-0.62475699540227;1.8017979649521043
4856;4856;1969-06-09;-0.0090498945413894;-0.9049894541389399;1.7927480704107148
4857;4857;1969-06-10;-0.0077373565188878;-0.77373565188878;1.785010713891827
4858;4858;1969-06-11;-0.0137365672579151;-1.37365672579151;1.771274146633912
4859;4859;1969-06-12;-0.008007756337629;-0.8007756337629001;1.7632663902962828
4860;4860;1969-06-13;0.0039612056476547;0.39612056476547;1.7672275959439376
4861;4861;1969-06-16;-0.0033507874845391;-0.33507874845391;1.7638768084593985
4862;4862;1969-06-17;-0.0037703514951017;-0.37703514951017;1.7601064569642968
4863;4863;1969-06-18;-0.0014303129080834;-0.14303129080833998;1.7586761440562133
4864;4864;1969-06-19;-0.0058446719743399;-0.58446719743399;1.7528314720818734
4865;4865;1969-06-20;-0.0058790330926825;-0.5879033092682501;1.7469524389891908
4866;4866;1969-06-23;-0.0045619052439542;-0.45619052439542;1.7423905337452366
4867;4867;1969-06-24;0.0112633273717044;1.12633273717044;1.753653861116941
4868;4868;1969-06-25;-0.0031904313256987;-0.31904313256987;1.7504634297912423
4869;4869;1969-06-26;0.0024708959089325;0.24708959089325;1.7529343257001748
4870;4870;1969-06-27;0.0008223044884951;0.08223044884951;1.75375663018867
4871;4871;1969-06-30;0.0038966107348334;0.38966107348334;1.7576532409235035
4872;4872;1969-07-01;0.0037795948575336;0.37795948575335997;1.7614328357810372
4873;4873;1969-07-02;0.0087301334344154;0.87301334344154;1.7701629692154526
4874;4874;1969-07-03;0.0067489451823927;0.67489451823927;1.7769119143978453
4875;4875;1969-07-07;-0.0058397467609649;-0.58397467609649;1.7710721676368804
4876;4876;1969-07-08;-0.0142380319259416;-1.4238031925941599;1.7568341357109387
4877;4877;1969-07-09;-0.007711724230627;-0.7711724230627;1.7491224114803117
4878;4878;1969-07-10;-0.0156041868617498;-1.56041868617498;1.7335182246185619
4879;4879;1969-07-11;0.004080570791535;0.40805707915350004;1.7375987954100969
4880;4880;1969-07-14;-0.0128206253747685;-1.28206253747685;1.7247781700353284
4881;4881;1969-07-15;-0.0032841281528437;-0.32841281528437;1.7214940418824847
4882;4882;1969-07-16;0.0099251370120985;0.9925137012098499;1.7314191788945832
4883;4883;1969-07-17;0.0060752464423004;0.6075246442300399;1.7374944253368836
4884;4884;1969-07-18;-0.008494676472547;-0.8494676472546999;1.7289997488643365
4885;4885;1969-07-22;-0.015175120577605;-1.5175120577605001;1.7138246282867315
4886;4886;1969-07-23;-0.0042862688854903;-0.42862688854903;1.7095383594012412
4887;4887;1969-07-24;-0.0034423440798816;-0.34423440798816;1.7060960153213596
4888;4888;1969-07-25;-0.0080061554556074;-0.80061554556074;1.6980898598657521
4889;4889;1969-07-28;-0.0203002420808316;-2.03002420808316;1.6777896177849205
4890;4890;1969-07-29;-0.0081251044343284;-0.8125104434328401;1.669664513350592
4891;4891;1969-07-30;0.0050164197774513;0.50164197774513;1.6746809331280434
4892;4892;1969-07-31;0.0209074734783812;2.09074734783812;1.6955884066064246
4893;4893;1969-08-01;0.0177014764883063;1.7701476488306298;1.713289883094731
4894;4894;1969-08-04;-0.0051486009106955;-0.51486009106955;1.7081412821840354
4895;4895;1969-08-05;0.0045065097243073;0.45065097243072993;1.7126477919083427
4896;4896;1969-08-06;0.0054448860783438;0.54448860783438;1.7180926779866865
4897;4897;1969-08-07;0.0007450375682829;0.07450375682829;1.7188377155549694
4898;4898;1969-08-08;-0.0005320704643168;-0.05320704643168;1.7183056450906526
4899;4899;1969-08-11;-0.0061933031995078;-0.61933031995078;1.7121123418911448
4900;4900;1969-08-12;-0.0078499678105057;-0.78499678105057;1.704262374080639
4901;4901;1969-08-13;0.0007554093303294;0.07554093303294;1.7050177834109685
4902;4902;1969-08-14;0.0068802574582367;0.68802574582367;1.7118980408692053
4903;4903;1969-08-15;0.0070460846024174;0.70460846024174;1.7189441254716227
4904;4904;1969-08-18;0.0060455187574168;0.60455187574168;1.7249896442290396
4905;4905;1969-08-19;0.0052731613435179;0.52731613435179;1.7302628055725575
4906;4906;1969-08-20;0.0;0.0;1.7302628055725575
4907;4907;1969-08-21;0.0029408487001347;0.29408487001347;1.7332036542726923
4908;4908;1969-08-22;0.0059601787974763;0.59601787974763;1.7391638330701686
4909;4909;1969-08-25;-0.0103747119748423;-1.0374711974842301;1.7287891210953263
4910;4910;1969-08-26;-0.0066585564409349;-0.66585564409349;1.7221305646543914
4911;4911;1969-08-27;0.0020127661755005;0.20127661755005;1.724143330829892
4912;4912;1969-08-28;0.0042243278188758;0.42243278188757993;1.7283676586487677
4913;4913;1969-08-29;0.0065126595397124;0.65126595397124;1.7348803181884802
4914;4914;1969-09-02;0.0003140434417749;0.031404344177489996;1.7351943616302552
4915;4915;1969-09-03;-0.0058786437220641;-0.58786437220641;1.729315717908191
4916;4916;1969-09-04;-0.0082462249713888;-0.8246224971388799;1.7210694929368022
4917;4917;1969-09-05;-0.0059625177916702;-0.59625177916702;1.715106975145132
4918;4918;1969-09-08;-0.0100891917341635;-1.00891917341635;1.7050177834109685
4919;4919;1969-09-09;0.007308717206647;0.7308717206647;1.7123265006176156
4920;4920;1969-09-10;0.0166732482467209;1.66732482467209;1.7289997488643365
4921;4921;1969-09-11;-0.007717921777365;-0.7717921777365;1.7212818270869714
4922;4922;1969-09-12;-0.0009557101970409;-0.09557101970409;1.7203261168899304
4923;4923;1969-09-15;0.0078307913386934;0.78307913386934;1.728156908228624
4924;4924;1969-09-16;0.0008428406357126;0.08428406357126;1.7289997488643365
4925;4925;1969-09-17;-0.0020030052661814;-0.20030052661814;1.726996743598155
4926;4926;1969-09-18;0.0014763262941617;0.14763262941617;1.7284730698923167
4927;4927;1969-09-19;0.0030511885831261;0.30511885831261004;1.731524258475443
4928;4928;1969-09-22;0.0046116317167177;0.46116317167176996;1.7361358901921606
4929;4929;1969-09-23;0.0;0.0;1.7361358901921606
4930;4930;1969-09-24;-0.0013602995038573;-0.13602995038573;1.7347755906883033
4931;4931;1969-09-25;-0.0076733756601683;-0.76733756601683;1.727102215028135
4932;4932;1969-09-26;-0.0064573663936125;-0.64573663936125;1.7206448486345225
4933;4933;1969-09-29;-0.0079970567261797;-0.79970567261797;1.7126477919083427
4934;4934;1969-09-30;-0.0031094325071015;-0.31094325071015;1.7095383594012412
4935;4935;1969-10-01;-0.0064642112618056;-0.64642112618056;1.7030741481394356
4936;4936;1969-10-02;0.0077519877797183;0.77519877797183;1.710826135919154
4937;4937;1969-10-03;-0.0005363514584404;-0.05363514584404;1.7102897844607134
4938;4938;1969-10-06;0.0020367161569021;0.20367161569020997;1.7123265006176156
4939;4939;1969-10-07;-0.0031104332567686;-0.31104332567686;1.709216067360847
4940;4940;1969-10-08;-0.0045219501425855;-0.45219501425855;1.7046941172182615
4941;4941;1969-10-09;0.0038772370146036;0.38772370146036;1.708571354232865
4942;4942;1969-10-10;0.0056809093080749;0.5680909308074901;1.71425226354094
4943;4943;1969-10-13;0.0105259064943883;1.05259064943883;1.7247781700353284
4944;4944;1969-10-14;0.0120894402772365;1.2089440277236498;1.7368676103125649
4945;4945;1969-10-15;0.0002090063763642;0.02090063763642;1.737076616688929
4946;4946;1969-10-16;0.0067677075059053;0.6767707505905299;1.7438443241948345
4947;4947;1969-10-17;-0.0011420963411907;-0.11420963411907001;1.7427022278536437
4948;4948;1969-10-20;0.0020755196218091;0.20755196218091;1.744777747475453
4949;4949;1969-10-21;0.0076422763283616;0.76422763283616;1.7524200238038146
4950;4950;1969-10-22;0.0064606183107685;0.64606183107685;1.758880642114583
4951;4951;1969-10-23;-0.0037892717582241;-0.37892717582241003;1.7550913703563589
4952;4952;1969-10-24;0.0067492228103542;0.67492228103542;1.7618405931667132
4953;4953;1969-10-27;-0.0015299304013369;-0.15299304013369;1.7603106627653762
4954;4954;1969-10-28;-0.0031692199718165;-0.31692199718165004;1.7571414427935597
4955;4955;1969-10-29;-0.0087418255189835;-0.87418255189835;1.7483996172745762
4956;4956;1969-10-30;0.0012387944315595;0.12387944315595001;1.7496384117061357
4957;4957;1969-10-31;0.0019582896962919;0.19582896962919003;1.7515967014024276
4958;4958;1969-11-03;0.0003088382093618;0.03088382093618;1.7519055396117895
4959;4959;1969-11-04;0.0006173801357993;0.06173801357993;1.752522919747589
4960;4960;1969-11-05;0.0044136587370848;0.44136587370848;1.7569365784846738
4961;4961;1969-11-06;0.0003071936992133;0.030719369921329998;1.7572437721838872
4962;4962;1969-11-07;0.0060226181123956;0.60226181123956;1.7632663902962828
4963;4963;1969-11-10;0.0007121420370728;0.07121420370728;1.7639785323333557
4964;4964;1969-11-11;-0.0026476797275076;-0.26476797275076003;1.761330852605848
4965;4965;1969-11-12;-0.0018371203464386;-0.18371203464386002;1.7594937322594093
4966;4966;1969-11-13;-0.0048128812090597;-0.48128812090597;1.7546808510503495
4967;4967;1969-11-14;-0.0035991401245958;-0.35991401245958;1.7510817109257537
4968;4968;1969-11-17;-0.006822395558375;-0.6822395558375;1.7442593153673787
4969;4969;1969-11-18;-0.0002075207444036;-0.02075207444036;1.744051794622975
4970;4970;1969-11-19;-0.0050964486769062;-0.50964486769062;1.7389553459460687
4971;4971;1969-11-20;-0.0103768864568599;-1.0376886456859902;1.7285784594892089
4972;4972;1969-11-21;-0.0062358600584744;-0.62358600584744;1.7223425994307344
4973;4973;1969-11-24;-0.0115164635115805;-1.15164635115805;1.710826135919154
4974;4974;1969-11-25;-0.0032226475414436;-0.32226475414436;1.7076034883777103
4975;4975;1969-11-26;0.0035443353979971;0.35443353979971004;1.7111478237757074
4976;4976;1969-11-28;0.0057729582440817;0.57729582440817;1.7169207820197891
4977;4977;1969-12-01;-0.006309137146264;-0.6309137146264;1.7106116448735251
4978;4978;1969-12-02;-0.006133327353921;-0.6133327353921;1.704478317519604
4979;4979;1969-12-03;-0.0108519782101224;-1.08519782101224;1.6936263393094817
4980;4980;1969-12-04;0.0032679223160396;0.32679223160396;1.6968942616255214
4981;4981;1969-12-05;-0.0023954061976621;-0.23954061976621;1.6944988554278593
4982;4982;1969-12-08;-0.0097498390223487;-0.9749839022348701;1.6847490164055106
4983;4983;1969-12-09;-0.0031974557436029;-0.31974557436029;1.6815515606619076
4984;4984;1969-12-10;-0.0007733524959254;-0.07733524959254;1.6807782081659821
4985;4985;1969-12-11;0.0004419226591254;0.04419226591254;1.6812201308251076
4986;4986;1969-12-12;0.0031986020542413;0.31986020542412996;1.684418732879349
4987;4987;1969-12-15;-0.0029776366250757;-0.29776366250757;1.6814410962542732
4988;4988;1969-12-16;-0.0090980322548599;-0.9098032254859899;1.6723430639994132
4989;4989;1969-12-17;-0.0058127148441187;-0.58127148441187;1.6665303491552945
4990;4990;1969-12-18;0.0156835873166026;1.56835873166026;1.682213936471897
4991;4991;1969-12-19;0.0084620100349059;0.84620100349059;1.690675946506803
4992;4992;1969-12-22;-0.0087931430971872;-0.87931430971872;1.6818828034096158
4993;4993;1969-12-23;-0.0038714609532233;-0.38714609532233;1.6780113424563925
4994;4994;1969-12-24;0.0104735755305221;1.0473575530522101;1.6884849179869146
4995;4995;1969-12-26;0.0077566238449211;0.77566238449211;1.6962415418318357
4996;4996;1969-12-29;-0.0069892061676162;-0.69892061676162;1.6892523356642195
4997;4997;1969-12-30;0.0038282573834225;0.38282573834225003;1.693080593047642
4998;4998;1969-12-31;0.00500926681811;0.500926681811;1.6980898598657521
4999;4999;1970-01-02;0.010158976489123;1.0158976489123;1.7082488363548751
5000;5000;1970-01-05;0.0049340334192589;0.49340334192589;1.713182869774134
5001;5001;1970-01-06;-0.0068713927594856;-0.68713927594856;1.7063114770146484
5002;5002;1970-01-07;-0.0020491029340092;-0.20491029340091999;1.704262374080639
5003;5003;1970-01-08;0.000539668685155;0.0539668685155;1.7048020427657942
5004;5004;1970-01-09;-0.0030256992715154;-0.30256992715154;1.7017763434942788
5005;5005;1970-01-12;-0.0076046537456173;-0.76046537456173;1.6941716897486614
5006;5006;1970-01-13;0.002396265235407;0.23962652354070002;1.6965679549840684
5007;5007;1970-01-14;-0.0029416156745867;-0.29416156745867;1.6936263393094817
5008;5008;1970-01-15;0.0003272568585668;0.03272568585668;1.6939535961680485
5009;5009;1970-01-16;-0.0083242759794472;-0.83242759794472;1.6856293201886012
5010;5010;1970-01-19;-0.0140667546268611;-1.40667546268611;1.67156256556174
5011;5011;1970-01-20;0.0020057951452709;0.20057951452708997;1.673568360707011
5012;5012;1970-01-21;0.0013349095392873;0.13349095392873;1.6749032702462985
5013;5013;1970-01-22;0.0010001001000272;0.10001001000271999;1.6759033703463257
5014;5014;1970-01-23;-0.007468938183095;-0.7468938183095;1.6684344321632307
5015;5015;1970-01-26;-0.0135183425461287;-1.35183425461287;1.654916089617102
5016;5016;1970-01-27;-0.0062574297909732;-0.62574297909732;1.6486586598261288
5017;5017;1970-01-28;-0.0095178974462921;-0.95178974462921;1.6391407623798366
5018;5018;1970-01-29;-0.0127552631572438;-1.2755263157243801;1.6263854992225928
5019;5019;1970-01-30;-0.0078496683761457;-0.78496683761457;1.618535830846447
5020;5020;1970-02-02;0.0085495984012213;0.85495984012213;1.6270854292476684
5021;5021;1970-02-03;0.0118248191851871;1.18248191851871;1.6389102484328555
5022;5022;1970-02-04;-0.0061268212616445;-0.61268212616445;1.632783427171211
5023;5023;1970-02-05;-0.0039502316964954;-0.39502316964954;1.6288331954747155
5024;5024;1970-02-06;0.0049933331412521;0.49933331412521004;1.6338265286159677
5025;5025;1970-02-09;0.0078458921494473;0.78458921494473;1.641672420765415
5026;5026;1970-02-10;-0.0105136893589153;-1.05136893589153;1.6311587314064997
5027;5027;1970-02-11;0.0097088603601358;0.9708860360135799;1.6408675917666355
5028;5028;1970-02-12;-0.002418369278546;-0.2418369278546;1.6384492224880896
5029;5029;1970-02-13;-0.0021931329343818;-0.21931329343818;1.6362560895537077
5030;5030;1970-02-16;-0.0008092018150458;-0.08092018150458;1.6354468877386619
5031;5031;1970-02-17;-0.0011571165105666;-0.11571165105666;1.6342897712280953
5032;5032;1970-02-18;0.0123124387146332;1.23124387146332;1.6466022099427284
5033;5033;1970-02-19;0.0036529720152902;0.36529720152902;1.6502551819580187
5034;5034;1970-02-20;0.0030718153566509;0.30718153566509;1.6533269973146696
5035;5035;1970-02-24;-0.0004545051854369;-0.04545051854369;1.6528724921292326
5036;5036;1970-02-25;0.0153380702939394;1.5338070293939399;1.668210562423172
5037;5037;1970-02-26;-0.0050490542045063;-0.50490542045063;1.6631615082186657
5038;5038;1970-02-27;0.0067264602637626;0.67264602637626;1.6698879684824284
5039;5039;1970-03-02;0.0023436091433533;0.23436091433533002;1.6722315776257817
5040;5040;1970-03-03;0.0057797648306108;0.5779764830610801;1.6780113424563925
5041;5041;1970-03-04;-0.0021079721100667;-0.21079721100667;1.6759033703463257
5042;5042;1970-03-05;-0.0004443568144418;-0.04443568144418;1.6754590135318839
5043;5043;1970-03-06;-0.0062416385621162;-0.62416385621162;1.6692173749697676
5044;5044;1970-03-09;-0.0104524691910468;-1.04524691910468;1.6587649057787208
5045;5045;1970-03-10;0.0027078657784231;0.27078657784231003;1.661472771557144
5046;5046;1970-03-11;-0.0006762624167073;-0.06762624167073;1.6607965091404366
5047;5047;1970-03-12;-0.0040673425394137;-0.40673425394137;1.6567291666010229
5048;5048;1970-03-13;-0.0053351734700273;-0.53351734700273;1.6513939931309956
5049;5049;1970-03-16;-0.0108715034553857;-1.08715034553857;1.6405224896756099
5050;5050;1970-03-17;0.0043627737293334;0.43627737293333996;1.6448852634049433
5051;5051;1970-03-18;0.0028599229827737;0.28599229827737;1.647745186387717
5052;5052;1970-03-19;-0.0013717766289902;-0.13717766289902;1.6463734097587268
5053;5053;1970-03-20;-0.0041265534056194;-0.41265534056194;1.6422468563531074
5054;5054;1970-03-23;-0.0008043666231882;-0.08043666231882;1.6414424897299191
5055;5055;1970-03-24;0.0113164034909312;1.13164034909312;1.6527588932208503
5056;5056;1970-03-25;0.0201412603306279;2.01412603306279;1.6729001535514783
5057;5057;1970-03-26;0.001669553553528;0.16695535535279998;1.6745697071050063
5058;5058;1970-03-30;-0.003230312005054;-0.3230312005054;1.6713393950999522
5059;5059;1970-03-31;0.0;0.0;1.6713393950999522
5060;5060;1970-04-01;0.004897093897318;0.4897093897318;1.6762364889972703
5061;5061;1970-04-02;-0.0031135241258368;-0.31135241258368;1.6731229648714334
5062;5062;1970-04-03;-0.0044648137569867;-0.44648137569866997;1.6686581511144467
5063;5063;1970-04-06;-0.0070726873157624;-0.70726873157624;1.6615854637986842
5064;5064;1970-04-07;-0.0027076393048632;-0.27076393048632;1.658877824493821
5065;5065;1970-04-08;-0.0003389526143671;-0.03389526143671;1.6585388718794538
5066;5066;1970-04-09;0.0004519376495171;0.04519376495171;1.658990809528971
5067;5067;1970-04-10;-0.0032811140475628;-0.32811140475628;1.6557096954814081
5068;5068;1970-04-13;-0.0068228489628383;-0.6822848962838299;1.6488868465185698
5069;5069;1970-04-14;-0.0085945639746407;-0.8594563974640699;1.640292282543929
5070;5070;1970-04-15;-0.0018430600558394;-0.18430600558394;1.6384492224880896
5071;5071;1970-04-16;-0.0098489412083546;-0.9848941208354599;1.6286002812797349
5072;5072;1970-04-17;-0.0024482554475584;-0.24482554475584;1.6261520258321764
5073;5073;1970-04-20;0.0018659364014466;0.18659364014466;1.628017962233623
5074;5074;1970-04-21;-0.0052567728392229;-0.5256772839222901;1.6227611893944
5075;5075;1970-04-22;-0.0130859520083773;-1.30859520083773;1.6096752373860228
5076;5076;1970-04-23;-0.0147034627244365;-1.47034627244365;1.5949717746615864
5077;5077;1970-04-24;-0.0032567908076801;-0.32567908076801;1.5917149838539062
5078;5078;1970-04-27;-0.0159535507079847;-1.5953550707984698;1.5757614331459215
5079;5079;1970-04-28;-0.0147161751746809;-1.4716175174680899;1.5610452579712406
5080;5080;1970-04-29;0.0190035463090954;1.9003546309095403;1.580048804280336
5081;5081;1970-04-30;-0.0035511089650333;-0.35511089650333;1.5764976953153027
5082;5082;1970-05-01;-0.000981774753515;-0.09817747535150001;1.5755159205617877
5083;5083;1970-05-04;-0.025746076459729;-2.5746076459729;1.5497698441020586
5084;5084;1970-05-05;-0.0097488269105721;-0.97488269105721;1.5400210171914865
5085;5085;1970-05-06;0.0110079305455848;1.10079305455848;1.5510289477370713
5086;5086;1970-05-07;0.0045197941754926;0.45197941754926;1.555548741912564
5087;5087;1970-05-08;-0.0048973537977943;-0.48973537977943005;1.5506513881147697
5088;5088;1970-05-11;-0.0106303709232831;-1.06303709232831;1.5400210171914865
5089;5089;1970-05-12;-0.0095878014002908;-0.9587801400290801;1.5304332157911957
5090;5090;1970-05-13;-0.0171010648345185;-1.7101064834518498;1.5133321509566773
5091;5091;1970-05-14;-0.0143451429187218;-1.43451429187218;1.4989870080379555
5092;5092;1970-05-15;0.019168237683064;1.9168237683063998;1.5181552457210195
5093;5093;1970-05-18;0.0007798908442877;0.07798908442876999;1.5189351365653072
5094;5094;1970-05-19;-0.0196830920795783;-1.9683092079578302;1.499252044485729
5095;5095;1970-05-20;-0.026045264041902;-2.6045264041902003;1.473206780443827
5096;5096;1970-05-21;-0.018671506055469;-1.8671506055468998;1.454535274388358
5097;5097;1970-05-22;0.0012463958058024;0.12463958058024001;1.4557816701941604
5098;5098;1970-05-25;-0.028072018778686;-2.8072018778685996;1.4277096514154743
5099;5099;1970-05-26;-0.0137596981424686;-1.37596981424686;1.4139499532730058
5100;5100;1970-05-27;0.0490031310618271;4.900313106182709;1.4629530843348328
5101;5101;1970-05-28;0.0249708187532383;2.49708187532383;1.487923903088071
5102;5102;1970-05-29;0.0256696014073112;2.56696014073112;1.5135935044953823
5103;5103;1970-06-01;0.0167112251965236;1.6711225196523598;1.530304729691906
5104;5104;1970-06-02;0.0;0.0;1.530304729691906
5105;5105;1970-06-03;0.0086979447111463;0.86979447111463;1.5390026744030523
5106;5106;1970-06-04;-0.0148834671298177;-1.48834671298177;1.5241192072732346
5107;5107;1970-06-05;-0.0155022059439762;-1.5502205943976202;1.5086170013292584
5108;5108;1970-06-08;0.0015742230823763;0.15742230823763;1.5101912244116347
5109;5109;1970-06-09;-0.0005244657224947;-0.052446572249470004;1.50966675868914
5110;5110;1970-06-10;-0.0101496552415448;-1.01496552415448;1.4995171034475951
5111;5111;1970-06-11;-0.0137400414114595;-1.37400414114595;1.4857770620361357
5112;5112;1970-06-12;-0.0076856041098674;-0.76856041098674;1.4780914579262683
5113;5113;1970-06-15;0.0094302868428659;0.94302868428659;1.4875217447691342
5114;5114;1970-06-16;0.0208327040376082;2.0832704037608196;1.5083544488067424
5115;5115;1970-06-17;-0.0019717653187925;-0.19717653187925002;1.50638268348795
5116;5116;1970-06-18;0.0066881370978029;0.66881370978029;1.5130708205857528
5117;5117;1970-06-19;0.007033123317746;0.7033123317746001;1.520103943903499
5118;5118;1970-06-22;-0.0053354800872913;-0.53354800872913;1.5147684638162076
5119;5119;1970-06-23;-0.0248361112749533;-2.48361112749533;1.4899323525412542
5120;5120;1970-06-24;-0.0106233902208652;-1.0623390220865199;1.479308962320389
5121;5121;1970-06-25;0.0006756673096521;0.06756673096521;1.4799846296300412
5122;5122;1970-06-26;-0.0074581131852387;-0.74581131852387;1.4725265164448025
5123;5123;1970-06-29;-0.0079257315683651;-0.79257315683651;1.4646007848764373
5124;5124;1970-06-30;-0.0023349780542201;-0.23349780542200999;1.4622658068222172
5125;5125;1970-07-01;0.0030207491797327;0.30207491797327;1.46528655600195
5126;5126;1970-07-02;-0.0002742904171864;-0.027429041718640003;1.4650122655847635
5127;5127;1970-07-06;-0.0157570505951403;-1.57570505951403;1.4492552149896232
5128;5128;1970-07-07;-0.0076917516806576;-0.76917516806576;1.4415634633089656
5129;5129;1970-07-08;0.0245453210410442;2.45453210410442;1.4661087843500098
5130;5130;1970-07-09;0.014416107331944;1.4416107331944;1.4805248916819538
5131;5131;1970-07-10;0.0052521703541819;0.5252170354181901;1.4857770620361357
5132;5132;1970-07-13;0.0013423626176782;0.13423626176782;1.487119424653814
5133;5133;1970-07-14;-0.0017453854082152;-0.17453854082152;1.4853740392455987
5134;5134;1970-07-15;0.0108254314058582;1.08254314058582;1.496199470651457
5135;5135;1970-07-16;0.0146468674700735;1.46468674700735;1.5108463381215305
5136;5136;1970-07-17;0.0175295797857569;1.7529579785756901;1.5283759179072873
5137;5137;1970-07-20;0.0012863263681373;0.12863263681373;1.5296622442754246
5138;5138;1970-07-21;-0.0104672142470452;-1.04672142470452;1.5191950300283794
5139;5139;1970-07-22;0.0006492565561586;0.06492565561586;1.519844286584538
5140;5140;1970-07-23;0.0125138833066725;1.25138833066725;1.5323581698912105
5141;5141;1970-07-24;-0.0023103591331841;-0.23103591331841;1.5300478107580264
5142;5142;1970-07-27;-0.0021868922051115;-0.21868922051115;1.5278609185529148
5143;5143;1970-07-28;0.001544138780269;0.15441387802690001;1.5294050573331839
5144;5144;1970-07-29;0.0034658144372867;0.34658144372867;1.5328708717704707
5145;5145;1970-07-30;0.0003843315633478;0.03843315633478;1.5332552033338185
5146;5146;1970-07-31;-0.0002561747338596;-0.025617473385960002;1.5329990285999588
5147;5147;1970-08-03;-0.0132845959624994;-1.32845959624994;1.5197144326374594
5148;5148;1970-08-04;0.002204851436014;0.22048514360139998;1.5219192840734734
5149;5149;1970-08-05;-0.0001295847623818;-0.01295847623818;1.5217896993110915
5150;5150;1970-08-06;-0.0012964866162397;-0.12964866162397;1.5204932126948518
5151;5151;1970-08-07;0.0025913074710706;0.25913074710705997;1.5230845201659224
5152;5152;1970-08-10;-0.0140737536417825;-1.40737536417825;1.50901076652414
5153;5153;1970-08-11;-0.0049993132343324;-0.49993132343324;1.5040114532898075
5154;5154;1970-08-12;-0.005289644776143;-0.5289644776143;1.4987218085136644
5155;5155;1970-08-13;-0.0087894559724102;-0.8789455972410201;1.4899323525412542
5156;5156;1970-08-14;0.0056022287963966;0.56022287963966;1.4955345813376508
5157;5157;1970-08-17;0.0019932502514183;0.19932502514183;1.4975278315890692
5158;5158;1970-08-18;0.0114829349350707;1.1482934935070699;1.50901076652414
5159;5159;1970-08-19;0.0099243700411673;0.9924370041167301;1.5189351365653072
5160;5160;1970-08-20;0.0113695931265987;1.1369593126598698;1.530304729691906
5161;5161;1970-08-21;0.0178258101002848;1.7825810100284798;1.5481305397921907
5162;5162;1970-08-24;0.0218444689759192;2.18444689759192;1.56997500876811
5163;5163;1970-08-25;0.0016039112586296;0.16039112586296;1.5715789200267396
5164;5164;1970-08-26;0.0011088031554438;0.11088031554437999;1.5726877231821834
5165;5165;1970-08-27;-0.0016020337297701;-0.16020337297700998;1.5710856894524132
5166;5166;1970-08-28;0.0095741370294408;0.95741370294408;1.580659826481854
5167;5167;1970-08-31;-0.0041621311665514;-0.41621311665514;1.5764976953153027
5168;5168;1970-09-01;-0.007016709049954;-0.7016709049954;1.5694809862653487
5169;5169;1970-09-02;0.0001235501236465;0.01235501236465;1.5696045363889952
5170;5170;1970-09-03;0.0138609644457901;1.3860964445790098;1.5834655008347853
5171;5171;1970-09-04;0.0089741811228467;0.8974181122846699;1.592439681957632
5172;5172;1970-09-08;0.0025320927039542;0.25320927039542;1.5949717746615864
5173;5173;1970-09-09;-0.0030151382304994;-0.30151382304994;1.5919566364310869
5174;5174;1970-09-10;-0.00593614909444;-0.593614909444;1.5860204873366468
5175;5175;1970-09-11;0.0026695077131995;0.26695077131995;1.5886899950498463
5176;5176;1970-09-14;-0.0054681102066069;-0.54681102066069;1.5832218848432393
5177;5177;1970-09-15;-0.0086887776102635;-0.86887776102635;1.5745331072329758
5178;5178;1970-09-16;0.0052712349419596;0.52712349419596;1.5798043421749355
5179;5179;1970-09-17;0.0060946067964495;0.60946067964495;1.585898948971385
5180;5180;1970-09-18;0.0040022125096719;0.40022125096718997;1.589901161481057
5181;5181;1970-09-21;-0.0086306859178426;-0.86306859178426;1.5812704755632143
5182;5182;1970-09-22;-0.0006106490813602;-0.06106490813602;1.580659826481854
5183;5183;1970-09-23;0.0006106490813602;0.06106490813602;1.5812704755632143
5184;5184;1970-09-24;-0.0030567974865762;-0.30567974865762;1.578213678076638
5185;5185;1970-09-25;0.014226003880994;1.4226003880993998;1.592439681957632
5186;5186;1970-09-28;0.0129545047960864;1.2954504796086401;1.6053941867537185
5187;5187;1970-09-29;-0.0005960898848469;-0.059608988484690005;1.6047980968688715
5188;5188;1970-09-30;0.0052331469277451;0.5233146927745099;1.6100312437966167
5189;5189;1970-10-01;0.0002371841980544;0.02371841980544;1.610268427994671
5190;5190;1970-10-02;0.009912802202634;0.9912802202634;1.620181230197305
5191;5191;1970-10-05;0.0152656575413568;1.52656575413568;1.6354468877386619
5192;5192;1970-10-06;0.0043849251218608;0.43849251218608;1.6398318128605227
5193;5193;1970-10-07;0.0004604696834062;0.04604696834062;1.640292282543929
5194;5194;1970-10-08;-0.0108772424174663;-1.08772424174663;1.6294150401264627
5195;5195;1970-10-09;-0.0101736830855206;-1.01736830855206;1.619241357040942
5196;5196;1970-10-12;-0.0107534743772737;-1.0753474377273702;1.6084878826636684
5197;5197;1970-10-13;-0.0013077336776081;-0.13077336776081;1.6071801489860602
5198;5198;1970-10-14;0.0015453673209213;0.15453673209212998;1.6087255163069816
5199;5199;1970-10-15;0.0054489591004793;0.54489591004793;1.614174475407461
5200;5200;1970-10-16;-0.0043805551350653;-0.43805551350652994;1.6097939202723957
5201;5201;1970-10-19;-0.0134983473789241;-1.34983473789241;1.5962955728934716
5202;5202;1970-10-20;0.0058756329125779;0.5875632912577899;1.6021712058060495
5203;5203;1970-10-21;0.0002391512221953;0.02391512221953;1.6024103570282449
5204;5204;1970-10-22;-0.0033525773538274;-0.33525773538274;1.5990577796744174
5205;5205;1970-10-23;0.0046664758805752;0.46664758805752005;1.6037242555549927
5206;5206;1970-10-26;-0.005506346373278;-0.5506346373278;1.5982179091817146
5207;5207;1970-10-27;-0.0022831830967282;-0.22831830967282;1.5959347260849863
5208;5208;1970-10-28;0.0037225740306157;0.37225740306156996;1.599657300115602
5209;5209;1970-10-29;-0.000839366912765;-0.0839366912765;1.598817933202837
5210;5210;1970-10-30;-0.0013204611406649;-0.13204611406649;1.597497472062172
5211;5211;1970-11-02;0.0031182802538118;0.31182802538118;1.6006157523159839
5212;5212;1970-11-03;0.0084660254930808;0.84660254930808;1.6090817778090647
5213;5213;1970-11-04;0.0020164647126836;0.20164647126836;1.6110982425217484
5214;5214;1970-11-05;-0.0034423561224405;-0.34423561224405;1.6076558863993078
5215;5215;1970-11-06;0.0014258914097569;0.14258914097569;1.6090817778090647
5216;5216;1970-11-09;0.0053288894256224;0.53288894256224;1.6144106672346872
5217;5217;1970-11-10;0.0014162990766868;0.14162990766868;1.615826966311374
5218;5218;1970-11-11;0.0028265005273908;0.28265005273908;1.6186534668387649
5219;5219;1970-11-12;-0.0104031792332489;-1.04031792332489;1.608250287605516
5220;5220;1970-11-13;-0.0093123759972089;-0.93123759972089;1.5989379116083071
5221;5221;1970-11-16;-0.0015605909081646;-0.15605909081646002;1.5973773207001425
5222;5222;1970-11-17;0.0027593203444737;0.27593203444737;1.6001366410446163
5223;5223;1970-11-18;-0.0081800046135294;-0.81800046135294;1.5919566364310869
5224;5224;1970-11-19;0.0014484371437433;0.14484371437433;1.5934050735748302
5225;5225;1970-11-20;0.0097221791491648;0.9722179149164799;1.603127252723995
5226;5226;1970-11-23;0.0061919345616532;0.6191934561653201;1.6093191872856483
5227;5227;1970-11-24;0.0063898100452268;0.63898100452268;1.6157089973308751
5228;5228;1970-11-25;0.0036498187231597;0.36498187231597;1.6193588160540349
5229;5229;1970-11-27;0.0098235384727161;0.98235384727161;1.629182354526751
5230;5230;1970-11-30;0.0146712851861315;1.46712851861315;1.6438536397128825
5231;5231;1970-12-01;0.003091592352991;0.3091592352991;1.6469452320658735
5232;5232;1970-12-02;0.011480682815737;1.1480682815737;1.6584259148816105
5233;5233;1970-12-03;0.0047355933370552;0.47355933370552006;1.6631615082186657
5234;5234;1970-12-04;0.0062794218094746;0.62794218094746;1.6694409300281403
5235;5235;1970-12-07;0.0053512167530867;0.53512167530867;1.674792146781227
5236;5236;1970-12-08;-0.005239418843173;-0.5239418843173;1.669552727938054
5237;5237;1970-12-09;0.0007820792445771;0.07820792445770999;1.6703348071826312
5238;5238;1970-12-10;0.0042348999223751;0.42348999223751005;1.6745697071050063
5239;5239;1970-12-11;0.0037740526536769;0.37740526536769;1.6783437597586832
5240;5240;1970-12-14;-0.0051094078413385;-0.5109407841338499;1.6732343519173447
5241;5241;1970-12-15;-0.0015602253754512;-0.15602253754512;1.6716741265418935
5242;5242;1970-12-16;0.0006689374575197;0.06689374575196999;1.6723430639994132
5243;5243;1970-12-17;0.0035603063469125;0.35603063469125;1.6759033703463257
5244;5244;1970-12-18;0.0019971159195595;0.19971159195595;1.6779004862658853
5245;5245;1970-12-21;-0.0031083394846582;-0.31083394846582;1.674792146781227
5246;5246;1970-12-22;0.0011112235650987;0.11112235650987;1.6759033703463257
5247;5247;1970-12-23;0.0006661152720264;0.06661152720264;1.6765694856183522
5248;5248;1970-12-24;0.0056444508535449;0.56444508535449;1.682213936471897
5249;5249;1970-12-28;0.0052833915738252;0.52833915738252;1.6874973280457224
5250;5250;1970-12-29;0.0108098012897671;1.08098012897671;1.6983071293354894
5251;5251;1970-12-30;0.0020612429433173;0.20612429433173002;1.7003683722788068
5252;5252;1970-12-31;-0.0013013232576115;-0.13013232576115;1.6990670490211952
5253;5253;1971-01-04;-0.0109111827530501;-1.09111827530501;1.688155866268145
5254;5254;1971-01-05;0.0071058072396565;0.71058072396565;1.6952616735078017
5255;5255;1971-01-06;0.0059733546823252;0.59733546823252;1.701235028190127
5256;5256;1971-01-07;0.0003247875393892;0.03247875393892;1.7015598157295162
5257;5257;1971-01-08;-0.0020587860230678;-0.20587860230677998;1.6995010297064483
5258;5258;1971-01-11;-0.0022804917772658;-0.22804917772657998;1.6972205379291825
5259;5259;1971-01-12;0.0080130150890918;0.80130150890918;1.7052335530182743
5260;5260;1971-01-13;-0.0017271485388406;-0.17271485388406;1.7035064044794337
5261;5261;1971-01-14;0.0025896108419258;0.25896108419258;1.7060960153213596
5262;5262;1971-01-15;0.0024753389115055;0.24753389115055002;1.708571354232865
5263;5263;1971-01-18;0.0040764376754776;0.40764376754776;1.7126477919083427
5264;5264;1971-01-19;0.0037398984530367;0.37398984530366997;1.7163876903613795
5265;5265;1971-01-20;0.0002132558384255;0.02132558384255;1.716600946199805
5266;5266;1971-01-21;0.004362437070216;0.4362437070216;1.720963383270021
5267;5267;1971-01-22;0.0072988635621253;0.7298863562125301;1.7282622468321465
5268;5268;1971-01-25;0.0042070109211351;0.42070109211351003;1.7324692577532816
5269;5269;1971-01-26;0.0032482556786259;0.32482556786259;1.7357175134319076
5270;5270;1971-01-27;-0.0073498547831398;-0.73498547831398;1.7283676586487677
5271;5271;1971-01-28;0.0033666523473527;0.33666523473527;1.7317343109961205
5272;5272;1971-01-29;0.0070124104825701;0.7012410482570101;1.7387467214786907
5273;5273;1971-02-01;0.0056162499578196;0.56162499578196;1.7443629714365103
5274;5274;1971-02-02;0.0001037282874012;0.01037282874012;1.7444666997239116
5275;5275;1971-02-03;0.0020718644426649;0.20718644426649;1.7465385641665765
5276;5276;1971-02-04;-0.0001034307892258;-0.01034307892258;1.7464351333773507
5277;5277;1971-02-05;0.0032032783287849;0.32032783287849;1.7496384117061357
5278;5278;1971-02-08;0.0053503266640344;0.53503266640344;1.75498873837017
5279;5279;1971-02-09;0.0006155621891927;0.061556218919269996;1.755604300559363
5280;5280;1971-02-10;-0.0012314316526307;-0.12314316526307;1.7543728689067322
5281;5281;1971-02-11;0.0053252045147109;0.53252045147109;1.7596980734214431
5282;5282;1971-02-12;0.0052969054212956;0.52969054212956;1.7649949788427388
5283;5283;1971-02-16;0.0023340007077514;0.23340007077514002;1.7673289795504903
5284;5284;1971-02-17;-0.0046734515383501;-0.46734515383501;1.76265552801214
5285;5285;1971-02-18;-0.0065386319630071;-0.65386319630071;1.756116896049133
5286;5286;1971-02-19;-0.0084406061266486;-0.84406061266486;1.7476762899224842
5287;5287;1971-02-22;-0.0105996732335552;-1.05996732335552;1.737076616688929
5288;5288;1971-02-23;0.0038579371742244;0.38579371742244;1.7409345538631535
5289;5289;1971-02-24;0.0066384125470833;0.66384125470833;1.7475729664102368
5290;5290;1971-02-25;0.0023748887988546;0.23748887988546;1.7499478552090915
5291;5291;1971-02-26;-0.0021681800975814;-0.21681800975814;1.74777967511151
5292;5292;1971-03-01;0.0025806465934916;0.25806465934916;1.7503603217050017
5293;5293;1971-03-02;-0.0002061758919635;-0.02061758919635;1.750154145813038
5294;5294;1971-03-03;-0.0003094518665447;-0.030945186654470002;1.7498446939464933
5295;5295;1971-03-04;0.0099554475943044;0.99554475943044;1.7598001415407978
5296;5296;1971-03-05;0.0105649196399602;1.05649196399602;1.770365061180758
5297;5297;1971-03-08;0.0042351380078749;0.42351380078748996;1.7746001991886329
5298;5298;1971-03-09;0.0008046872452851;0.08046872452850999;1.775404886433918
5299;5299;1971-03-10;-0.0016099419696926;-0.16099419696926;1.7737949444642254
5300;5300;1971-03-11;0.0009058936559336;0.09058936559336;1.774700838120159
5301;5301;1971-03-12;0.0018094194814528;0.18094194814528;1.7765102576016119
5302;5302;1971-03-15;0.0113841753305595;1.13841753305595;1.7878944329321713
5303;5303;1971-03-16;0.0049524665898106;0.49524665898105996;1.792846899521982
5304;5304;1971-03-17;-0.0008895962540949;-0.08895962540949001;1.791957303267887
5305;5305;1971-03-18;0.0006919974401995;0.06919974401995;1.7926493007080866
5306;5306;1971-03-19;-0.0017804158653556;-0.17804158653556;1.790868884842731
5307;5307;1971-03-22;-0.0038684667627944;-0.38684667627943997;1.7870004180799366
5308;5308;1971-03-23;-0.003384811560303;-0.3384811560303;1.7836156065196336
5309;5309;1971-03-24;-0.0066032855584428;-0.6603285558442801;1.7770123209611908
5310;5310;1971-03-25;-0.0001004065633454;-0.01004065633454;1.7769119143978453
5311;5311;1971-03-26;0.0034074597351745;0.34074597351745;1.7803193741330199
5312;5312;1971-03-29;0.0008001000686874;0.08001000686874;1.7811194742017074
5313;5313;1971-03-30;0.0022967007834031;0.22967007834030997;1.7834161749851105
5314;5314;1971-03-31;0.0004985391737104;0.04985391737104;1.783914714158821
5315;5315;1971-04-01;0.0007972197850811;0.07972197850811;1.7847119339439022
5316;5316;1971-04-02;0.0016919536510844;0.16919536510844002;1.7864038875949866
5317;5317;1971-04-05;0.0022846098950379;0.22846098950379;1.7886884974900246
5318;5318;1971-04-06;0.0071181812104264;0.71181812104264;1.795806678700451
5319;5319;1971-04-07;0.0046194095457101;0.46194095457101003;1.8004260882461611
5320;5320;1971-04-08;0.0011759605374388;0.11759605374388;1.8016020487836
5321;5321;1971-04-12;0.0076105257471414;0.76105257471414;1.8092125745307415
5322;5322;1971-04-13;0.0009715924207425;0.09715924207425;1.810184166951484
5323;5323;1971-04-14;0.0037799898524877;0.37799898524877;1.8139641568039717
5324;5324;1971-04-15;0.0014499881703296;0.14499881703296;1.8154141449743013
5325;5325;1971-04-16;-0.00028983141814;-0.028983141814;1.8151243135561612
5326;5326;1971-04-19;0.0050120972394198;0.50120972394198;1.820136410795581
5327;5327;1971-04-20;-0.0038532076787234;-0.38532076787234;1.8162832031168576
5328;5328;1971-04-21;-0.0024158102060249;-0.24158102060248998;1.8138673929108327
5329;5329;1971-04-22;0.0019330858616468;0.19330858616468;1.8158004787724795
5330;5330;1971-04-23;0.0047204461010741;0.47204461010741;1.8205209248735537
5331;5331;1971-04-26;-0.0010577528497686;-0.10577528497686;1.819463172023785
5332;5332;1971-04-27;0.0062340776994354;0.6234077699435401;1.8256972497232204
5333;5333;1971-04-28;0.0017195362091202;0.17195362091202;1.8274167859323407
5334;5334;1971-04-29;-0.0013371540102316;-0.13371540102315999;1.826079631922109
5335;5335;1971-04-30;-0.0065203032764973;-0.65203032764973;1.8195593286456118
5336;5336;1971-05-03;-0.0063694097439714;-0.6369409743971399;1.8131899189016403
5337;5337;1971-05-04;0.0048290609120158;0.48290609120158;1.8180189798136561
5338;5338;1971-05-05;-9.63723082119117e-05;-0.00963723082119117;1.8179226075054442
5339;5339;1971-05-06;-0.0053137267650074;-0.5313726765007399;1.8126088807404368
5340;5340;1971-05-07;-0.0034934532328581;-0.34934532328581;1.8091154275075787
5341;5341;1971-05-10;-0.0049700632449303;-0.49700632449303;1.8041453642626484
5342;5342;1971-05-11;0.0025368536868564;0.25368536868563996;1.8066822179495048
5343;5343;1971-05-12;0.0027247875284635;0.27247875284635004;1.8094070054779683
5344;5344;1971-05-13;-0.0020429015900527;-0.20429015900527;1.8073641038879156
5345;5345;1971-05-14;-0.0046852501290901;-0.46852501290901;1.8026788537588254
5346;5346;1971-05-17;-0.0149830007667378;-1.49830007667378;1.7876958529920877
5347;5347;1971-05-18;0.0013894404500209;0.13894404500208998;1.7890852934421086
5348;5348;1971-05-19;0.0023773958460813;0.23773958460813002;1.79146268928819
5349;5349;1971-05-20;0.0023717572376265;0.23717572376265;1.7938344465258165
5350;5350;1971-05-21;-0.0031636210896728;-0.31636210896728;1.7906708254361436
5351;5351;1971-05-24;-0.0085521704758644;-0.8552170475864399;1.7821186549602792
5352;5352;1971-05-25;-0.0066132105410554;-0.66132105410554;1.7755054444192238
5353;5353;1971-05-26;0.0012056165612675;0.12056165612675;1.7767110609804913
5354;5354;1971-05-27;-0.0019095839956202;-0.19095839956202001;1.774801476984871
5355;5355;1971-05-28;0.0023111601621002;0.23111601621002;1.7771126371469712
5356;5356;1971-06-01;0.0057048647652919;0.5704864765291899;1.7828175019122632
5357;5357;1971-06-02;0.0075562301773457;0.7556230177345701;1.790373732089609
5358;5358;1971-06-03;0.000495152753122;0.0495152753122;1.790868884842731
5359;5359;1971-06-04;0.0028668992285299;0.28668992285299;1.7937357840712609
5360;5360;1971-06-07;-0.0020752712723775;-0.20752712723775;1.7916605127988834
5361;5361;1971-06-08;-0.0076460927126538;-0.76460927126538;1.7840144200862296
5362;5362;1971-06-09;-0.0002990778134099;-0.02990778134099;1.7837153422728196
5363;5363;1971-06-10;0.0034837839445227;0.34837839445227;1.7871991262173423
5364;5364;1971-06-11;0.0042635630708476;0.42635630708476;1.79146268928819
5365;5365;1971-06-14;-0.0084455665769445;-0.8445566576944501;1.7830171227112455
5366;5366;1971-06-15;0.0009972973749841;0.09972973749841;1.7840144200862296
5367;5367;1971-06-16;0.0019916059459737;0.19916059459737;1.7860060260322033
5368;5368;1971-06-17;-0.000198955331454;-0.0198955331454;1.7858070707007492
5369;5369;1971-06-18;-0.0153409434864589;-1.53409434864589;1.7704661272142903
5370;5370;1971-06-21;-0.0111766859220372;-1.11766859220372;1.759289441292253
5371;5371;1971-06-22;-0.0028651099250716;-0.28651099250716;1.7564243313671815
5372;5372;1971-06-23;0.0083674773916069;0.83674773916069;1.7647918087587884
5373;5373;1971-06-24;-0.0028493659104587;-0.28493659104587;1.7619424428483297
5374;5374;1971-06-25;-0.0014276874092296;-0.14276874092296;1.7605147554391
5375;5375;1971-06-28;-0.0025545408579237;-0.25545408579237;1.7579602145811764
5376;5376;1971-06-29;0.0109891420380466;1.09891420380466;1.768949356619223
5377;5377;1971-06-30;-0.0012150973733051;-0.12150973733051;1.7677342592459178
5378;5378;1971-07-01;0.0108828363665436;1.08828363665436;1.7786170956124614
5379;5379;1971-07-02;0.0;0.0;1.7786170956124614
5380;5380;1971-07-06;-0.0002004309909464;-0.02004309909464;1.778416664621515
5381;5381;1971-07-07;0.0028027945855235;0.28027945855235;1.7812194592070385
5382;5382;1971-07-08;0.0029942631862258;0.29942631862258;1.7842137223932644
5383;5383;1971-07-09;0.0034821305988233;0.34821305988233;1.7876958529920877
5384;5384;1971-07-12;0.0012902388640156;0.12902388640155998;1.7889860918561034
5385;5385;1971-07-13;-0.0131791044899376;-1.3179104489937599;1.7758069873661657
5386;5386;1971-07-14;-0.0028180272130313;-0.28180272130313;1.7729889601531343
5387;5387;1971-07-15;0.0006045138723145;0.06045138723145;1.7735934740254489
5388;5388;1971-07-16;-0.0017137763154133;-0.17137763154133;1.7718796977100355
5389;5389;1971-07-19;-0.0018178251732852;-0.18178251732852;1.7700618725367503
5390;5390;1971-07-20;0.0039344313048346;0.39344313048345997;1.773996303841585
5391;5391;1971-07-21;-0.000402829816136;-0.0402829816136;1.7735934740254489
5392;5392;1971-07-22;-0.0017137763154133;-0.17137763154133;1.7718796977100355
5393;5393;1971-07-23;-0.0017167284945829;-0.17167284945829;1.7701629692154526
5394;5394;1971-07-26;-0.0081186055416013;-0.8118605541601299;1.7620443636738512
5395;5395;1971-07-27;-0.0036749735487733;-0.36749735487733;1.7583693901250779
5396;5396;1971-07-28;-0.0072876791993241;-0.72876791993241;1.7510817109257537
5397;5397;1971-07-29;-0.0108758958648316;-1.08758958648316;1.740205815060922
5398;5398;1971-07-30;-0.0045928577844121;-0.45928577844121;1.73561295727651
5399;5399;1971-08-02;0.0039678134755938;0.39678134755938;1.7395807707521038
5400;5400;1971-08-03;-0.0152257573817387;-1.5225757381738698;1.7243550133703651
5401;5401;1971-08-04;-0.0065817965490513;-0.65817965490513;1.7177732168213138
5402;5402;1971-08-05;0.0021278548864902;0.21278548864902;1.719901071707804
5403;5403;1971-08-06;0.0016990978219348;0.16990978219348002;1.721600169529739
5404;5404;1971-08-09;-0.0076685965734171;-0.76685965734171;1.7139315729563218
5405;5405;1971-08-10;0.0001069332336509;0.01069332336509;1.7140385061899728
5406;5406;1971-08-11;0.0119024037462436;1.1902403746243602;1.7259409099362164
5407;5407;1971-08-12;0.0140566247332385;1.4056624733238499;1.739997534669455
5408;5408;1971-08-13;-0.0032343707758393;-0.32343707758393;1.7367631638936156
5409;5409;1971-08-16;0.0315788640360957;3.15788640360957;1.7683420279297113
5410;5410;1971-08-17;0.0123774762576652;1.23774762576652;1.7807195041873765
5411;5411;1971-08-18;-0.0139989196611436;-1.39989196611436;1.7667205845262328
5412;5412;1971-08-19;-0.0044724001721627;-0.44724001721627005;1.76224818435407
5413;5413;1971-08-20;0.0017303479792856;0.17303479792856;1.7639785323333557
5414;5414;1971-08-23;0.0093127304355631;0.9312730435563099;1.7732912627689188
5415;5415;1971-08-24;0.0115203076106472;1.15203076106472;1.784811570379566
5416;5416;1971-08-25;9.9616550066628e-05;0.0099616550066628;1.7849111869296326
5417;5417;1971-08-26;-0.0016945530923155;-0.16945530923155;1.783216633837317
5418;5418;1971-08-27;0.0023914419408779;0.23914419408779;1.785608075778195
5419;5419;1971-08-30;-0.0096001337304016;-0.9600133730401601;1.7760079420477932
5420;5420;1971-08-31;-0.0049357744109128;-0.49357744109128;1.7710721676368804
5421;5421;1971-09-01;0.0004038465496769;0.04038465496769;1.7714760141865573
5422;5422;1971-09-02;0.0022182001320718;0.22182001320718;1.7736942143186292
5423;5423;1971-09-03;0.0140016386734585;1.4001638673458499;1.7876958529920877
5424;5424;1971-09-07;0.0045580735959003;0.45580735959003;1.792253926587988
5425;5425;1971-09-08;0.0018765771903064;0.18765771903064;1.7941305037782944
5426;5426;1971-09-09;-0.0053427751775032;-0.53427751775032;1.7887877286007912
5427;5427;1971-09-10;-0.0037770147089641;-0.37770147089641;1.785010713891827
5428;5428;1971-09-13;-0.0034914295878438;-0.34914295878438;1.781519284303983
5429;5429;1971-09-14;-0.0073216716889144;-0.73216716889144;1.7741976126150687
5430;5430;1971-09-15;0.0043192374428064;0.43192374428064;1.7785168500578752
5431;5431;1971-09-16;-0.0011030738665347;-0.11030738665347001;1.7774137761913404
5432;5432;1971-09-17;0.0030056629730284;0.30056629730284;1.7804194391643688
5433;5433;1971-09-20;-0.0028050409236071;-0.28050409236071;1.7776143982407617
5434;5434;1971-09-21;-0.003416785625693;-0.3416785625693;1.7741976126150687
5435;5435;1971-09-22;-0.0087963259983618;-0.87963259983618;1.7654012866167068
5436;5436;1971-09-23;-0.0009144425418972;-0.09144425418971999;1.7644868440748096
5437;5437;1971-09-24;-0.0023405597737467;-0.23405597737467;1.762146284301063
5438;5438;1971-09-27;-0.0054145199090358;-0.54145199090358;1.756731764392027
5439;5439;1971-09-28;0.002659786734287;0.2659786734287;1.759391551126314
5440;5440;1971-09-29;0.0002043620407787;0.02043620407787;1.7595959131670929
5441;5441;1971-09-30;0.0044842513431095;0.44842513431095;1.7640801645102024
5442;5442;1971-10-01;0.0059817080265478;0.59817080265478;1.7700618725367503
5443;5443;1971-10-04;0.0028262762470507;0.28262762470507;1.772888148783801
5444;5444;1971-10-05;-0.0010084510737655;-0.10084510737655;1.7718796977100355
5445;5445;1971-10-06;0.0071382095330463;0.71382095330463;1.7790179072430818
5446;5446;1971-10-07;0.0020015719552928;0.20015719552928;1.7810194791983747
5447;5447;1971-10-08;-0.0066205077471748;-0.66205077471748;1.7743989714511998
5448;5448;1971-10-11;-0.0015108226673987;-0.15108226673987002;1.772888148783801
5449;5449;1971-10-12;0.0036221088178107;0.36221088178106997;1.7765102576016119
5450;5450;1971-10-13;-0.0054380899647315;-0.54380899647315;1.7710721676368804
5451;5451;1971-10-14;-0.0091297247885506;-0.91297247885506;1.7619424428483297
5452;5452;1971-10-15;-0.003470767096533;-0.3470767096533;1.7584716757517966
5453;5453;1971-10-18;-0.0045096212763962;-0.45096212763962;1.7539620544754004
5454;5454;1971-10-19;-0.0036017327703987;-0.36017327703987;1.7503603217050017
5455;5455;1971-10-20;-0.0140152617075548;-1.40152617075548;1.7363450599974468
5456;5456;1971-10-21;-0.0005229176589747;-0.052291765897470005;1.735822142338472
5457;5457;1971-10-22;-0.0003138358587646;-0.03138358587646;1.7355083064797074
5458;5458;1971-10-25;-0.0049300147572379;-0.49300147572379;1.7305782917224695
5459;5459;1971-10-26;-0.0037926721356527;-0.37926721356527;1.7267856195868168
5460;5460;1971-10-27;-0.0100780252022332;-1.00780252022332;1.7167075943845835
5461;5461;1971-10-28;0.0018108979649209;0.18108979649209;1.7185184923495045
5462;5462;1971-10-29;0.002869484907773;0.2869484907773;1.7213879772572775
5463;5463;1971-11-01;-0.015291961935918;-1.5291961935918001;1.7060960153213596
5464;5464;1971-11-02;0.0040864342689097;0.40864342689097;1.7101824495902693
5465;5465;1971-11-03;0.0183960098989395;1.83960098989395;1.7285784594892089
5466;5466;1971-11-04;-0.0012651872730034;-0.12651872730034;1.7273132722162055
5467;5467;1971-11-05;-0.0034874751331068;-0.34874751331068;1.7238257970830986
5468;5468;1971-11-08;-0.000741329138969;-0.07413291389690001;1.7230844679441295
5469;5469;1971-11-09;0.000741329138969;0.07413291389690001;1.7238257970830986
5470;5470;1971-11-10;-0.0111780051747559;-1.11780051747559;1.7126477919083427
5471;5471;1971-11-11;-0.0139063411880223;-1.39063411880223;1.6987414507203205
5472;5472;1971-11-12;0.0;0.0;1.6987414507203205
5473;5473;1971-11-15;-0.0033709051472126;-0.33709051472126;1.6953705455731078
5474;5474;1971-11-16;0.0097551284610792;0.9755128461079199;1.7051256740341871
5475;5475;1971-11-17;0.0015089354260275;0.15089354260275;1.7066346094602147
5476;5476;1971-11-18;-0.0077846757004387;-0.77846757004387;1.698849933759776
5477;5477;1971-11-19;-0.0056601436152012;-0.56601436152012;1.6931897901445747
5478;5478;1971-11-22;-0.0089912885448608;-0.89912885448608;1.6841985015997138
5479;5479;1971-11-23;-0.0069632443010023;-0.69632443010023;1.6772352572987115
5480;5480;1971-11-24;0.0018837392056978;0.18837392056978;1.6791189965044093
5481;5481;1971-11-26;0.0176665588286085;1.76665588286085;1.6967855553330178
5482;5482;1971-11-29;0.0158622365753249;1.5862236575324902;1.7126477919083427
5483;5483;1971-11-30;0.0061899236466267;0.61899236466267;1.7188377155549694
5484;5484;1971-12-01;0.0153094263918838;1.53094263918838;1.7341471419468533
5485;5485;1971-12-02;0.0041822938856768;0.41822938856768005;1.73832943583253
5486;5486;1971-12-03;0.0126492307403474;1.2649230740347401;1.7509786665728775
5487;5487;1971-12-06;-0.0056826727289731;-0.56826727289731;1.7452959938439043
5488;5488;1971-12-07;0.0037232537653482;0.37232537653482;1.7490192476092525
5489;5489;1971-12-08;0.0005159709051154;0.051597090511539996;1.749535218514368
5490;5490;1971-12-09;0.0004126366947234;0.041263669472339996;1.7499478552090915
5491;5491;1971-12-10;0.0075007081303031;0.75007081303031;1.7574485633393946
5492;5492;1971-12-13;0.0028620994259815;0.28620994259815;1.7603106627653762
5493;5493;1971-12-14;-0.003066890581489;-0.30668905814889996;1.7572437721838872
5494;5494;1971-12-15;0.0088681382817119;0.8868138281711899;1.7661119104655991
5495;5495;1971-12-16;0.0121042128018605;1.2104212801860499;1.7782161232674596
5496;5496;1971-12-17;0.0052000517176509;0.52000517176509;1.7834161749851105
5497;5497;1971-12-20;0.0127844857849988;1.27844857849988;1.7962006607701093
5498;5498;1971-12-21;0.0024588160174792;0.24588160174791998;1.7986594767875885
5499;5499;1971-12-22;-0.0061090247221793;-0.61090247221793;1.7925504520654092
5500;5500;1971-12-23;-0.0043581883993733;-0.43581883993733;1.788192263666036
5501;5501;1971-12-27;0.0020823945767469;0.20823945767469;1.7902746582427829
5502;5502;1971-12-28;0.0098571525531108;0.98571525531108;1.8001318107958937
5503;5503;1971-12-29;0.0025470429629317;0.25470429629317;1.8026788537588254
5504;5504;1971-12-30;-0.0042158992216325;-0.42158992216325003;1.7984629545371928
5505;5505;1971-12-31;0.0030411266642342;0.30411266642342;1.8015040812014271
5506;5506;1972-01-03;-0.0041224833842248;-0.41224833842248;1.7973815978172023
5507;5507;1972-01-04;0.0041224833842248;0.41224833842248;1.8015040812014271
5508;5508;1972-01-05;0.0094565854940986;0.94565854940986;1.8109606666955258
5509;5509;1972-01-06;0.0043569222235566;0.43569222235566;1.8153175889190825
5510;5510;1972-01-07;-0.0003865204359669;-0.03865204359669;1.8149310684831155
5511;5511;1972-01-10;-0.0014507570538571;-0.14507570538571;1.8134803114292584
5512;5512;1972-01-11;0.0031888899498557;0.31888899498557;1.8166692013791141
5513;5513;1972-01-12;-0.0005790967212515;-0.057909672125150004;1.8160901046578626
5514;5514;1972-01-13;-0.0058088847378945;-0.58088847378945;1.810281219919968
5515;5515;1972-01-14;0.003876359208137;0.3876359208137;1.814157579128105
5516;5516;1972-01-17;0.00299385037939;0.299385037939;1.817151429507495
5517;5517;1972-01-18;0.0033694953660585;0.33694953660585003;1.8205209248735537
5518;5518;1972-01-19;-0.0016352237568639;-0.16352237568639;1.8188857011166897
5519;5519;1972-01-20;0.0;0.0;1.8188857011166897
5520;5520;1972-01-21;-0.0022164997375755;-0.22164997375755;1.8166692013791141
5521;5521;1972-01-24;-0.0104743658581761;-1.04743658581761;1.806194835520938
5522;5522;1972-01-25;0.0012665954038979;0.12665954038979;1.807461430924836
5523;5523;1972-01-26;-0.0019492891447541;-0.19492891447541;1.805512141780082
5524;5524;1972-01-27;0.0097088141269603;0.9708814126960299;1.8152209559070422
5525;5525;1972-01-28;0.0063566041572924;0.6356604157292399;1.8215775600643347
5526;5526;1972-01-31;-0.0021143880405496;-0.21143880405496002;1.819463172023785
5527;5527;1972-02-01;0.000673238771796;0.0673238771796;1.820136410795581
5528;5528;1972-02-02;0.0064210100679833;0.64210100679833;1.8265574208635644
5529;5529;1972-02-03;-0.000382199509632;-0.0382199509632;1.8261752213539324
5530;5530;1972-02-04;0.002100258528598;0.2100258528598;1.8282754798825305
5531;5531;1972-02-07;-0.0030563538304191;-0.30563538304191;1.8252191260521113
5532;5532;1972-02-08;0.0019112869059476;0.19112869059476;1.827130412958059
5533;5533;1972-02-09;0.0077037329604374;0.77037329604374;1.8348341459184965
5534;5534;1972-02-10;0.0003788292191693;0.037882921916930004;1.8352129751376658
5535;5535;1972-02-11;-0.0048416480855904;-0.48416480855904;1.8303713270520754
5536;5536;1972-02-14;-0.0046740773288549;-0.46740773288549003;1.8256972497232204
5537;5537;1972-02-15;0.0041981075919928;0.41981075919927996;1.8298953573152132
5538;5538;1972-02-16;0.0056017615689034;0.5601761568903401;1.8354971188841167
5539;5539;1972-02-17;-0.0002841437464509;-0.02841437464509;1.8352129751376658
5540;5540;1972-02-18;-0.0029401738575201;-0.29401738575201;1.8322728012801457
5541;5541;1972-02-22;9.49992877190553e-05;0.00949992877190553;1.8323678005678647
5542;5542;1972-02-23;0.0008543789464932;0.08543789464932;1.833222179514358
5543;5543;1972-02-24;0.0006640421625423;0.06640421625423;1.8338862216769003
5544;5544;1972-02-25;0.0068988886802436;0.68988886802436;1.840785110357144
5545;5545;1972-02-28;9.4194094393707e-05;0.0094194094393707;1.8408793044515377
5546;5546;1972-02-29;0.0035720849829461;0.35720849829461;1.8444513894344838
5547;5547;1972-03-01;0.0072924594612775;0.72924594612775;1.8517438488957614
5548;5548;1972-03-02;-0.0002794801367196;-0.027948013671960002;1.8514643687590417
5549;5549;1972-03-03;0.0057605101618856;0.57605101618856;1.8572248789209274
5550;5550;1972-03-06;0.0076599978053151;0.76599978053151;1.8648848767262425
5551;5551;1972-03-07;0.000919003924265;0.0919003924265;1.8658038806505075
5552;5552;1972-03-08;0.0008262957746332;0.08262957746332;1.8666301764251407
5553;5553;1972-03-09;-0.000183542909264;-0.0183542909264;1.8664466335158767
5554;5554;1972-03-10;-0.0051537478566743;-0.51537478566743;1.8612928856592024
5555;5555;1972-03-13;-0.0097353233300312;-0.9735323330031199;1.8515575623291711
5556;5556;1972-03-14;0.002605370377565;0.2605370377565;1.8541629327067362
5557;5557;1972-03-15;0.0013001394787401;0.13001394787401;1.8554630721854763
5558;5558;1972-03-16;-0.0023228814161404;-0.23228814161404002;1.853140190769336
5559;5559;1972-03-17;0.0038993457995371;0.38993457995371;1.857039536568873
5560;5560;1972-03-20;-0.0030625239396133;-0.30625239396133;1.8539770126292596
5561;5561;1972-03-21;-0.0084002174783712;-0.84002174783712;1.8455767951508883
5562;5562;1972-03-22;0.0014048988533286;0.14048988533286;1.846981694004217
5563;5563;1972-03-23;0.0084813781812593;0.84813781812593;1.8554630721854763
5564;5564;1972-03-24;-0.0021368801108039;-0.21368801108039;1.8533261920746724
5565;5565;1972-03-27;-0.0020481712774076;-0.20481712774076;1.8512780207972648
5566;5566;1972-03-28;-0.0012123375326789;-0.12123375326789002;1.8500656832645859
5567;5567;1972-03-29;-0.0063652748167806;-0.6365274816780601;1.8437004084478053
5568;5568;1972-03-30;0.0066451554054403;0.6645155405440301;1.8503455638532456
5569;5569;1972-04-03;0.0026085910078332;0.26085910078332003;1.8529541548610788
5570;5570;1972-04-04;0.0059369374957345;0.59369374957345;1.8588910923568134
5571;5571;1972-04-05;0.0081061330739489;0.81061330739489;1.8669972254307623
5572;5572;1972-04-06;0.0048505929765934;0.48505929765933997;1.8718478184073557
5573;5573;1972-04-07;0.0008213917795014;0.08213917795014;1.8726692101868572
5574;5574;1972-04-10;-0.0015520704261433;-0.15520704261433;1.8711171397607138
5575;5575;1972-04-11;0.0028283856400541;0.28283856400541;1.873945525400768
5576;5576;1972-04-12;0.003819209845421;0.3819209845421;1.877764735246189
5577;5577;1972-04-13;-0.0024535065703492;-0.24535065703492;1.8753112286758398
5578;5578;1972-04-14;-0.0006371604311121;-0.06371604311121;1.8746740682447276
5579;5579;1972-04-17;-0.0030088374922687;-0.30088374922687;1.8716652307524588
5580;5580;1972-04-18;0.0023713528185132;0.23713528185132002;1.874036583570972
5581;5581;1972-04-19;-0.0052062045310767;-0.52062045310767;1.8688303790398952
5582;5582;1972-04-20;-0.0014662392790532;-0.14662392790532;1.867364139760842
5583;5583;1972-04-21;-0.0013766073848335;-0.13766073848335;1.8659875323760085
5584;5584;1972-04-24;-0.0064492299889105;-0.64492299889105;1.859538302387098
5585;5585;1972-04-25;-0.0099392297965881;-0.99392297965881;1.8495990725905098
5586;5586;1972-04-26;-0.0021494704584483;-0.21494704584483;1.8474496021320614
5587;5587;1972-04-27;0.0014957841295366;0.14957841295366;1.848945386261598
5588;5588;1972-04-28;0.0057749321923701;0.57749321923701;1.8547203184539682
5589;5589;1972-05-01;-0.0091435233030798;-0.91435233030798;1.8455767951508883
5590;5590;1972-05-02;-0.0057339066580217;-0.57339066580217;1.8398428884928666
5591;5591;1972-05-03;-0.000848814121789;-0.08488141217890001;1.8389940743710775
5592;5592;1972-05-04;0.0024500766350676;0.24500766350675998;1.8414441510061452
5593;5593;1972-05-05;0.0035700620908905;0.35700620908905;1.8450142130970357
5594;5594;1972-05-08;-0.0046059019171869;-0.46059019171869003;1.8404083111798488
5595;5595;1972-05-09;-0.0132778982217898;-1.32778982217898;1.827130412958059
5596;5596;1972-05-10;0.0064712826988886;0.64712826988886;1.8336016956569476
5597;5597;1972-05-11;0.0033145445212019;0.33145445212019004;1.8369162401781496
5598;5598;1972-05-12;0.0057506641368512;0.57506641368512;1.8426669043150008
5599;5599;1972-05-15;0.0045020147742818;0.45020147742817995;1.8471689190892826
5600;5600;1972-05-16;-0.0018733332128642;-0.18733332128642;1.8452955858764184
5601;5601;1972-05-17;0.002154016255643;0.2154016255643;1.8474496021320614
5602;5602;1972-05-18;0.0097752767888659;0.9775276788865901;1.8572248789209274
5603;5603;1972-05-19;0.00958887096363;0.958887096363;1.8668137498845574
5604;5604;1972-05-22;0.0064938169735064;0.64938169735064;1.8733075668580639
5605;5605;1972-05-23;0.0008201303561703;0.08201303561703001;1.8741276972142342
5606;5606;1972-05-24;0.0048162118379524;0.48162118379524;1.8789439090521867
5607;5607;1972-05-25;0.0013588895694223;0.13588895694223;1.880302798621609
5608;5608;1972-05-26;0.0018090181967283;0.18090181967283;1.8821118168183373
5609;5609;1972-05-30;-0.002805359038124;-0.2805359038124;1.8793064577802132
5610;5610;1972-05-31;-0.0074586393728575;-0.74586393728575;1.8718478184073557
5611;5611;1972-06-01;0.0014597484507081;0.14597484507081002;1.8733075668580639
5612;5612;1972-06-02;0.0003646066860962;0.03646066860962;1.8736721735441602
5613;5613;1972-06-05;-0.0083276892847621;-0.83276892847621;1.865344484259398
5614;5614;1972-06-06;-0.0056213667155118;-0.56213667155118;1.8597231175438862
5615;5615;1972-06-07;-0.0051885319531681;-0.51885319531681;1.854534585590718
5616;5616;1972-06-08;-0.0034430127370779;-0.34430127370779;1.8510915728536401
5617;5617;1972-06-09;-0.0039226537643575;-0.39226537643575;1.8471689190892826
5618;5618;1972-06-12;0.0014027308410877;0.14027308410876999;1.8485716499303704
5619;5619;1972-06-13;0.0050335768789899;0.5033576878989899;1.8536052268093604
5620;5620;1972-06-14;0.0077799409939736;0.7779940993973601;1.861385167803334
5621;5621;1972-06-15;0.0004612184721279;0.04612184721279;1.861846386275462
5622;5622;1972-06-16;-0.0007380166284516;-0.07380166284516;1.8611083696470103
5623;5623;1972-06-19;-0.002309789890873;-0.2309789890873;1.8587985797561373
5624;5624;1972-06-20;0.0041537605491033;0.41537605491033003;1.8629523403052406
5625;5625;1972-06-21;0.0021164305213909;0.21164305213909;1.8650687708266316
5626;5626;1972-06-22;-0.0010116430668656;-0.10116430668656001;1.864057127759766
5627;5627;1972-06-23;-0.003779704943847;-0.37797049438470004;1.860277422815919
5628;5628;1972-06-26;-0.00732326795484;-0.732326795484;1.8529541548610788
5629;5629;1972-06-27;-0.0010239702726506;-0.10239702726505999;1.8519301845884282
5630;5630;1972-06-28;-0.0032651365357949;-0.32651365357948997;1.8486650480526332
5631;5631;1972-06-29;-0.0018705299393904;-0.18705299393904;1.8467945181132428
5632;5632;1972-06-30;0.002991206207608;0.2991206207608;1.8497857243208509
5633;5633;1972-07-03;0.0032614202593581;0.32614202593581;1.853047144580209
5634;5634;1972-07-05;0.0056589047651849;0.56589047651849;1.858706049345394
5635;5635;1972-07-06;0.008658090415448;0.8658090415447999;1.867364139760842
5636;5636;1972-07-07;-0.0032149845831712;-0.32149845831712;1.8641491551776708
5637;5637;1972-07-10;-0.0053505754215335;-0.53505754215335;1.8587985797561373
5638;5638;1972-07-11;-0.0073342109970955;-0.7334210997095499;1.8514643687590417
5639;5639;1972-07-12;-0.0040147666269803;-0.40147666269802995;1.8474496021320614
5640;5640;1972-07-13;-0.005723147447938;-0.5723147447938;1.8417264546841234
5641;5641;1972-07-14;0.0048808431334768;0.48808431334768;1.8466072978176002
5642;5642;1972-07-17;-0.0086516055910443;-0.86516055910443;1.8379556922265559
5643;5643;1972-07-18;-0.0004722970210711;-0.04722970210711;1.8374833952054848
5644;5644;1972-07-19;0.002924915974364;0.29249159743639996;1.8404083111798488
5645;5645;1972-07-20;-0.0031139539639646;-0.31139539639646;1.8372943572158842
5646;5646;1972-07-21;0.0080012286605342;0.80012286605342;1.8452955858764184
5647;5647;1972-07-24;0.0117439506924546;1.17439506924546;1.857039536568873
5648;5648;1972-07-25;-0.0029695642269311;-0.29695642269310996;1.8540699723419418
5649;5649;1972-07-26;-0.0006507600376179;-0.06507600376179;1.8534192123043238
5650;5650;1972-07-27;-0.0023276394506837;-0.23276394506836998;1.8510915728536401
5651;5651;1972-07-28;0.0009316874042379;0.09316874042379;1.8520232602578781
5652;5652;1972-07-31;9.31415020115622e-05;0.00931415020115622;1.8521164017598897
5653;5653;1972-08-01;0.0093610488974595;0.93610488974595;1.8614774506573493
5654;5654;1972-08-02;0.0081768013828194;0.8176801382819401;1.8696542520401687
5655;5655;1972-08-03;0.0077473659164324;0.77473659164324;1.877401617956601
5656;5656;1972-08-04;0.0026295613040572;0.26295613040571997;1.8800311792606583
5657;5657;1972-08-07;0.0016286738958974;0.16286738958974;1.8816598531565558
5658;5658;1972-08-08;0.0007230095110752;0.07230095110752;1.882382862667631
5659;5659;1972-08-09;0.001534633546032;0.15346335460320001;1.8839174962136631
5660;5660;1972-08-10;0.0017124243432498;0.17124243432498001;1.885629920556913
5661;5661;1972-08-11;0.0080717388917914;0.80717388917914;1.8937016594487044
5662;5662;1972-08-14;0.0053452777604752;0.53452777604752;1.8990469372091796
5663;5663;1972-08-15;-0.0043631697180037;-0.43631697180037;1.8946837674911758
5664;5664;1972-08-16;-0.0035758485843091;-0.35758485843091004;1.8911079189068667
5665;5665;1972-08-17;-0.0028700288758791;-0.28700288758791;1.8882378900309875
5666;5666;1972-08-18;0.003765186014828;0.37651860148280003;1.8920030760458155
5667;5667;1972-08-21;-0.000357982816272;-0.0357982816272;1.8916450932295434
5668;5668;1972-08-22;0.0061571870298031;0.61571870298031;1.8978022802593466
5669;5669;1972-08-23;-0.0013353097278896;-0.13353097278896;1.896466970531457
5670;5670;1972-08-24;-0.0111072890899813;-1.11072890899813;1.8853596814414757
5671;5671;1972-08-25;-0.0031575560349077;-0.31575560349077003;1.882202125406568
5672;5672;1972-08-28;-0.003983663013904;-0.39836630139039997;1.8782184623926639
5673;5673;1972-08-29;0.001631626488602;0.1631626488602;1.879850088881266
5674;5674;1972-08-30;0.0014480588746632;0.14480588746632;1.8812981477559292
5675;5675;1972-08-31;0.0046918430324787;0.46918430324786997;1.885989990788408
5676;5676;1972-09-01;0.0037736433260926;0.37736433260926;1.8897636341145005
5677;5677;1972-09-05;-0.0025141343378036;-0.25141343378036;1.8872494997766969
5678;5678;1972-09-06;-0.0061322221345809;-0.61322221345809;1.881117277642116
5679;5679;1972-09-07;-0.002354665055436;-0.23546650554360002;1.8787626125866799
5680;5680;1972-09-08;-0.0012701779796504;-0.12701779796504;1.8774924346070294
5681;5681;1972-09-11;-0.0058272038545705;-0.58272038545705;1.8716652307524588
5682;5682;1972-09-12;-0.0095422412795747;-0.95422412795747;1.8621229894728841
5683;5683;1972-09-13;0.0039564020331219;0.39564020331218996;1.866079391506006
5684;5684;1972-09-14;0.000275425789967;0.027542578996700002;1.8663548172959732
5685;5685;1972-09-15;-0.0011022505120976;-0.11022505120975999;1.8652525667838755
5686;5686;1972-09-18;-0.0018397300830566;-0.18397300830566;1.863412836700819
5687;5687;1972-09-19;-0.0005525695378656;-0.055256953786559995;1.8628602671629533
5688;5688;1972-09-20;0.0004604651222939;0.046046512229390005;1.8633207322852472
5689;5689;1972-09-21;-0.0015665855995381;-0.15665855995381;1.861754146685709
5690;5690;1972-09-22;0.0008296566619669;0.08296566619669;1.862583803347676
5691;5691;1972-09-25;-0.0043403494282392;-0.43403494282391997;1.8582434539194368
5692;5692;1972-09-26;0.0006476384373765;0.06476384373765;1.8588910923568134
5693;5693;1972-09-27;0.0141429572970884;1.41429572970884;1.8730340496539017
5694;5694;1972-09-28;0.0062724081263114;0.62724081263114;1.8793064577802132
5695;5695;1972-09-29;0.0018108198619026;0.18108198619026;1.881117277642116
5696;5696;1972-10-02;-0.0035340437092772;-0.35340437092772004;1.8775832339328387
5697;5697;1972-10-03;0.0012700627267863;0.12700627267863;1.878853296659625
5698;5698;1972-10-04;-0.001905776709604;-0.1905776709604;1.876947519950021
5699;5699;1972-10-05;-0.0109599875740125;-1.09599875740125;1.8659875323760085
5700;5700;1972-10-06;0.0066816778108487;0.6681677810848701;1.8726692101868572
5701;5701;1972-10-09;0.0025510126226997;0.25510126226997;1.875220222809557
5702;5702;1972-10-10;0.0008185547776156;0.08185547776156;1.8760387775871725
5703;5703;1972-10-11;-0.0044648851289981;-0.44648851289981006;1.8715738924581744
5704;5704;1972-10-12;-0.0082531601729272;-0.82531601729272;1.8633207322852472
5705;5705;1972-10-13;-0.0062811957163742;-0.62811957163742;1.857039536568873
5706;5706;1972-10-16;-0.0107132332748234;-1.07132332748234;1.8463263032940496
5707;5707;1972-10-17;0.0068138874752863;0.68138874752863;1.853140190769336
5708;5708;1972-10-18;0.006398111617762;0.6398111617762;1.859538302387098
5709;5709;1972-10-19;-0.0012948484676611;-0.12948484676611;1.8582434539194368
5710;5710;1972-10-20;0.0109531675793741;1.0953167579374101;1.869196621498811
5711;5711;1972-10-23;0.0101098362814023;1.01098362814023;1.8793064577802132
5712;5712;1972-10-24;0.0041598903207269;0.41598903207269;1.8834663481009402
5713;5713;1972-10-25;-0.0008125039981701;-0.08125039981701;1.88265384410277
5714;5714;1972-10-26;0.0024355882430953;0.24355882430953002;1.8850894323458653
5715;5715;1972-10-27;-0.0033391574578454;-0.33391574578454003;1.88175027488802
5716;5716;1972-10-30;-0.0002712987687685;-0.02712987687685;1.8814789761192514
5717;5717;1972-10-31;0.0089122074241085;0.89122074241085;1.89039118354336
5718;5718;1972-11-01;0.0097213340833795;0.9721334083379499;1.9001125176267395
5719;5719;1972-11-02;0.0049580003955727;0.49580003955727003;1.9050705180223122
5720;5720;1972-11-03;0.0087052471710578;0.8705247171057799;1.91377576519337
5721;5721;1972-11-06;-0.0021034012644909;-0.21034012644909;1.911672363928879
5722;5722;1972-11-08;-0.0055426614181861;-0.55426614181861;1.906129702510693
5723;5723;1972-11-09;0.0013224776123834;0.13224776123833998;1.9074521801230764
5724;5724;1972-11-10;0.0020244076531597;0.20244076531597002;1.909476587776236
5725;5725;1972-11-13;0.0014936434377812;0.14936434377812;1.9109702312140173
5726;5726;1972-11-14;0.0091763370984878;0.9176337098487799;1.9201465683125052
5727;5727;1972-11-15;-0.0039224021165917;-0.39224021165917;1.9162241661959134
5728;5728;1972-11-16;0.0054870756337779;0.54870756337779;1.9217112418296913
5729;5729;1972-11-17;0.003122030181407;0.3122030181407;1.9248332720110983
5730;5730;1972-11-20;0.0003462990296876;0.03462990296876;1.925179571040786
5731;5731;1972-11-21;0.0058686627905038;0.58686627905038;1.9310482338312898
5732;5732;1972-11-22;0.0059199949569919;0.5919994956991901;1.9369682287882817
5733;5733;1972-11-24;0.0031600573043197;0.31600573043197;1.9401282860926015
5734;5734;1972-11-27;-0.00470103010894;-0.47010301089400003;1.9354272559836614
5735;5735;1972-11-28;-0.0021441750815798;-0.21441750815798;1.9332830809020816
5736;5736;1972-11-29;0.0004291686441177;0.04291686441177;1.9337122495461994
5737;5737;1972-11-30;0.001286513348818;0.1286513348818;1.9349987628950174
5738;5738;1972-12-01;0.0060670898787726;0.60670898787726;1.94106585277379
5739;5739;1972-12-04;0.003317034807905;0.3317034807905;1.944382887581695
5740;5740;1972-12-05;-0.0016145743962718;-0.16145743962718;1.9427683131854232
5741;5741;1972-12-06;0.0036504136015693;0.36504136015693;1.9464187267869926
5742;5742;1972-12-07;0.0049870861148448;0.49870861148448004;1.9514058129018375
5743;5743;1972-12-08;0.0021898686515555;0.21898686515555;1.953595681553393
5744;5744;1972-12-11;0.0021850752086667;0.21850752086667002;1.9557807567620598
5745;5745;1972-12-12;-0.0038691190201856;-0.38691190201856;1.9519116377418742
5746;5746;1972-12-13;-0.0008431498615744;-0.08431498615744;1.9510684878802997
5747;5747;1972-12-14;-0.0027027043935392;-0.27027043935392003;1.9483657834867605
5748;5748;1972-12-15;0.0001691670194308;0.01691670194308;1.9485349505061913
5749;5749;1972-12-18;-0.0115667217179096;-1.15667217179096;1.9369682287882817
5750;5750;1972-12-19;-0.0048019814860316;-0.48019814860315996;1.93216624730225
5751;5751;1972-12-20;-0.0033578662723119;-0.33578662723119;1.9288083810299381
5752;5752;1972-12-21;-0.0072708362140057;-0.7270836214005699;1.9215375448159324
5753;5753;1972-12-22;0.0062354145966248;0.62354145966248;1.9277729594125572
5754;5754;1972-12-26;0.0040494691090371;0.40494691090371;1.9318224285215944
5755;5755;1972-12-27;0.005402379832252;0.5402379832252;1.9372248083538464
5756;5756;1972-12-29;0.0095328237922549;0.95328237922549;1.9467576321461013
5757;5757;1973-01-02;0.0088551706241606;0.8855170624160601;1.955612802770262
5758;5758;1973-01-03;0.0039385143628454;0.39385143628454;1.9595513171331074
5759;5759;1973-01-04;-0.0014227562225679;-0.14227562225679;1.9581285609105394
5760;5760;1973-01-05;0.0039286295372003;0.39286295372003;1.9620571904477397
5761;5761;1973-01-08;-0.0001669030532536;-0.01669030532536;1.9618902873944861
5762;5762;1973-01-09;-0.0010017114077385;-0.10017114077385;1.9608885759867476
5763;5763;1973-01-10;-0.0025088071047934;-0.25088071047934;1.9583797688819542
5764;5764;1973-01-11;0.006759303130984;0.6759303130984;1.9651390720129382
5765;5765;1973-01-12;-0.0078483745607602;-0.7848374560760201;1.957290697452178
5766;5766;1973-01-15;-0.0072348341309815;-0.72348341309815;1.9500558633211964
5767;5767;1973-01-16;-0.0025361667050223;-0.25361667050222997;1.947519696616174
5768;5768;1973-01-17;0.0045604420080662;0.45604420080662;1.9520801386242403
5769;5769;1973-01-18;0.0014313815556468;0.14313815556468001;1.9535115201798872
5770;5770;1973-01-19;-0.0005891428094795;-0.05891428094795;1.9529223773704076
5771;5771;1973-01-22;-0.0048103388660241;-0.48103388660241;1.9481120385043835
5772;5772;1973-01-23;8.46085522638873e-05;0.00846085522638873;1.9481966470566474
5773;5773;1973-01-24;-0.012683702490123;-1.2683702490122999;1.9355129445665245
5774;5774;1973-01-26;-0.0024016307966858;-0.24016307966858;1.9331113137698386
5775;5775;1973-01-29;-0.0037855590410114;-0.37855590410114;1.9293257547288272
5776;5776;1973-01-30;-0.0015527953162699;-0.15527953162699001;1.9277729594125572
5777;5777;1973-01-31;0.0017251535300548;0.17251535300548002;1.929498112942612
5778;5778;1973-02-01;-0.0110057612001544;-1.10057612001544;1.9184923517424577
5779;5779;1973-02-02;-0.0035791055622107;-0.35791055622107;1.914913246180247
5780;5780;1973-02-05;-0.0010499169699693;-0.10499169699693;1.9138633292102776
5781;5781;1973-02-06;0.0019240341775965;0.19240341775965;1.9157873633878741
5782;5782;1973-02-07;-0.0069264491246006;-0.69264491246006;1.9088609142632735
5783;5783;1973-02-08;-0.0044087892801094;-0.44087892801094;1.904452124983164
5784;5784;1973-02-09;0.0133428592336236;1.33428592336236;1.9177949842167876
5785;5785;1973-02-12;0.0119616405148273;1.1961640514827299;1.929756624731615
5786;5786;1973-02-13;0.0061845327622851;0.61845327622851;1.9359411574939
5787;5787;1973-02-14;-0.014490515940639;-1.4490515940639;1.921450641553261
5788;5788;1973-02-15;-0.0056632781653869;-0.56632781653869;1.9157873633878741
5789;5789;1973-02-16;0.004620206100383;0.4620206100383;1.9204075694882572
5790;5790;1973-02-20;0.0036461451183829;0.36461451183829;1.92405371460664
5791;5791;1973-02-21;-0.0061715175902783;-0.6171517590278299;1.9178821970163618
5792;5792;1973-02-22;-0.0021821681564269;-0.21821681564269;1.9157000288599348
5793;5793;1973-02-23;-0.0112479038767708;-1.12479038767708;1.904452124983164
5794;5794;1973-02-26;-0.0086089013977712;-0.86089013977712;1.8958432235853928
5795;5795;1973-02-27;-0.0115649679931877;-1.15649679931877;1.884278255592205
5796;5796;1973-02-28;0.0070087266234759;0.70087266234759;1.891286982215681
5797;5797;1973-03-01;-0.0056570616587681;-0.56570616587681;1.885629920556913
5798;5798;1973-03-02;0.0110151652320818;1.10151652320818;1.8966450857889947
5799;5799;1973-03-05;0.003556200420796;0.35562004207959996;1.9002012862097908
5800;5800;1973-03-06;0.0125232963313744;1.25232963313744;1.9127245825411652
5801;5801;1973-03-07;0.0030627808467089;0.30627808467088996;1.9157873633878741
5802;5802;1973-03-08;-0.0019240341775965;-0.19240341775965;1.9138633292102776
5803;5803;1973-03-09;-0.0038593328516229;-0.38593328516229;1.9100039963586546
5804;5804;1973-03-12;0.0006149791486151;0.06149791486151;1.9106189755072698
5805;5805;1973-03-13;0.0054305291479952;0.54305291479952;1.916049504655265
5806;5806;1973-03-14;0.0043580648329921;0.43580648329920996;1.9204075694882572
5807;5807;1973-03-15;-0.0075076736532215;-0.7507673653221499;1.9128998958350356
5808;5808;1973-03-16;-0.005095346083368;-0.5095346083368;1.9078045497516676
5809;5809;1973-03-19;-0.0121396467229964;-1.21396467229964;1.8956649030286712
5810;5810;1973-03-20;-0.0019632435799668;-0.19632435799668002;1.8937016594487044
5811;5811;1973-03-21;-0.0131273152231879;-1.3127315223187899;1.8805743442255165
5812;5812;1973-03-22;-0.0150461238600474;-1.50461238600474;1.865528220365469
5813;5813;1973-03-23;0.0003674536260902;0.03674536260902;1.8658956739915593
5814;5814;1973-03-26;0.0087783942531682;0.87783942531682;1.8746740682447276
5815;5815;1973-03-27;0.0155378197886069;1.55378197886069;1.8902118880333345
5816;5816;1973-03-28;0.0005377274054749;0.05377274054749;1.8907496154388095
5817;5817;1973-03-29;0.0097178671444693;0.9717867144469299;1.9004674825832788
5818;5818;1973-03-30;-0.010614219270451;-1.0614219270451;1.8898532633128278
5819;5819;1973-04-02;-0.0120885280666387;-1.20885280666387;1.877764735246189
5820;5820;1973-04-03;-0.008568113747378;-0.8568113747378;1.869196621498811
5821;5821;1973-04-04;-0.0043117447725684;-0.43117447725684;1.8648848767262425
5822;5822;1973-04-05;-0.0023010733785664;-0.23010733785663998;1.862583803347676
5823;5823;1973-04-06;0.0069789265256172;0.69789265256172;1.8695627298732933
5824;5824;1973-04-09;0.0143547663403698;1.43547663403698;1.8839174962136631
5825;5825;1973-04-10;0.0121039537528684;1.21039537528684;1.8960214499665315
5826;5826;1973-04-11;0.0041798362432592;0.41798362432592;1.9002012862097908
5827;5827;1973-04-12;-0.0008878452071465;-0.08878452071465;1.8993134410026442
5828;5828;1973-04-13;-0.0044511779278773;-0.44511779278773;1.894862263074767
5829;5829;1973-04-16;-0.005726572454721;-0.5726572454721;1.8891356906200458
5830;5830;1973-04-17;-0.0044968147635762;-0.44968147635761996;1.8846388758564696
5831;5831;1973-04-18;0.0053937472719507;0.53937472719507;1.8900326231284204
5832;5832;1973-04-19;0.0056322799002508;0.56322799002508;1.8956649030286712
5833;5833;1973-04-23;-0.0053633632219636;-0.53633632219636;1.8903015398067076
5834;5834;1973-04-24;-0.014262762219535;-1.4262762219535;1.8760387775871725
5835;5835;1973-04-25;-0.0151150410766068;-1.5115041076606799;1.8609237365105658
5836;5836;1973-04-26;0.0050637958654427;0.5063795865442701;1.8659875323760085
5837;5837;1973-04-27;-0.0153621009650902;-1.53621009650902;1.8506254314109183
5838;5838;1973-04-30;-0.002427657542845;-0.2427657542845;1.8481977738680733
5839;5839;1973-05-01;0.0012145281131124;0.12145281131124;1.8494123019811857
5840;5840;1973-05-02;0.0123418447045234;1.2341844704523401;1.861754146685709
5841;5841;1973-05-03;0.0163735740437625;1.63735740437625;1.8781277207294715
5842;5842;1973-05-04;0.0070518237844812;0.70518237844812;1.8851795445139528
5843;5843;1973-05-07;-0.0042432330367869;-0.42432330367869;1.8809363114771658
5844;5844;1973-05-08;0.0064929527708024;0.64929527708024;1.8874292642479682
5845;5845;1973-05-09;-0.0073075158750155;-0.73075158750155;1.8801217483729527
5846;5846;1973-05-10;-0.0081826166866729;-0.8182616686672899;1.8719391316862797
5847;5847;1973-05-11;-0.0125857433318775;-1.25857433318775;1.8593533883544022
5848;5848;1973-05-14;-0.0212087736596818;-2.12087736596818;1.8381446146947205
5849;5849;1973-05-15;0.0063067747397633;0.63067747397633;1.8444513894344838
5850;5850;1973-05-16;-0.0013145541799115;-0.13145541799115001;1.8431368352545723
5851;5851;1973-05-17;-0.0082079993644006;-0.82079993644006;1.8349288358901716
5852;5852;1973-05-18;-0.0162356446440342;-1.6235644644034202;1.8186931912461375
5853;5853;1973-05-21;-0.0109396316135824;-1.0939631613582401;1.8077535596325551
5854;5854;1973-05-22;0.008240063873556;0.8240063873556001;1.8159936235061112
5855;5855;1973-05-23;0.0047194693452752;0.47194693452752;1.8207130928513864
5856;5856;1973-05-24;0.0290726314694645;2.90726314694645;1.8497857243208509
5857;5857;1973-05-25;0.0074391546000764;0.74391546000764;1.8572248789209274
5858;5858;1973-05-29;-0.003991650619251;-0.3991650619251;1.8532332283016764
5859;5859;1973-05-30;-0.0149941704765642;-1.4994170476564201;1.8382390578251122
5860;5860;1973-05-31;-0.0091056969418925;-0.9105696941892499;1.8291333608832197
5861;5861;1973-06-01;-0.0097664220812703;-0.97664220812703;1.8193669388019493
5862;5862;1973-06-04;-0.0092799022201042;-0.92799022201042;1.810087036581845
5863;5863;1973-06-05;0.0158970732374435;1.58970732374435;1.8259841098192886
5864;5864;1973-06-06;-0.0029675511034073;-0.29675511034073004;1.8230165587158813
5865;5865;1973-06-07;0.014561266499542;1.4561266499542;1.8375778252154233
5866;5866;1973-06-08;0.0111806776393051;1.11806776393051;1.8487585028547284
5867;5867;1973-06-11;-0.0030880294616162;-0.30880294616162;1.8456704733931122
5868;5868;1973-06-12;0.0147916926832581;1.47916926832581;1.8604621660763703
5869;5869;1973-06-13;-0.0063921937344284;-0.63921937344284;1.8540699723419418
5870;5870;1973-06-14;-0.0112150334357866;-1.12150334357866;1.8428549389061553
5871;5871;1973-06-15;-0.0122933368511271;-1.22933368511271;1.8305616020550282
5872;5872;1973-06-18;-0.014374948333046;-1.4374948333046;1.8161866537219822
5873;5873;1973-06-19;0.0037574109191593;0.37574109191592997;1.8199440646411416
5874;5874;1973-06-20;0.0043180415411558;0.43180415411558;1.8242621061822974
5875;5875;1973-06-21;-0.0118470250918206;-1.18470250918206;1.8124150810904769
5876;5876;1973-06-22;0.0047363484170182;0.47363484170182;1.817151429507495
5877;5877;1973-06-25;-0.0140812913829649;-1.40812913829649;1.8030701381245302
5878;5878;1973-06-26;0.0102166102443073;1.02166102443073;1.8132867483688375
5879;5879;1973-06-27;0.0030929851713628;0.30929851713628004;1.8163797335402003
5880;5880;1973-06-28;0.0102732310967033;1.0273231096703301;1.8266529646369036
5881;5881;1973-06-29;-0.0041158229125128;-0.41158229125128;1.8225371417243907
5882;5882;1973-07-02;-0.0131301362464225;-1.31301362464225;1.8094070054779683
5883;5883;1973-07-03;-0.0100601422250772;-1.00601422250772;1.799346863252891
5884;5884;1973-07-05;-0.0008839087156982;-0.08839087156982;1.7984629545371928
5885;5885;1973-07-06;-0.0049246628133259;-0.49246628133259;1.793538291723867
5886;5886;1973-07-09;0.0084554629067659;0.84554629067659;1.8019937546306328
5887;5887;1973-07-10;0.0134203903436685;1.34203903436685;1.8154141449743013
5888;5888;1973-07-11;0.0217857460069038;2.17857460069038;1.837199890981205
5889;5889;1973-07-12;-0.0028395948634649;-0.28395948634649;1.83436029611774
5890;5890;1973-07-13;-0.0134550818170283;-1.34550818170283;1.8209052143007118
5891;5891;1973-07-16;0.0150651404269988;1.50651404269988;1.8359703547277106
5892;5892;1973-07-17;0.0004730876689444;0.04730876689444;1.8364434423966551
5893;5893;1973-07-18;0.00594142364538;0.594142364538;1.8423848660420352
5894;5894;1973-07-19;0.0018788638600044;0.18788638600044;1.8442637299020397
5895;5895;1973-07-20;0.0055219944188111;0.55219944188111;1.8497857243208509
5896;5896;1973-07-23;0.0035404677538215;0.35404677538214996;1.8533261920746724
5897;5897;1973-07-24;0.0057498258335329;0.57498258335329;1.8590760179082053
5898;5898;1973-07-25;0.0137755876072401;1.37755876072401;1.8728516055154454
5899;5899;1973-07-26;0.0019135183101468;0.19135183101468;1.8747651238255922
5900;5900;1973-07-27;-0.0023696876483541;-0.23696876483541002;1.8723954361772381
5901;5901;1973-07-30;-0.0031072589999201;-0.31072589999201;1.869288177177318
5902;5902;1973-07-31;-0.0094726325206737;-0.94726325206737;1.8598155446566442
5903;5903;1973-08-01;-0.0129273967758969;-1.29273967758969;1.8468881478807473
5904;5904;1973-08-02;-0.0014988667911515;-0.14988667911515;1.8453892810895958
5905;5905;1973-08-03;-0.0016888726417905;-0.16888726417905;1.8437004084478053
5906;5906;1973-08-06;0.0022512437879971;0.22512437879970998;1.8459516522358024
5907;5907;1973-08-07;-0.0016879223337626;-0.16879223337625998;1.8442637299020397
5908;5908;1973-08-08;-0.0094295839835432;-0.94295839835432;1.8348341459184965
5909;5909;1973-08-09;0.000568270510306;0.0568270510306;1.8354024164288025
5910;5910;1973-08-10;-0.0079856304964618;-0.79856304964618;1.8274167859323407
5911;5911;1973-08-13;-0.0101689097713509;-1.01689097713509;1.8172478761609898
5912;5912;1973-08-14;-0.0096890595178083;-0.9689059517808299;1.8075588166431815
5913;5913;1973-08-15;0.0029166168696299;0.29166168696299;1.8104754335128115
5914;5914;1973-08-16;-0.0070141640661498;-0.70141640661498;1.8034612694466616
5915;5915;1973-08-17;0.0001954740973744;0.01954740973744;1.803656743544036
5916;5916;1973-08-20;-0.0068654350030765;-0.68654350030765;1.7967913085409595
5917;5917;1973-08-21;-0.0071111608308376;-0.7111160830837601;1.7896801477101218
5918;5918;1973-08-22;-0.0035746240384533;-0.35746240384533;1.7861055236716685
5919;5919;1973-08-23;0.0136339296208705;1.36339296208705;1.799739453292539
5920;5920;1973-08-24;-0.0028497144035872;-0.28497144035871996;1.7968897388889518
5921;5921;1973-08-27;0.0078415908196349;0.78415908196349;1.8047313297085867
5922;5922;1973-08-28;0.0058411285099113;0.58411285099113;1.810572458218498
5923;5923;1973-08-29;0.0097561944533124;0.9756194453312401;1.8203286526718105
5924;5924;1973-08-30;-0.0014429515551208;-0.14429515551208;1.8188857011166897
5925;5925;1973-08-31;0.0035555027638398;0.35555027638398;1.8224412038805295
5926;5926;1973-09-04;0.0024909190644262;0.24909190644262;1.8249321229449558
5927;5927;1973-09-05;0.0012430984089766;0.12430984089765999;1.8261752213539324
5928;5928;1973-09-06;0.0048620430168417;0.48620430168417;1.8310372643707742
5929;5929;1973-09-07;-0.0037158824383878;-0.37158824383878;1.8273213819323864
5930;5930;1973-09-10;-0.0087245076671926;-0.8724507667192599;1.8185968742651937
5931;5931;1973-09-11;-0.0060848886549491;-0.60848886549491;1.8125119856102445
5932;5932;1973-09-12;-0.0015513189147187;-0.15513189147187;1.8109606666955258
5933;5933;1973-09-13;0.0029067262153068;0.29067262153067996;1.8138673929108327
5934;5934;1973-09-14;0.0103947132714648;1.03947132714648;1.8242621061822974
5935;5935;1973-09-17;-0.0027805760706254;-0.27805760706254;1.821481530111672
5936;5936;1973-09-18;-0.0036553042029563;-0.36553042029563;1.8178262259087157
5937;5937;1973-09-19;0.0201294663178402;2.01294663178402;1.8379556922265559
5938;5938;1973-09-20;0.0082769942449942;0.8276994244994199;1.8462326864715501
5939;5939;1973-09-21;0.0041128773816954;0.41128773816954;1.8503455638532456
5940;5940;1973-09-24;0.0014914618862009;0.14914618862009;1.8518370257394465
5941;5941;1973-09-25;0.0064064281799902;0.64064281799902;1.8582434539194368
5942;5942;1973-09-26;0.0071929393674379;0.71929393674379;1.8654363932868747
5943;5943;1973-09-27;0.0022945262272982;0.22945262272982;1.867730919514173
5944;5944;1973-09-28;-0.0059767728284638;-0.59767728284638;1.861754146685709
5945;5945;1973-10-01;-0.0020310291418228;-0.20310291418228002;1.8597231175438862
5946;5946;1973-10-02;0.0053456532827453;0.53456532827453;1.8650687708266316
5947;5947;1973-10-03;-9.19428230643504e-05;-0.009194282306435039;1.8649768280035672
5948;5948;1973-10-04;-0.0034071122317831;-0.34071122317831;1.861569715771784
5949;5949;1973-10-05;0.0131954080538081;1.31954080538081;1.8747651238255922
5950;5950;1973-10-08;0.0034533385670716;0.34533385670716;1.8782184623926639
5951;5951;1973-10-09;-0.0009076602547271;-0.09076602547271;1.8773108021379368
5952;5952;1973-10-10;-0.0082972530564777;-0.82972530564777;1.869013549081459
5953;5953;1973-10-11;0.0169764417069489;1.6976441706948902;1.885989990788408
5954;5954;1973-10-12;0.0031456998316379;0.31456998316379003;1.8891356906200458
5955;5955;1973-10-15;-0.0125515121856203;-1.25515121856203;1.8765841784344255
5956;5956;1973-10-16;0.001271331417346;0.1271331417346;1.8778555098517715
5957;5957;1973-10-17;-0.0019985562339206;-0.19985562339206003;1.8758569536178509
5958;5958;1973-10-18;0.0003636785152778;0.03636785152778;1.8762206321331287
5959;5959;1973-10-19;0.0019070885963428;0.19070885963428;1.8781277207294715
5960;5960;1973-10-22;-0.0096636450442568;-0.96636450442568;1.8684640756852147
5961;5961;1973-10-23;0.0053903194716848;0.53903194716848;1.8738543951568996
5962;5962;1973-10-24;0.0047268246093574;0.47268246093573996;1.878581219766257
5963;5963;1973-10-25;0.0020836443931697;0.20836443931697;1.8806648641594268
5964;5964;1973-10-26;0.0079322302688966;0.79322302688966;1.8885970944283235
5965;5965;1973-10-29;-0.0020670928227968;-0.20670928227968;1.8865300016055266
5966;5966;1973-10-30;-0.0165098086642743;-1.65098086642743;1.8700201929412523
5967;5967;1973-10-31;-0.009558026864882;-0.9558026864882;1.8604621660763703
5968;5968;1973-11-01;-0.0055560749621355;-0.55560749621355;1.8549060911142348
5969;5969;1973-11-02;-0.0057739217424375;-0.57739217424375;1.8491321693717973
5970;5970;1973-11-05;-0.0145823461917489;-1.4582346191748898;1.8345498231800483
5971;5971;1973-11-06;-0.0053211643100894;-0.53211643100894;1.829228658869959
5972;5972;1973-11-07;0.0079712321112461;0.79712321112461;1.837199890981205
5973;5973;1973-11-08;0.0114651570714281;1.14651570714281;1.8486650480526332
5974;5974;1973-11-09;-0.0162022572210567;-1.62022572210567;1.8324627908315765
5975;5975;1973-11-12;-0.008200684649279;-0.8200684649279;1.8242621061822974
5976;5976;1973-11-13;-0.0007662931299359;-0.07662931299358999;1.8234958130523615
5977;5977;1973-11-14;-0.0184716244484111;-1.84716244484111;1.8050241886039504
5978;5978;1973-11-15;-0.0001952069538884;-0.01952069538884;1.804828981650062
5979;5979;1973-11-16;0.0140567194666277;1.40567194666277;1.8188857011166897
5980;5980;1973-11-19;-0.0309912681845184;-3.09912681845184;1.7878944329321713
5981;5981;1973-11-20;-0.020565453381681;-2.0565453381681;1.7673289795504903
5982;5982;1973-11-21;0.0110876850710246;1.10876850710246;1.778416664621515
5983;5983;1973-11-23;-0.0032128541048095;-0.32128541048095;1.7752038105167054
5984;5984;1973-11-26;-0.0291827661614699;-2.91827661614699;1.7460210443552355
5985;5985;1973-11-27;-0.0091534340426706;-0.91534340426706;1.7368676103125649
5986;5986;1973-11-28;0.0201714106930524;2.0171410693052403;1.7570390210056173
5987;5987;1973-11-29;-0.0034879395229729;-0.34879395229729;1.7535510814826443
5988;5988;1973-11-30;-0.0139703107305404;-1.39703107305404;1.7395807707521038
5989;5989;1973-12-03;-0.0217010200370131;-2.17010200370131;1.7178797507150907
5990;5990;1973-12-04;-0.0033069100839169;-0.33069100839169;1.7145728406311738
5991;5991;1973-12-05;-0.0153972570791971;-1.53972570791971;1.6991755835519766
5992;5992;1973-12-06;0.0242266535858295;2.42266535858295;1.7234022371378062
5993;5993;1973-12-07;0.0218937567060982;2.18937567060982;1.7452959938439043
5994;5994;1973-12-10;0.0148104631203925;1.4810463120392499;1.7601064569642968
5995;5995;1973-12-11;-0.0196923319972973;-1.96923319972973;1.7404141249669995
5996;5996;1973-12-12;-0.0260549624775592;-2.6054962477559203;1.7143591624894403
5997;5997;1973-12-13;-0.0127993467599241;-1.2799346759924102;1.7015598157295162
5998;5998;1973-12-14;0.0098024591642351;0.9802459164235101;1.7113622748937514
5999;5999;1973-12-17;-0.0058052302045883;-0.58052302045883;1.705557044689163
6000;6000;1973-12-18;0.0212285748976537;2.1228574897653703;1.7267856195868168
6001;6001;1973-12-19;0.0008440810887746;0.08440810887746;1.7276297006755914
6002;6002;1973-12-20;-0.002851530640263;-0.2851530640263;1.7247781700353284
6003;6003;1973-12-21;-0.0107396638453556;-1.07396638453556;1.7140385061899728
6004;6004;1973-12-24;-0.006865495640036;-0.6865495640036;1.7071730105499368
6005;6005;1973-12-26;0.0301124957261347;3.0112495726134703;1.7372855062760715
6006;6006;1973-12-27;0.0206747083051049;2.06747083051049;1.7579602145811764
6007;6007;1973-12-28;-0.0020483108454465;-0.20483108454465;1.7559119037357298
6008;6008;1973-12-31;0.0001025372884688;0.01025372884688;1.7560144410241987
6009;6009;1974-01-02;0.0013317319798691;0.13317319798691;1.7573461730040678
6010;6010;1974-01-03;0.021471383575089;2.1471383575089003;1.7788175565791569
6011;6011;1974-01-04;-0.0090589545264245;-0.9058954526424501;1.7697586020527323
6012;6012;1974-01-07;-0.0084277494468842;-0.84277494468842;1.761330852605848
6013;6013;1974-01-08;-0.0200840673249756;-2.00840673249756;1.7412467852808724
6014;6014;1974-01-09;-0.0284920084139833;-2.8492008413983303;1.7127547768668892
6015;6015;1974-01-10;-0.0110866968062986;-1.1086696806298602;1.7016680800605906
6016;6016;1974-01-11;0.0136525096040891;1.36525096040891;1.7153205896646797
6017;6017;1974-01-14;-0.0025658127977905;-0.25658127977905;1.7127547768668892
6018;6018;1974-01-15;0.0086332003903884;0.8633200390388399;1.7213879772572775
6019;6019;1974-01-16;0.0151661147292224;1.5166114729222402;1.7365540919865
6020;6020;1974-01-17;0.016894271239555;1.6894271239554999;1.753448363226055
6021;6021;1974-01-18;-0.0180447184960864;-1.8044718496086398;1.7354036447299686
6022;6022;1974-01-21;-0.0016757021097486;-0.16757021097486;1.73372794262022
6023;6023;1974-01-22;0.0119824405279054;1.19824405279054;1.7457103831481253
6024;6024;1974-01-23;0.0053713277776283;0.53713277776283;1.7510817109257537
6025;6025;1974-01-24;-0.0025787832125869;-0.25787832125869004;1.7485029277131667
6026;6026;1974-01-25;-0.0019643635465902;-0.19643635465901998;1.7465385641665765
6027;6027;1974-01-28;-0.0056040103034229;-0.56040103034229;1.7409345538631535
6028;6028;1974-01-29;-0.0008328371208392;-0.08328371208391999;1.7401017167423143
6029;6029;1974-01-30;0.0108769498305632;1.08769498305632;1.7509786665728775
6030;6030;1974-01-31;-0.0050611893924319;-0.50611893924319;1.7459174771804455
6031;6031;1974-02-01;-0.0130284817482851;-1.3028481748285101;1.7328889954321605
6032;6032;1974-02-04;-0.0215267205384091;-2.1526720538409103;1.7113622748937514
6033;6033;1974-02-05;-0.0031134385388762;-0.31134385388762;1.7082488363548751
6034;6034;1974-02-06;0.0027918196723399;0.27918196723399;1.7110406560272151
6035;6035;1974-02-07;0.0004288271820422;0.04288271820422;1.7114694832092574
6036;6036;1974-02-08;-0.0104510025616706;-1.04510025616706;1.7010184806475868
6037;6037;1974-02-11;-0.0182528478123745;-1.82528478123745;1.6827656328352123
6038;6038;1974-02-12;0.0030836807557932;0.30836807557932;1.6858493135910055
6039;6039;1974-02-13;0.0004397647267504;0.043976472675040006;1.686289078317756
6040;6040;1974-02-14;-0.0003298631371633;-0.03298631371633;1.6859592151805927
6041;6041;1974-02-15;0.0144091570982141;1.44091570982141;1.7003683722788068
6042;6042;1974-02-19;-0.0016269215584863;-0.16269215584863;1.6987414507203205
6043;6043;1974-02-20;0.0142274329653249;1.42274329653249;1.7129688836856454
6044;6044;1974-02-21;0.0135000401954359;1.35000401954359;1.7264689238810813
6045;6045;1974-02-22;0.0071541599943749;0.71541599943749;1.7336230838754563
6046;6046;1974-02-25;-0.0037811199736062;-0.37811199736062;1.72984196390185
6047;6047;1974-02-26;0.0101555707676049;1.01555707676049;1.739997534669455
6048;6048;1974-02-27;0.0041580308955513;0.41580308955513;1.7441555655650063
6049;6049;1974-02-28;-0.0018689756992298;-0.18689756992298;1.7422865898657764
6050;6050;1974-03-01;-0.0071969228501567;-0.71969228501567;1.7350896670156197
6051;6051;1974-03-04;0.0;0.0;1.7350896670156197
6052;6052;1974-03-05;0.0185641941013213;1.85641941013213;1.753653861116941
6053;6053;1974-03-06;0.0067588889136001;0.6758888913600101;1.760412750030541
6054;6054;1974-03-07;-0.0106711557803738;-1.06711557803738;1.7497415942501673
6055;6055;1974-03-08;0.0086277958749105;0.8627795874910501;1.7583693901250779
6056;6056;1974-03-11;0.0111869164461158;1.11869164461158;1.7695563065711937
6057;6057;1974-03-12;0.0027269117676871;0.27269117676871;1.7722832183388808
6058;6058;1974-03-13;0.0059329049285787;0.59329049285787;1.7782161232674596
6059;6059;1974-03-14;-0.0009027133367913;-0.09027133367913;1.7773134099306682
6060;6060;1974-03-15;-0.0037199359052193;-0.37199359052193;1.7735934740254489
6061;6061;1974-03-18;-0.0124665475848404;-1.24665475848404;1.7611269264406084
6062;6062;1974-03-19;-0.0083982465627503;-0.8398246562750299;1.752728679877858
6063;6063;1974-03-20;0.0034907324436197;0.34907324436196996;1.7562194123214778
6064;6064;1974-03-21;-0.002360105807627;-0.23601058076269998;1.7538593065138508
6065;6065;1974-03-22;-0.0007193772728699;-0.07193772728699;1.7531399292409808
6066;6066;1974-03-25;0.0037966492436929;0.37966492436929;1.7569365784846738
6067;6067;1974-03-26;0.003169878479623;0.3169878479623;1.7601064569642968
6068;6068;1974-03-27;-0.0139819389836289;-1.3981938983628899;1.746124517980668
6069;6069;1974-03-28;-0.0184948173050765;-1.8494817305076499;1.7276297006755914
6070;6070;1974-03-29;-0.0088983318776181;-0.8898331877618101;1.7187313687979733
6071;6071;1974-04-01;-0.0077979670724293;-0.7797967072429299;1.710933401725544
6072;6072;1974-04-02;0.0010717900390604;0.10717900390604;1.7120051917646044
6073;6073;1974-04-03;0.0104434453009388;1.04434453009388;1.7224486370655432
6074;6074;1974-04-04;0.0;0.0;1.7224486370655432
6075;6075;1974-04-05;-0.0140922581064844;-1.4092258106484399;1.7083563789590588
6076;6076;1974-04-08;-0.0105924357726961;-1.05924357726961;1.6977639431863627
6077;6077;1974-04-09;0.0062825379954034;0.62825379954034;1.7040464811817662
6078;6078;1974-04-10;-0.0022701376874874;-0.22701376874874002;1.7017763434942788
6079;6079;1974-04-11;-0.0030348927739583;-0.30348927739583004;1.6987414507203205
6080;6080;1974-04-15;-0.0007601672486323;-0.07601672486323001;1.697981283471688
6081;6081;1974-04-16;0.0173393061929916;1.7339306192991601;1.7153205896646797
6082;6082;1974-04-17;0.0074460186741243;0.7446018674124301;1.722766608338804
6083;6083;1974-04-18;0.0044411408515081;0.44411408515080997;1.7272077491903122
6084;6084;1974-04-19;-0.0109267411381735;-1.0926741138173501;1.7162810080521387
6085;6085;1974-04-22;-0.003954507434523;-0.3954507434523;1.7123265006176156
6086;6086;1974-04-23;-0.0169559550445078;-1.6955955044507798;1.6953705455731078
6087;6087;1974-04-24;-0.0165837087259586;-1.6583708725958601;1.6787868368471492
6088;6088;1974-04-25;-0.0081170511584263;-0.81170511584263;1.670669785688723
6089;6089;1974-04-26;0.006787230505834;0.6787230505834;1.677457016194557
6090;6090;1974-04-29;-0.0019980026626731;-0.19980026626731;1.6754590135318839
6091;6091;1974-04-30;0.0034385037865005;0.34385037865005;1.6788975173183844
6092;6092;1974-05-01;0.0209288635054286;2.09288635054286;1.699826380823813
6093;6093;1974-05-02;-0.0014107213246887;-0.14107213246887;1.6984156594991242
6094;6094;1974-05-03;-0.0087250527664135;-0.8725052766413499;1.6896906067327107
6095;6095;1974-05-06;-0.0018639114685488;-0.18639114685488;1.6878266952641618
6096;6096;1974-05-07;0.0037243552336248;0.37243552336248;1.6915510504977866
6097;6097;1974-05-08;0.0019661393768615;0.19661393768615;1.6935171898746482
6098;6098;1974-05-09;0.0143014356732571;1.4301435673257101;1.7078186255479053
6099;6099;1974-05-10;-0.0161582217454672;-1.6158221745467198;1.691660403802438
6100;6100;1974-05-13;-0.0088947709672258;-0.8894770967225799;1.6827656328352123
6101;6101;1974-05-14;0.0003308298790312;0.03308298790312;1.6830964627142435
6102;6102;1974-05-15;-0.0026499408388165;-0.26499408388165;1.680446521875427
6103;6103;1974-05-16;-0.0081034578760137;-0.81034578760137;1.6723430639994132
6104;6104;1974-05-17;-0.016973396863702;-1.6973396863702002;1.6553696671357112
6105;6105;1974-05-20;-0.0039756740047156;-0.39756740047156;1.6513939931309956
6106;6106;1974-05-21;0.0005689594347897;0.05689594347897;1.6519629525657853
6107;6107;1974-05-22;-0.0093715885890173;-0.93715885890173;1.642591363976768
6108;6108;1974-05-23;0.0022938994281753;0.22938994281753003;1.6448852634049433
6109;6109;1974-05-24;0.0146702008701878;1.46702008701878;1.6595554642751311
6110;6110;1974-05-28;-0.0023735415954275;-0.23735415954275002;1.6571819226797035
6111;6111;1974-05-29;-0.0168896401357745;-1.68896401357745;1.640292282543929
6112;6112;1974-05-30;0.0061955338504891;0.61955338504891;1.646487816394418
6113;6113;1974-05-31;-0.0017171431253624;-0.17171431253623998;1.6447706732690557
6114;6114;1974-06-03;0.0206379819626372;2.0637981962637197;1.665408655231693
6115;6115;1974-06-04;0.0116046941385743;1.16046941385743;1.6770133493702672
6116;6116;1974-06-05;0.0018841679481171;0.18841679481171;1.6788975173183844
6117;6117;1974-06-06;0.0181055149039215;1.81055149039215;1.697003032222306
6118;6118;1974-06-07;0.0063953824137295;0.63953824137295;1.7033984146360355
6119;6119;1974-06-10;0.0059250913663273;0.59250913663273;1.7093235060023628
6120;6120;1974-06-11;-0.0088467403317755;-0.88467403317755;1.7004767656705873
6121;6121;1974-06-12;-0.0023869058048351;-0.23869058048351;1.6980898598657521
6122;6122;1974-06-13;0.0030368570965366;0.30368570965366;1.7011267169622888
6123;6123;1974-06-14;-0.01132655330104;-1.1326553301039999;1.6898001636612487
6124;6124;1974-06-17;-0.013896793314923;-1.3896793314923;1.6759033703463257
6125;6125;1974-06-18;-0.0065742507282688;-0.65742507282688;1.6693291196180569
6126;6126;1974-06-19;-0.0068428224149759;-0.68428224149759;1.662486297203081
6127;6127;1974-06-20;-0.0071166300673697;-0.71166300673697;1.6553696671357112
6128;6128;1974-06-21;-0.0085387893831159;-0.85387893831159;1.6468308777525953
6129;6129;1974-06-24;0.0026263560479051;0.26263560479050996;1.6494572338005005
6130;6130;1974-06-25;0.0146037684944549;1.46037684944549;1.6640610022949553
6131;6131;1974-06-26;-0.0155165010008425;-1.55165010008425;1.648544501294113
6132;6132;1974-06-27;-0.0149497150332145;-1.49497150332145;1.6335947862608984
6133;6133;1974-06-28;-0.0035981468057722;-0.35981468057722;1.6299966394551262
6134;6134;1974-07-01;0.0002324962264719;0.02324962264719;1.630229135681598
6135;6135;1974-07-02;-0.0201978918849814;-2.01978918849814;1.6100312437966167
6136;6136;1974-07-03;-0.000593331362527;-0.059333136252699994;1.6094379124340896
6137;6137;1974-07-05;-0.0070275554058447;-0.70275554058447;1.6024103570282449
6138;6138;1974-07-08;-0.031201414198069;-3.1201414198068997;1.5712089428301759
6139;6139;1974-07-09;0.0047980285488984;0.47980285488984;1.5760069713790743
6140;6140;1974-07-10;-0.0184560263198508;-1.8456026319850798;1.5575509450592235
6141;6141;1974-07-11;-0.001250925880865;-0.1250925880865;1.5563000191783585
6142;6142;1974-07-12;0.0399955537151131;3.9995553715113097;1.5962955728934716
6143;6143;1974-07-15;0.0075480738910132;0.75480738910132;1.6038436467844848
6144;6144;1974-07-16;-0.01164550068893;-1.164550068893;1.5921981460955548
6145;6145;1974-07-17;0.0106901387591991;1.06901387591991;1.6028882848547539
6146;6146;1974-07-18;0.0009553619297308;0.09553619297308;1.6038436467844848
6147;6147;1974-07-19;-0.002868732543523;-0.28687325435230004;1.6009749142409617
6148;6148;1974-07-22;0.0032267372079708;0.32267372079707995;1.6042016514489326
6149;6149;1974-07-23;0.0099728239585283;0.9972823958528301;1.614174475407461
6150;6150;1974-07-24;0.0040084467725121;0.40084467725121;1.618182922179973
6151;6151;1974-07-25;-0.011954867999517;-1.1954867999517;1.606228054180456
6152;6152;1974-07-26;-0.018993249791567;-1.8993249791567;1.587234804388889
6153;6153;1974-07-29;-0.0178772970298891;-1.7877297029889099;1.569357507359
6154;6154;1974-07-30;-0.0054509797328634;-0.54509797328634;1.5639065276261366
6155;6155;1974-07-31;-0.0148929855467905;-1.48929855467905;1.549013542079346
6156;6156;1974-08-01;-0.0070859211719849;-0.7085921171984899;1.5419276209073611
6157;6157;1974-08-02;-0.002033863724721;-0.2033863724721;1.53989375718264
6158;6158;1974-08-05;0.008867615915217;0.8867615915217;1.548761373097857
6159;6159;1974-08-06;0.0153935336175275;1.53935336175275;1.5641549067153846
6160;6160;1974-08-07;0.0261092849516942;2.61092849516942;1.5902641916670788
6161;6161;1974-08-08;-0.013153301152971;-1.3153301152971;1.5771108905141078
6162;6162;1974-08-09;-0.0087422707328102;-0.87422707328102;1.5683686197812976
6163;6163;1974-08-12;-0.0138225349147252;-1.38225349147252;1.5545460848665724
6164;6164;1974-08-13;-0.0159255390071849;-1.5925539007184901;1.5386205458593876
6165;6165;1974-08-14;-0.0226783973700595;-2.26783973700595;1.515942148489328
6166;6166;1974-08-15;-0.005619827678819;-0.5619827678819;1.510322320810509
6167;6167;1974-08-16;-0.0082912233330141;-0.8291223333014099;1.5020310974774949
6168;6168;1974-08-19;-0.0146434727201727;-1.46434727201727;1.4873876247573221
6169;6169;1974-08-20;0.005082902966218;0.5082902966218;1.4924705277235402
6170;6170;1974-08-21;-0.019399705928743;-1.9399705928742998;1.4730708217947972
6171;6171;1974-08-22;-0.0097054821817472;-0.97054821817472;1.46336533961305
6172;6172;1974-08-23;-0.0173194484802508;-1.7319448480250799;1.4460458911327991
6173;6173;1974-08-26;0.0084893832555588;0.84893832555588;1.454535274388358
6174;6174;1974-08-27;-0.017051453648425;-1.7051453648425;1.437483820739933
6175;6175;1974-08-28;-0.002540579982174;-0.2540579982174;1.434943240757759
6176;6176;1974-08-29;-0.0109415514302027;-1.09415514302027;1.4240016893275562
6177;6177;1974-08-30;0.0303949668139696;3.03949668139696;1.4543966561415258
6178;6178;1974-09-03;-0.0228509979513616;-2.28509979513616;1.4315456581901642
6179;6179;1974-09-04;-0.0262926576464357;-2.62926576464357;1.4052530005437285
6180;6180;1974-09-05;0.0312435978110823;3.12435978110823;1.4364965983548108
6181;6181;1974-09-06;0.0077306590097494;0.77306590097494;1.4442272573645603
6182;6182;1974-09-09;-0.0240906791680349;-2.40906791680349;1.4201365781965254
6183;6183;1974-09-10;-0.0069085335719361;-0.69085335719361;1.4132280446245893
6184;6184;1974-09-11;-0.0100152516509722;-1.0015251650972201;1.4032127929736171
6185;6185;1974-09-12;-0.027208598040831;-2.7208598040831;1.3760041949327861
6186;6186;1974-09-13;-0.0228954288108314;-2.28954288108314;1.3531087661219547
6187;6187;1974-09-16;0.0161270041355364;1.6127004135536398;1.369235770257491
6188;6188;1974-09-17;0.0167617663989361;1.67617663989361;1.3859975366564272
6189;6189;1974-09-18;0.0050333785768126;0.50333785768126;1.3910309152332399
6190;6190;1974-09-19;0.034398501411129;3.4398501411129;1.4254294166443688
6191;6191;1974-09-20;0.0007131570120817;0.07131570120816999;1.4261425736564506
6192;6192;1974-09-23;-0.0103182488313331;-1.03182488313331;1.4158243248251174
6193;6193;1974-09-24;-0.0203732461491253;-2.03732461491253;1.3954510786759922
6194;6194;1974-09-25;-0.0066376379102903;-0.6637637910290299;1.3888134407657018
6195;6195;1974-09-26;-0.0165638496842799;-1.6563849684279899;1.3722495910814219
6196;6196;1974-09-27;-0.0231364504074438;-2.31364504074438;1.349113140673978
6197;6197;1974-09-30;-0.0217941528928716;-2.17941528928716;1.3273189877811065
6198;6198;1974-10-01;-0.0023635400587718;-0.23635400587717997;1.3249554477223346
6199;6199;1974-10-02;-0.0001577344800933;-0.01577344800933;1.3247977132422413
6200;6200;1974-10-03;-0.0175080391313438;-1.75080391313438;1.3072896741108975
6201;6201;1974-10-04;0.0009629434299123;0.09629434299123;1.3082526175408098
6202;6202;1974-10-07;0.0410144225880398;4.10144225880398;1.3492670401288496
6203;6203;1974-10-08;-0.0016950617500715;-0.16950617500715;1.347571978378778
6204;6204;1974-10-09;0.0449345015203333;4.49345015203333;1.3925064798991114
6205;6205;1974-10-10;0.0286336106602683;2.86336106602683;1.4211400905593796
6206;6206;1974-10-11;0.0191590051057586;1.91590051057586;1.4402990956651383
6207;6207;1974-10-14;0.0222416596001347;2.22416596001347;1.462540755265273
6208;6208;1974-10-15;-0.0180334474998904;-1.80334474998904;1.4445073077653825
6209;6209;1974-10-16;-0.0156594858064709;-1.56594858064709;1.4288478219589116
6210;6210;1974-10-17;0.0118728744521581;1.18728744521581;1.4407206964110697
6211;6211;1974-10-18;0.0154760986794908;1.54760986794908;1.4561967950905605
6212;6212;1974-10-21;0.0167379543298489;1.67379543298489;1.4729347494204095
6213;6213;1974-10-22;-0.0050467679587678;-0.50467679587678;1.4678879814616417
6214;6214;1974-10-23;-0.0291363293288622;-2.91363293288622;1.4387516521327794
6215;6215;1974-10-24;-0.0114691239499178;-1.14691239499178;1.4272825281828616
6216;6216;1974-10-25;-0.0014250821444106;-0.14250821444106002;1.425857446038451
6217;6217;1974-10-28;-0.0004280293940821;-0.04280293940821;1.4254294166443688
6218;6218;1974-10-29;0.0383479122482839;3.8347912248283897;1.4637773288926528
6219;6219;1974-10-30;0.0201175195640655;2.01175195640655;1.4838948484567183
6220;6220;1974-10-31;-0.0055326502373445;-0.55326502373445;1.4783621982193738
6221;6221;1974-11-01;-0.0002707402931054;-0.027074029310539996;1.4780914579262683
6222;6222;1974-11-04;-0.0108873558475748;-1.08873558475748;1.4672041020786935
6223;6223;1974-11-05;0.0273989601346525;2.73989601346525;1.494603062213346
6224;6224;1974-11-06;-0.004804506740931;-0.4804506740931;1.489798555472415
6225;6225;1974-11-07;0.0061349752714114;0.61349752714114;1.4959335307438264
6226;6226;1974-11-08;-0.0039967411850074;-0.39967411850073997;1.491936789558819
6227;6227;1974-11-11;0.0031986964552226;0.31986964552226;1.4951354860140416
6228;6228;1974-11-12;-0.0198905092657933;-1.9890509265793301;1.4752449767482483
6229;6229;1974-11-13;-0.0043531562241696;-0.43531562241696;1.4708918205240786
6230;6230;1974-11-14;-0.0039614833300847;-0.39614833300847;1.466930337193994
6231;6231;1974-11-15;-0.0158656012528873;-1.58656012528873;1.4510647359411066
6232;6232;1974-11-18;-0.0374035240137669;-3.74035240137669;1.4136612119273397
6233;6233;1974-11-19;-0.0155673478645753;-1.55673478645753;1.3980938640627645
6234;6234;1974-11-20;-0.0044084568414142;-0.44084568414142;1.3936854072213503
6235;6235;1974-11-21;0.0041152026900253;0.41152026900253;1.3978006099113756
6236;6236;1974-11-22;0.010504940337432;1.0504940337432;1.4083055502488075
6237;6237;1974-11-25;-0.0010164815798194;-0.10164815798194;1.407289068668988
6238;6238;1974-11-26;0.0092552936321226;0.92552936321226;1.4165443623011107
6239;6239;1974-11-27;0.0067427411316769;0.67427411316769;1.4232871034327876
6240;6240;1974-11-29;0.0004288328184758;0.04288328184758;1.4237159362512635
6241;6241;1974-12-02;-0.0269425331142861;-2.69425331142861;1.3967734031369774
6242;6242;1974-12-03;-0.0138973704317831;-1.38973704317831;1.3828760327051943
6243;6243;1974-12-04;0.003566744700147;0.3566744700147;1.3864427774053414
6244;6244;1974-12-05;-0.0191709778823421;-1.9170977882342102;1.3672717995229993
6245;6245;1974-12-06;-0.0170813213405054;-1.7081321340505402;1.3501904781824938
6246;6246;1974-12-09;0.0090345304813626;0.9034530481362599;1.3592250086638564
6247;6247;1974-12-10;0.0252873353391969;2.52873353391969;1.3845123440030533
6248;6248;1974-12-11;0.0057799198875052;0.57799198875052;1.3902922638905586
6249;6249;1974-12-12;-0.0032563825125668;-0.32563825125668;1.3870358813779917
6250;6250;1974-12-13;-0.0056496880647269;-0.56496880647269;1.3813861933132647
6251;6251;1974-12-16;-0.0091366022318428;-0.9136602231842801;1.3722495910814219
6252;6252;1974-12-17;0.0167118630008947;1.6711863000894702;1.3889614540823165
6253;6253;1974-12-18;0.0047239531390337;0.47239531390337;1.3936854072213503
6254;6254;1974-12-19;-0.0036886798390032;-0.36886798390032;1.389996727382347
6255;6255;1974-12-20;-0.0109988916042081;-1.09988916042081;1.378997835778139
6256;6256;1974-12-23;-0.0143000100458259;-1.4300010045825902;1.364697825732313
6257;6257;1974-12-24;0.0138514413892921;1.3851441389292098;1.378549267121605
6258;6258;1974-12-26;0.0083384194296041;0.83384194296041;1.3868876865512092
6259;6259;1974-12-27;-0.0044583666919519;-0.44583666919519005;1.3824293198592572
6260;6260;1974-12-30;0.000297915110961;0.0297915110961;1.3827272349702182
6261;6261;1974-12-31;0.0206313533493958;2.06313533493958;1.403358588319614
6262;6262;1975-01-02;0.0240663677697208;2.40663677697208;1.4274249560893348
6263;6263;1975-01-03;0.0068113785861623;0.68113785861623;1.4342363346754972
6264;6264;1975-01-06;0.0050783153649254;0.50783153649254;1.4393146500404226
6265;6265;1975-01-07;-0.0007038215654846;-0.07038215654846;1.438610828474938
6266;6266;1975-01-08;-0.013894963578112;-1.3894963578112;1.424715864896826
6267;6267;1975-01-09;0.0160048315142438;1.60048315142438;1.4407206964110697
6268;6268;1975-01-10;0.0200313139549122;2.00313139549122;1.460752010365982
6269;6269;1975-01-13;-0.004140262636195;-0.4140262636195;1.4566117477297869
6270;6270;1975-01-14;-0.0087506358614932;-0.8750635861493199;1.4478611118682936
6271;6271;1975-01-15;0.0063968929467828;0.6396892946782801;1.4542580048150764
6272;6272;1975-01-16;-0.0012482975301759;-0.12482975301758999;1.4530097072849004
6273;6273;1975-01-17;-0.0152440401744043;-1.52440401744043;1.4377656671104961
6274;6274;1975-01-20;0.0016897075148829;0.16897075148829;1.439455374625379
6275;6275;1975-01-21;-0.0053605009540485;-0.5360500954048499;1.4340948736713306
6276;6276;1975-01-22;0.014602913755974;1.4602913755974;1.4486977874273046
6277;6277;1975-01-23;0.0045894247106641;0.45894247106641006;1.4532872121379687
6278;6278;1975-01-24;0.0125476031791036;1.25476031791036;1.4658348153170724
6279;6279;1975-01-27;0.0322238855435595;3.2223885543559496;1.4980587008606319
6280;6280;1975-01-28;0.0087186284286291;0.87186284286291;1.506777329289261
6281;6281;1975-01-29;0.0160483970371095;1.6048397037109499;1.5228257263263705
6282;6282;1975-01-30;-0.0136837085683634;-1.3683708568363402;1.509142017758007
6283;6283;1975-01-31;0.0100530122703724;1.00530122703724;1.5191950300283794
6284;6284;1975-02-03;0.010852780729647;1.0852780729647;1.5300478107580264
6285;6285;1975-02-04;-0.0027021698054223;-0.27021698054223;1.527345640952604
6286;6286;1975-02-05;0.0171184049519315;1.7118404951931498;1.5444640459045356
6287;6287;1975-02-06;-0.0049520641149554;-0.49520641149554;1.5395119817895802
6288;6288;1975-02-07;0.000890629262086;0.0890629262086;1.5404026110516662
6289;6289;1975-02-10;-0.0034396620120942;-0.34396620120941995;1.536962949039572
6290;6290;1975-02-11;0.0028036337441292;0.28036337441292;1.5397665827837013
6291;6291;1975-02-12;0.0169088697331903;1.69088697331903;1.5566754525168915
6292;6292;1975-02-13;0.0135465192154367;1.3546519215436699;1.5702219717323282
6293;6293;1975-02-14;0.0060303917161075;0.60303917161075;1.5762523634484358
6294;6294;1975-02-18;-0.0070184367392061;-0.70184367392061;1.5692339267092297
6295;6295;1975-02-19;0.006281993852558;0.6281993852558;1.5755159205617877
6296;6296;1975-02-20;0.0094103596399026;0.94103596399026;1.5849262802016904
6297;6297;1975-02-21;0.0049748812793666;0.49748812793666;1.589901161481057
6298;6298;1975-02-24;-0.0143852409192693;-1.43852409192693;1.5755159205617877
6299;6299;1975-02-25;-0.0237322809649969;-2.37322809649969;1.5517836395967908
6300;6300;1975-02-26;0.0105067131568157;1.0506713156815701;1.5622903527536065
6301;6301;1975-02-27;0.0049645627597128;0.49645627597128;1.5672549155133193
6302;6302;1975-02-28;0.0101010841033915;1.01010841033915;1.5773559996167108
6303;6303;1975-03-03;0.0174953198150076;1.74953198150076;1.5948513194317184
6304;6304;1975-03-04;0.0063629365233683;0.63629365233683;1.6012142559550868
6305;6305;1975-03-05;0.0040607245575943;0.40607245575942996;1.6052749805126811
6306;6306;1975-03-06;-0.0025061173685623;-0.25061173685623;1.6027688631441188
6307;6307;1975-03-07;0.0072623806524978;0.7262380652497801;1.6100312437966167
6308;6308;1975-03-10;0.007680912208051;0.7680912208051;1.6177121560046677
6309;6309;1975-03-11;-0.006969445338516;-0.6969445338516;1.6107427106661516
6310;6310;1975-03-12;-0.0091695196060834;-0.9169519606083399;1.6015731910600681
6311;6311;1975-03-13;0.0017928888490992;0.17928888490992;1.6033660799091674
6312;6312;1975-03-14;0.0121070202885853;1.21070202885853;1.6154731001977527
6313;6313;1975-03-17;0.0146398348203638;1.46398348203638;1.6301129350181165
6314;6314;1975-03-18;-0.0102841271607534;-1.02841271607534;1.619828807857363
6315;6315;1975-03-19;-0.0093232637644122;-0.9323263764412201;1.6105055440929508
6316;6316;1975-03-20;-0.0086930587690732;-0.86930587690732;1.6018124853238775
6317;6317;1975-03-21;-0.00263475601521;-0.263475601521;1.5991777293086675
6318;6318;1975-03-24;-0.0239074675962057;-2.39074675962057;1.5752702617124619
6319;6319;1975-03-25;0.0078297441307864;0.78297441307864;1.5831000058432483
6320;6320;1975-03-26;0.0184731852168198;1.84731852168198;1.6015731910600681
6321;6321;1975-03-27;0.0031056165586518;0.31056165586518;1.60467880761872
6322;6322;1975-03-31;-0.005860874415883;-0.5860874415883001;1.598817933202837
6323;6323;1975-04-01;-0.0086747772905129;-0.8674777290512901;1.590143155912324
6324;6324;1975-04-02;-0.0025443643855691;-0.25443643855691;1.5875987915267549
6325;6325;1975-04-03;-0.0112237116819038;-1.12237116819038;1.576375079844851
6326;6326;1975-04-04;-0.0077591990230052;-0.77591990230052;1.5686158808218458
6327;6327;1975-04-07;-0.0065744703278074;-0.65744703278074;1.5620414104940383
6328;6328;1975-04-08;0.0079335982740715;0.7933598274071499;1.56997500876811
6329;6329;1975-04-09;0.022585322675039;2.2585322675038997;1.592560331443149
6330;6330;1975-04-10;0.0111639241118437;1.11639241118437;1.6037242555549927
6331;6331;1975-04-11;0.0048824509890508;0.48824509890507994;1.6086067065440435
6332;6332;1975-04-14;0.0167278964407851;1.67278964407851;1.6253346029848286
6333;6333;1975-04-15;0.0081443730686281;0.8144373068628099;1.6334789760534567
6334;6334;1975-04-16;0.0034701596218633;0.34701596218633;1.63694913567532
6335;6335;1975-04-17;0.0074777686088349;0.74777686088349;1.644426904284155
6336;6336;1975-04-18;-0.0109479282306983;-1.09479282306983;1.6334789760534567
6337;6337;1975-04-21;0.0107187099851265;1.07187099851265;1.6441976860385832
6338;6338;1975-04-22;-0.0016063220618152;-0.16063220618152;1.642591363976768
6339;6339;1975-04-23;-0.0112003134438741;-1.1200313443874101;1.631391050532894
6340;6340;1975-04-24;-0.0009293913092447;-0.09293913092447;1.6304616592236492
6341;6341;1975-04-25;0.0067184543984835;0.67184543984835;1.6371801136221327
6342;6342;1975-04-28;-0.0045125906656053;-0.45125906656053005;1.6326675229565273
6343;6343;1975-04-29;-0.0068657277102133;-0.68657277102133;1.625801795246314
6344;6344;1975-04-30;0.0191980451651217;1.9198045165121702;1.6449998404114357
6345;6345;1975-05-01;0.0091220130308409;0.91220130308409;1.6541218534422766
6346;6346;1975-05-02;0.0126327306677103;1.2632730667710301;1.666754584109987
6347;6347;1975-05-05;0.0095929456854984;0.95929456854984;1.6763475297954853
6348;6348;1975-05-06;-0.0161149748764808;-1.6114974876480799;1.6602325549190045
6349;6349;1975-05-07;0.00495165312351;0.49516531235100003;1.6651842080425145
6350;6350;1975-05-08;0.0053739045582599;0.53739045582599;1.6705581126007745
6351;6351;1975-05-09;0.0107725070421312;1.07725070421312;1.6813306196429056
6352;6352;1975-05-12;0.0008833168289914;0.08833168289914001;1.682213936471897
6353;6353;1975-05-13;0.0106483357975007;1.0648335797500699;1.6928622722693978
6354;6354;1975-05-14;0.0075061000094089;0.75061000094089;1.7003683722788068
6355;6355;1975-05-15;-0.0093641036525733;-0.9364103652573299;1.6910042686262334
6356;6356;1975-05-16;-0.0107788546722256;-1.0778854672225602;1.6802254139540078
6357;6357;1975-05-19;0.0011052056888978;0.11052056888978001;1.6813306196429056
6358;6358;1975-05-20;-0.0050941306456353;-0.50941306456353;1.6762364889972703
6359;6359;1975-05-21;-0.0112768683588662;-1.1276868358866199;1.664959620638404
6360;6360;1975-05-22;0.0036985304760426;0.36985304760426;1.6686581511144467
6361;6361;1975-05-23;0.0132246522951691;1.32246522951691;1.6818828034096158
6362;6362;1975-05-27;-0.0026531742587145;-0.26531742587144996;1.6792296291509012
6363;6363;1975-05-28;-0.0069980515251195;-0.69980515251195;1.6722315776257817
6364;6364;1975-05-29;-0.0003344556602584;-0.03344556602584;1.6718971219655232
6365;6365;1975-05-30;0.0162587443026219;1.62587443026219;1.688155866268145
6366;6366;1975-06-02;0.0155666341395362;1.55666341395362;1.7037225004076813
6367;6367;1975-06-03;0.0033428294279458;0.33428294279458004;1.707065329835627
6368;6368;1975-06-04;-0.0031268665801471;-0.31268665801471;1.70393846325548
6369;6369;1975-06-05;0.000971493411181;0.0971493411181;1.704909956666661
6370;6370;1975-06-06;-0.0022681761015288;-0.22681761015288;1.7026417805651322
6371;6371;1975-06-09;-0.0138279081351564;-1.38279081351564;1.6888138724299757
6372;6372;1975-06-10;-0.0084778597044792;-0.8477859704479199;1.6803360127254965
6373;6373;1975-06-11;0.0012155479364111;0.12155479364110999;1.6815515606619076
6374;6374;1975-06-12;-0.0052040308664222;-0.52040308664222;1.6763475297954853
6375;6375;1975-06-13;0.0048726010296222;0.48726010296222005;1.6812201308251076
6376;6376;1975-06-16;0.0103309196726791;1.03309196726791;1.6915510504977866
6377;6377;1975-06-17;-0.0096682470881708;-0.96682470881708;1.6818828034096158
6378;6378;1975-06-18;-0.0020998294608478;-0.20998294608478002;1.679782973948768
6379;6379;1975-06-19;0.0178722813785646;1.78722813785646;1.6976552553273325
6380;6380;1975-06-20;0.0063912258544336;0.63912258544336;1.7040464811817662
6381;6381;1975-06-23;0.0108469299362115;1.08469299362115;1.7148934111179777
6382;6382;1975-06-24;0.0060699721520434;0.60699721520434;1.720963383270021
6383;6383;1975-06-25;0.0045548618403694;0.45548618403694;1.7255182451103905
6384;6384;1975-06-26;0.0020059659262745;0.20059659262745;1.727524211036665
6385;6385;1975-06-27;0.0;0.0;1.727524211036665
6386;6386;1975-06-30;0.0040000474387778;0.40000474387778;1.731524258475443
6387;6387;1975-07-01;-0.0035782399787258;-0.35782399787258;1.727946018496717
6388;6388;1975-07-02;-0.0070888304796898;-0.70888304796898;1.7208571880170271
6389;6389;1975-07-03;0.0019094203217768;0.19094203217768002;1.722766608338804
6390;6390;1975-07-07;-0.0087281021488312;-0.87281021488312;1.7140385061899728
6391;6391;1975-07-08;-0.0016049005745122;-0.16049005745122;1.7124336056154605
6392;6392;1975-07-09;0.0149851784927035;1.49851784927035;1.727418784108164
6393;6393;1975-07-10;0.000105426928501;0.0105426928501;1.727524211036665
6394;6394;1975-07-11;-0.0015833011004486;-0.15833011004486;1.7259409099362164
6395;6395;1975-07-14;0.0055833485392264;0.5583348539226399;1.731524258475443
6396;6396;1975-07-15;0.0044025122826871;0.44025122826871;1.73592677075813
6397;6397;1975-07-16;-0.0105142382704511;-1.05142382704511;1.725412532487679
6398;6398;1975-07-17;-0.0104123763762756;-1.04123763762756;1.7150001561114034
6399;6399;1975-07-18;-0.0046031234070804;-0.46031234070804006;1.710397032704323
6400;6400;1975-07-21;-0.0081878824608683;-0.8187882460868301;1.7022091502434546
6401;6401;1975-07-22;-0.0107674650097733;-1.07674650097733;1.6914416852336813
6402;6402;1975-07-23;-0.0139846690391243;-1.39846690391243;1.677457016194557
6403;6403;1975-07-24;-0.0012205271972867;-0.12205271972866999;1.6762364889972703
6404;6404;1975-07-25;-0.0086976350670635;-0.8697635067063499;1.6675388539302067
6405;6405;1975-07-28;-0.00674234478977;-0.6742344789770001;1.6607965091404366
6406;6406;1975-07-29;-0.0056535653604203;-0.56535653604203;1.6551429437800163
6407;6407;1975-07-30;0.0072308527181279;0.72308527181279;1.6623737964981442
6408;6408;1975-07-31;-0.0009010249410001;-0.09010249410001;1.661472771557144
6409;6409;1975-08-01;-0.0086002794279114;-0.8600279427911399;1.6528724921292326
6410;6410;1975-08-04;-0.0095923540126454;-0.95923540126454;1.6432801381165871
6411;6411;1975-08-05;-0.0106126151600598;-1.06126151600598;1.6326675229565273
6412;6412;1975-08-06;0.0002318761565609;0.02318761565609;1.6328993991130882
6413;6413;1975-08-07;0.0005795769403684;0.05795769403683999;1.6334789760534567
6414;6414;1975-08-08;-0.0032498403718586;-0.32498403718586;1.630229135681598
6415;6415;1975-08-11;0.0061425238042831;0.61425238042831;1.6363716594858813
6416;6416;1975-08-12;0.0065641967757033;0.6564196775703299;1.6429358562615846
6417;6417;1975-08-13;-0.0132881032416483;-1.32881032416483;1.6296477530199363
6418;6418;1975-08-14;-0.0043131500351076;-0.43131500351076;1.6253346029848286
6419;6419;1975-08-15;0.0088393574428318;0.88393574428318;1.6341739604276604
6420;6420;1975-08-18;-0.0018544743591792;-0.18544743591792;1.632319486068481
6421;6421;1975-08-19;-0.0146073300638134;-1.4607330063813402;1.6177121560046677
6422;6422;1975-08-20;-0.0205750972319114;-2.05750972319114;1.5971370587727562
6423;6423;1975-08-21;-0.0018040897201574;-0.18040897201574;1.5953329690525988
6424;6424;1975-08-22;0.0144609512197968;1.44609512197968;1.6097939202723957
6425;6425;1975-08-25;0.0092122892418959;0.9212289241895899;1.6190062095142916
6426;6426;1975-08-26;-0.0130163832706742;-1.3016383270674199;1.6059898262436174
6427;6427;1975-08-27;0.0055823056394102;0.55823056394102;1.6115721318830276
6428;6428;1975-08-28;0.0230649102767488;2.30649102767488;1.6346370421597765
6429;6429;1975-08-29;0.0055401226970808;0.55401226970808;1.6401771648568573
6430;6430;1975-09-02;-0.0162453561083638;-1.62453561083638;1.6239318087484935
6431;6431;1975-09-03;0.0064135954625301;0.6413595462530101;1.6303454042110237
6432;6432;1975-09-04;0.0019740818574574;0.19740818574574;1.632319486068481
6433;6433;1975-09-05;-0.0067512071115203;-0.67512071115203;1.6255682789569608
6434;6434;1975-09-08;0.0031484603799922;0.31484603799922;1.628716739336953
6435;6435;1975-09-09;-0.015133153163819;-1.5133153163819;1.613583586173134
6436;6436;1975-09-10;-0.0096205624117216;-0.96205624117216;1.6039630237614124
6437;6437;1975-09-11;-0.0040660664016209;-0.40660664016208997;1.5998969573597914
6438;6438;1975-09-12;-0.0017990289709706;-0.17990289709706;1.5980979283888208
6439;6439;1975-09-15;-0.0050548428729406;-0.50548428729406;1.5930430855158801
6440;6440;1975-09-16;-0.0095775846810948;-0.9577584681094801;1.5834655008347853
6441;6441;1975-09-17;0.0034051717410168;0.34051717410168;1.5868706725758022
6442;6442;1975-09-18;0.020309476410258;2.0309476410258003;1.6071801489860602
6443;6443;1975-09-19;0.0214201322936747;2.14201322936747;1.6286002812797349
6444;6444;1975-09-22;-0.0094764910903233;-0.9476491090323299;1.6191237901894115
6445;6445;1975-09-23;-0.001529298556635;-0.15292985566349998;1.6175944916327765
6446;6446;1975-09-24;0.0093742894123378;0.9374289412337801;1.6269687810451143
6447;6447;1975-09-25;-0.0011669857988003;-0.11669857988002999;1.625801795246314
6448;6448;1975-09-26;0.0064017328191603;0.64017328191603;1.6322035280654743
6449;6449;1975-09-29;-0.0135500612267094;-1.35500612267094;1.6186534668387649
6450;6450;1975-09-30;-0.0137361068711828;-1.3736106871182798;1.6049173599675821
6451;6451;1975-10-01;-0.0112711383028508;-1.12711383028508;1.5936462216647314
6452;6452;1975-10-02;0.010674764033813;1.0674764033813;1.6043209856985443
6453;6453;1975-10-03;0.0250940544279183;2.50940544279183;1.6294150401264627
6454;6454;1975-10-06;0.0107621247303946;1.07621247303946;1.6401771648568573
6455;6455;1975-10-07;-0.0012669164240017;-0.12669164240017;1.6389102484328555
6456;6456;1975-10-08;0.0133938812642063;1.33938812642063;1.6523041296970618
6457;6457;1975-10-09;0.0048777929826417;0.48777929826417005;1.6571819226797035
6458;6458;1975-10-10;-0.0018122555439923;-0.18122555439923;1.6553696671357112
6459;6459;1975-10-13;0.0140712628924291;1.40712628924291;1.6694409300281403
6460;6460;1975-10-14;-0.0020140993942376;-0.20140993942376;1.6674268306339026
6461;6461;1975-10-15;-0.0005601478992449;-0.05601478992449;1.6668666827346577
6462;6462;1975-10-16;0.001567749428573;0.1567749428573;1.6684344321632307
6463;6463;1975-10-17;-0.0057229802001916;-0.57229802001916;1.662711451963039
6464;6464;1975-10-20;0.0107455588981713;1.07455588981713;1.6734570108612103
6465;6465;1975-10-21;0.0082049247104754;0.82049247104754;1.6816619355716858
6466;6466;1975-10-22;0.0016550012326428;0.16550012326427999;1.6833169368043286
6467;6467;1975-10-23;0.0058257818932672;0.58257818932672;1.6891427186975958
6468;6468;1975-10-24;-0.0155743579905847;-1.55743579905847;1.673568360707011
6469;6469;1975-10-27;-0.0011138227617921;-0.11138227617921001;1.672454537945219
6470;6470;1975-10-28;0.0086551691924849;0.8655169192484901;1.681109707137704
6471;6471;1975-10-29;-0.0124515560232572;-1.24515560232572;1.6686581511144467
6472;6472;1975-10-30;-0.0008953666109423;-0.08953666109423;1.6677627845035043
6473;6473;1975-10-31;-0.0030277231036883;-0.30277231036883;1.664735061399816
6474;6474;1975-11-03;-0.0107267444845993;-1.07267444845993;1.6540083169152167
6475;6475;1975-11-04;0.0047565888635041;0.47565888635041;1.6587649057787208
6476;6476;1975-11-05;0.0072048041661467;0.72048041661467;1.6659697099448676
6477;6477;1975-11-06;0.004476795264309;0.4476795264309;1.6704465052091766
6478;6478;1975-11-07;-0.0024597619049151;-0.24597619049150998;1.6679867433042614
6479;6479;1975-11-10;0.000111871048551;0.0111871048551;1.6680986143528125
6480;6480;1975-11-11;0.0059149439006391;0.59149439006391;1.6740135582534517
6481;6481;1975-11-12;0.0145810488259706;1.45810488259706;1.6885946070794222
6482;6482;1975-11-13;-0.0016462825155994;-0.16462825155994;1.6869483245638228
6483;6483;1975-11-14;-0.0007691885355987;-0.07691885355987;1.6861791360282241
6484;6484;1975-11-17;0.0053719144695625;0.53719144695625;1.6915510504977866
6485;6485;1975-11-18;-0.005042200779318;-0.5042200779318;1.6865088497184686
6486;6486;1975-11-19;-0.0112720497630816;-1.12720497630816;1.675236799955387
6487;6487;1975-11-20;-0.0037858189767758;-0.37858189767758;1.6714509809786111
6488;6488;1975-11-21;-0.0012278843003681;-0.12278843003681;1.670223096678243
6489;6489;1975-11-24;0.0018969821433092;0.18969821433092;1.6721200788215522
6490;6490;1975-11-25;0.0111968579827764;1.11968579827764;1.6833169368043286
6491;6491;1975-11-26;0.0025323767866769;0.25323767866769;1.6858493135910055
6492;6492;1975-11-28;0.0032934051065902;0.32934051065902;1.6891427186975958
6493;6493;1975-12-01;-0.0062668558960252;-0.6266855896025201;1.6828758628015705
6494;6494;1975-12-02;-0.0148891194973091;-1.48891194973091;1.6679867433042614
6495;6495;1975-12-03;-0.0195564249913476;-1.95564249913476;1.6484303183129139
6496;6496;1975-12-04;0.0027359571125842;0.27359571125842;1.651166275425498
6497;6497;1975-12-05;-0.0116799223524318;-1.16799223524318;1.6394863530730663
6498;6498;1975-12-08;0.0028753829690764;0.28753829690764;1.6423617360421428
6499;6499;1975-12-09;0.0026381043692929;0.26381043692929;1.6449998404114357
6500;6500;1975-12-10;0.0088950179112377;0.8895017911237699;1.6538948583226734
6501;6501;1975-12-11;-0.0031839803114195;-0.31839803114195;1.6507108780112538
6502;6502;1975-12-12;0.0003416158906537;0.03416158906537;1.6510524939019076
6503;6503;1975-12-15;0.0029558230133091;0.29558230133091;1.6540083169152167
6504;6504;1975-12-16;0.0094905696979505;0.94905696979505;1.6634988866131672
6505;6505;1975-12-17;0.0024708233317003;0.24708233317003;1.6659697099448676
6506;6506;1975-12-18;0.0031358296148411;0.31358296148411;1.6691055395597088
6507;6507;1975-12-19;-0.0070695125761819;-0.70695125761819;1.6620360269835268
6508;6508;1975-12-22;-0.0074602357136539;-0.74602357136539;1.6545757912698729
6509;6509;1975-12-23;0.0066716365894281;0.66716365894281;1.661247427859301
6510;6510;1975-12-24;0.0081935021688393;0.8193502168839301;1.6694409300281403
6511;6511;1975-12-26;0.0087920103864691;0.8792010386469099;1.6782329404146095
6512;6512;1975-12-29;-0.0013305579299274;-0.13305579299274;1.676902382484682
6513;6513;1975-12-30;-0.0040022289332037;-0.40022289332037003;1.6729001535514783
6514;6514;1975-12-31;0.0046677680031646;0.46677680031645996;1.6775679215546428
6515;6515;1976-01-02;0.0078414448326089;0.7841444832608899;1.6854093663872518
6516;6516;1976-01-05;0.0183131340204294;1.83131340204294;1.7037225004076813
6517;6517;1976-01-06;0.0102090725486406;1.0209072548640599;1.7139315729563218
6518;6518;1976-01-07;0.0044804641728921;0.44804641728921;1.718412037129214
6519;6519;1976-01-08;0.0066833644342541;0.66833644342541;1.725095401563468
6520;6520;1976-01-09;0.0039043473008684;0.39043473008684;1.7289997488643365
6521;6521;1976-01-12;0.014429411868778;1.4429411868778002;1.7434291607331145
6522;6522;1976-01-13;-0.007920854253407;-0.7920854253407;1.7355083064797074
6523;6523;1976-01-14;0.016191293249709;1.6191293249709;1.7516995997294165
6524;6524;1976-01-15;-0.0053679906474837;-0.53679906474837;1.7463316090819327
6525;6525;1976-01-16;0.0040287126230689;0.40287126230688997;1.7503603217050017
6526;6526;1976-01-19;0.0135164867543969;1.35164867543969;1.7638768084593985
6527;6527;1976-01-20;0.0054772527363482;0.5477252736348199;1.7693540611957468
6528;6528;1976-01-21;-0.006291273953602;-0.6291273953602;1.7630627872421447
6529;6529;1976-01-22;-0.0020378751806955;-0.20378751806955;1.7610249120614492
6530;6530;1976-01-23;0.0118632367223519;1.18632367223519;1.772888148783801
6531;6531;1976-01-26;0.0047262494569606;0.47262494569605995;1.7776143982407617
6532;6532;1976-01-27;-0.0061383840542044;-0.61383840542044;1.7714760141865573
6533;6533;1976-01-28;-0.0054656107997486;-0.54656107997486;1.7660104033868087
6534;6534;1976-01-29;0.0159085312352145;1.59085312352145;1.7819189346220232
6535;6535;1976-01-30;0.0074638351429081;0.74638351429081;1.7893827697649314
6536;6536;1976-02-02;9.91622446822049e-05;0.00991622446822049;1.7894819320096136
6537;6537;1976-02-03;0.0030685200557956;0.30685200557956;1.7925504520654092
6538;6538;1976-02-04;0.0071890012271298;0.71890012271298;1.799739453292539
6539;6539;1976-02-05;-0.0150275193486369;-1.50275193486369;1.7847119339439022
6540;6540;1976-02-06;-0.0093070475099841;-0.9307047509984101;1.775404886433918
6541;6541;1976-02-09;0.0016074345272727;0.16074345272727;1.7770123209611908
6542;6542;1976-02-10;0.0084962076678705;0.8496207667870501;1.7855085286290613
6543;6543;1976-02-11;0.002981477094103;0.2981477094103;1.7884900057231643
6544;6544;1976-02-12;-0.0051735963348669;-0.51735963348669;1.7833164093882974
6545;6545;1976-02-13;-0.0058023572735326;-0.58023572735326;1.7775140521147648
6546;6546;1976-02-17;-0.0062399054808528;-0.62399054808528;1.771274146633912
6547;6547;1976-02-18;0.0080442363994857;0.8044236399485699;1.7793183830333976
6548;6548;1976-02-19;0.0155027052359671;1.55027052359671;1.7948210882693647
6549;6549;1976-02-20;0.0067809605142352;0.67809605142352;1.8016020487836
6550;6550;1976-02-23;-0.0048107402426405;-0.48107402426405;1.7967913085409595
6551;6551;1976-02-24;0.0041249125468345;0.41249125468345;1.800916221087794
6552;6552;1976-02-25;-0.0033378884155119;-0.33378884155119;1.797578332672282
6553;6553;1976-02-26;-0.0156593980502588;-1.56593980502588;1.7819189346220232
6554;6554;1976-02-27;-0.0040036286087872;-0.40036286087872;1.777915306013236
6555;6555;1976-03-01;0.0031041731851386;0.31041731851386;1.7810194791983747
6556;6556;1976-03-02;0.0055833146317319;0.55833146317319;1.7866027938301066
6557;6557;1976-03-03;-0.005983254637063;-0.5983254637063;1.7806195391930435
6558;6558;1976-03-04;-0.0106587735565675;-1.06587735565675;1.769960765636476
6559;6559;1976-03-05;0.0019189320735595;0.19189320735595;1.7718796977100355
6560;6560;1976-03-08;0.0108380487248265;1.0838048724826501;1.782717746434862
6561;6561;1976-03-09;0.0038850473952445;0.38850473952444997;1.7866027938301066
6562;6562;1976-03-10;0.0035728500973792;0.35728500973792;1.7901756439274858
6563;6563;1976-03-11;0.0093674894458208;0.93674894458208;1.7995431333733067
6564;6564;1976-03-12;-0.0101603636083754;-1.01603636083754;1.7893827697649314
6565;6565;1976-03-15;-0.0105652131857745;-1.05652131857745;1.7788175565791569
6566;6566;1976-03-16;0.0111598905776411;1.11598905776411;1.789977447156798
6567;6567;1976-03-17;-0.0005946773918665;-0.05946773918665;1.7893827697649314
6568;6568;1976-03-18;-0.004073365167974;-0.4073365167974;1.7853094045969573
6569;6569;1976-03-19;0.0012933892331492;0.12933892331492;1.7866027938301066
6570;6570;1976-03-22;0.0012916391020647;0.12916391020647;1.7878944329321713
6571;6571;1976-03-23;0.0150778813368566;1.50778813368566;1.802972314269028
6572;6572;1976-03-24;0.0114753765620472;1.14753765620472;1.8144476908310752
6573;6573;1976-03-25;-0.0055267509762853;-0.5526750976285301;1.8089209398547899
6574;6574;1976-03-26;0.0;0.0;1.8089209398547899
6575;6575;1976-03-29;-0.0042871935071398;-0.42871935071398;1.80463374634765
6576;6576;1976-03-30;-0.0039135358456832;-0.39135358456832;1.8007202105019668
6577;6577;1976-03-31;0.0074225851452354;0.74225851452354;1.8081427956472023
6578;6578;1976-04-01;-0.0051704813781743;-0.51704813781743;1.802972314269028
6579;6579;1976-04-02;9.7823855502277e-05;0.0097823855502277;1.8030701381245302
6580;6580;1976-04-05;0.0122474507945523;1.2247450794552301;1.8153175889190825
6581;6581;1976-04-06;-0.0014501960082498;-0.14501960082498;1.8138673929108327
6582;6582;1976-04-07;-0.0111885391520072;-1.11885391520072;1.8026788537588254
6583;6583;1976-04-08;-0.0091405620349585;-0.9140562034958499;1.793538291723867
6584;6584;1976-04-09;-0.0092248932101455;-0.92248932101455;1.7843133985137214
6585;6585;1976-04-12;-0.0014958966014582;-0.14958966014581998;1.7828175019122632
6586;6586;1976-04-13;0.0084473148272588;0.8447314827258801;1.791264816739522
6587;6587;1976-04-14;-0.007350102580701;-0.7350102580701;1.783914714158821
6588;6588;1976-04-15;0.0035824499172374;0.35824499172373997;1.7874971640760584
6589;6589;1976-04-19;0.0076196895305642;0.76196895305642;1.7951168536066227
6590;6590;1976-04-20;0.013998573900956;1.3998573900956;1.8091154275075787
6591;6591;1976-04-21;0.0043648839216796;0.43648839216796;1.8134803114292584
6592;6592;1976-04-22;-0.0032961444777743;-0.32961444777743;1.810184166951484
6593;6593;1976-04-23;-0.0067228975048223;-0.6722897504822299;1.8034612694466616
6594;6594;1976-04-26;0.0013677122034003;0.13677122034003;1.804828981650062
6595;6595;1976-04-27;-0.0055803071745881;-0.5580307174588099;1.7992486744754739
6596;6596;1976-04-28;0.0026471509418248;0.26471509418248;1.8018958254172988
6597;6597;1976-04-29;0.0;0.0;1.8018958254172988
6598;6598;1976-04-30;-0.0048093336023624;-0.48093336023624;1.7970864918149363
6599;6599;1976-05-03;-0.0071090446581383;-0.71090446581383;1.789977447156798
6600;6600;1976-05-04;0.0053365183272635;0.5336518327263501;1.7953139654840615
6601;6601;1976-05-05;-0.0057329603640816;-0.5732960364081601;1.7895810051199799
6602;6602;1976-05-06;0.0027717994247229;0.27717994247229;1.7923528045447028
6603;6603;1976-05-07;0.0070921593217647;0.7092159321764699;1.7994449638664676
6604;6604;1976-05-10;0.0119037509594229;1.19037509594229;1.8113487148258904
6605;6605;1976-05-11;-0.0014559672908331;-0.14559672908331;1.8098927475350572
6606;6606;1976-05-12;-0.0017499518878549;-0.17499518878549;1.8081427956472023
6607;6607;1976-05-13;-0.0059532015670322;-0.59532015670322;1.80218959408017
6608;6608;1976-05-14;-0.0080590903018755;-0.80590903018755;1.7941305037782944
6609;6609;1976-05-17;-0.002469990979411;-0.24699909794109998;1.7916605127988834
6610;6610;1976-05-18;0.0016803166956345;0.16803166956345;1.793340829494518
6611;6611;1976-05-19;-0.0007903774291087;-0.07903774291087;1.7925504520654092
6612;6612;1976-05-20;0.0080717044204803;0.80717044204803;1.8006221564858895
6613;6613;1976-05-21;-0.0072813269913716;-0.7281326991371599;1.793340829494518
6614;6614;1976-05-24;-0.0181370189778125;-1.8137018977812498;1.7752038105167054
6615;6615;1976-05-25;0.0005026491836588;0.05026491836588;1.7757064597003642
6616;6616;1976-05-26;-0.0015088470852955;-0.15088470852955;1.7741976126150687
6617;6617;1976-05-27;0.0004025865735641;0.04025865735641;1.7746001991886329
6618;6618;1976-05-28;0.0080177119424567;0.80177119424567;1.7826179111310896
6619;6619;1976-06-01;-0.0032995280976919;-0.32995280976919;1.7793183830333976
6620;6620;1976-06-02;0.0036987396778478;0.36987396778478;1.7830171227112455
6621;6621;1976-06-03;-0.0008984677509662;-0.08984677509662001;1.7821186549602792
6622;6622;1976-06-04;-0.0098354366213984;-0.9835436621398399;1.7722832183388808
6623;6623;1976-06-07;-0.0052584305880687;-0.52584305880687;1.767024787750812
6624;6624;1976-06-08;0.0017221905690005;0.17221905690005002;1.7687469783198126
6625;6625;1976-06-09;-0.0006075225426931;-0.060752254269309997;1.7681394557771195
6626;6626;1976-06-10;0.008270344835501;0.8270344835501;1.7764098006126205
6627;6627;1976-06-11;0.0135676465441774;1.35676465441774;1.789977447156798
6628;6628;1976-06-14;0.0101543636390957;1.01543636390957;1.8001318107958937
6629;6629;1976-06-15;-0.0048178453118321;-0.48178453118321;1.7953139654840615
6630;6630;1976-06-16;0.0054062450179053;0.54062450179053;1.8007202105019668
6631;6631;1976-06-17;0.0155629926148908;1.5562992614890798;1.8162832031168576
6632;6632;1976-06-18;0.0014466993682003;0.14466993682003;1.817729902485058
6633;6633;1976-06-21;0.0049990201922955;0.49990201922954997;1.8227289226773535
6634;6634;1976-06-22;-0.007797854194238;-0.7797854194238;1.8149310684831155
6635;6635;1976-06-23;-0.0021284934403542;-0.21284934403542002;1.8128025750427612
6636;6636;1976-06-24;0.0052164047708949;0.52164047708949;1.8180189798136561
6637;6637;1976-06-25;-0.0006746663002319;-0.06746663002318999;1.8173443135134242
6638;6638;1976-06-28;-0.0027999149220931;-0.27999149220930997;1.814544398591331
6639;6639;1976-06-29;0.0041487926548065;0.41487926548065;1.8186931912461375
6640;6640;1976-06-30;0.004035731431216;0.40357314312160003;1.8227289226773535
6641;6641;1976-07-01;-0.0066388180194909;-0.66388180194909;1.8160901046578626
6642;6642;1976-07-02;0.0050072806356427;0.50072806356427;1.8210973852935053
6643;6643;1976-07-06;-0.0054900209600283;-0.54900209600283;1.815607364333477
6644;6644;1976-07-07;0.0027969444457598;0.27969444457598003;1.8184043087792368
6645;6645;1976-07-08;0.0014436362296539;0.14436362296539;1.8198479450088907
6646;6646;1976-07-09;0.009571282593753;0.9571282593753;1.8294192276026437
6647;6647;1976-07-12;0.0087253870920767;0.87253870920767;1.8381446146947205
6648;6648;1976-07-13;-0.0021742599670098;-0.21742599670098;1.8359703547277106
6649;6649;1976-07-14;0.0026462448729729;0.26462448729729;1.8386165996006836
6650;6650;1976-07-15;-0.0071039846125655;-0.71039846125655;1.831512614988118
6651;6651;1976-07-16;-0.0049551941245535;-0.49551941245535;1.8265574208635644
6652;6652;1976-07-19;-0.0037325879401768;-0.37325879401768003;1.8228248329233876
6653;6653;1976-07-20;-0.0054805194099634;-0.54805194099634;1.8173443135134242
6654;6654;1976-07-21;0.0009636600872777;0.09636600872777;1.818307973600702
6655;6655;1976-07-22;0.0010589652012473;0.10589652012472998;1.8193669388019493
6656;6656;1976-07-23;0.0012500410421454;0.12500410421454;1.8206169798440948
6657;6657;1976-07-26;9.61130072916205e-05;0.00961130072916205;1.8207130928513864
6658;6658;1976-07-27;-0.00568536334083;-0.568536334083;1.8150277295105564
6659;6659;1976-07-28;-0.0041640498603881;-0.41640498603881;1.8108636796501683
6660;6660;1976-07-29;-0.0011651909100809;-0.11651909100808999;1.8096984887400873
6661;6661;1976-07-30;0.0049426082600136;0.49426082600136;1.814641097000101
6662;6662;1976-08-02;-0.0024197852891365;-0.24197852891365002;1.8122213117109645
6663;6663;1976-08-03;0.0091641696229487;0.9164169622948699;1.8213854813339132
6664;6664;1976-08-04;0.0027808523591632;0.27808523591632;1.8241663336930765
6665;6665;1976-08-05;-0.0055694594278827;-0.55694594278827;1.8185968742651937
6666;6666;1976-08-06;-0.0005778944515375;-0.05778944515375;1.8180189798136561
6667;6667;1976-08-09;-0.0028946662574949;-0.28946662574949;1.8151243135561612
6668;6668;1976-08-10;0.0088505242579826;0.88505242579826;1.8239748378141438
6669;6669;1976-08-11;-0.003357857970049;-0.3357857970049;1.8206169798440948
6670;6670;1976-08-12;0.0015364224336798;0.15364224336798;1.8221534022777746
6671;6671;1976-08-13;0.0002878016027549;0.028780160275489998;1.8224412038805295
6672;6672;1976-08-16;0.0017251298125469;0.17251298125469;1.8241663336930765
6673;6673;1976-08-17;0.0035368100214379;0.35368100214379;1.8277031437145144
6674;6674;1976-08-18;-0.0022927503247025;-0.22927503247025002;1.8254103933898118
6675;6675;1976-08-19;-0.0112528142617068;-1.12528142617068;1.814157579128105
6676;6676;1976-08-20;-0.0099145056893466;-0.99145056893466;1.8042430734387584
6677;6677;1976-08-23;-0.004013160536993;-0.4013160536993;1.8002299129017654
6678;6678;1976-08-24;-0.006790381979731;-0.6790381979731;1.7934395309220343
6679;6679;1976-08-25;0.0074766901657596;0.74766901657596;1.800916221087794
6680;6680;1976-08-26;-0.0069830527527008;-0.69830527527008;1.7939331683350932
6681;6681;1976-08-27;0.0015779391600814;0.15779391600814;1.7955111074951746
6682;6682;1976-08-30;0.0057970881218514;0.57970881218514;1.801308195617026
6683;6683;1976-08-31;0.0081960063015067;0.81960063015067;1.8095042019185328
6684;6684;1976-09-01;0.011112777925562;1.1112777925561999;1.8206169798440948
6685;6685;1976-09-02;-0.0013462835257058;-0.13462835257058;1.819270696318389
6686;6686;1976-09-03;0.0036500376531396;0.36500376531396;1.8229207339715285
6687;6687;1976-09-07;0.0069746233436847;0.6974623343684699;1.8298953573152132
6688;6688;1976-09-08;-0.0008572367965191;-0.08572367965191;1.829038120518694
6689;6689;1976-09-09;-0.0051590827114491;-0.51590827114491;1.823879037807245
6690;6690;1976-09-10;0.0023917733977061;0.23917733977061;1.826270811204951
6691;6691;1976-09-13;-0.0034459782815634;-0.34459782815634;1.8228248329233876
6692;6692;1976-09-14;-0.0033616608996025;-0.33616608996025;1.819463172023785
6693;6693;1976-09-15;0.0029780318567445;0.29780318567444997;1.8224412038805295
6694;6694;1976-09-16;0.0104013154040512;1.04013154040512;1.8328425192845808
6695;6695;1976-09-17;0.0087898210716614;0.87898210716614;1.8416323403562422
6696;6696;1976-09-20;0.0004704172503666;0.04704172503666;1.842102757606609
6697;6697;1976-09-21;0.0141025170367044;1.41025170367044;1.8562052746433133
6698;6698;1976-09-22;-0.0034372554468076;-0.34372554468076;1.8527680191965057
6699;6699;1976-09-23;-0.0050378034297429;-0.50378034297429;1.8477302157667628
6700;6700;1976-09-24;-0.0011229179491625;-0.11229179491625;1.8466072978176002
6701;6701;1976-09-27;0.0043910380265437;0.43910380265437005;1.850998335844144
6702;6702;1976-09-28;-0.012664919336002;-1.2664919336002;1.838333416508142
6703;6703;1976-09-29;-0.0052060792239858;-0.52060792239858;1.833127337284156
6704;6704;1976-09-30;-0.0012345569146265;-0.12345569146265;1.8318927803695295
6705;6705;1976-10-01;-0.0102192763709388;-1.02192763709388;1.8216735039985907
6706;6706;1976-10-04;-0.0013448513267801;-0.13448513267801;1.8203286526718105
6707;6707;1976-10-05;-0.0077197719313737;-0.77197719313737;1.8126088807404368
6708;6708;1976-10-06;-0.0025218441585916;-0.25218441585916;1.810087036581845
6709;6709;1976-10-07;0.0055203277516318;0.5520327751631801;1.815607364333477
6710;6710;1976-10-08;-0.009510047460278;-0.9510047460278;1.8060973168731989
6711;6711;1976-10-11;-0.0090108250582625;-0.90108250582625;1.7970864918149363
6712;6712;1976-10-12;-0.008199611386769;-0.8199611386768999;1.7888868804281672
6713;6713;1976-10-13;0.0129110845239371;1.29110845239371;1.8017979649521043
6714;6714;1976-10-14;-0.0125143771816978;-1.25143771816978;1.7892835877704065
6715;6715;1976-10-15;0.0002974173495733;0.029741734957330002;1.7895810051199799
6716;6716;1976-10-18;0.0058315362277596;0.5831536227759601;1.7954125413477395
6717;6717;1976-10-19;-0.0001971614455147;-0.01971614455147;1.7952153799022248
6718;6718;1976-10-20;0.002854483036061;0.2854483036061;1.7980698629382859
6719;6719;1976-10-21;-0.0095798572151215;-0.9579857215121499;1.7884900057231643
6720;6720;1976-10-22;-0.0080705665587954;-0.80705665587954;1.7804194391643688
6721;6721;1976-10-25;0.0010998451396142;0.10998451396142;1.781519284303983
6722;6722;1976-10-26;0.0098444389711742;0.9844438971174201;1.7913637232751574
6723;6723;1976-10-27;0.0069027391723617;0.69027391723617;1.798266462447519
6724;6724;1976-10-28;-0.0014751539065596;-0.14751539065596;1.7967913085409595
6725;6725;1976-10-29;0.0126156969370088;1.26156969370088;1.8094070054779683
6726;6726;1976-11-01;0.0019417093479221;0.19417093479221;1.8113487148258904
6727;6727;1976-11-03;-0.0115111994236523;-1.15111994236523;1.7998375154022381
6728;6728;1976-11-04;0.0047962309454119;0.47962309454119;1.80463374634765
6729;6729;1976-11-05;-0.0156476544915467;-1.5647654491546699;1.7889860918561034
6730;6730;1976-11-08;-0.0121746041442536;-1.21746041442536;1.7768114877118497
6731;6731;1976-11-09;-0.0028151838702648;-0.28151838702648;1.773996303841585
6732;6732;1976-11-10;-0.005148166673961;-0.5148166673961;1.768848137167624
6733;6733;1976-11-11;0.0083648863918446;0.83648863918446;1.7772130235594685
6734;6734;1976-11-12;-0.004022541687414;-0.4022541687414;1.7731904818720545
6735;6735;1976-11-15;0.0066285670040917;0.66285670040917;1.7798190488761463
6736;6736;1976-11-16;0.0014004103308922;0.14004103308922;1.7812194592070385
6737;6737;1976-11-17;0.0056815502379095;0.56815502379095;1.786901009444948
6738;6738;1976-11-18;0.0126421239283587;1.2642123928358702;1.7995431333733067
6739;6739;1976-11-19;0.0002943820289313;0.02943820289313;1.7998375154022381
6740;6740;1976-11-22;0.0065522509088467;0.65522509088467;1.8063897663110848
6741;6741;1976-11-23;-0.0061598534093194;-0.61598534093194;1.8002299129017654
6742;6742;1976-11-24;0.0044038334458846;0.44038334458846;1.80463374634765
6743;6743;1976-11-26;0.0071998557604686;0.71998557604686;1.8118336021081187
6744;6744;1976-11-29;-0.0069069780515516;-0.69069780515516;1.8049266240565671
6745;6745;1976-11-30;-0.0033245752729671;-0.33245752729671;1.8016020487836
6746;6746;1976-12-01;0.0038125077473916;0.38125077473916;1.8054145565309916
6747;6747;1976-12-02;-0.0036165915788872;-0.36165915788872;1.8017979649521043
6748;6748;1976-12-03;0.0062475699540227;0.62475699540227;1.808045534906127
6749;6749;1976-12-06;0.0077549438663524;0.77549438663524;1.8158004787724795
6750;6750;1976-12-07;-0.0006761652163183;-0.06761652163183;1.8151243135561612
6751;6751;1976-12-08;0.0056848830656948;0.56848830656948;1.820809196621856
6752;6752;1976-12-09;0.0041229263230997;0.41229263230997;1.8249321229449558
6753;6753;1976-12-10;0.0018163094798584;0.18163094798584;1.8267484324248142
6754;6754;1976-12-13;-0.0006688005027051;-0.06688005027051;1.826079631922109
6755;6755;1976-12-14;0.0041965059801931;0.41965059801931;1.8302761379023023
6756;6756;1976-12-15;0.0006659911794901;0.06659911794901;1.8309421290817924
6757;6757;1976-12-16;-0.003238985367278;-0.3238985367278;1.8277031437145144
6758;6758;1976-12-17;-0.0051660019901236;-0.51660019901236;1.8225371417243907
6759;6759;1976-12-20;-0.0058679403452766;-0.58679403452766;1.8166692013791141
6760;6760;1976-12-21;0.0054842008986604;0.5484200898660401;1.8221534022777746
6761;6761;1976-12-22;0.0046905556730285;0.46905556730285003;1.8268439579508031
6762;6762;1976-12-23;0.0012407255526438;0.12407255526437999;1.828084683503447
6763;6763;1976-12-27;0.0115696125499047;1.15696125499047;1.8396542960533517
6764;6764;1976-12-28;0.0066720072406978;0.66720072406978;1.8463263032940496
6765;6765;1976-12-29;-0.0040354896314358;-0.40354896314358;1.8422908136626137
6766;6766;1976-12-30;0.0050652112584783;0.50652112584783;1.847356024921092
6767;6767;1976-12-31;0.0054119942754136;0.54119942754136;1.8527680191965057
6768;6768;1977-01-03;-0.004289841532981;-0.42898415329809997;1.8484781776635246
6769;6769;1977-01-04;-0.0122239699679279;-1.2223969967927901;1.8362542076955968
6770;6770;1977-01-05;-0.0089328257632104;-0.8932825763210399;1.8273213819323864
6771;6771;1977-01-06;0.0024787409129576;0.24787409129576;1.829800122845344
6772;6772;1977-01-07;-9.51768800181441e-05;-0.00951768800181441;1.8297049459653258
6773;6773;1977-01-10;0.0018076690227921;0.18076690227921;1.831512614988118
6774;6774;1977-01-11;-0.0103191628472272;-1.03191628472272;1.8211934521408908
6775;6775;1977-01-12;-0.0069391275225836;-0.69391275225836;1.8142543246183072
6776;6776;1977-01-13;0.0077071191117905;0.77071191117905;1.8219614437300977
6777;6777;1977-01-14;-0.0018250329345166;-0.18250329345166;1.820136410795581
6778;6778;1977-01-17;-0.0026956692289879;-0.26956692289879003;1.8174407415665932
6779;6779;1977-01-18;-0.0039604301373348;-0.39604301373348;1.8134803114292584
6780;6780;1977-01-19;0.0051165628359353;0.51165628359353;1.8185968742651937
6781;6781;1977-01-20;-0.0085098376833485;-0.85098376833485;1.810087036581845
6782;6782;1977-01-21;0.0033932748474132;0.33932748474131996;1.8134803114292584
6783;6783;1977-01-24;-0.0006777363864971;-0.06777363864971;1.8128025750427612
6784;6784;1977-01-25;-0.0011629326026634;-0.11629326026634;1.8116396424400978
6785;6785;1977-01-26;-0.0076897349469353;-0.76897349469353;1.8039499074931624
6786;6786;1977-01-27;-0.0053886870031476;-0.53886870031476;1.7985612204900148
6787;6787;1977-01-28;0.0013744258919254;0.13744258919254;1.7999356463819403
6788;6788;1977-01-31;0.0009805747058537;0.09805747058537001;1.800916221087794
6789;6789;1977-02-01;0.0049860982216714;0.49860982216714006;1.8059023193094654
6790;6790;1977-02-02;-0.001756955046817;-0.1756955046817;1.8041453642626484
6791;6791;1977-02-03;-0.0049948980249352;-0.49948980249352;1.7991504662377131
6792;6792;1977-02-04;0.0002944976287544;0.029449762875440003;1.7994449638664676
6793;6793;1977-02-07;9.8169506839163e-05;0.0098169506839163;1.7995431333733067
6794;6794;1977-02-08;-0.0028502747123457;-0.28502747123457;1.796692858660961
6795;6795;1977-02-09;-0.0085998157221656;-0.85998157221656;1.7880930429387953
6796;6796;1977-02-10;0.000893048917308;0.0893048917308;1.7889860918561034
6797;6797;1977-02-11;-0.0059689691448578;-0.5968969144857801;1.7830171227112455
6798;6798;1977-02-14;0.0051751409547904;0.51751409547904;1.788192263666036
6799;6799;1977-02-15;0.0029735674748891;0.29735674748891;1.791165831140925
6800;6800;1977-02-16;0.0045423105425355;0.45423105425355;1.7957081416834606
6801;6801;1977-02-17;-0.0057306945266626;-0.5730694526662601;1.789977447156798
6802;6802;1977-02-18;-0.0042699037967901;-0.42699037967901005;1.7857075433600078
6803;6803;1977-02-22;0.0;0.0;1.7857075433600078
6804;6804;1977-02-23;-0.0029897969251457;-0.29897969251457;1.782717746434862
6805;6805;1977-02-24;-0.0059062587230123;-0.5906258723012301;1.7768114877118497
6806;6806;1977-02-25;-0.0012054954182119;-0.12054954182119;1.7756059922936378
6807;6807;1977-02-28;0.003411914949444;0.3411914949444;1.7790179072430818
6808;6808;1977-03-01;0.0083799770444814;0.8379977044481399;1.7873978842875633
6809;6809;1977-03-02;-0.0026859503436611;-0.26859503436611;1.7847119339439022
6810;6810;1977-03-03;0.0048690711760777;0.48690711760777;1.7895810051199799
6811;6811;1977-03-04;0.0031670652907349;0.31670652907349;1.7927480704107148
6812;6812;1977-03-07;0.0004939787775528;0.04939787775528;1.7932420491882677
6813;6813;1977-03-08;-0.0037601171786541;-0.37601171786541;1.7894819320096136
6814;6814;1977-03-09;-0.0076629224668396;-0.76629224668396;1.781819009542774
6815;6815;1977-03-10;0.0056781545332844;0.56781545332844;1.7874971640760584
6816;6816;1977-03-11;-0.0001986489177996;-0.01986489177996;1.7872985151582588
6817;6817;1977-03-14;0.007621118690257;0.7621118690256999;1.7949196338485158
6818;6818;1977-03-15;0.0055064543976453;0.5506454397645301;1.8004260882461611
6819;6819;1977-03-16;0.0018613279835717;0.18613279835717;1.8022874162297329
6820;6820;1977-03-17;-0.0008812338391583;-0.08812338391583;1.8014061823905745
6821;6821;1977-03-18;-0.0021575079151006;-0.21575079151006;1.7992486744754739
6822;6822;1977-03-21;-0.0054142279496574;-0.54142279496574;1.7938344465258165
6823;6823;1977-03-22;-0.0030645864829379;-0.30645864829379;1.7907698600428785
6824;6824;1977-03-23;-0.0079523581306153;-0.7952358130615299;1.7828175019122632
6825;6825;1977-03-24;-0.0050025118331227;-0.5002511833122699;1.7778149900791405
6826;6826;1977-03-25;-0.0064399399072145;-0.64399399072145;1.7713750501719259
6827;6827;1977-03-28;-0.0006058568357172;-0.06058568357172;1.7707691933362086
6828;6828;1977-03-29;0.0069455409622154;0.6945540962215401;1.777714734298424
6829;6829;1977-03-30;-0.011602823832825;-1.1602823832825;1.7661119104655991
6830;6830;1977-03-31;-0.001218552147221;-0.12185521472210001;1.7648933583183781
6831;6831;1977-04-01;0.0079947904654229;0.79947904654229;1.772888148783801
6832;6832;1977-04-04;-0.0099271073548363;-0.99271073548363;1.7629610414289647
6833;6833;1977-04-05;-0.0022421635401768;-0.22421635401768;1.760718877888788
6834;6834;1977-04-06;-0.0010208044673447;-0.10208044673447;1.7596980734214431
6835;6835;1977-04-07;0.0044837942797073;0.44837942797073;1.7641818677011505
6836;6836;1977-04-11;0.0053744388700431;0.53744388700431;1.7695563065711937
6837;6837;1977-04-12;0.0127621187122973;1.2762118712297301;1.782318425283491
6838;6838;1977-04-13;9.98652060175687e-05;0.009986520601756869;1.7824182904895085
6839;6839;1977-04-14;0.00835156955337;0.8351569553370001;1.7907698600428785
6840;6840;1977-04-15;0.0003959710980465;0.039597109804650005;1.791165831140925
6841;6841;1977-04-18;-0.0049608197285868;-0.49608197285868005;1.7862050114123382
6842;6842;1977-04-19;-0.0046857271083551;-0.46857271083551;1.781519284303983
6843;6843;1977-04-20;0.0032922860755828;0.32922860755828004;1.784811570379566
6844;6844;1977-04-21;-0.0064951714079741;-0.64951714079741;1.7783163989715918
6845;6845;1977-04-22;-0.0132198099301739;-1.32198099301739;1.7650965890414179
6846;6846;1977-04-25;-0.0131910494296283;-1.3191049429628299;1.7519055396117895
6847;6847;1977-04-26;-0.0004118295063078;-0.04118295063078;1.7514937101054817
6848;6848;1977-04-27;0.0087148549718554;0.8714854971855399;1.7602085650773371
6849;6849;1977-04-28;0.0024469629348029;0.24469629348029;1.76265552801214
6850;6850;1977-04-29;0.0024410610292777;0.24410610292777002;1.7650965890414179
6851;6851;1977-05-02;0.0049652834953324;0.49652834953324;1.7700618725367503
6852;6852;1977-05-03;0.0050413496568504;0.50413496568504;1.7751032221936007
6853;6853;1977-05-04;0.0053162169707681;0.53162169707681;1.7804194391643688
6854;6854;1977-05-05;0.0014994954576543;0.14994954576543001;1.7819189346220232
6855;6855;1977-05-06;-0.006212474921659;-0.6212474921659;1.7757064597003642
6856;6856;1977-05-09;-0.0031207354377578;-0.31207354377578;1.7725857242626064
6857;6857;1977-05-10;0.0029197201566173;0.29197201566173003;1.7755054444192238
6858;6858;1977-05-11;-0.0069609562286325;-0.69609562286325;1.7685444881905912
6859;6859;1977-05-12;-0.0005062629797132;-0.050626297971320004;1.768038225210878
6860;6860;1977-05-13;0.0030339424260024;0.30339424260024;1.7710721676368804
6861;6861;1977-05-16;0.0044332767823434;0.44332767823434;1.7755054444192238
6862;6862;1977-05-17;0.0030114056386514;0.30114056386514;1.7785168500578752
6863;6863;1977-05-18;0.0052982180219025;0.52982180219025;1.7838150680797777
6864;6864;1977-05-19;-0.0041962895026301;-0.41962895026300995;1.7796187785771476
6865;6865;1977-05-20;-0.0043144602414608;-0.43144602414608;1.7753043183356867
6866;6866;1977-05-23;-0.0131580340346238;-1.31580340346238;1.762146284301063
6867;6867;1977-05-24;-0.0049025121171757;-0.49025121171757;1.7572437721838872
6868;6868;1977-05-25;-0.0092574310907611;-0.92574310907611;1.747986341093126
6869;6869;1977-05-26;0.0024770886981162;0.24770886981162;1.7504634297912423
6870;6870;1977-05-27;-0.0076573739621048;-0.76573739621048;1.7428060558291374
6871;6871;1977-05-31;-0.0015592705482649;-0.15592705482649;1.7412467852808724
6872;6872;1977-06-01;0.0083916264252632;0.8391626425263201;1.7496384117061357
6873;6873;1977-06-02;-0.0019621217836514;-0.19621217836514002;1.7476762899224842
6874;6874;1977-06-03;0.0097722734169103;0.97722734169103;1.7574485633393946
6875;6875;1977-06-06;-0.0047198834615365;-0.47198834615365004;1.752728679877858
6876;6876;1977-06-07;0.0051292683713226;0.51292683713226;1.7578579482491807
6877;6877;1977-06-08;0.0047975797629593;0.47975797629593;1.76265552801214
6878;6878;1977-06-09;-0.0006111643382888;-0.061116433828880004;1.7620443636738512
6879;6879;1977-06-10;0.0032553437014133;0.32553437014132997;1.7652997073752645
6880;6880;1977-06-13;0.0028397484018549;0.28397484018549;1.7681394557771195
6881;6881;1977-06-14;0.011279102510982;1.1279102510982;1.7794185582881015
6882;6882;1977-06-15;-0.0025066438902561;-0.25066438902561;1.7769119143978453
6883;6883;1977-06-16;0.0024064686355522;0.24064686355522;1.7793183830333976
6884;6884;1977-06-17;0.0012011111503111;0.12011111503111001;1.7805194941837088
6885;6885;1977-06-20;0.0044912197081181;0.44912197081181;1.785010713891827
6886;6886;1977-06-21;0.0031815497742089;0.31815497742089;1.788192263666036
6887;6887;1977-06-22;-0.002783292096729;-0.2783292096729;1.785408971569307
6888;6888;1977-06-23;0.0015914465106297;0.15914465106297002;1.7870004180799366
6889;6889;1977-06-24;0.00564888262815;0.564888262815;1.7926493007080866
6890;6890;1977-06-27;-0.002077450366845;-0.20774503668449998;1.7905718503412416
6891;6891;1977-06-28;-0.0083533102238435;-0.83533102238435;1.782218540117398
6892;6892;1977-06-29;-0.0002996054953747;-0.029960549537470002;1.7819189346220232
6893;6893;1977-06-30;0.0036891411561716;0.36891411561716;1.785608075778195
6894;6894;1977-07-01;-0.0037890662354209;-0.37890662354209;1.781819009542774
6895;6895;1977-07-05;-9.99250742603763e-05;-0.00999250742603763;1.7817190844685136
6896;6896;1977-07-06;-0.0051083799685036;-0.51083799685036;1.77661070450001
6897;6897;1977-07-07;0.0035085795753069;0.35085795753069;1.7801192840753168
6898;6898;1977-07-08;-0.0014019529564324;-0.14019529564324001;1.7787173311188844
6899;6899;1977-07-11;-0.0024079272714505;-0.24079272714504998;1.7763094038474339
6900;6900;1977-07-12;-0.0010050855117471;-0.10050855117471;1.7753043183356867
6901;6901;1977-07-13;0.0014067426448045;0.14067426448045;1.7767110609804913
6902;6902;1977-07-15;0.0059068501505983;0.5906850150598301;1.7826179111310896
6903;6903;1977-07-18;0.0076567471116932;0.76567471116932;1.7902746582427829
6904;6904;1977-07-19;0.0082865622472319;0.8286562247231901;1.7985612204900148
6905;6905;1977-07-20;-0.0005896029929131;-0.05896029929131;1.7979716174971017
6906;6906;1977-07-21;-0.0013772085659837;-0.13772085659837;1.7965944089311179
6907;6907;1977-07-22;0.0007871888860844;0.07871888860844001;1.7973815978172023
6908;6908;1977-07-25;-0.0080980100467957;-0.8098010046795701;1.7892835877704065
6909;6909;1977-07-26;-0.0057677269521718;-0.57677269521718;1.7835158608182347
6910;6910;1977-07-27;-0.0163896688984018;-1.6389668898401801;1.767126191919833
6911;6911;1977-07-28;0.001519546460651;0.1519546460651;1.768645738380484
6912;6912;1977-07-29;0.0006071342050848;0.06071342050848;1.7692528725855687
6913;6913;1977-08-01;0.0027277382032808;0.27277382032808;1.7719806107888496
6914;6914;1977-08-02;-0.0062747194091876;-0.62747194091876;1.765705891379662
6915;6915;1977-08-03;-0.0013206381562742;-0.13206381562742;1.7643852532233877
6916;6916;1977-08-04;0.0037542025537318;0.37542025537317997;1.7681394557771195
6917;6917;1977-08-05;0.0002025721525917;0.02025721525917;1.7683420279297113
6918;6918;1977-08-08;-0.0078272724906112;-0.7827272490611201;1.7605147554391
6919;6919;1977-08-09;0.0006121710015083;0.06121710015083;1.7611269264406084
6920;6920;1977-08-10;0.0088338391958675;0.8833839195867501;1.769960765636476
6921;6921;1977-08-11;-0.0077125812824059;-0.77125812824059;1.76224818435407
6922;6922;1977-08-12;-0.0028566332277559;-0.28566332277559;1.759391551126314
6923;6923;1977-08-15;0.0030603207052113;0.30603207052113;1.7624518718315254
6924;6924;1977-08-16;-0.0045939235823446;-0.45939235823446;1.7578579482491807
6925;6925;1977-08-17;0.0001022663319956;0.01022663319956;1.7579602145811764
6926;6926;1977-08-18;-0.0006140415771085;-0.061404157710850005;1.7573461730040678
6927;6927;1977-08-19;-0.0017418724447049;-0.17418724447049;1.755604300559363
6928;6928;1977-08-22;0.0028673751924337;0.28673751924337004;1.7584716757517966
6929;6929;1977-08-23;-0.0017399113597695;-0.17399113597695;1.756731764392027
6930;6930;1977-08-24;-0.0040030845141689;-0.40030845141689;1.752728679877858
6931;6931;1977-08-25;-0.0111698438406185;-1.11698438406185;1.7415588360372396
6932;6932;1977-08-26;-0.0009365174192632;-0.09365174192632;1.7406223186179763
6933;6933;1977-08-29;0.0089128998963916;0.89128998963916;1.749535218514368
6934;6934;1977-08-30;-0.0055871952273527;-0.5587195227352699;1.7439480232870153
6935;6935;1977-08-31;0.0040383178061107;0.40383178061107006;1.747986341093126
6936;6936;1977-09-01;0.0006198863866879;0.061988638668789994;1.748606227479814
6937;6937;1977-09-02;0.0063825108903561;0.63825108903561;1.75498873837017
6938;6938;1977-09-06;0.0026645025533333;0.26645025533333;1.7576532409235035
6939;6939;1977-09-07;0.0030656369652843;0.30656369652843;1.760718877888788
6940;6940;1977-09-08;-0.0074761267489176;-0.74761267489176;1.7532427511398703
6941;6941;1977-09-09;-0.0093984269450357;-0.93984269450357;1.7438443241948345
6942;6942;1977-09-12;-0.0035343487567471;-0.35343487567471;1.7403099754380873
6943;6943;1977-09-13;0.0006245784250662;0.06245784250662;1.7409345538631535
6944;6944;1977-09-14;0.0047758292849717;0.47758292849717005;1.7457103831481253
6945;6945;1977-09-15;0.0025859853277596;0.25859853277596;1.748296368475885
6946;6946;1977-09-16;-0.0033112612008636;-0.33112612008636;1.7449851072750213
6947;6947;1977-09-19;-0.0065513154476857;-0.65513154476857;1.7384337918273356
6948;6948;1977-09-20;0.0004172421112569;0.04172421112569;1.7388510339385925
6949;6949;1977-09-21;-0.008272742216123;-0.8272742216122999;1.7305782917224695
6950;6950;1977-09-22;-0.00010517903491;-0.010517903491;1.7304731126875594
6951;6951;1977-09-23;-0.00052590334972;-0.052590334972000004;1.7299472093378394
6952;6952;1977-09-26;0.0035710152807224;0.35710152807224;1.7335182246185619
6953;6953;1977-09-27;-0.0014688807978613;-0.14688807978613;1.7320493438207005
6954;6954;1977-09-28;0.0007347153462955;0.07347153462955;1.732784059166996
6955;6955;1977-09-29;0.0056497326603395;0.56497326603395;1.7384337918273356
6956;6956;1977-09-30;0.0070693818753335;0.70693818753335;1.7455031737026692
6957;6957;1977-10-03;0.002173116219815;0.2173116219815;1.7476762899224842
6958;6958;1977-10-04;-0.0073663144843969;-0.73663144843969;1.7403099754380873
6959;6959;1977-10-05;-0.0036513420341464;-0.36513420341464;1.7366586334039409
6960;6960;1977-10-06;0.0038596302459756;0.38596302459756;1.7405182636499166
6961;6961;1977-10-07;-0.0008332673988382;-0.08332673988382;1.7396849962510783
6962;6962;1977-10-10;-0.0022950249887037;-0.22950249887037003;1.7373899712623746
6963;6963;1977-10-11;-0.0086008501670482;-0.86008501670482;1.7287891210953263
6964;6964;1977-10-12;-0.0094195435880655;-0.94195435880655;1.7193695775072608
6965;6965;1977-10-13;-0.0061867077331268;-0.6186707733126801;1.713182869774134
6966;6966;1977-10-14;0.001069393766806;0.10693937668060001;1.71425226354094
6967;6967;1977-10-17;-0.0009623804462091;-0.09623804462091;1.713289883094731
6968;6968;1977-10-18;-0.0001070133205969;-0.010701332059689999;1.713182869774134
6969;6969;1977-10-19;-0.0116230540446178;-1.16230540446178;1.7015598157295162
6970;6970;1977-10-20;0.0031343014887452;0.31343014887452003;1.7046941172182615
6971;6971;1977-10-21;-0.003783971256853;-0.3783971256853;1.7009101459614084
6972;6972;1977-10-24;-0.0075021065230371;-0.75021065230371;1.6934080394383713
6973;6973;1977-10-25;-0.0068991897199026;-0.68991897199026;1.6865088497184686
6974;6974;1977-10-26;0.0120154150288849;1.20154150288849;1.6985242647473535
6975;6975;1977-10-27;0.0026024522149352;0.26024522149352003;1.7011267169622888
6976;6976;1977-10-28;0.0029197642194773;0.29197642194773;1.7040464811817662
6977;6977;1977-10-31;-0.0029197642194773;-0.29197642194773;1.7011267169622888
6978;6978;1977-11-01;-0.0107791128304697;-1.0779112830469701;1.690347604131819
6979;6979;1977-11-02;-0.0070306673274904;-0.7030667327490401;1.6833169368043286
6980;6980;1977-11-03;0.0005510883450705;0.05510883450705;1.6838680251493992
6981;6981;1977-11-04;0.0089942471199986;0.89942471199986;1.6928622722693978
6982;6982;1977-11-07;0.0077228750451166;0.7722875045116601;1.7005851473145144
6983;6983;1977-11-08;0.0018403036316962;0.18403036316962001;1.7024254509462107
6984;6984;1977-11-09;0.0056083407828495;0.56083407828495;1.7080337917290602
6985;6985;1977-11-10;0.0184351321520211;1.84351321520211;1.7264689238810813
6986;6986;1977-11-11;0.013320287007148;1.3320287007148;1.7397892108882294
6987;6987;1977-11-14;-0.0069002154560688;-0.69002154560688;1.7328889954321605
6988;6988;1977-11-15;0.006379106599315;0.6379106599315;1.7392681020314755
6989;6989;1977-11-16;-0.0050162400881683;-0.50162400881683;1.7342518619433072
6990;6990;1977-11-17;-0.0030427912724642;-0.30427912724642003;1.731209070670843
6991;6991;1977-11-18;0.0017848500160173;0.17848500160173;1.7329939206868603
6992;6992;1977-11-21;-0.000839563478431;-0.0839563478431;1.7321543572084293
6993;6993;1977-11-22;0.0087801966547242;0.87801966547242;1.7409345538631535
6994;6994;1977-11-23;0.0041541446432207;0.41541446432207;1.7450886985063743
6995;6995;1977-11-25;0.0020706498753631;0.20706498753631;1.7471593483817374
6996;6996;1977-11-28;-0.0067452234147378;-0.67452234147378;1.7404141249669995
6997;6997;1977-11-29;-0.0156359549316711;-1.5635954931671099;1.7247781700353284
6998;6998;1977-11-30;0.0029570091522988;0.29570091522988;1.7277351791876272
6999;6999;1977-12-01;-0.0014774168690454;-0.14774168690453998;1.7262577623185817
7000;7000;1977-12-02;-0.0002112801021798;-0.021128010217979998;1.726046482216402
7001;7001;1977-12-05;-0.0042341654302102;-0.42341654302102;1.7218123167861916
7002;7002;1977-12-06;-0.015393088627973;-1.5393088627973;1.7064192281582187
7003;7003;1977-12-07;-0.0005387964111873;-0.053879641118730004;1.7058804317470313
7004;7004;1977-12-08;0.001938193800874;0.19381938008740002;1.7078186255479053
7005;7005;1977-12-09;0.007395167899924;0.7395167899924;1.7152137934478293
7006;7006;1977-12-12;-0.0002136373364258;-0.02136373364258;1.7150001561114034
7007;7007;1977-12-13;-0.0007478925704633;-0.07478925704633;1.71425226354094
7008;7008;1977-12-14;0.0050109493147605;0.50109493147605;1.7192632128557006
7009;7009;1977-12-15;-0.005117784865571;-0.5117784865571;1.7141454279901296
7010;7010;1977-12-16;-0.0016047181404381;-0.16047181404381;1.7125407098496914
7011;7011;1977-12-19;-0.0076307531830304;-0.7630753183030401;1.704909956666661
7012;7012;1977-12-20;-0.0020519689466622;-0.20519689466622;1.7028579877199987
7013;7013;1977-12-21;0.0059283708106106;0.59283708106106;1.7087863585306093
7014;7014;1977-12-22;0.0080278726661307;0.80278726661307;1.71681423119674
7015;7015;1977-12-23;0.0094435311218417;0.94435311218417;1.7262577623185817
7016;7016;1977-12-27;0.0;0.0;1.7262577623185817
7017;7017;1977-12-28;0.0006334248455726;0.06334248455725999;1.7268911871641544
7018;7018;1977-12-29;0.0020032902265727;0.20032902265726998;1.728894477390727
7019;7019;1977-12-30;0.0016838143317423;0.16838143317423;1.7305782917224695
7020;7020;1978-01-03;-0.013550895620539;-1.3550895620539;1.7170273961019304
7021;7021;1978-01-04;-0.0032027678151989;-0.32027678151989003;1.7138246282867315
7022;7022;1978-01-05;-0.0083754276874659;-0.83754276874659;1.7054492005992656
7023;7023;1978-01-06;-0.0121502361951089;-1.2150236195108899;1.6932989644041567
7024;7024;1978-01-09;-0.0107540155154435;-1.07540155154435;1.6825449488887132
7025;7025;1978-01-10;-0.0051988503556055;-0.51988503556055;1.6773460985331077
7026;7026;1978-01-11;-0.0047801770702573;-0.47801770702573;1.6725659214628503
7027;7027;1978-01-12;0.00089108939836;0.089108939836;1.6734570108612103
7028;7028;1978-01-13;-0.00144836523065;-0.144836523065;1.6720086456305603
7029;7029;1978-01-16;-0.0029031060708515;-0.29031060708515;1.6691055395597088
7030;7030;1978-01-17;0.0050192175812009;0.50192175812009;1.6741247571409097
7031;7031;1978-01-18;0.007537178430776;0.7537178430776;1.6816619355716858
7032;7032;1978-01-19;-0.0052034661067637;-0.52034661067637;1.676458469464922
7033;7033;1978-01-20;-0.002222436802703;-0.2222436802703;1.674236032662219
7034;7034;1978-01-23;-0.0072573423077431;-0.72573423077431;1.6669786903544759
7035;7035;1978-01-24;0.0001120735068917;0.01120735068917;1.6670907638613677
7036;7036;1978-01-25;0.001567387253079;0.1567387253079;1.6686581511144467
7037;7037;1978-01-26;-0.0091026868393155;-0.9102686839315499;1.6595554642751311
7038;7038;1978-01-27;0.0;0.0;1.6595554642751311
7039;7039;1978-01-30;0.0085431500776813;0.85431500776813;1.6680986143528125
7040;7040;1978-01-31;-0.0010078504914448;-0.10078504914448;1.6670907638613677
7041;7041;1978-02-01;0.0075901692666757;0.7590169266675699;1.6746809331280434
7042;7042;1978-02-02;0.0022214493566385;0.22214493566385;1.676902382484682
7043;7043;1978-02-03;-0.0056744964503963;-0.56744964503963;1.6712278860342857
7044;7044;1978-02-06;-0.0013399175518573;-0.13399175518573;1.6698879684824284
7045;7045;1978-02-07;0.0092310280219809;0.92310280219809;1.6791189965044093
7046;7046;1978-02-08;0.0055199962304879;0.55199962304879;1.6846389927348973
7047;7047;1978-02-09;-0.005852155887748;-0.5852155887748;1.6787868368471492
7048;7048;1978-02-10;-0.0024393070516639;-0.24393070516639;1.6763475297954853
7049;7049;1978-02-13;-0.0024452718234302;-0.24452718234302;1.673902257972055
7050;7050;1978-02-14;-0.009167196572239;-0.9167196572239;1.664735061399816
7051;7051;1978-02-15;-0.0023612649016717;-0.23612649016717;1.6623737964981442
7052;7052;1978-02-16;-0.0084789381754708;-0.8478938175470799;1.6538948583226734
7053;7053;1978-02-17;-0.0013633608032979;-0.13633608032979;1.6525314975193754
7054;7054;1978-02-21;-0.0042153638100739;-0.42153638100739;1.6483161337093015
7055;7055;1978-02-22;-0.0003425406945005;-0.034254069450049995;1.647973593014801
7056;7056;1978-02-23;0.0009132535037688;0.09132535037688;1.6488868465185698
7057;7057;1978-02-24;0.009652025360884;0.9652025360884;1.6585388718794538
7058;7058;1978-02-27;-0.0087395937282384;-0.8739593728238401;1.6497992781512154
7059;7059;1978-02-28;-0.0077821403529938;-0.7782140352993799;1.6420171377982216
7060;7060;1978-03-01;0.0017218737815314;0.17218737815314;1.643739011579753
7061;7061;1978-03-02;0.0014898633036093;0.14898633036092998;1.6452288748833623
7062;7062;1978-03-03;0.0014876354775497;0.14876354775497;1.646716510360912
7063;7063;1978-03-06;-0.0063091118729872;-0.63091118729872;1.6404073984879248
7064;7064;1978-03-07;0.005279468157175;0.5279468157175;1.6456868666450999
7065;7065;1978-03-08;0.0054794087803982;0.54794087803982;1.651166275425498
7066;7066;1978-03-09;0.0005690889748155;0.056908897481549994;1.6517353644003137
7067;7067;1978-03-10;0.0112010903793038;1.12010903793038;1.6629364547796175
7068;7068;1978-03-13;0.0007872688070325;0.07872688070325;1.66372372358665
7069;7069;1978-03-14;0.004486838836522;0.4486838836522;1.668210562423172
7070;7070;1978-03-15;-0.0025774093801018;-0.25774093801018;1.6656331530430701
7071;7071;1978-03-16;0.0043665633852683;0.43665633852683006;1.6699997164283384
7072;7072;1978-03-17;0.0076790205824339;0.76790205824339;1.6776787370107724
7073;7073;1978-03-20;0.0068501318606513;0.68501318606513;1.6845288688714237
7074;7074;1978-03-21;-0.0114059039999903;-1.1405903999990301;1.6731229648714334
7075;7075;1978-03-22;-0.0035702369333794;-0.35702369333794;1.669552727938054
7076;7076;1978-03-23;-0.0012302187848005;-0.12302187848004999;1.6683225091532534
7077;7077;1978-03-27;-0.0054985044440778;-0.54985044440778;1.6628240047091756
7078;7078;1978-03-28;0.0070639637732528;0.7063963773252799;1.6698879684824284
7079;7079;1978-03-29;0.0015630124961827;0.15630124961827002;1.6714509809786111
7080;7080;1978-03-30;-0.0025690602920418;-0.25690602920418004;1.6688819206865693
7081;7081;1978-03-31;-0.0022394477687637;-0.22394477687637002;1.6666424729178055
7082;7082;1978-04-03;-0.0084426685805505;-0.8442668580550501;1.658199804337255
7083;7083;1978-04-04;0.004511647625784;0.4511647625784;1.662711451963039
7084;7084;1978-04-05;0.008739529015572;0.8739529015572;1.6714509809786111
7085;7085;1978-04-06;0.0016719838928223;0.16719838928223;1.6731229648714334
7086;7086;1978-04-07;0.0042231336616742;0.42231336616742005;1.6773460985331077
7087;7087;1978-04-10;0.0035425699296629;0.35425699296629;1.6808886684627706
7088;7088;1978-04-11;-0.0026557280481611;-0.26557280481611;1.6782329404146095
7089;7089;1978-04-12;-0.0015524398684974;-0.15524398684974;1.676680500546112
7090;7090;1978-04-13;0.0096085777716439;0.96085777716439;1.686289078317756
7091;7091;1978-04-14;0.0210991512621792;2.1099151262179197;1.7073882295799352
7092;7092;1978-04-17;0.0163316758063639;1.63316758063639;1.723719905386299
7093;7093;1978-04-18;-0.0108580693798155;-1.08580693798155;1.7128618360064836
7094;7094;1978-04-19;0.0045918282155721;0.45918282155721;1.7174536642220557
7095;7095;1978-04-20;0.0072187149221871;0.72187149221871;1.7246723791442429
7096;7096;1978-04-21;-0.0021178004863395;-0.21178004863395;1.7225545786579033
7097;7097;1978-04-24;0.0150442167521936;1.50442167521936;1.7375987954100969
7098;7098;1978-04-25;0.009043271630345;0.9043271630345;1.746642067040442
7099;7099;1978-04-26;0.0018608606727248;0.18608606727247998;1.7485029277131667
7100;7100;1978-04-27;-0.0099647803481826;-0.99647803481826;1.7385381473649841
7101;7101;1978-04-28;0.0100680801148298;1.00680801148298;1.748606227479814
7102;7102;1978-05-01;0.0086375447040731;0.86375447040731;1.7572437721838872
7103;7103;1978-05-02;-0.0043094464837123;-0.43094464837123;1.7529343257001748
7104;7104;1978-05-03;-0.0102320978465311;-1.0232097846531099;1.7427022278536437
7105;7105;1978-05-04;-0.0034341258221681;-0.34341258221681004;1.7392681020314755
7106;7106;1978-05-05;0.0062350716711936;0.6235071671193599;1.7455031737026692
7107;7107;1978-05-08;-0.0035284075443442;-0.35284075443442;1.741974766158325
7108;7108;1978-05-09;-0.0030194202122562;-0.30194202122562;1.7389553459460687
7109;7109;1978-05-10;0.0002084871240999;0.02084871240999;1.7391638330701686
7110;7110;1978-05-11;0.0132561907336459;1.32561907336459;1.7524200238038146
7111;7111;1978-05-12;0.0089108288020334;0.89108288020334;1.761330852605848
7112;7112;1978-05-15;0.0070111753238633;0.70111753238633;1.7683420279297113
7113;7113;1978-05-16;0.0059562641388826;0.59562641388826;1.774298292068594
7114;7114;1978-05-17;0.0025131956432558;0.25131956432558;1.7768114877118497
7115;7115;1978-05-18;-0.0098880332944579;-0.98880332944579;1.7669234544173917
7116;7116;1978-05-19;-0.0050828612506785;-0.50828612506785;1.7618405931667132
7117;7117;1978-05-22;0.0098372377383704;0.98372377383704;1.7716778309050836
7118;7118;1978-05-23;-0.0105509044644752;-1.05509044644752;1.7611269264406084
7119;7119;1978-05-24;-0.0099421817790235;-0.99421817790235;1.751184744661585
7120;7120;1978-05-25;-0.0028883761856999;-0.28883761856999;1.748296368475885
7121;7121;1978-05-26;-0.0022753241206494;-0.22753241206494002;1.7460210443552355
7122;7122;1978-05-30;0.0028949461456457;0.28949461456457004;1.7489159905008813
7123;7123;1978-05-31;0.003915481580992;0.3915481580992;1.7528314720818734
7124;7124;1978-06-01;0.001130582393527;0.1130582393527;1.7539620544754004
7125;7125;1978-06-02;0.0080823091984507;0.80823091984507;1.7620443636738512
7126;7126;1978-06-05;0.0182750104591687;1.8275010459168701;1.7803193741330199
7127;7127;1978-06-06;0.0036950459532096;0.36950459532095997;1.7840144200862296
7128;7128;1978-06-07;-0.0019955803569944;-0.19955803569944;1.7820188397292351
7129;7129;1978-06-08;0.0008984775635774;0.08984775635774;1.7829173172928126
7130;7130;1978-06-09;-0.0027980332174957;-0.27980332174957;1.7801192840753168
7131;7131;1978-06-12;-0.0038098802278829;-0.38098802278828997;1.7763094038474339
7132;7132;1978-06-13;0.0002008537541779;0.02008537541779;1.7765102576016119
7133;7133;1978-06-14;-0.000904265307974;-0.09042653079740001;1.7756059922936378
7134;7134;1978-06-15;-0.0115258277834354;-1.15258277834354;1.7640801645102024
7135;7135;1978-06-16;-0.0093993134598529;-0.93993134598529;1.7546808510503495
7136;7136;1978-06-19;0.0007182802775247;0.07182802775247;1.7553991313278743
7137;7137;1978-06-20;-0.01010313748397;-1.010313748397;1.7452959938439043
7138;7138;1978-06-21;-0.00519427710159;-0.519427710159;1.7401017167423143
7139;7139;1978-06-22;0.0023926773443481;0.23926773443481;1.7424943940866624
7140;7140;1978-06-23;-0.0040606022593268;-0.40606022593268;1.7384337918273356
7141;7141;1978-06-26;-0.0131269937095331;-1.3126993709533101;1.7253067981178025
7142;7142;1978-06-27;0.0040089197903885;0.40089197903885;1.729315717908191
7143;7143;1978-06-28;0.0044122247120288;0.44122247120288;1.73372794262022
7144;7144;1978-06-29;0.0017803638594875;0.17803638594875;1.7355083064797074
7145;7145;1978-06-30;-0.0004186394640877;-0.04186394640877;1.7350896670156197
7146;7146;1978-07-03;-0.0046165543280603;-0.46165543280603005;1.7304731126875594
7147;7147;1978-07-05;-0.0086607959013678;-0.86607959013678;1.7218123167861916
7148;7148;1978-07-06;0.0005302826445428;0.053028264454279994;1.7223425994307344
7149;7149;1978-07-07;0.0060250592180333;0.60250592180333;1.7283676586487677
7150;7150;1978-07-10;0.0039966187820876;0.39966187820876;1.7323642774308554
7151;7151;1978-07-11;0.0069038246006201;0.69038246006201;1.7392681020314755
7152;7152;1978-07-12;0.0032262920551868;0.32262920551868;1.7424943940866624
7153;7153;1978-07-13;0.0001039222828502;0.010392228285019999;1.7425983163695127
7154;7154;1978-07-14;0.0137236017158004;1.37236017158004;1.7563219180853131
7155;7155;1978-07-17;0.0020474720397647;0.20474720397647;1.7583693901250779
7156;7156;1978-07-18;-0.0093501425158253;-0.9350142515825299;1.7490192476092525
7157;7157;1978-07-19;0.0128213455574606;1.28213455574606;1.7618405931667132
7158;7158;1978-07-20;-0.0009177058924185;-0.09177058924185;1.7609228872742946
7159;7159;1978-07-21;-0.0028603452072006;-0.28603452072005997;1.758062542067094
7160;7160;1978-07-24;-0.0003069422426156;-0.030694224261560002;1.7577555998244783
7161;7161;1978-07-25;0.0073409892169396;0.73409892169396;1.7650965890414179
7162;7162;1978-07-26;0.0064803789670682;0.64803789670682;1.771576968008486
7163;7163;1978-07-27;0.0046319586697531;0.46319586697530996;1.7762089266782393
7164;7164;1978-07-28;0.0046106025114713;0.46106025114713;1.7808195291897106
7165;7165;1978-07-31;0.006776984279023;0.6776984279023;1.7875965134687337
7166;7166;1978-08-01;-0.0001986291811704;-0.01986291811704;1.7873978842875633
7167;7167;1978-08-02;0.0222034268950297;2.2203426895029703;1.809601311182593
7168;7168;1978-08-03;0.0057162777364894;0.57162777364894;1.8153175889190825
7169;7169;1978-08-04;0.0039531073993064;0.39531073993064003;1.819270696318389
7170;7170;1978-08-07;-0.0035667363036662;-0.35667363036662;1.8157039600147227
7171;7171;1978-08-08;0.0044324507808584;0.44324507808583996;1.820136410795581
7172;7172;1978-08-09;0.0047000038109033;0.47000038109033;1.8248364146064844
7173;7173;1978-08-10;-0.0080707200556151;-0.8070720055615099;1.8167656945508692
7174;7174;1978-08-11;0.0028898488049549;0.28898488049549;1.8196555433558241
7175;7175;1978-08-14;9.62054538327095e-05;0.00962054538327095;1.8197517488096568
7176;7176;1978-08-15;-0.0011548745444631;-0.11548745444631;1.8185968742651937
7177;7177;1978-08-16;0.0076739369397573;0.76739369397573;1.826270811204951
7178;7178;1978-08-17;0.0041005158471243;0.41005158471243003;1.8303713270520754
7179;7179;1978-08-18;-0.0033363454203154;-0.33363454203154;1.82703498163176
7180;7180;1978-08-21;-0.0080530009732662;-0.80530009732662;1.8189819806584937
7181;7181;1978-08-22;0.0040345780573876;0.40345780573876006;1.8230165587158813
7182;7182;1978-08-23;0.0057356623570505;0.57356623570505;1.828752221072932
7183;7183;1978-08-24;0.0016191059791435;0.16191059791435;1.8303713270520754
7184;7184;1978-08-25;-0.0017144493824279;-0.17144493824279;1.8286568776696475
7185;7185;1978-08-28;-0.0090013343138233;-0.90013343138233;1.8196555433558241
7186;7186;1978-08-29;-0.005497964227719;-0.5497964227719;1.814157579128105
7187;7187;1978-08-30;0.0010633767789372;0.10633767789372;1.8152209559070422
7188;7188;1978-08-31;-0.0020310370054019;-0.20310370054019;1.8131899189016403
7189;7189;1978-09-01;0.0037686569039427;0.37686569039427004;1.816958575805583
7190;7190;1978-09-05;0.0077821213014672;0.77821213014672;1.8247406971070503
7191;7191;1978-09-06;0.0084814824073076;0.8481482407307599;1.833222179514358
7192;7192;1978-09-07;0.0003795161425896;0.03795161425896;1.8336016956569476
7193;7193;1978-09-08;0.0129119460922977;1.29119460922977;1.8465136417492454
7194;7194;1978-09-11;0.0017776305981023;0.17776305981023;1.8482912723473477
7195;7195;1978-09-12;9.34243114505406e-05;0.00934243114505406;1.8483846966587982
7196;7196;1978-09-13;-0.0060938829961845;-0.60938829961845;1.8422908136626137
7197;7197;1978-09-14;-0.0117292116075856;-1.17292116075856;1.8305616020550282
7198;7198;1978-09-15;-0.0093681499141373;-0.93681499141373;1.8211934521408908
7199;7199;1978-09-18;-0.0087783710504139;-0.87783710504139;1.8124150810904769
7200;7200;1978-09-19;-0.0066103089601012;-0.66103089601012;1.8058047721303756
7201;7201;1978-09-20;-0.0078331546332739;-0.78331546332739;1.7979716174971017
7202;7202;1978-09-21;0.0016696855602811;0.16696855602811;1.7996413030573828
7203;7203;1978-09-22;-0.0005890448839114;-0.05890448839113999;1.7990522581734714
7204;7204;1978-09-25;0.0001964163020025;0.01964163020025;1.7992486744754739
7205;7205;1978-09-26;0.0074335434740309;0.74335434740309;1.8066822179495048
7206;7206;1978-09-27;-0.0093989233822879;-0.9398923382287899;1.7972832945672168
7207;7207;1978-09-28;0.0029466183345485;0.29466183345485;1.8002299129017654
7208;7208;1978-09-29;0.0056724064077;0.56724064077;1.8059023193094654
7209;7209;1978-10-02;0.0040875774675148;0.40875774675147997;1.8099898967769803
7210;7210;1978-10-03;-0.0035026403318703;-0.35026403318703;1.80648725644511
7211;7211;1978-10-04;0.0044734102504158;0.44734102504157996;1.8109606666955258
7212;7212;1978-10-05;0.0020355651393426;0.20355651393426;1.8129962318348685
7213;7213;1978-10-06;0.0024179131394328;0.24179131394328002;1.8154141449743013
7214;7214;1978-10-09;0.0102831047489191;1.02831047489191;1.8256972497232204
7215;7215;1978-10-10;-0.0012436930864909;-0.12436930864909002;1.8244535566367295
7216;7216;1978-10-11;0.0088635320221683;0.88635320221683;1.8333170886588979
7217;7217;1978-10-12;-0.0048509346059537;-0.48509346059537;1.828466154052944
7218;7218;1978-10-13;-0.0020997716882691;-0.20997716882691;1.826366382364675
7219;7219;1978-10-16;-0.0197816355432998;-1.97816355432998;1.8065847468213752
7220;7220;1978-10-17;-0.0132439173268573;-1.3243917326857302;1.793340829494518
7221;7221;1978-10-18;-0.00763328613451;-0.763328613451;1.7857075433600078
7222;7222;1978-10-19;-0.0116105397962212;-1.16105397962212;1.7740970035637866
7223;7223;1978-10-20;-0.0139905465994898;-1.39905465994898;1.7601064569642968
7224;7224;1978-10-23;0.0023454148672286;0.23454148672286;1.7624518718315254
7225;7225;1978-10-24;-0.0070527405036511;-0.70527405036511;1.7553991313278743
7226;7226;1978-10-25;-0.00184804984523;-0.184804984523;1.7535510814826443
7227;7227;1978-10-26;-0.013241106044557;-1.3241106044556998;1.7403099754380873
7228;7228;1978-10-27;-0.0151089122991586;-1.51089122991586;1.7252010631389287
7229;7229;1978-10-30;0.0049565302092098;0.49565302092098;1.7301575933481386
7230;7230;1978-10-31;-0.0202971316281761;-2.02971316281761;1.7098604617199624
7231;7231;1978-11-01;0.0389522506841704;3.89522506841704;1.7488127124041328
7232;7232;1978-11-02;-0.0128859416460028;-1.2885941646002799;1.73592677075813
7233;7233;1978-11-03;0.0059440082930057;0.59440082930057;1.7418707790511359
7234;7234;1978-11-06;-0.010346520575693;-1.0346520575693;1.731524258475443
7235;7235;1978-11-07;-0.0141771735519081;-1.41771735519081;1.7173470849235348
7236;7236;1978-11-08;0.0063728204627642;0.6372820462764199;1.723719905386299
7237;7237;1978-11-09;-0.0003176682484928;-0.03176682484928;1.7234022371378062
7238;7238;1978-11-10;0.0036999778903288;0.36999778903288;1.727102215028135
7239;7239;1978-11-13;-0.0174565375059856;-1.7456537505985599;1.7096456775221494
7240;7240;1978-11-14;-0.0068958253783213;-0.68958253783213;1.702749852143828
7241;7241;1978-11-15;0.0023758218903591;0.23758218903591;1.7051256740341871
7242;7242;1978-11-16;0.0107285656319442;1.07285656319442;1.7158542396661314
7243;7243;1978-11-17;0.0075479974716747;0.75479974716747;1.7234022371378062
7244;7244;1978-11-20;0.008752120070623;0.8752120070623;1.7321543572084293
7245;7245;1978-11-21;-0.0025228437377364;-0.25228437377364;1.7296315134706928
7246;7246;1978-11-22;0.0049346626217472;0.49346626217472;1.73456617609244
7247;7247;1978-11-24;0.0032414729434826;0.32414729434825995;1.7378076490359227
7248;7248;1978-11-27;0.0020856927056378;0.20856927056378;1.7398933417415605
7249;7249;1978-11-28;-0.0087893837783408;-0.8789383778340799;1.7311039579632197
7250;7250;1978-11-29;-0.014822949911081;-1.4822949911081;1.7162810080521387
7251;7251;1978-11-30;0.0100823036625259;1.00823036625259;1.7263633117146646
7252;7252;1978-12-01;0.0165466340154525;1.6546634015452502;1.7429099457301171
7253;7253;1978-12-04;-0.0013511096928775;-0.13511096928775002;1.7415588360372396
7254;7254;1978-12-05;0.0133273316514178;1.33273316514178;1.7548861676886574
7255;7255;1978-12-06;0.0005129636392169;0.05129636392169;1.7553991313278743
7256;7256;1978-12-07;-0.0042143866662893;-0.42143866662893004;1.751184744661585
7257;7257;1978-12-08;-0.0046461804950084;-0.46461804950084;1.7465385641665765
7258;7258;1978-12-11;0.0049551459389052;0.49551459389052005;1.7514937101054817
7259;7259;1978-12-12;-0.0053691921248137;-0.53691921248137;1.746124517980668
7260;7260;1978-12-13;-0.0055021993626915;-0.55021993626915;1.7406223186179763
7261;7261;1978-12-14;-0.0002081936509767;-0.02081936509767;1.7404141249669995
7262;7262;1978-12-15;-0.0074202042801392;-0.74202042801392;1.7329939206868603
7263;7263;1978-12-18;-0.0200250370012149;-2.00250370012149;1.7129688836856454
7264;7264;1978-12-19;0.0085251581968393;0.85251581968393;1.7214940418824847
7265;7265;1978-12-20;0.004658085964917;0.4658085964917;1.7261521278474017
7266;7266;1978-12-21;0.0003167960336796;0.03167960336796;1.7264689238810813
7267;7267;1978-12-22;0.0167525541270344;1.67525541270344;1.7432214780081157
7268;7268;1978-12-26;0.0124853196035986;1.24853196035986;1.7557067976117142
7269;7269;1978-12-27;-0.0088577466109942;-0.8857746610994199;1.74684905100072
7270;7270;1978-12-28;-0.0039391052706028;-0.39391052706027996;1.7429099457301171
7271;7271;1978-12-29;-0.001767223288561;-0.1767223288561;1.741142722441556
7272;7272;1979-01-02;0.0064302439686807;0.64302439686807;1.7475729664102368
7273;7273;1979-01-03;0.0110009845069996;1.10009845069996;1.7585739509172365
7274;7274;1979-01-04;0.007943813849705;0.7943813849705;1.7665177647669414
7275;7275;1979-01-05;0.0055636682161921;0.5563668216192099;1.7720814329831336
7276;7276;1979-01-08;-0.0033344546633209;-0.33344546633209;1.7687469783198126
7277;7277;1979-01-09;0.0053500252439739;0.5350025243973899;1.7740970035637866
7278;7278;1979-01-10;-0.0056537758157277;-0.56537758157277;1.7684432277480588
7279;7279;1979-01-11;0.0033355366078673;0.33355366078673;1.7717787643559262
7280;7280;1979-01-12;0.0083405197193906;0.83405197193906;1.7801192840753168
7281;7281;1979-01-15;0.0075765689167708;0.75765689167708;1.7876958529920877
7282;7282;1979-01-16;-0.0122909665581696;-1.22909665581696;1.775404886433918
7283;7283;1979-01-17;0.0002011058597197;0.02011058597197;1.7756059922936378
7284;7284;1979-01-18;0.0024096195914165;0.24096195914165;1.7780156118850543
7285;7285;1979-01-19;0.0003007870865374;0.030078708653740002;1.7783163989715918
7286;7286;1979-01-22;0.0015026499045545;0.15026499045545;1.7798190488761463
7287;7287;1979-01-23;0.0069825321103955;0.69825321103955;1.7868015809865418
7288;7288;1979-01-24;-0.0043832904970333;-0.43832904970333;1.7824182904895085
7289;7289;1979-01-25;0.0102310102185781;1.02310102185781;1.7926493007080866
7290;7290;1979-01-26;0.0065993737673872;0.65993737673872;1.7992486744754739
7291;7291;1979-01-29;-0.0030480137053645;-0.30480137053645;1.7962006607701093
7292;7292;1979-01-30;-0.0049358440305873;-0.49358440305873;1.791264816739522
7293;7293;1979-01-31;-0.0111455326642051;-1.11455326642051;1.7801192840753168
7294;7294;1979-02-01;0.000300155089052;0.0300155089052;1.7804194391643688
7295;7295;1979-02-02;-0.0046124517982031;-0.46124517982031;1.7758069873661657
7296;7296;1979-02-05;-0.0142722603671999;-1.42722603671999;1.7615347269989658
7297;7297;1979-02-06;-0.0004078005583574;-0.04078005583574;1.7611269264406084
7298;7298;1979-02-07;-0.0091184379358129;-0.91184379358129;1.7520084885047955
7299;7299;1979-02-08;0.0050305325008217;0.50305325008217;1.7570390210056173
7300;7300;1979-02-09;0.0022504202866358;0.22504202866358;1.759289441292253
7301;7301;1979-02-12;0.003366086719887;0.33660867198870004;1.76265552801214
7302;7302;1979-02-13;0.0074063445246102;0.74063445246102;1.7700618725367503
7303;7303;1979-02-14;-0.0006066430832154;-0.060664308321539996;1.7694552294535348
7304;7304;1979-02-15;-0.0014170042426568;-0.14170042426568;1.768038225210878
7305;7305;1979-02-16;-0.0006079534097693;-0.060795340976930005;1.7674302718011086
7306;7306;1979-02-20;0.0075723519503601;0.75723519503601;1.7750026237514687
7307;7307;1979-02-21;-0.0035266095649113;-0.35266095649113;1.7714760141865573
7308;7308;1979-02-22;-0.0074974818532016;-0.74974818532016;1.7639785323333557
7309;7309;1979-02-23;-0.0056091422082778;-0.56091422082778;1.7583693901250779
7310;7310;1979-02-26;-0.0011256179411907;-0.11256179411907;1.7572437721838872
7311;7311;1979-02-27;-0.0158930181122834;-1.58930181122834;1.7413507540716038
7312;7312;1979-02-28;0.0015591916585133;0.15591916585133;1.7429099457301171
7313;7313;1979-03-01;0.0064189370080569;0.64189370080569;1.749328882738174
7314;7314;1979-03-02;0.000722123092367;0.0722123092367;1.7500510058305412
7315;7315;1979-03-05;0.0111778531984887;1.1177853198488699;1.76122885902903
7316;7316;1979-03-06;-0.0019394177367768;-0.19394177367768;1.759289441292253
7317;7317;1979-03-07;0.0058071477491648;0.58071477491648;1.7650965890414179
7318;7318;1979-03-08;0.011514115458592;1.1514115458592;1.77661070450001
7319;7319;1979-03-09;-0.0004017778217706;-0.04017778217706;1.7762089266782393
7320;7320;1979-03-12;0.0013051254365255;0.13051254365255;1.7775140521147648
7321;7321;1979-03-13;0.0017041556438686;0.17041556438686;1.7792182077586334
7322;7322;1979-03-14;-0.0013029017453973;-0.13029017453973002;1.777915306013236
7323;7323;1979-03-15;0.0015032522748654;0.15032522748654;1.7794185582881015
7324;7324;1979-03-16;0.0082772947039861;0.82772947039861;1.7876958529920877
7325;7325;1979-03-19;0.0036678702830697;0.36678702830697;1.7913637232751574
7326;7326;1979-03-20;-0.0055566525744081;-0.55566525744081;1.7858070707007492
7327;7327;1979-03-21;0.0074349784875185;0.74349784875185;1.7932420491882677
7328;7328;1979-03-22;0.0041395486289346;0.41395486289346006;1.7973815978172023
7329;7329;1979-03-23;-0.0006887391562413;-0.06887391562413;1.796692858660961
7330;7330;1979-03-26;-0.0055270275200358;-0.55270275200358;1.791165831140925
7331;7331;1979-03-27;0.0141511989231766;1.41511989231766;1.8053170300641017
7332;7332;1979-03-28;-0.0035190651119974;-0.35190651119974004;1.8017979649521043
7333;7333;1979-03-29;-0.0008817438643102;-0.08817438643101999;1.800916221087794
7334;7334;1979-03-30;-0.0043218121566761;-0.43218121566761;1.7965944089311179
7335;7335;1979-04-02;-0.0068151185483307;-0.68151185483307;1.7897792903827872
7336;7336;1979-04-03;0.0147567849554893;1.4756784955489302;1.8045360753382764
7337;7337;1979-04-04;0.0024384308119671;0.24384308119671;1.8069745061502436
7338;7338;1979-04-05;0.0059249358714623;0.59249358714623;1.812899442021706
7339;7339;1979-04-06;-0.0007750630035827;-0.07750630035827;1.8121243790181232
7340;7340;1979-04-09;-0.0030089515105444;-0.30089515105444;1.8091154275075787
7341;7341;1979-04-10;0.004558399845898;0.4558399845898;1.8136738273534767
7342;7342;1979-04-11;-0.0100170838094407;-1.0017083809440699;1.803656743544036
7343;7343;1979-04-12;-0.0030345870581465;-0.30345870581464995;1.8006221564858895
7344;7344;1979-04-16;-0.0086648532180024;-0.86648532180024;1.791957303267887
7345;7345;1979-04-17;0.0011859558556173;0.11859558556173;1.7931432591235044
7346;7346;1979-04-18;0.0045333576341031;0.45333576341031;1.7976766167576075
7347;7347;1979-04-19;-0.0041383250337405;-0.41383250337405;1.793538291723867
7348;7348;1979-04-20;-0.000493763276105;-0.0493763276105;1.7930445284477619
7349;7349;1979-04-23;0.0033530307052664;0.33530307052664;1.7963975591530283
7350;7350;1979-04-24;0.0061834324639864;0.6183432463986399;1.8025809916170148
7351;7351;1979-04-25;0.0029311501630671;0.29311501630671;1.805512141780082
7352;7352;1979-04-26;-0.004791931278115;-0.4791931278115;1.8007202105019668
7353;7353;1979-04-27;-0.0020607337143783;-0.20607337143783;1.7986594767875885
7354;7354;1979-04-30;-0.0003930143400694;-0.03930143400694;1.798266462447519
7355;7355;1979-05-01;-0.0007864923647016;-0.07864923647016;1.7974799700828175
7356;7356;1979-05-02;0.0003933235036281;0.03933235036281;1.7978732935864457
7357;7357;1979-05-03;0.0008843610898416;0.08843610898416;1.7987576546762873
7358;7358;1979-05-04;-0.0110618016841997;-1.10618016841997;1.7876958529920877
7359;7359;1979-05-07;-0.0167246901541018;-1.6724690154101802;1.7709711628379858
7360;7360;1979-05-08;0.0015137093942776;0.15137093942776;1.7724848722322635
7361;7361;1979-05-09;0.0029200142016545;0.29200142016545;1.775404886433918
7362;7362;1979-05-10;-0.0094960004306319;-0.9496000430631899;1.765908886003286
7363;7363;1979-05-11;0.0;0.0;1.765908886003286
7364;7364;1979-05-14;-0.0046800269742561;-0.46800269742560996;1.76122885902903
7365;7365;1979-05-15;0.0008155046448212;0.08155046448212;1.7620443636738512
7366;7366;1979-05-16;0.0028489946445269;0.28489946445269;1.7648933583183781
7367;7367;1979-05-17;0.0153260108113065;1.53260108113065;1.7802193691296846
7368;7368;1979-05-18;-0.0001000850543677;-0.01000850543677;1.7801192840753168
7369;7369;1979-05-21;0.0020992560420811;0.20992560420811002;1.782218540117398
7370;7370;1979-05-22;0.003688048019387;0.3688048019387;1.785906588136785
7371;7371;1979-05-23;-0.0061876744021196;-0.6187674402119601;1.7797189137346654
7372;7372;1979-05-24;0.0004003703406514;0.04003703406514;1.7801192840753168
7373;7373;1979-05-25;0.0028978386359286;0.28978386359286;1.7830171227112455
7374;7374;1979-05-29;-0.0016976884948771;-0.16976884948770998;1.7813194342163683
7375;7375;1979-05-30;-0.0094397365063327;-0.94397365063327;1.7718796977100355
7376;7376;1979-05-31;-0.0003027297015494;-0.03027297015494;1.771576968008486
7377;7377;1979-06-01;0.0009079042237774;0.09079042237774;1.7724848722322635
7378;7378;1979-06-04;0.0015114316093214;0.15114316093214;1.773996303841585
7379;7379;1979-06-05;0.0130041142383517;1.30041142383517;1.7870004180799366
7380;7380;1979-06-06;0.0067353659913242;0.67353659913242;1.7937357840712609
7381;7381;1979-06-07;0.0048254364187538;0.48254364187537996;1.7985612204900148
7382;7382;1979-06-08;-0.0029516255340444;-0.29516255340444003;1.7956095949559703
7383;7383;1979-06-11;0.0041298583365687;0.41298583365687;1.799739453292539
7384;7384;1979-06-12;0.0091814865622508;0.91814865622508;1.8089209398547899
7385;7385;1979-06-13;-0.0052641963107538;-0.52641963107538;1.803656743544036
7386;7386;1979-06-14;-0.0010757519270212;-0.10757519270212;1.8025809916170148
7387;7387;1979-06-15;-0.0010769104155876;-0.10769104155876001;1.8015040812014271
7388;7388;1979-06-18;-0.0052050008561233;-0.5205000856123301;1.7962990803453038
7389;7389;1979-06-19;0.0001969479183285;0.01969479183285;1.7964960282636324
7390;7390;1979-06-20;0.0004920525688181;0.04920525688181;1.7969880808324505
7391;7391;1979-06-21;0.0045160003689765;0.45160003689764994;1.8015040812014271
7392;7392;1979-06-22;0.0053729725647819;0.53729725647819;1.806877053766209
7393;7393;1979-06-25;-0.0053729725647819;-0.53729725647819;1.8015040812014271
7394;7394;1979-06-26;-0.0042207866342103;-0.42207866342103006;1.7972832945672168
7395;7395;1979-06-27;0.0059823941182077;0.59823941182077;1.8032656886854246
7396;7396;1979-06-28;0.0051690367201375;0.51690367201375;1.8084347254055622
7397;7397;1979-06-29;0.0010694765129706;0.10694765129706;1.8095042019185328
7398;7398;1979-07-02;-0.0089801090642529;-0.89801090642529;1.8005240928542798
7399;7399;1979-07-03;0.0009799883471472;0.09799883471472001;1.8015040812014271
7400;7400;1979-07-05;0.0033249004486348;0.33249004486348;1.804828981650062
7401;7401;1979-07-06;0.0115507518901383;1.15507518901383;1.8163797335402003
7402;7402;1979-07-09;0.0081695680829607;0.81695680829607;1.824549301623161
7403;7403;1979-07-10;-0.0025878578930633;-0.25878578930633;1.8219614437300977
7404;7404;1979-07-11;-0.0053887544833539;-0.53887544833539;1.8165726892467438
7405;7405;1979-07-12;-0.0092085853588281;-0.92085853588281;1.8073641038879156
7406;7406;1979-07-13;-0.0036096034157093;-0.36096034157093004;1.8037545004722062
7407;7407;1979-07-16;0.0040963483019194;0.40963483019193997;1.8078508487741256
7408;7408;1979-07-17;-0.008896729748355;-0.8896729748355;1.7989541190257705
7409;7409;1979-07-18;-0.0013757863534884;-0.13757863534884;1.797578332672282
7410;7410;1979-07-19;-0.0007870241313225;-0.07870241313225;1.7967913085409595
7411;7411;1979-07-20;0.0020645831348495;0.20645831348495;1.798855891675809
7412;7412;1979-07-23;-0.0022614827446911;-0.22614827446911;1.7965944089311179
7413;7413;1979-07-24;0.0037335964534408;0.37335964534408;1.8003280053845587
7414;7414;1979-07-25;0.01082674300363;1.0826743003630002;1.8111547483881887
7415;7415;1979-07-26;0.0001939664377017;0.01939664377017;1.8113487148258904
7416;7416;1979-07-27;0.0;0.0;1.8113487148258904
7417;7417;1979-07-30;0.0004848872822282;0.04848872822282;1.8118336021081187
7418;7418;1979-07-31;0.0063780270326869;0.6378027032686899;1.8182116291408057
7419;7419;1979-08-01;0.003461874857785;0.3461874857785;1.8216735039985907
7420;7420;1979-08-02;-0.0006722043883451;-0.06722043883451001;1.8210012996102456
7421;7421;1979-08-03;-0.0005765062164879;-0.05765062164879001;1.8204247933937576
7422;7422;1979-08-06;0.0024959405777709;0.24959405777709;1.8229207339715285
7423;7423;1979-08-07;0.0128603722225868;1.28603722225868;1.8357811061941154
7424;7424;1979-08-08;0.0031186623793466;0.31186623793466;1.838899768573462
7425;7425;1979-08-09;-0.0046342826372693;-0.46342826372692997;1.8342654859361927
7426;7426;1979-08-10;0.0085894529699626;0.8589452969962601;1.8428549389061553
7427;7427;1979-08-13;0.0095407701542695;0.95407701542695;1.8523957090604248
7428;7428;1979-08-14;0.0009304830142475;0.09304830142475;1.8533261920746724
7429;7429;1979-08-15;0.0067665180095453;0.67665180095453;1.8600927100842177
7430;7430;1979-08-16;-0.0014791904606861;-0.14791904606861;1.8586135196235316
7431;7431;1979-08-17;0.0019410052858628;0.19410052858628;1.8605545249093944
7432;7432;1979-08-20;0.0048818683774802;0.48818683774802;1.8654363932868747
7433;7433;1979-08-21;0.0007348397299118;0.07348397299118;1.8661712330167866
7434;7434;1979-08-22;0.0007342267357453;0.07342267357453;1.8669054597525319
7435;7435;1979-08-23;-0.0033085317219345;-0.33085317219345;1.8635969280305973
7436;7436;1979-08-24;-0.00027619574535;-0.027619574535;1.8633207322852472
7437;7437;1979-08-27;0.0049600635119135;0.49600635119135;1.8682807957971608
7438;7438;1979-08-28;-0.0011001284772937;-0.11001284772936999;1.867180667319867
7439;7439;1979-08-29;0.0;0.0;1.867180667319867
7440;7440;1979-08-30;0.0;0.0;1.867180667319867
7441;7441;1979-08-31;0.002748036941619;0.2748036941619;1.869928704261486
7442;7442;1979-09-04;-0.0173467902298441;-1.73467902298441;1.852581914031642
7443;7443;1979-09-05;-0.0097269751254867;-0.97269751254867;1.8428549389061553
7444;7444;1979-09-06;0.0042203673427909;0.42203673427909;1.8470753062489462
7445;7445;1979-09-07;0.0075521872394865;0.75521872394865;1.8546274934884328
7446;7446;1979-09-10;0.0047258948659694;0.47258948659694;1.8593533883544022
7447;7447;1979-09-11;-0.0061201600527258;-0.6120160052725799;1.8532332283016764
7448;7448;1979-09-12;0.0028792849234653;0.28792849234653;1.8561125132251417
7449;7449;1979-09-13;0.0002781842673682;0.02781842673682;1.85639069749251
7450;7450;1979-09-14;0.0084022838624919;0.84022838624919;1.864792981355002
7451;7451;1979-09-17;0.0007352390104671;0.07352390104671;1.865528220365469
7452;7452;1979-09-18;-0.0077476500396302;-0.7747650039630201;1.8577805703258388
7453;7453;1979-09-19;0.0025892283865642;0.25892283865642;1.860369798712403
7454;7454;1979-09-20;0.0203855771878159;2.03855771878159;1.880755375900219
7455;7455;1979-09-21;-0.0003620327621849;-0.03620327621849;1.880393343138034
7456;7456;1979-09-24;-0.0078153795855282;-0.7815379585528199;1.8725779635525057
7457;7457;1979-09-25;0.0006384149031717;0.06384149031717;1.8732163784556775
7458;7458;1979-09-26;0.0025496189487705;0.25496189487705;1.875765997404448
7459;7459;1979-09-27;0.0022709734270343;0.22709734270343002;1.8780369708314824
7460;7460;1979-09-28;-0.0081082665699963;-0.81082665699963;1.869928704261486
7461;7461;1979-10-01;-0.0069763639562454;-0.6976363956245399;1.8629523403052406
7462;7462;1979-10-02;0.0094430958719975;0.94430958719975;1.8723954361772381
7463;7463;1979-10-03;0.0;0.0;1.8723954361772381
7464;7464;1979-10-04;0.0052785162225914;0.52785162225914;1.8776739523998296
7465;7465;1979-10-05;0.0099350440099526;0.99350440099526;1.8876089964097822
7466;7466;1979-10-08;-0.012570819283602;-1.2570819283602;1.8750381771261802
7467;7467;1979-10-09;-0.0300239640291444;-3.00239640291444;1.8450142130970357
7468;7468;1979-10-10;-0.0125514222654592;-1.25514222654592;1.8324627908315765
7469;7469;1979-10-11;-0.0023769917811193;-0.23769917811193;1.830085799050457
7470;7470;1979-10-12;-0.0053451019434067;-0.5345101943406699;1.8247406971070503
7471;7471;1979-10-15;-0.0108733041962177;-1.0873304196217701;1.8138673929108327
7472;7472;1979-10-16;-0.0016460811998682;-0.16460811998682;1.8122213117109645
7473;7473;1979-10-17;0.0019362674171405;0.19362674171405;1.814157579128105
7474;7474;1979-10-18;0.0021256239887526;0.21256239887526;1.8162832031168576
7475;7475;1979-10-19;-0.0195903444558967;-1.9590344455896702;1.796692858660961
7476;7476;1979-10-22;-0.0087984257287896;-0.8798425728789601;1.7878944329321713
7477;7477;1979-10-23;-0.0042788264125377;-0.42788264125376996;1.7836156065196336
7478;7478;1979-10-24;0.0015942908837551;0.15942908837551;1.7852098974033888
7479;7479;1979-10-25;-0.0043903682136781;-0.43903682136780997;1.7808195291897106
7480;7480;1979-10-26;0.0056838164682968;0.5683816468296801;1.7865033456580075
7481;7481;1979-10-29;0.0013910872741638;0.13910872741638;1.7878944329321713
7482;7482;1979-10-30;0.019274852100434;1.9274852100434;1.8071692850326053
7483;7483;1979-10-31;-0.0083133933567962;-0.83133933567962;1.798855891675809
7484;7484;1979-11-01;0.007338943845129;0.7338943845129;1.806194835520938
7485;7485;1979-11-02;-0.0005851180137179;-0.058511801371790004;1.80560971750722
7486;7486;1979-11-05;-0.006753825831411;-0.6753825831411;1.798855891675809
7487;7487;1979-11-06;-0.0061078212650942;-0.61078212650942;1.7927480704107148
7488;7488;1979-11-07;-0.0132293569150024;-1.32293569150024;1.7795187134957124
7489;7489;1979-11-08;0.0042963545840653;0.42963545840653;1.7838150680797777
7490;7490;1979-11-09;0.0119916106206732;1.19916106206732;1.795806678700451
7491;7491;1979-11-12;0.0195109102186315;1.95109102186315;1.8153175889190825
7492;7492;1979-11-13;-0.0055219320640613;-0.55219320640613;1.809795656855021
7493;7493;1979-11-14;0.0043619222730839;0.43619222730839;1.814157579128105
7494;7494;1979-11-15;0.007131853805177;0.7131853805177;1.821289432933282
7495;7495;1979-11-16;-0.0032704531196259;-0.32704531196259;1.8180189798136561
7496;7496;1979-11-19;0.0042303879216936;0.42303879216936;1.8222493677353497
7497;7497;1979-11-20;-0.0051943266752809;-0.51943266752809;1.8170550410600688
7498;7498;1979-11-21;0.0019269395984249;0.19269395984249;1.8189819806584937
7499;7499;1979-11-23;0.0074798873022459;0.74798873022459;1.8264618679607396
7500;7500;1979-11-26;0.0201454298568606;2.01454298568606;1.8466072978176002
7501;7501;1979-11-27;-0.0039403935025994;-0.39403935025993997;1.8426669043150008
7502;7502;1979-11-28;0.0036593989790487;0.36593989790487;1.8463263032940496
7503;7503;1979-11-29;0.0003745762843347;0.037457628433469996;1.8467008795783844
7504;7504;1979-11-30;-0.0061041086738393;-0.61041086738393;1.840596770904545
7505;7505;1979-12-03;-0.0031133756990602;-0.31133756990602;1.8374833952054848
7506;7506;1979-12-04;0.0090302465437606;0.9030246543760599;1.8465136417492454
7507;7507;1979-12-05;0.0042982592604996;0.42982592604995995;1.850811901009745
7508;7508;1979-12-06;0.0069686693160937;0.69686693160937;1.8577805703258388
7509;7509;1979-12-07;-0.0044543782511663;-0.44543782511663;1.8533261920746724
7510;7510;1979-12-10;0.0013941263792958;0.13941263792958;1.8547203184539682
7511;7511;1979-12-11;-0.0016731738737592;-0.16731738737592;1.853047144580209
7512;7512;1979-12-12;0.0002790474944633;0.02790474944633;1.8533261920746724
7513;7513;1979-12-13;0.0013941263792958;0.13941263792958;1.8547203184539682
7514;7514;1979-12-14;0.0115426741911087;1.15426741911087;1.866262992645077
7515;7515;1979-12-17;0.0037572002961754;0.37572002961754003;1.8700201929412523
7516;7516;1979-12-18;-0.0094656680318578;-0.9465668031857799;1.8605545249093944
7517;7517;1979-12-19;-0.0009238430218276;-0.09238430218276;1.8596306818875667
7518;7518;1979-12-20;0.0005544211569281;0.05544211569281;1.860185103044495
7519;7519;1979-12-21;-0.0062080904152352;-0.62080904152352;1.8539770126292596
7520;7520;1979-12-24;0.0006504808591731;0.06504808591731;1.8546274934884328
7521;7521;1979-12-26;0.0011139529403774;0.11139529403774;1.8557414464288102
7522;7522;1979-12-27;0.0016686756599222;0.16686756599222002;1.8574101220887325
7523;7523;1979-12-28;-0.0011121688151059;-0.11121688151059;1.8562979532736266
7524;7524;1979-12-31;0.0009269256473007;0.09269256473007;1.8572248789209274
7525;7525;1980-01-02;-0.0204031407051914;-2.04031407051914;1.836821738215736
7526;7526;1980-01-03;-0.0051189892075598;-0.51189892075598;1.831702749008176
7527;7527;1980-01-04;0.0122793269754489;1.22793269754489;1.843982075983625
7528;7528;1980-01-07;0.0027188035947594;0.27188035947593997;1.8467008795783844
7529;7529;1980-01-08;0.0198374974782958;1.98374974782958;1.8665383770566801
7530;7530;1980-01-09;0.0009174863028924;0.09174863028924;1.8674558633595726
7531;7531;1980-01-10;0.0076733362008694;0.7673336200869401;1.875129199560442
7532;7532;1980-01-11;0.0002729539201649;0.02729539201649;1.875402153480607
7533;7533;1980-01-14;0.00417612055353;0.417612055353;1.879578274034137
7534;7534;1980-01-15;0.0068617280215965;0.68617280215965;1.8864400020557335
7535;7535;1980-01-16;-0.0008100814988205;-0.08100814988205;1.885629920556913
7536;7536;1980-01-17;-0.0031567647409742;-0.31567647409742;1.8824731558159387
7537;7537;1980-01-18;0.0033368205647086;0.33368205647086;1.8858099763806473
7538;7538;1980-01-21;0.0092306790578726;0.92306790578726;1.89504065543852
7539;7539;1980-01-22;-0.0052770213240194;-0.52770213240194;1.8897636341145005
7540;7540;1980-01-23;0.0171597895014006;1.71597895014006;1.9069234236159012
7541;7541;1980-01-24;0.0022892939569834;0.22892939569834;1.9092127175728846
7542;7542;1980-01-25;-0.0007918349874103;-0.07918349874102999;1.9084208825854743
7543;7543;1980-01-28;0.0108553723372333;1.08553723372333;1.9192762549227076
7544;7544;1980-01-29;-0.0068146166812823;-0.68146166812823;1.9124616382414252
7545;7545;1980-01-30;0.0098574271803171;0.98574271803171;1.9223190654217424
7546;7546;1980-01-31;-0.0090687140130008;-0.90687140130008;1.9132503514087416
7547;7547;1980-02-01;0.0083740804317527;0.8374080431752701;1.9216244318404943
7548;7548;1980-02-04;-0.0065362556150958;-0.6536255615095801;1.9150881762253984
7549;7549;1980-02-05;0.0025324293422057;0.25324293422057;1.9176206055676042
7550;7550;1980-02-06;0.0092022263834978;0.92022263834978;1.926822831951102
7551;7551;1980-02-07;0.0048275783412608;0.48275783412608;1.9316504102923628
7552;7552;1980-02-08;0.0142597133284337;1.42597133284337;1.9459101236207965
7553;7553;1980-02-11;-0.0070617045914227;-0.7061704591422701;1.9388484190293738
7554;7554;1980-02-12;0.0066377486790987;0.66377486790987;1.9454861677084725
7555;7555;1980-02-13;0.0045696956127239;0.45696956127238997;1.9500558633211964
7556;7556;1980-02-14;-0.014628607337535;-1.4628607337535;1.9354272559836614
7557;7557;1980-02-15;-0.0112868726906878;-1.12868726906878;1.9241403832929735
7558;7558;1980-02-19;-0.0070432532627222;-0.70432532627222;1.9170971300302513
7559;7559;1980-02-20;0.0161859508718303;1.61859508718303;1.9332830809020816
7560;7560;1980-02-21;-0.0102697946837278;-1.02697946837278;1.9230132862183538
7561;7561;1980-02-22;-0.0020840403513693;-0.20840403513693;1.9209292458669844
7562;7562;1980-02-25;-0.0149759682729309;-1.49759682729309;1.9059532775940535
7563;7563;1980-02-26;0.0057190863348255;0.5719086334825499;1.911672363928879
7564;7564;1980-02-27;-0.0141370617383503;-1.41370617383503;1.8975353021905288
7565;7565;1980-02-28;-0.0002669781590851;-0.02669781590851;1.8972683240314436
7566;7566;1980-02-29;0.0115925902318299;1.15925902318299;1.9088609142632735
7567;7567;1980-03-03;-0.01025834941718;-1.0258349417180002;1.8986025648460936
7568;7568;1980-03-04;0.0024857878677409;0.24857878677409;1.9010883527138345
7569;7569;1980-03-05;-0.0147383493100719;-1.47383493100719;1.8863500034037626
7570;7570;1980-03-06;-0.0225689350919742;-2.25689350919742;1.8637810683117884
7571;7571;1980-03-07;-0.016237888370096;-1.6237888370096;1.8475431799416924
7572;7572;1980-03-10;-0.0036549405074195;-0.36549405074194996;1.8438882394342728
7573;7573;1980-03-11;0.0118532069945374;1.18532069945374;1.8557414464288102
7574;7574;1980-03-12;-0.0084789326188978;-0.8478932618897801;1.8472625138099124
7575;7575;1980-03-13;-0.0117653949257956;-1.17653949257956;1.8354971188841167
7576;7576;1980-03-14;-0.0018005500936393;-0.18005500936393;1.8336965687904774
7577;7577;1980-03-17;-0.0305286163790157;-3.05286163790157;1.8031679524114617
7578;7578;1980-03-18;0.0178333471987839;1.7833347198783898;1.8210012996102456
7579;7579;1980-03-19;0.0020152591056357;0.20152591056357;1.8230165587158813
7580;7580;1980-03-20;-0.0114738277910114;-1.14738277910114;1.81154273092487
7581;7581;1980-03-21;-0.0078859873808339;-0.78859873808339;1.803656743544036
7582;7582;1980-03-24;-0.0300632695185872;-3.00632695185872;1.7735934740254489
7583;7583;1980-03-25;-0.0009069079026051;-0.09069079026051;1.7726865661228437
7584;7584;1980-03-26;-0.0051549312600691;-0.51549312600691;1.7675316348627745
7585;7585;1980-03-27;-0.0046724208688315;-0.46724208688315;1.762859213993943
7586;7586;1980-03-28;0.0247372994747908;2.47372994747908;1.7875965134687337
7587;7587;1980-03-31;0.0139075677326934;1.39075677326934;1.8015040812014271
7588;7588;1980-04-01;0.0008812259028436;0.08812259028436001;1.8023853071042708
7589;7589;1980-04-02;0.0048813921002874;0.48813921002874;1.8072666992045583
7590;7590;1980-04-03;-0.0051750151602583;-0.51750151602583;1.8020916840443
7591;7591;1980-04-07;-0.019373937609438;-1.9373937609438001;1.782717746434862
7592;7592;1980-04-08;0.0100303239758528;1.00303239758528;1.7927480704107148
7593;7593;1980-04-09;0.0186976620191368;1.86976620191368;1.8114457324298516
7594;7594;1980-04-10;0.0093634641920044;0.93634641920044;1.820809196621856
7595;7595;1980-04-11;-0.0027902168081999;-0.27902168081999;1.8180189798136561
7596;7596;1980-04-14;-0.0091952931097205;-0.91952931097205;1.8088236867039356
7597;7597;1980-04-15;-0.0020440850759131;-0.20440850759131002;1.8067796016280224
7598;7598;1980-04-16;-0.0106774390588198;-1.06774390588198;1.7961021625692026
7599;7599;1980-04-17;-0.0048373458296806;-0.48373458296806;1.791264816739522
7600;7600;1980-04-18;-0.0049603274833396;-0.49603274833396;1.7863044892561823
7601;7601;1980-04-21;-0.0074869326770254;-0.74869326770254;1.7788175565791569
7602;7602;1980-04-22;0.0357268420121741;3.5726842012174096;1.814544398591331
7603;7603;1980-04-23;0.0028963429752622;0.28963429752622;1.8174407415665932
7604;7604;1980-04-24;0.0064382962406517;0.6438296240651701;1.823879037807245
7605;7605;1980-04-25;0.0072533432933301;0.72533432933301;1.831132381100575
7606;7606;1980-04-28;0.0045540400638639;0.45540400638639;1.835686421164439
7607;7607;1980-04-29;0.0020803979134598;0.20803979134598;1.8377668190778988
7608;7608;1980-04-30;0.004053741077433;0.40537410774329996;1.841820560155332
7609;7609;1980-05-01;-0.0078394923336579;-0.78394923336579;1.833981067821674
7610;7610;1980-05-02;0.0011372537183964;0.11372537183964;1.8351183215400704
7611;7611;1980-05-05;0.0075485827749304;0.75485827749304;1.8426669043150008
7612;7612;1980-05-06;-0.0012227533088555;-0.12227533088555;1.8414441510061452
7613;7613;1980-05-07;0.0087148562621779;0.8714856262177899;1.8501590072683232
7614;7614;1980-05-08;-0.0098449345601929;-0.9844934560192901;1.8403140727081302
7615;7615;1980-05-09;-0.0133745983555924;-1.33745983555924;1.8269394743525378
7616;7616;1980-05-12;0.0005727732853486;0.05727732853485999;1.8275122476378864
7617;7617;1980-05-13;0.0144024091336474;1.44024091336474;1.8419146567715339
7618;7618;1980-05-14;0.0051606494774123;0.5160649477412299;1.8470753062489462
7619;7619;1980-05-15;0.001309390409852;0.13093904098519998;1.8483846966587982
7620;7620;1980-05-16;0.0033591522369631;0.33591522369631;1.8517438488957614
7621;7621;1980-05-19;0.0029764695582068;0.29764695582068;1.8547203184539682
7622;7622;1980-05-20;-0.0004644433152165;-0.04644433152165;1.8542558751387517
7623;7623;1980-05-21;0.0009287452895927;0.09287452895927;1.8551846204283444
7624;7624;1980-05-22;0.0119043622604824;1.19043622604824;1.8670889826888268
7625;7625;1980-05-23;0.0146612921991931;1.4661292199193101;1.88175027488802
7626;7626;1980-05-27;0.0070264137601041;0.70264137601041;1.888776688648124
7627;7627;1980-05-28;0.0059070788430517;0.59070788430517;1.8946837674911758
7628;7628;1980-05-29;-0.0161025477249188;-1.61025477249188;1.878581219766257
7629;7629;1980-05-30;0.0087581348219814;0.87581348219814;1.8873393545882384
7630;7630;1980-06-02;-0.0043242950267981;-0.43242950267981;1.8830150595614403
7631;7631;1980-06-03;-0.0022596836612214;-0.22596836612214;1.880755375900219
7632;7632;1980-06-04;0.0188244978905399;1.8824497890539902;1.8995798737907588
7633;7633;1980-06-05;0.0015084789230757;0.15084789230757;1.9010883527138345
7634;7634;1980-06-06;0.0037171297550999;0.37171297550999;1.9048054824689344
7635;7635;1980-06-09;0.0044951995750146;0.44951995750146;1.909300682043949
7636;7636;1980-06-10;0.008319923523655;0.8319923523655;1.9176206055676042
7637;7637;1980-06-11;0.0117913018143216;1.17913018143216;1.9294119073819258
7638;7638;1980-06-12;-0.00431891500532;-0.431891500532;1.9250929923766058
7639;7639;1980-06-13;0.0025072507516332;0.25072507516332;1.927600243128239
7640;7640;1980-06-16;0.0024148179672982;0.24148179672982;1.9300150610955373
7641;7641;1980-06-17;-0.0005169481529252;-0.05169481529252;1.929498112942612
7642;7642;1980-06-18;0.0019803097350328;0.19803097350327997;1.931478422677645
7643;7643;1980-06-19;-0.0138578171100407;-1.38578171100407;1.9176206055676042
7644;7644;1980-06-20;-0.0052466541722235;-0.52466541722235;1.9123739513953806
7645;7645;1980-06-23;0.0039375646972095;0.39375646972095;1.91631151609259
7646;7646;1980-06-24;0.0054865976716129;0.5486597671612901;1.921798113764203
7647;7647;1980-06-25;0.0136291422194583;1.3629142219458301;1.9354272559836614
7648;7648;1980-06-26;-0.0045511133740872;-0.45511133740872;1.9308761426095742
7649;7649;1980-06-27;-0.0016366083015908;-0.16366083015908;1.9292395343079833
7650;7650;1980-06-30;-0.0152887100220935;-1.52887100220935;1.9139508242858898
7651;7651;1980-07-01;0.0060217662963966;0.60217662963966;1.9199725905822864
7652;7652;1980-07-02;0.006504511029787;0.6504511029787;1.9264771016120734
7653;7653;1980-07-03;0.0152700831703827;1.52700831703827;1.9417471847824561
7654;7654;1980-07-07;0.0070414034306081;0.7041403430608101;1.9487885882130642
7655;7655;1980-07-08;-0.0038115068014024;-0.38115068014024;1.9449770814116618
7656;7656;1980-07-09;0.0011874057929244;0.11874057929244;1.9461644872045862
7657;7657;1980-07-10;-0.0087686766247676;-0.87686766247676;1.9373958105798186
7658;7658;1980-07-11;0.0075812708318432;0.7581270831843201;1.9449770814116618
7659;7659;1980-07-14;0.0182473510985846;1.82473510985846;1.9632244325102464
7660;7660;1980-07-15;-0.0059337350580683;-0.59337350580683;1.957290697452178
7661;7661;1980-07-16;0.0027622668549316;0.27622668549316;1.9600529643071096
7662;7662;1980-07-17;0.015016709010867;1.5016709010867;1.9750696733179767
7663;7663;1980-07-18;0.0049285379261458;0.49285379261458;1.9799982112441226
7664;7664;1980-07-21;0.0038438075887734;0.38438075887734;1.983842018832896
7665;7665;1980-07-22;-0.002615448934895;-0.2615448934895;1.981226569898001
7666;7666;1980-07-23;-0.0021301171242083;-0.21301171242082997;1.9790964527737926
7667;7667;1980-07-24;-0.0011488512623003;-0.11488512623003;1.9779476015114923
7668;7668;1980-07-25;-0.0083275577096344;-0.8327557709634399;1.9696200438018578
7669;7669;1980-07-28;0.0053672644654883;0.53672644654883;1.9749873082673461
7670;7670;1980-07-29;0.0079564213523672;0.79564213523672;1.9829437296197134
7671;7671;1980-07-30;-0.001389846085031;-0.1389846085031;1.9815538835346824
7672;7672;1980-07-31;-0.0045920949716116;-0.45920949716116;1.9769617885630708
7673;7673;1980-08-01;-0.0037878751291753;-0.37878751291753;1.9731739134338955
7674;7674;1980-08-04;-0.0018993027560219;-0.18993027560219;1.9712746106778736
7675;7675;1980-08-05;-0.0019858106724939;-0.19858106724939;1.9692888000053796
7676;7676;1980-08-06;0.0066862686395721;0.6686268639572099;1.9759750686449518
7677;7677;1980-08-07;0.0142947090578653;1.42947090578653;1.990269777702817
7678;7678;1980-08-08;0.0025110214884938;0.25110214884938004;1.992780799191311
7679;7679;1980-08-11;0.0094207226788434;0.94207226788434;2.002201521870154
7680;7680;1980-08-12;-0.0079655890466199;-0.79655890466199;1.9942359328235342
7681;7681;1980-08-13;-0.0041284067216711;-0.41284067216711;1.990107526101863
7682;7682;1980-08-14;0.0158535570647294;1.58535570647294;2.0059610831665924
7683;7683;1980-08-15;0.0037454799185772;0.37454799185772;2.0097065630851696
7684;7684;1980-08-18;-0.0187071570774933;-1.87071570774933;1.9909994060076763
7685;7685;1980-08-19;-0.0064230556171605;-0.64230556171605;1.9845763503905158
7686;7686;1980-08-20;0.0094979731245263;0.9497973124526301;1.9940743235150422
7687;7687;1980-08-21;0.0135619943845056;1.35619943845056;2.0076363178995478
7688;7688;1980-08-22;0.0044536260102345;0.44536260102345004;2.0120899439097824
7689;7689;1980-08-25;-0.0068476499483907;-0.68476499483907;2.0052422939613916
7690;7690;1980-08-26;-0.0025600653982076;-0.25600653982076;2.002682228563184
7691;7691;1980-08-27;-0.010629823372664;-1.0629823372664;1.99205240519052
7692;7692;1980-08-28;-0.011726478070055;-1.1726478070055;1.980325927120465
7693;7693;1980-08-29;0.0024543496017388;0.24543496017388;1.9827802767222038
7694;7694;1980-09-02;0.0110516404193355;1.10516404193355;1.9938319171415393
7695;7695;1980-09-03;0.0190512845238091;1.9051284523809098;2.0128832016653484
7696;7696;1980-09-04;-0.0055657692952753;-0.55657692952753;2.007317432370073
7697;7697;1980-09-05;-0.0043148369843404;-0.43148369843404;2.0030025953857327
7698;7698;1980-09-08;-0.0126517585209598;-1.26517585209598;1.9903508368647729
7699;7699;1980-09-09;0.0061444287916261;0.61444287916261;1.996495265656399
7700;7700;1980-09-10;0.0059466424512244;0.59466424512244;2.0024419081076235
7701;7701;1980-09-11;0.0067873139007232;0.67873139007232;2.0092292220083467
7702;7702;1980-09-12;-0.0009554379517542;-0.09554379517542;2.0082737840565925
7703;7703;1980-09-15;0.0010349668573823;0.10349668573823;2.009308750913975
7704;7704;1980-09-16;0.008478320402677;0.8478320402677;2.017787071316652
7705;7705;1980-09-17;0.0166663773864766;1.66663773864766;2.0344534487031285
7706;7706;1980-09-18;-0.0036537609746218;-0.36537609746218;2.0307996877285066
7707;7707;1980-09-19;0.0065981688616503;0.65981688616503;2.037397856590157
7708;7708;1980-09-22;0.0088580900917429;0.8858090091742901;2.0462559466819
7709;7709;1980-09-23;-0.0074664631092238;-0.74664631092238;2.038789483572676
7710;7710;1980-09-24;0.0072363829512474;0.72363829512474;2.0460258665239235
7711;7711;1980-09-25;-0.0127370128693762;-1.27370128693762;2.0332888536545473
7712;7712;1980-09-26;-0.0185836924477716;-1.85836924477716;2.0147051612067757
7713;7713;1980-09-29;-0.0224908196428597;-2.24908196428597;1.992214341563916
7714;7714;1980-09-30;0.0154219763356318;1.54219763356318;2.0076363178995478
7715;7715;1980-10-01;0.0132231866662096;1.3223186666209599;2.0208595045657574
7716;7716;1980-10-02;0.0075229492508626;0.75229492508626;2.02838245381662
7717;7717;1980-10-03;0.0096341822764678;0.96341822764678;2.038016636093088
7718;7718;1980-10-06;0.0183870499851251;1.83870499851251;2.056403686078213
7719;7719;1980-10-07;-0.005557019675443;-0.5557019675443;2.05084666640277
7720;7720;1980-10-08;0.0049495171657767;0.49495171657767;2.0557961835685465
7721;7721;1980-10-09;-0.0046442736809737;-0.46442736809737;2.051151909887573
7722;7722;1980-10-10;-0.0057398851974186;-0.5739885197418599;2.045412024690154
7723;7723;1980-10-13;0.0132664804285376;1.32664804285376;2.0586785051186918
7724;7724;1980-10-14;-7.57053580091593e-05;-0.00757053580091593;2.0586027997606826
7725;7725;1980-10-15;0.0126450051105387;1.26450051105387;2.0712478048712213
7726;7726;1980-10-16;-0.0111312522010181;-1.1131252201018098;2.060116552670203
7727;7727;1980-10-17;-0.0053082477470898;-0.53082477470898;2.0548083049231134
7728;7728;1980-10-20;0.0082535355089223;0.82535355089223;2.0630618404320358
7729;7729;1980-10-21;-0.0058234614090615;-0.58234614090615;2.0572383790229742
7730;7730;1980-10-22;0.0006066272692839;0.06066272692839;2.057845006292258
7731;7731;1980-10-23;-0.0182831562686943;-1.82831562686943;2.039561850023564
7732;7732;1980-10-24;0.0024674774939734;0.24674774939734;2.0420293275175374
7733;7733;1980-10-27;-0.0152876835837716;-1.52876835837716;2.0267416439337658
7734;7734;1980-10-28;0.0013285353417353;0.13285353417353;2.028070179275501
7735;7735;1980-10-29;-0.0010939131905933;-0.10939131905933;2.0269762660849078
7736;7736;1980-10-30;-0.0127460653069269;-1.27460653069269;2.014230200777981
7737;7737;1980-10-31;0.009300193063451;0.9300193063451;2.023530393841432
7738;7738;1980-11-03;0.0122413289303935;1.22413289303935;2.0357717227718255
7739;7739;1980-11-05;0.0175908752556744;1.75908752556744;2.0533625980275
7740;7740;1980-11-06;-0.0185987373414678;-1.85987373414678;2.034763860686032
7741;7741;1980-11-07;0.0020922089319572;0.20922089319572001;2.0368560696179894
7742;7742;1980-11-10;0.0023196717488707;0.23196717488707;2.03917574136686
7743;7743;1980-11-11;0.0136536527879985;1.36536527879985;2.0528293941548585
7744;7744;1980-11-12;0.0250530395724944;2.5053039572494398;2.077882433727353
7745;7745;1980-11-13;0.0140182979750891;1.40182979750891;2.091900731702442
7746;7746;1980-11-14;0.0048237851350663;0.48237851350662997;2.0967245168375084
7747;7747;1980-11-17;0.0043652743971343;0.43652743971343;2.1010897912346427
7748;7748;1980-11-18;0.0140567967553036;1.40567967553036;2.1151465879899463
7749;7749;1980-11-19;-0.0045917644997368;-0.45917644997367996;2.1105548234902094
7750;7750;1980-11-20;0.0095899685680764;0.9589968568076399;2.120144792058286
7751;7751;1980-11-21;-0.0092304545966319;-0.92304545966319;2.110914337461654
7752;7752;1980-11-24;-0.0057674660836895;-0.5767466083689501;2.1051468713779644
7753;7753;1980-11-25;0.0073477063035651;0.73477063035651;2.1124945776815296
7754;7754;1980-11-26;0.0060107229266668;0.60107229266668;2.1185053006081964
7755;7755;1980-11-28;0.0024938984567466;0.24938984567466002;2.120999199064943
7756;7756;1980-12-01;-0.0238372059135523;-2.38372059135523;2.0971619931513907
7757;7757;1980-12-02;-0.0017507189021737;-0.17507189021737;2.095411274249217
7758;7758;1980-12-03;-0.0018999859004216;-0.18999859004216;2.0935112883487954
7759;7759;1980-12-04;-0.0016838907121314;-0.16838907121314;2.091827397636664
7760;7760;1980-12-05;-0.0181144064056564;-1.81144064056564;2.0737129912310075
7761;7761;1980-12-08;-0.0258478567835772;-2.58478567835772;2.0478651344474303
7762;7762;1980-12-09;-0.0009958635890932;-0.09958635890932001;2.046869270858337
7763;7763;1980-12-10;-0.0171605129193173;-1.71605129193173;2.02970875793902
7764;7764;1980-12-11;-0.00704168478957;-0.704168478957;2.02266707314945
7765;7765;1980-12-12;0.0145760016367031;1.45760016367031;2.037243074786153
7766;7766;1980-12-15;0.0017009514380408;0.17009514380408;2.038944026224194
7767;7767;1980-12-16;0.0088445797615612;0.88445797615612;2.047788605985755
7768;7768;1980-12-17;0.017382448034259;1.7382448034259;2.065171054020014
7769;7769;1980-12-18;0.0008274174033582;0.08274174033582;2.0659984714233723
7770;7770;1980-12-19;0.0052493334478489;0.52493334478489;2.0712478048712213
7771;7771;1980-12-22;0.0154374598390437;1.54374598390437;2.086685264710265
7772;7772;1980-12-23;-0.0035413641589547;-0.35413641589547;2.08314390055131
7773;7773;1980-12-24;0.004277622739865;0.4277622739865;2.0874215232911753
7774;7774;1980-12-26;0.0050651748565417;0.50651748565417;2.092486698147717
7775;7775;1980-12-29;-0.011340386378909;-1.1340386378909;2.081146311768808
7776;7776;1980-12-30;0.0022192862999137;0.22192862999137003;2.083365598068722
7777;7777;1980-12-31;0.0031723292291676;0.31723292291676003;2.0865379272978894
7778;7778;1981-01-02;0.0042631524999494;0.42631524999493997;2.090801079797839
7779;7779;1981-01-05;0.0118845408716739;1.18845408716739;2.102685620669513
7780;7780;1981-01-06;0.0010865588534914;0.10865588534914;2.103772179523004
7781;7781;1981-01-07;-0.0222556259979783;-2.2255625997978297;2.081516553525026
7782;7782;1981-01-08;-0.0150670710404794;-1.50670710404794;2.0664494824845465
7783;7783;1981-01-09;0.003151484633209;0.3151484633209;2.0696009671177555
7784;7784;1981-01-12;0.0002996853955012;0.02996853955012;2.069900652513257
7785;7785;1981-01-13;-0.0017241562127807;-0.17241562127807;2.068176496300476
7786;7786;1981-01-14;0.0013495878795231;0.13495878795231;2.069526084179999
7787;7787;1981-01-15;0.0056035112021675;0.56035112021675;2.0751295953821667
7788;7788;1981-01-16;0.0040893992807156;0.40893992807156;2.0792189946628823
7789;7789;1981-01-19;-0.0029724997846329;-0.29724997846329;2.0762464948782493
7790;7790;1981-01-20;-0.0204503113097028;-2.04503113097028;2.0557961835685465
7791;7791;1981-01-21;-0.0022051870501425;-0.22051870501425;2.053590996518404
7792;7792;1981-01-22;-0.0084092385832992;-0.84092385832992;2.045181757935105
7793;7793;1981-01-23;-0.0002303274687633;-0.023032746876329998;2.0449514304663414
7794;7794;1981-01-26;-0.0029991948655343;-0.29991948655343004;2.041952235600807
7795;7795;1981-01-27;0.009810003903377;0.9810003903376999;2.051762239504184
7796;7796;1981-01-28;-0.0059665060872991;-0.59665060872991;2.045795733416885
7797;7797;1981-01-29;-0.0007674495703735;-0.07674495703735;2.0450282838465115
7798;7798;1981-01-30;-0.0053120104796917;-0.53120104796917;2.0397162733668197
7799;7799;1981-02-02;-0.0205887248247301;-2.05887248247301;2.0191275485420896
7800;7800;1981-02-03;0.0121394209808443;1.21394209808443;2.031266969522934
7801;7801;1981-02-04;0.0010113908544138;0.10113908544137999;2.0322783603773478
7802;7802;1981-02-05;0.0080552600075396;0.8055260007539601;2.0403336203848874
7803;7803;1981-02-06;0.0074549856008676;0.7454985600867601;2.047788605985755
7804;7804;1981-02-09;-0.0102359915452928;-1.02359915452928;2.0375526144404623
7805;7805;1981-02-10;-0.0002320915948343;-0.02320915948343;2.037320522845628
7806;7806;1981-02-11;-0.0077676323533175;-0.7767632353317501;2.0295528904923104
7807;7807;1981-02-12;-0.0059440342084533;-0.5944034208453299;2.023608856283857
7808;7808;1981-02-13;-0.0039298957141671;-0.39298957141671;2.01967896056969
7809;7809;1981-02-17;0.0065151531273235;0.65151531273235;2.0261941136970134
7810;7810;1981-02-18;0.0052284485698059;0.5228448569805899;2.0314225622668194
7811;7811;1981-02-19;-0.0146617156347686;-1.46617156347686;2.016760846632051
7812;7812;1981-02-20;-0.000236968282989;-0.023696828298899998;2.0165238783490618
7813;7813;1981-02-23;0.0060646505732719;0.60646505732719;2.0225885289223338
7814;7814;1981-02-24;0.0003140535510706;0.03140535510706;2.0229025824734044
7815;7815;1981-02-25;0.0088313260994317;0.88313260994317;2.031733908572836
7816;7816;1981-02-26;0.012218866265612;1.2218866265611998;2.043952774838448
7817;7817;1981-02-27;0.0089528696500336;0.89528696500336;2.0529056444884817
7818;7818;1981-03-02;0.0056213381298864;0.5621338129886401;2.058526982618368
7819;7819;1981-03-03;-0.0110447635195801;-1.10447635195801;2.047482219098788
7820;7820;1981-03-04;0.0022951811861782;0.22951811861781998;2.0497774002849662
7821;7821;1981-03-05;-0.0071322670638673;-0.71322670638673;2.042645133221099
7822;7822;1981-03-06;-0.0006158057035614;-0.06158057035614;2.0420293275175374
7823;7823;1981-03-09;0.0097329119866467;0.9732911986646701;2.051762239504184
7824;7824;1981-03-10;-0.0050461762783236;-0.50461762783236;2.0467160632258605
7825;7825;1981-03-11;-0.0039169820225453;-0.39169820225453;2.042799081203315
7826;7826;1981-03-12;0.024626957227385;2.4626957227385002;2.0674260384307
7827;7827;1981-03-13;-0.00060083365757;-0.060083365757000004;2.06682520477313
7828;7828;1981-03-16;0.0117256807463084;1.17256807463084;2.0785508855194386
7829;7829;1981-03-17;-0.0056589505109441;-0.56589505109441;2.0728919350084944
7830;7830;1981-03-18;0.0022376603736722;0.22376603736722003;2.0751295953821667
7831;7831;1981-03-19;-0.005678392254917;-0.5678392254917;2.0694512031272496
7832;7832;1981-03-20;0.0046347917246096;0.46347917246096;2.0740859948518593
7833;7833;1981-03-23;0.0119362352471004;1.1936235247100402;2.0860222300989597
7834;7834;1981-03-24;-0.0075455602865082;-0.7545560286508199;2.0784766698124515
7835;7835;1981-03-25;0.0179562040511447;1.79562040511447;2.0964328738635962
7836;7836;1981-03-26;-0.006145289546759;-0.6145289546759;2.090287584316837
7837;7837;1981-03-27;-0.0119594664175819;-1.1959466417581899;2.078328117899255
7838;7838;1981-03-30;-0.0027516100329281;-0.27516100329281;2.075576507866327
7839;7839;1981-03-31;0.0127277210713439;1.27277210713439;2.088304228937671
7840;7840;1981-04-01;0.004182469210046;0.4182469210046;2.092486698147717
7841;7841;1981-04-02;-0.0018322405153288;-0.18322405153288;2.090654457632388
7842;7842;1981-04-03;-0.0061072406693378;-0.61072406693378;2.0845472169630503
7843;7843;1981-04-06;-0.0115806506285114;-1.15806506285114;2.072966566334539
7844;7844;1981-04-07;-0.0001492607546369;-0.01492607546369;2.072817305579902
7845;7845;1981-04-08;0.002982583651776;0.2982583651776;2.075799889231678
7846;7846;1981-04-09;0.0026767805807734;0.26767805807734;2.0784766698124515
7847;7847;1981-04-10;-0.0011888180623005;-0.11888180623005;2.077287851750151
7848;7848;1981-04-13;-0.0101622413505522;-1.0162241350552201;2.0671256103995987
7849;7849;1981-04-14;-0.0035361058776466;-0.35361058776466;2.063589504521952
7850;7850;1981-04-15;0.0111674763755847;1.11674763755847;2.074756980897537
7851;7851;1981-04-16;0.0039424234486853;0.39424234486853005;2.078699404346222
7852;7852;1981-04-20;0.0055524852381063;0.55524852381063;2.0842518895843285
7853;7853;1981-04-21;-0.0090478296827631;-0.90478296827631;2.0752040599015653
7854;7854;1981-04-22;-0.0006706934832534;-0.06706934832533999;2.074533366418312
7855;7855;1981-04-23;-0.0014920698027305;-0.14920698027305002;2.0730412966155813
7856;7856;1981-04-24;0.0089193173103323;0.89193173103323;2.0819606139259137
7857;7857;1981-04-27;0.0025127277006227;0.25127277006227;2.0844733416265364
7858;7858;1981-04-28;-0.008524524461289;-0.8524524461289;2.0759488171652474
7859;7859;1981-04-29;-0.0095744539920161;-0.95744539920161;2.066374363173231
7860;7860;1981-04-30;-0.0018054996185599;-0.18054996185599;2.0645688635546713
7861;7861;1981-05-01;-0.0006778669362041;-0.06778669362041;2.063890996618467
7862;7862;1981-05-04;-0.0155666077215262;-1.55666077215262;2.048324388896941
7863;7863;1981-05-05;-0.0026820276875989;-0.26820276875989;2.045642361209342
7864;7864;1981-05-06;0.0035234964789774;0.35234964789774;2.0491658576883194
7865;7865;1981-05-07;0.0067822626920621;0.67822626920621;2.0559481203803815
7866;7866;1981-05-08;-7.59047577476579e-05;-0.00759047577476579;2.055872215622634
7867;7867;1981-05-11;-0.0149216291018943;-1.49216291018943;2.0409505865207396
7868;7868;1981-05-12;0.0077563954425103;0.77563954425103;2.04870698196325
7869;7869;1981-05-13;-0.0013013206367924;-0.13013206367924;2.0474056613264575
7870;7870;1981-05-14;0.0055761210396898;0.55761210396898;2.0529817823661474
7871;7871;1981-05-15;0.0067565184731597;0.6756518473159701;2.059738300839307
7872;7872;1981-05-18;0.0027954762081465;0.27954762081465;2.0625337770474537
7873;7873;1981-05-19;-0.0034009556924461;-0.34009556924461;2.0591328213550075
7874;7874;1981-05-20;-0.0006815555670183;-0.06815555670183;2.058451265787989
7875;7875;1981-05-21;-0.0018957351648989;-0.18957351648989001;2.0565555306230903
7876;7876;1981-05-22;-0.0031929325955903;-0.31929325955903;2.0533625980275
7877;7877;1981-05-26;0.0109050832092166;1.09050832092166;2.0642676812367164
7878;7878;1981-05-27;0.0075035991744671;0.75035991744671;2.0717712804111836
7879;7879;1981-05-28;-0.002395083839362;-0.23950838393620003;2.0693761965718216
7880;7880;1981-05-29;-0.0064652234117632;-0.64652234117632;2.0629109731600583
7881;7881;1981-06-01;-0.0013584303975759;-0.13584303975759;2.0615525427624823
7882;7882;1981-06-02;-0.0136108933653309;-1.36108933653309;2.0479416493971514
7883;7883;1981-06-03;0.0006888761555945;0.06888761555945;2.048630525552746
7884;7884;1981-06-04;0.0019108041631863;0.19108041631863001;2.0505413297159323
7885;7885;1981-06-05;0.0095752229542709;0.95752229542709;2.060116552670203
7886;7886;1981-06-08;0.0001512818542259;0.01512818542259;2.060267834524429
7887;7887;1981-06-09;-0.0020438597165926;-0.20438597165925998;2.0582239748078366
7888;7888;1981-06-10;0.0026486525712172;0.26486525712172;2.060872627379054
7889;7889;1981-06-11;0.0107491015986803;1.07491015986803;2.071621728977734
7890;7890;1981-06-12;-0.0019457796524857;-0.19457796524857;2.0696759493252483
7891;7891;1981-06-15;0.0008985099616429;0.08985099616429;2.0705744592868913
7892;7892;1981-06-16;-0.0109875204379266;-1.0987520437926601;2.0595869388489647
7893;7893;1981-06-17;0.0088147102974423;0.88147102974423;2.068401649146407
7894;7894;1981-06-18;-0.0126813894661248;-1.26813894661248;2.055720259680282
7895;7895;1981-06-19;0.0047744018004651;0.47744018004650995;2.0604946614807473
7896;7896;1981-06-22;-0.0024222780656808;-0.24222780656808002;2.0580723834150665
7897;7897;1981-06-23;0.0105542554089499;1.05542554089499;2.0686266388240164
7898;7898;1981-06-24;-0.0051878013727195;-0.51878013727195;2.063438837451297
7899;7899;1981-06-25;0.0011300261033744;0.11300261033744001;2.0645688635546713
7900;7900;1981-06-26;-0.0018841623222529;-0.18841623222529;2.0626847012324183
7901;7901;1981-06-29;-0.0050671237750821;-0.50671237750821;2.057617577457336
7902;7902;1981-06-30;-0.0051690877885022;-0.51690877885022;2.052448489668834
7903;7903;1981-07-01;-0.0110354628943119;-1.10354628943119;2.041413026774522
7904;7904;1981-07-02;-0.0087458859158795;-0.8745885915879501;2.0326671408586425
7905;7905;1981-07-06;-0.0099215375019294;-0.99215375019294;2.022745603356713
7906;7906;1981-07-07;0.0068072871355973;0.6807287135597301;2.0295528904923104
7907;7907;1981-07-08;0.0006236513786337;0.06236513786337;2.030176541870944
7908;7908;1981-07-09;0.0076081103103424;0.76081103103424;2.0377846521812866
7909;7909;1981-07-10;0.0005411683013054;0.05411683013054;2.038325820482592
7910;7910;1981-07-13;0.0020848932787043;0.20848932787043;2.0404107137612963
7911;7911;1981-07-14;7.70951465529635e-05;0.00770951465529635;2.0404878089078493
7912;7912;1981-07-15;0.0044636215584921;0.44636215584920996;2.0449514304663414
7913;7913;1981-07-16;0.0008443029505436;0.08443029505436;2.045795733416885
7914;7914;1981-07-17;0.0032171534027494;0.32171534027494003;2.0490128868196344
7915;7915;1981-07-20;-0.0157240331650872;-1.57240331650872;2.0332888536545473
7916;7916;1981-07-21;-0.0029565492977718;-0.29565492977718;2.0303323043567754
7917;7917;1981-07-22;-0.009472799791018;-0.9472799791018;2.0208595045657574
7918;7918;1981-07-23;0.0021215974725112;0.21215974725112002;2.0229811020382686
7919;7919;1981-07-24;0.0082858674846653;0.82858674846653;2.031266969522934
7920;7920;1981-07-27;0.0111472511658608;1.1147251165860799;2.0424142206887947
7921;7921;1981-07-28;-0.0058677980323897;-0.5867798032389699;2.036546422656405
7922;7922;1981-07-29;0.0001548974046281;0.015489740462809999;2.036701320061033
7923;7923;1981-07-30;0.0065593552560816;0.6559355256081599;2.0432606753171147
7924;7924;1981-07-31;0.0069751022409789;0.6975102240978901;2.0502357775580937
7925;7925;1981-08-03;-0.0033665066997565;-0.33665066997565;2.046869270858337
7926;7926;1981-08-04;0.0053504448470764;0.53504448470764;2.0522197157054136
7927;7927;1981-08-05;0.0112944543500317;1.12944543500317;2.0635141700554454
7928;7928;1981-08-06;-0.0002261430060457;-0.022614300604570002;2.0632880270493996
7929;7929;1981-08-07;-0.0067324964263093;-0.67324964263093;2.0565555306230903
7930;7930;1981-08-10;0.0059782464243634;0.59782464243634;2.0625337770474537
7931;7931;1981-08-11;0.0098353809468232;0.9835380946823199;2.072369157994277
7932;7932;1981-08-12;-0.0033677262886469;-0.33677262886469;2.06900143170563
7933;7933;1981-08-13;0.0008242554476129;0.08242554476128999;2.069825687153243
7934;7934;1981-08-14;-0.0076691353328959;-0.76691353328959;2.062156551820347
7935;7935;1981-08-17;-0.0096318970812072;-0.9631897081207199;2.05252465473914
7936;7936;1981-08-18;-0.008495057336332;-0.8495057336332;2.0440295974028078
7937;7937;1981-08-19;0.0029163795900784;0.29163795900784;2.046945976992886
7938;7938;1981-08-20;0.0015314881210661;0.15314881210661;2.0484774651139523
7939;7939;1981-08-21;-0.0112343903277994;-1.1234390327799402;2.037243074786153
7940;7940;1981-08-24;-0.0292879730126954;-2.92879730126954;2.0079551017734576
7941;7941;1981-08-25;-0.0029525856699415;-0.29525856699415;2.005002516103516
7942;7942;1981-08-26;-0.0013594948130828;-0.13594948130828;2.0036430212904333
7943;7943;1981-08-27;-0.0116715374458707;-1.16715374458707;1.9919714838445626
7944;7944;1981-08-28;0.0046043943439722;0.46043943439722;1.9965758781885348
7945;7945;1981-08-31;-0.0104509476705088;-1.04509476705088;1.986124930518026
7946;7946;1981-09-01;0.0018713320775356;0.18713320775356;1.9879962625955616
7947;7947;1981-09-02;0.0038132455401447;0.38132455401447;1.9918095081357063
7948;7948;1981-09-03;-0.0183881292406909;-1.83881292406909;1.9734213788950155
7949;7949;1981-09-04;-0.0096971296507701;-0.96971296507701;1.9637242492442453
7950;7950;1981-09-08;-0.0175597620396593;-1.75597620396593;1.946164487204586
7951;7951;1981-09-09;0.0035535953388299;0.35535953388299;1.949718082543416
7952;7952;1981-09-10;0.0145889817565958;1.45889817565958;1.9643070643000118
7953;7953;1981-09-11;0.0121614901175233;1.2161490117523301;1.976468554417535
7954;7954;1981-09-14;-0.0078425050522987;-0.7842505052298699;1.9686260493652363
7955;7955;1981-09-15;-0.0074034942522116;-0.74034942522116;1.9612225551130247
7956;7956;1981-09-16;-0.0075427276812192;-0.75427276812192;1.9536798274318055
7957;7957;1981-09-17;-0.0145753022042525;-1.45753022042525;1.939104525227553
7958;7958;1981-09-18;-0.0076261025499082;-0.76261025499082;1.9314784226776447
7959;7959;1981-09-21;0.0083940193076408;0.8394019307640801;1.9398724419852855
7960;7960;1981-09-22;-0.0047879537841462;-0.47879537841462005;1.9350844882011393
7961;7961;1981-09-23;-0.0088667390285142;-0.88667390285142;1.9262177491726251
7962;7962;1981-09-24;-0.0055493074767243;-0.55493074767243;1.9206684416959008
7963;7963;1981-09-25;-0.019668778852906;-1.9668778852906001;1.9009996628429948
7964;7964;1981-09-28;0.0241799081977909;2.41799081977909;1.9251795710407857
7965;7965;1981-09-29;0.0035426053227212;0.35426053227212;1.928722176363507
7966;7966;1981-09-30;0.0020678794024977;0.20678794024976999;1.9307900557660047
7967;7967;1981-10-01;0.0077167663416357;0.77167663416357;1.9385068221076405
7968;7968;1981-10-02;0.0192866659274449;1.92866659274449;1.9577934880350853
7969;7969;1981-10-05;0.0012559217803236;0.12559217803236;1.959049409815409
7970;7970;1981-10-06;-0.001004629632404;-0.1004629632404;1.958044780183005
7971;7971;1981-10-07;0.0159537993147545;1.5953799314754502;1.9739985794977595
7972;7972;1981-10-08;0.0082095528512375;0.82095528512375;1.982208132348997
7973;7973;1981-10-09;-0.0070561584007204;-0.70561584007204;1.9751519739482766
7974;7974;1981-10-12;-0.0019780605143813;-0.19780605143813;1.9731739134338953
7975;7975;1981-10-13;-0.0035538696320376;-0.35538696320376;1.9696200438018576
7976;7976;1981-10-14;-0.0165292684191698;-1.65292684191698;1.9530907753826878
7977;7977;1981-10-15;0.0076307107286881;0.76307107286881;1.960721486111376
7978;7978;1981-10-16;-0.0043532676352091;-0.43532676352091;1.9563682184761668
7979;7979;1981-10-19;-0.0017634383004674;-0.17634383004674;1.9546047801756994
7980;7980;1981-10-20;0.0108669128323138;1.08669128323138;1.9654716930080132
7981;7981;1981-10-21;-0.0014976373732462;-0.14976373732462;1.963974055634767
7982;7982;1981-10-22;-0.0038374870298092;-0.38374870298092;1.9601365686049577
7983;7983;1981-10-23;-0.0087307557031204;-0.87307557031204;1.9514058129018372
7984;7984;1981-10-26;-0.0037167976246914;-0.37167976246914003;1.9476890152771458
7985;7985;1981-10-27;0.0095178396012594;0.95178396012594;1.9572068548784052
7986;7986;1981-10-28;0.0013403369799203;0.13403369799203;1.9585471918583255
7987;7987;1981-10-29;-0.0032702977297161;-0.32702977297161;1.9552768941286094
7988;7988;1981-10-30;0.0234914395366355;2.34914395366355;1.9787683336652448
7989;7989;1981-11-02;0.0187741548811626;1.87741548811626;1.9975424885464075
7990;7990;1981-11-03;0.0048193346289995;0.48193346289995;2.002361823175407
7991;7991;1981-11-04;-0.0004809249091612;-0.04809249091612;2.0018808982662457
7992;7992;1981-11-05;-0.0096665567023297;-0.9666556702329699;1.992214341563916
7993;7993;1981-11-06;-0.0070671916215419;-0.70671916215419;1.985147149942374
7994;7994;1981-11-09;0.0050415052506638;0.50415052506638;1.990188655193038
7995;7995;1981-11-10;-0.0047969847244315;-0.47969847244315;1.9853916704686063
7996;7996;1981-11-11;0.0017913937245506;0.17913937245505998;1.987183064193157
7997;7997;1981-11-12;0.0021941742174282;0.21941742174282;1.9893772384105852
7998;7998;1981-11-13;-0.0124154498475146;-1.2415449847514601;1.9769617885630706
7999;7999;1981-11-16;-0.0118227165501326;-1.18227165501326;1.965139072012938
8000;8000;1981-11-17;0.0075397349596757;0.75397349596757;1.9726788069726138
8001;8001;1981-11-18;-0.0073733815289394;-0.73733815289394;1.9653054254436744
8002;8002;1981-11-19;0.0037348841866622;0.37348841866622;1.9690403096303366
8003;8003;1981-11-20;0.0082501912414958;0.8250191241495799;1.9772905008718324
8004;8004;1981-11-23;-0.0009042045855158;-0.09042045855158;1.9763862962863166
8005;8005;1981-11-24;0.015585187558246;1.5585187558246;1.9919714838445626
8006;8006;1981-11-25;0.0043625936786631;0.43625936786631003;1.9963340775232257
8007;8007;1981-11-27;0.0083487119280656;0.83487119280656;2.0046827894512913
8008;8008;1981-11-30;0.0100223717554844;1.0022371755484398;2.0147051612067757
8009;8009;1981-12-01;-0.0019805908947114;-0.19805908947114;2.012724570312064
8010;8010;1981-12-02;-0.0112445540621726;-1.12445540621726;2.0014800162498916
8011;8011;1981-12-03;0.0034426277257093;0.34426277257093;2.004922643975601
8012;8012;1981-12-04;0.0090699880058267;0.9069988005826699;2.0139926319814276
8013;8013;1981-12-07;-0.0085106895325211;-0.8510689532521101;2.0054819424489065
8014;8014;1981-12-08;-0.0029598997413913;-0.29598997413913003;2.002522042707515
8015;8015;1981-12-09;0.0052737077247728;0.52737077247728;2.007795750432288
8016;8016;1981-12-10;0.0018312517412537;0.18312517412537;2.009627002173542
8017;8017;1981-12-11;-0.0062240785281853;-0.6224078528185301;2.0034029236453565
8018;8018;1981-12-14;-0.0173594525890364;-1.73594525890364;1.9860434710563202
8019;8019;1981-12-15;0.0017089071381324;0.17089071381324;1.9877523781944526
8020;8020;1981-12-16;-0.0046452959071103;-0.46452959071103;1.9831070822873422
8021;8021;1981-12-17;0.0057017748113716;0.5701774811371599;1.988808857098714
8022;8022;1981-12-18;0.0071220517079417;0.71220517079417;1.9959309088066557
8023;8023;1981-12-21;-0.0053368284723704;-0.53368284723704;1.9905940803342852
8024;8024;1981-12-22;-0.0037364921473672;-0.37364921473672;1.986857588186918
8025;8025;1981-12-23;-0.0046494558379208;-0.46494558379208;1.982208132348997
8026;8026;1981-12-24;0.0018787263107302;0.18787263107302002;1.9840868586597273
8027;8027;1981-12-28;-0.0022058258378736;-0.22058258378736;1.9818810328218537
8028;8028;1981-12-29;-0.0049192442587831;-0.49192442587831;1.9769617885630706
8029;8029;1981-12-30;0.0051646218615193;0.51646218615193;1.98212641042459
8030;8030;1981-12-31;0.0020420672309544;0.20420672309544;1.9841684776555444
8031;8031;1982-01-04;0.0015491462124188;0.15491462124188;1.9857176238679632
8032;8032;1982-01-05;-0.0221599330094948;-2.21599330094948;1.9635576908584684
8033;8033;1982-01-06;-0.0072733923380168;-0.7273392338016801;1.9562842985204516
8034;8034;1982-01-07;-0.0020998705796788;-0.20998705796788;1.9541844279407727
8035;8035;1982-01-08;0.0051996342592826;0.51996342592826;1.9593840622000553
8036;8036;1982-01-11;-0.0234429047061555;-2.34429047061555;1.9359411574938998
8037;8037;1982-01-12;-0.0041187289723057;-0.41187289723056997;1.9318224285215941
8038;8038;1982-01-13;-0.0122850061342676;-1.22850061342676;1.9195374223873265
8039;8039;1982-01-14;0.0057287198224225;0.57287198224225;1.925266142209749
8040;8040;1982-01-15;0.0068141980130143;0.68141980130143;1.9320803402227633
8041;8041;1982-01-18;0.0076215225581055;0.76215225581055;1.9397018627808689
8042;8042;1982-01-19;-0.010720973987719;-1.0720973987719;1.9289808887931499
8043;8043;1982-01-20;-0.0060543690044623;-0.60543690044623;1.9229265197886876
8044;8044;1982-01-21;0.0041555163792743;0.41555163792743;1.927082036167962
8045;8045;1982-01-22;-0.0032016901386402;-0.32016901386402;1.9238803460293217
8046;8046;1982-01-25;0.0002600372636516;0.026003726365159997;1.9241403832929733
8047;8047;1982-01-26;-0.0019080837903215;-0.19080837903215;1.9222322995026517
8048;8048;1982-01-27;0.0047633225645489;0.47633225645489;1.9269956220672007
8049;8049;1982-01-28;0.0271047024462856;2.71047024462856;1.9541003245134863
8050;8050;1982-01-29;0.012368568174149;1.2368568174149002;1.9664688926876353
8051;8051;1982-02-01;-0.0220010804599982;-2.2001080459998197;1.944467812227637
8052;8052;1982-02-02;0.0019509145593552;0.19509145593552;1.9464187267869923
8053;8053;1982-02-03;-0.0130497733815034;-1.30497733815034;1.933368953405489
8054;8054;1982-02-04;-0.0005152855394596;-0.05152855394596;1.9328536678660293
8055;8055;1982-02-05;0.0071893839277725;0.71893839277725;1.9400430517938019
8056;8056;1982-02-08;-0.0226841846364243;-2.26841846364243;1.9173588671573776
8057;8057;1982-02-09;-0.0083220401669139;-0.83220401669139;1.9090368269904636
8058;8058;1982-02-10;0.0085837785771403;0.85837785771403;1.917620605567604
8059;8059;1982-02-11;-0.0020079800363621;-0.20079800363620998;1.9156126255312418
8060;8060;1982-02-12;-0.0004370700708147;-0.043707007081469997;1.915175555460427
8061;8061;1982-02-16;-0.0028016040650467;-0.28016040650467;1.9123739513953804
8062;8062;1982-02-17;-0.0032491444610496;-0.32491444610495995;1.9091248069343307
8063;8063;1982-02-18;0.0011427894422659;0.11427894422659;1.9102675963765967
8064;8064;1982-02-19;-0.0052854157341029;-0.52854157341029;1.9049821806424938
8065;8065;1982-02-22;-0.0145014330887721;-1.45014330887721;1.8904807475537218
8066;8066;1982-02-23;-0.0007171134392214;-0.07171134392214;1.8897636341145003
8067;8067;1982-02-24;0.0174242027029186;1.74242027029186;1.9071878368174189
8068;8068;1982-02-25;-0.0022940013589245;-0.22940013589244998;1.9048938354584943
8069;8069;1982-02-26;-0.0008836868726351;-0.08836868726350999;1.9040101485858592
8070;8070;1982-03-01;0.0017666023575415;0.17666023575415;1.9057767509434007
8071;8071;1982-03-02;-0.0055754647336101;-0.55754647336101;1.9002012862097906
8072;8072;1982-03-03;-0.0157427402916079;-1.57427402916079;1.8844585459181826
8073;8073;1982-03-04;-0.0094203687920027;-0.94203687920027;1.87503817712618
8074;8074;1982-03-05;-0.0049265770408437;-0.49265770408437;1.8701116000853362
8075;8075;1982-03-08;-0.0184609273998015;-1.8460927399801499;1.8516506726855346
8076;8076;1982-03-09;0.0137857206013399;1.37857206013399;1.8654363932868745
8077;8077;1982-03-10;0.0053152799631712;0.53152799631712;1.8707516732500458
8078;8078;1982-03-11;-0.0004571284886223;-0.04571284886223;1.8702945447614234
8079;8079;1982-03-12;-0.0068817080606047;-0.68817080606047;1.8634128367008187
8080;8080;1982-03-15;0.0077043030598948;0.77043030598948;1.8711171397607136
8081;8081;1982-03-16;-0.0015544098874205;-0.15544098874205;1.869562729873293
8082;8082;1982-03-17;-0.0018318103591203;-0.18318103591203;1.8677309195141727
8083;8083;1982-03-18;0.0111223771454521;1.11223771454521;1.8788532966596247
8084;8084;1982-03-19;0.0028065564969308;0.28065564969308;1.8816598531565556
8085;8085;1982-03-22;0.0193398096864392;1.93398096864392;1.9009996628429948
8086;8086;1982-03-23;0.0068929753302704;0.68929753302704;1.9078926381732653
8087;8087;1982-03-24;-0.0051209893809014;-0.51209893809014;1.9027716487923638
8088;8088;1982-03-25;0.0021221866661305;0.21221866661305;1.9048938354584943
8089;8089;1982-03-26;-0.0112814609269476;-1.12814609269476;1.8936123745315467
8090;8090;1982-03-29;0.0032108571286277;0.32108571286277005;1.8968232316601745
8091;8091;1982-03-30;-0.0002672307091646;-0.02672307091646;1.8965560009510098
8092;8092;1982-03-31;-0.0027650020339002;-0.27650020339001996;1.8937909989171096
8093;8093;1982-04-01;0.0162129974415448;1.62129974415448;1.9100039963586544
8094;8094;1982-04-02;0.0116204354818397;1.16204354818397;1.921624431840494
8095;8095;1982-04-05;-0.0033935206794755;-0.33935206794754996;1.9182309111610185
8096;8096;1982-04-06;0.0054761142457548;0.54761142457548;1.9237070254067734
8097;8097;1982-04-07;0.0008664587666249;0.08664587666249;1.9245734841733984
8098;8098;1982-04-08;0.0065608142795508;0.65608142795508;1.9311342984529491
8099;8099;1982-04-12;-0.001894764144966;-0.18947641449660002;1.9292395343079831
8100;8100;1982-04-13;-8.6227855445209e-05;-0.0086227855445209;1.929153306452538
8101;8101;1982-04-14;-0.0013803470399809;-0.13803470399809;1.927772959412557
8102;8102;1982-04-15;0.0044792563478477;0.44792563478477004;1.9322522157604047
8103;8103;1982-04-16;0.0039457934869968;0.39457934869968003;1.9361980092474016
8104;8104;1982-04-19;-0.0009421524602135;-0.09421524602135001;1.935255856787188
8105;8105;1982-04-20;-0.010855581794937;-1.0855581794937;1.924400274992251
8106;8106;1982-04-21;0.0024225569588507;0.24225569588507;1.9268228319511018
8107;8107;1982-04-22;0.0126230775873299;1.26230775873299;1.9394459095384318
8108;8108;1982-04-23;0.0122971230640028;1.22971230640028;1.9517430326024345
8109;8109;1982-04-26;0.0052123110642261;0.52123110642261;1.9569553436666607
8110;8110;1982-04-27;-0.010621375999377;-1.0621375999377;1.9463339676672837
8111;8111;1982-04-28;-0.0062909158734818;-0.62909158734818;1.9400430517938019
8112;8112;1982-04-29;-0.0095973572585776;-0.9597357258577599;1.9304456945352242
8113;8113;1982-04-30;0.0025797847200452;0.25797847200452;1.9330254792552695
8114;8114;1982-05-03;0.0032581525585122;0.32581525585122;1.9362836318137817
8115;8115;1982-05-04;0.0054635529686741;0.54635529686741;1.941747184782456
8116;8116;1982-05-05;0.0017862378983144;0.17862378983144;1.9435334226807703
8117;8117;1982-05-06;0.0085467159434697;0.8546715943469699;1.9520801386242401
8118;8118;1982-05-07;0.0066345067768134;0.66345067768134;1.9587146454010536
8119;8119;1982-05-10;-0.0091655382789745;-0.9165538278974501;1.949549107122079
8120;8120;1982-05-11;0.0087469104507729;0.87469104507729;1.9582960175728519
8121;8121;1982-05-12;-0.0020956460512655;-0.20956460512655;1.9562003715215863
8122;8122;1982-05-13;-0.0080037244649391;-0.8003724464939099;1.9481966470566472
8123;8123;1982-05-14;-0.0017779202696548;-0.17779202696548;1.9464187267869923
8124;8124;1982-05-17;-0.0110771667293577;-1.1077166729357701;1.9353415600576347
8125;8125;1982-05-18;-0.0074823227489968;-0.74823227489968;1.9278592373086378
8126;8126;1982-05-19;-0.0082347539457234;-0.82347539457234;1.9196244833629144
8127;8127;1982-05-20;-0.0026146346299995;-0.26146346299995;1.9170098487329148
8128;8128;1982-05-21;0.0026146346299995;0.26146346299995;1.9196244833629144
8129;8129;1982-05-24;-0.0008707593723302;-0.08707593723302;1.918753723990584
8130;8130;1982-05-25;-0.0034032843607505;-0.34032843607505003;1.9153504396298335
8131;8131;1982-05-26;-0.0113402910439744;-1.13402910439744;1.9040101485858592
8132;8132;1982-05-27;-0.0039863364126135;-0.39863364126135;1.9000238121732456
8133;8133;1982-05-28;-0.0069476274523125;-0.6947627452312499;1.893076184720933
8134;8134;1982-06-01;-0.0017892025052521;-0.17892025052521002;1.8912869822156808
8135;8135;1982-06-02;0.0032183203032296;0.32183203032296;1.8945053025189105
8136;8136;1982-06-03;-0.0016078609841034;-0.16078609841034;1.892897441534807
8137;8137;1982-06-04;-0.0159499215847863;-1.5949921584786302;1.8769475199500207
8138;8138;1982-06-07;0.0002725307690116;0.02725307690116;1.8772200507190324
8139;8139;1982-06-08;-0.0044596751957382;-0.44596751957381997;1.8727603755232942
8140;8140;1982-06-09;-0.0058549157707625;-0.58549157707625;1.8669054597525316
8141;8141;1982-06-10;0.0056725037999738;0.5672503799973799;1.8725779635525055
8142;8142;1982-06-11;0.0147613910357327;1.47613910357327;1.8873393545882382
8143;8143;1982-06-14;-0.0115733571837904;-1.15733571837904;1.8757659974044478
8144;8144;1982-06-15;-0.0024584305463841;-0.24584305463841;1.8733075668580637
8145;8145;1982-06-16;-0.0075036862075563;-0.75036862075563;1.8658038806505073
8146;8146;1982-06-17;-0.0117339083085657;-1.17339083085657;1.8540699723419416
8147;8147;1982-06-18;-0.0029783994883017;-0.29783994883017;1.85109157285364
8148;8148;1982-06-21;-0.0007460090003945;-0.07460090003945;1.8503455638532453
8149;8149;1982-06-22;0.0102089610561489;1.02089610561489;1.8605545249093942
8150;8150;1982-06-23;0.0168470930472067;1.68470930472067;1.8774016179566009
8151;8151;1982-06-24;-0.0028185407447667;-0.28185407447667;1.8745830772118341
8152;8152;1982-06-25;-0.0063022814146735;-0.6302281414673501;1.8682807957971606
8153;8153;1982-06-28;0.0102097787049393;1.02097787049393;1.8784905745020999
8154;8154;1982-06-29;-0.0004536036706177;-0.04536036706177;1.8780369708314821
8155;8155;1982-06-30;-0.0054590072789766;-0.54590072789766;1.8725779635525055
8156;8156;1982-07-01;-0.008244843333764;-0.8244843333764;1.8643331202187414
8157;8157;1982-07-02;-0.0097985346280236;-0.97985346280236;1.8545345855907178
8158;8158;1982-07-06;-0.0033497844199112;-0.33497844199112004;1.8511848011708065
8159;8159;1982-07-07;-0.000652650243178;-0.0652650243178;1.8505321509276285
8160;8160;1982-07-08;0.0028870613766951;0.28870613766951;1.8534192123043236
8161;8161;1982-07-09;0.0120171809825509;1.2017180982550901;1.8654363932868745
8162;8162;1982-07-12;0.0067765643320463;0.67765643320463;1.8722129576189208
8163;8163;1982-07-13;-0.0010958178582072;-0.10958178582071999;1.8711171397607136
8164;8164;1982-07-14;0.0090046086122388;0.90046086122388;1.8801217483729524
8165;8165;1982-07-15;0.0002715947650813;0.02715947650813;1.8803933431380337
8166;8166;1982-07-16;0.0054166332426133;0.54166332426133;1.885809976380647
8167;8167;1982-07-19;-0.003065800376083;-0.3065800376083;1.882744176004564
8168;8168;1982-07-20;0.0072884471238561;0.72884471238561;1.8900326231284201
8169;8169;1982-07-21;-0.0010764532842308;-0.10764532842307999;1.8889561698441892
8170;8170;1982-07-22;0.0005384028818333;0.05384028818333;1.8894945727260226
8171;8171;1982-07-23;-0.0027846862693454;-0.27846862693454;1.8867098864566771
8172;8172;1982-07-26;-0.0073127848447187;-0.7312784844718699;1.8793971016119584
8173;8173;1982-07-27;-0.0084626829799878;-0.84626829799878;1.8709344186319705
8174;8174;1982-07-28;-0.0155641767411723;-1.55641767411723;1.8553702418907982
8175;8175;1982-07-29;-0.000185621462454;-0.0185621462454;1.8551846204283442
8176;8176;1982-07-30;-0.0058657121657024;-0.58657121657024;1.8493189082626418
8177;8177;1982-08-02;0.0174948416219154;1.7494841621915402;1.8668137498845572
8178;8178;1982-08-03;-0.0106084752412441;-1.06084752412441;1.856205274643313
8179;8179;1982-08-04;-0.0157969634634645;-1.57969634634645;1.8404083111798486
8180;8180;1982-08-05;-0.0092759300792737;-0.92759300792737;1.8311323811005749
8181;8181;1982-08-06;-0.0138845049395853;-1.38845049395853;1.8172478761609896
8182;8182;1982-08-09;-0.0060931277728011;-0.60931277728011;1.8111547483881885
8183;8183;1982-08-10;-0.0023310616842531;-0.23310616842531;1.8088236867039353
8184;8184;1982-08-11;-0.0023364302588255;-0.23364302588255;1.8064872564451098
8185;8185;1982-08-12;-0.0017559267365232;-0.17559267365232;1.8047313297085865
8186;8186;1982-08-13;0.0138655445566069;1.38655445566069;1.8185968742651935
8187;8187;1982-08-16;0.0023083400355181;0.23083400355181;1.8209052143007116
8188;8188;1982-08-17;0.0464589254601302;4.6458925460130205;1.8673641397608418
8189;8189;1982-08-18;-0.0045960187107709;-0.45960187107709;1.8627681210500708
8190;8190;1982-08-19;0.0056959546351436;0.56959546351436;1.8684640756852144
8191;8191;1982-08-20;0.0347500351741266;3.47500351741266;1.903214110859341
8192;8192;1982-08-23;0.0269732585937152;2.69732585937152;1.9301873694530562
8193;8193;1982-08-24;-0.0065670589702095;-0.6567058970209501;1.9236203104828467
8194;8194;1982-08-25;0.0191480027025763;1.91480027025763;1.942768313185423
8195;8195;1982-08-26;0.0082158678333881;0.82158678333881;1.950984181018811
8196;8196;1982-08-27;-0.0122211652241662;-1.22211652241662;1.938763015794645
8197;8197;1982-08-30;0.0046854708395436;0.46854708395436;1.9434484866341886
8198;8198;1982-08-31;0.0156009231812204;1.56009231812204;1.959049409815409
8199;8199;1982-09-01;-0.0105990392417477;-1.0599039241747699;1.9484503705736613
8200;8200;1982-09-02;0.0171044749471818;1.71044749471818;1.9655548455208431
8201;8201;1982-09-03;0.0196738369268266;1.9673836926826602;1.9852286824476697
8202;8202;1982-09-07;-0.0107355834099758;-1.07355834099758;1.9744930990376939
8203;8203;1982-09-08;0.0068152663515013;0.68152663515013;1.9813083653891952
8204;8204;1982-09-09;-0.0018839011336924;-0.18839011336924;1.9794244642555028
8205;8205;1982-09-10;-0.0082325318156151;-0.82325318156151;1.9711919324398877
8206;8206;1982-09-13;0.0104437198186851;1.04437198186851;1.9816356522585727
8207;8207;1982-09-14;0.0070107078864998;0.7010707886499801;1.9886463601450726
8208;8208;1982-09-15;0.0096205358596659;0.9620535859665901;1.9982668960047385
8209;8209;1982-09-16;-0.0041925724896962;-0.41925724896961997;1.9940743235150422
8210;8210;1982-09-17;-0.0099058458594978;-0.9905845859497799;1.9841684776555444
8211;8211;1982-09-20;-0.0003264588226485;-0.03264588226485;1.9838420188328958
8212;8212;1982-09-21;0.0191605765528369;1.9160576552836899;2.0030025953857327
8213;8213;1982-09-22;-0.0071523511226967;-0.7152351122696701;1.995850244263036
8214;8214;1982-09-23;-0.0014527847826011;-0.14527847826011;1.9943974594804348
8215;8215;1982-09-24;-0.0039655132608666;-0.39655132608666005;1.990431946219568
8216;8216;1982-09-27;0.0024297654810956;0.24297654810956;1.9928617117006637
8217;8217;1982-09-28;-0.003078710999075;-0.3078710999075;1.9897830007015886
8218;8218;1982-09-29;-0.0131500325345923;-1.31500325345923;1.9766329681669963
8219;8219;1982-09-30;-0.0099980095376128;-0.99980095376128;1.9666349586293834
8220;8220;1982-10-01;0.0127895056261194;1.2789505626119402;1.9794244642555028
8221;8221;1982-10-04;-0.0037785406738128;-0.37785406738128;1.9756459235816899
8222;8222;1982-10-05;0.0038605410824343;0.38605410824343;1.9795064646641243
8223;8223;1982-10-06;0.0321866698401037;3.2186669840103703;2.011693134504228
8224;8224;1982-10-07;0.0222170456595689;2.22170456595689;2.033910180163797
8225;8225;1982-10-08;0.017318115699263;1.7318115699263;2.05122829586306
8226;8226;1982-10-11;0.0257621806109398;2.57621806109398;2.0769904764739997
8227;8227;1982-10-12;-0.0002231155389518;-0.02231155389518;2.076767360935048
8228;8228;1982-10-13;0.0167439274137475;1.6743927413747501;2.0935112883487954
8229;8229;1982-10-14;-0.0157773833761912;-1.5777383376191199;2.0777339049726042
8230;8230;1982-10-15;-0.0074588243749955;-0.74588243749955;2.0702750805976087
8231;8231;1982-10-18;0.0233824116702639;2.33824116702639;2.0936574922678726
8232;8232;1982-10-19;-0.0010976108898788;-0.10976108898787999;2.0925598813779938
8233;8233;1982-10-20;0.0192166750153779;1.92166750153779;2.1117765563933717
8234;8234;1982-10-21;-0.0012217329031623;-0.12217329031623;2.1105548234902094
8235;8235;1982-10-22;-0.0016553028357719;-0.16553028357719;2.1088995206544374
8236;8236;1982-10-25;-0.0404978715080304;-4.04978715080304;2.068401649146407
8237;8237;1982-10-26;0.008663153411371;0.8663153411371;2.077064802557778
8238;8238;1982-10-27;0.0060051115184034;0.60051115184034;2.0830699140761815
8239;8239;1982-10-28;-0.0126451928152038;-1.26451928152038;2.0704247212609777
8240;8240;1982-10-29;0.000972690970852;0.0972690970852;2.0713974122318297
8241;8241;1982-11-01;0.0130021519441419;1.30021519441419;2.0843995641759716
8242;8242;1982-11-02;0.0148010025810699;1.48010025810699;2.0992005667570415
8243;8243;1982-11-03;0.0383838673247929;3.8383867324792904;2.1375844340818344
8244;8244;1982-11-04;-0.0071648873271543;-0.71648873271543;2.13041954675468
8245;8245;1982-11-05;0.0021830084306442;0.21830084306442002;2.1326025551853243
8246;8246;1982-11-08;-0.0121728464425175;-1.21728464425175;2.120429708742807
8247;8247;1982-11-09;0.0182041430471775;1.8204143047177501;2.1386338517899843
8248;8248;1982-11-10;-0.0130904814446575;-1.30904814446575;2.125543370345327
8249;8249;1982-11-11;0.0041709154641536;0.41709154641536;2.1297142858094804
8250;8250;1982-11-12;-0.0157853178706642;-1.57853178706642;2.1139289679388162
8251;8251;1982-11-15;-0.0180797520767602;-1.80797520767602;2.095849215862056
8252;8252;1982-11-16;-0.0118188273718056;-1.18188273718056;2.0840303884902505
8253;8253;1982-11-17;0.0183652140484147;1.83652140484147;2.102395602538665
8254;8254;1982-11-18;0.0029681349211223;0.29681349211222996;2.1053637374597876
8255;8255;1982-11-19;-0.0095874644905977;-0.95874644905977;2.09577627296919
8256;8256;1982-11-22;-0.0206466775870231;-2.06466775870231;2.0751295953821667
8257;8257;1982-11-23;-0.0096576309603362;-0.96576309603362;2.0654719644218305
8258;8258;1982-11-24;0.0071212924697912;0.7121292469791201;2.0725932568916217
8259;8259;1982-11-26;0.0074416176335301;0.74416176335301;2.080034874525152
8260;8260;1982-11-29;-0.0050543291406466;-0.50543291406466;2.074980545384505
8261;8261;1982-11-30;0.0317556992682482;3.17556992682482;2.1067362446527533
8262;8262;1982-12-01;0.0013706187898625;0.13706187898625;2.108106863442616
8263;8263;1982-12-02;0.0007206600954496;0.07206600954496;2.1088275235380656
8264;8264;1982-12-03;-0.0009369392475528;-0.09369392475528;2.1078905842905127
8265;8265;1982-12-06;0.0219648132553596;2.1964813255359603;2.1298553975458723
8266;8266;1982-12-07;0.0066786214941716;0.66786214941716;2.136534019040044
8267;8267;1982-12-08;-0.0063259786042344;-0.63259786042344;2.1302080404358095
8268;8268;1982-12-09;-0.012916274624887;-1.2916274624887;2.1172917658109225
8269;8269;1982-12-10;-0.0030761049347072;-0.30761049347072;2.1142156608762153
8270;8270;1982-12-13;0.0027188768506381;0.27188768506381;2.1169345377268534
8271;8271;1982-12-14;-0.0183888584051086;-1.8388858405108601;2.0985456793217447
8272;8272;1982-12-15;-0.015845321309131;-1.5845321309131002;2.0827003580126138
8273;8273;1982-12-16;0.0004435425386963;0.044354253869629996;2.08314390055131
8274;8274;1982-12-17;0.0160566662057313;1.60566662057313;2.0992005667570415
8275;8275;1982-12-20;-0.0090597900120696;-0.9059790012069601;2.090140776744972
8276;8276;1982-12-21;0.0171728078963955;1.71728078963955;2.1073135846413673
8277;8277;1982-12-22;0.0015859360130701;0.15859360130701;2.1088995206544374
8278;8278;1982-12-23;0.0063902496429841;0.6390249642984099;2.1152897702974216
8279;8279;1982-12-27;0.0173830834841384;1.73830834841384;2.13267285378156
8280;8280;1982-12-28;-0.0098961293249226;-0.9896129324922599;2.1227767244566373
8281;8281;1982-12-29;0.0033332252059024;0.33332252059024003;2.1261099496625397
8282;8282;1982-12-30;-0.0064638004457569;-0.64638004457569;2.119646149216783
8283;8283;1982-12-31;0.00220662081135;0.220662081135;2.121852770028133
8284;8284;1983-01-03;-0.0164890325683453;-1.6489032568345299;2.1053637374597876
8285;8285;1983-01-04;0.0215954408274088;2.1595440827408803;2.1269591782871964
8286;8286;1983-01-05;0.0042355420023811;0.42355420023810997;2.1311947202895776
8287;8287;1983-01-06;0.0230487303317677;2.30487303317677;2.1542434506213453
8288;8288;1983-01-07;-0.000619803779041;-0.061980377904100006;2.1536236468423042
8289;8289;1983-01-10;0.0109605566633135;1.0960556663313499;2.1645842035056178
8290;8290;1983-01-11;-0.0068362312095837;-0.68362312095837;2.157747972296034
8291;8291;1983-01-12;0.0062229010394503;0.62229010394503;2.1639708733354843
8292;8292;1983-01-13;-0.0065659630362811;-0.65659630362811;2.1574049102992032
8293;8293;1983-01-14;0.0062931874121341;0.62931874121341;2.1636980977113374
8294;8294;1983-01-17;0.0004772608141392;0.04772608141392;2.1641753585254766
8295;8295;1983-01-18;-0.0021834547802539;-0.21834547802539;2.1619919037452227
8296;8296;1983-01-19;-0.0077484531238774;-0.77484531238774;2.1542434506213453
8297;8297;1983-01-20;0.0069967977201059;0.6996797720105901;2.1612402483414512
8298;8298;1983-01-21;-0.0168197734321618;-1.68197734321618;2.1444204749092894
8299;8299;1983-01-24;-0.0273430106307284;-2.73430106307284;2.117077464278561
8300;8300;1983-01-25;0.0126368215309194;1.26368215309194;2.1297142858094804
8301;8301;1983-01-26;-0.0014826294162082;-0.14826294162082;2.128231656393272
8302;8302;1983-01-27;0.0191042584918186;1.91042584918186;2.147335914885091
8303;8303;1983-01-28;0.0016621030270842;0.16621030270842;2.148998017912175
8304;8304;1983-01-31;0.0054519165126176;0.54519165126176;2.1544499344247927
8305;8305;1983-02-01;-0.0162356714072578;-1.6235671407257801;2.138214263017535
8306;8306;1983-02-02;0.0018867820487464;0.18867820487464;2.1401010450662814
8307;8307;1983-02-03;0.0071654905512206;0.7165490551220599;2.147266535617502
8308;8308;1983-02-04;0.012947867104435;1.2947867104435;2.160214402721937
8309;8309;1983-02-07;0.0053911757258013;0.53911757258013;2.1656055784477384
8310;8310;1983-02-08;-0.0084065426352149;-0.84065426352149;2.1571990358125235
8311;8311;1983-02-09;-0.0048159501903306;-0.48159501903305996;2.152383085622193
8312;8312;1983-02-10;0.0170944333593006;1.7094433359300598;2.1694775189814934
8313;8313;1983-02-11;0.0010163917734153;0.10163917734153001;2.170493910754909
8314;8314;1983-02-14;0.0086317823425377;0.86317823425377;2.1791256930974465
8315;8315;1983-02-15;-0.0042390805226766;-0.42390805226766;2.17488661257477
8316;8316;1983-02-16;-0.0058838299915837;-0.58838299915837;2.169002782583186
8317;8317;1983-02-17;6.78875448398841e-05;0.00678875448398841;2.169070670128026
8318;8318;1983-02-18;0.0037909468377073;0.37909468377073;2.1728616169657333
8319;8319;1983-02-22;-0.0171736811405152;-1.71736811405152;2.155687935825218
8320;8320;1983-02-23;0.008964353658369;0.8964353658369;2.164652289483587
8321;8321;1983-02-24;0.0189621593653593;1.8962159365359301;2.1836144488489464
8322;8322;1983-02-25;0.0009353845464223;0.09353845464223;2.184549833395369
8323;8323;1983-02-28;-0.0112829066868354;-1.1282906686835399;2.1732669267085334
8324;8324;1983-03-01;0.01886726851715;1.886726851715;2.1921341952256834
8325;8325;1983-03-02;0.0093674275750155;0.93674275750155;2.201501622800699
8326;8326;1983-03-03;0.0077179597176435;0.77179597176435;2.2092195825183425
8327;8327;1983-03-04;0.0012371937356148;0.12371937356148;2.2104567762539573
8328;8328;1983-03-07;0.0;0.0;2.2104567762539573
8329;8329;1983-03-08;-0.0158072556801212;-1.5807255680121202;2.194649520573836
8330;8330;1983-03-09;0.010587676933195;1.0587676933195;2.205237197507031
8331;8331;1983-03-10;-0.007023969581037;-0.7023969581037001;2.198213227925994
8332;8332;1983-03-11;-0.0036958726416065;-0.36958726416065;2.1945173552843875
8333;8333;1983-03-14;-0.0027146240426461;-0.27146240426461;2.1918027312417414
8334;8334;1983-03-15;0.0035737497027064;0.35737497027064;2.195376480944448
8335;8335;1983-03-16;-0.0103593265637825;-1.03593265637825;2.1850171543806653
8336;8336;1983-03-17;-0.0014696195324326;-0.14696195324326;2.1835475348482327
8337;8337;1983-03-18;0.0020701734352526;0.20701734352526;2.1856177082834853
8338;8338;1983-03-21;0.0085689721386312;0.85689721386312;2.1941866804221166
8339;8339;1983-03-22;-0.0035116682731022;-0.35116682731022003;2.1906750121490144
8340;8340;1983-03-23;0.0141696375816212;1.41696375816212;2.2048446497306355
8341;8341;1983-03-24;0.0036579635327713;0.36579635327713;2.208502613263407
8342;8342;1983-03-25;-0.0045745538930877;-0.45745538930876994;2.203928059370319
8343;8343;1983-03-28;-0.0053854851642665;-0.53854851642665;2.1985425742060527
8344;8344;1983-03-29;-0.0017137494194718;-0.17137494194718;2.196828824786581
8345;8345;1983-03-30;0.0118042096557254;1.18042096557254;2.208633034442306
8346;8346;1983-03-31;-0.0028071961739994;-0.28071961739994;2.2058258382683067
8347;8347;1983-04-04;0.0003921628773913;0.03921628773913;2.206218001145698
8348;8348;1983-04-05;-0.007346287842024;-0.7346287842024;2.198871713303674
8349;8349;1983-04-06;-0.0056777140502051;-0.56777140502051;2.193193999253469
8350;8350;1983-04-07;0.0047556366281496;0.47556366281496;2.1979496358816184
8351;8351;1983-04-08;0.0071567949110136;0.71567949110136;2.205106430792632
8352;8352;1983-04-11;0.0148708410259211;1.48708410259211;2.219977271818553
8353;8353;1983-04-12;0.0043736112094068;0.43736112094068;2.22435088302796
8354;8354;1983-04-13;0.0060782487691835;0.6078248769183501;2.2304291317971434
8355;8355;1983-04-14;0.0085744182114062;0.8574418211406201;2.2390035500085497
8356;8356;1983-04-15;0.0039764309658698;0.39764309658698005;2.2429799809744195
8357;8357;1983-04-18;0.0062168870173051;0.62168870173051;2.2491968679917247
8358;8358;1983-04-19;-0.0064688431650381;-0.64688431650381;2.2427280248266865
8359;8359;1983-04-20;0.0125228604926271;1.2522860492627101;2.2552508853193136
8360;8360;1983-04-21;-0.0041152569576805;-0.41152569576805004;2.251135628361633
8361;8361;1983-04-22;0.0023090783114909;0.23090783114909;2.253444706673124
8362;8362;1983-04-25;-0.0100868569426158;-1.00868569426158;2.2433578497305082
8363;8363;1983-04-26;0.0187142885226512;1.87142885226512;2.2620721382531594
8364;8364;1983-04-27;-0.0022892260577389;-0.22892260577389;2.2597829121954205
8365;8365;1983-04-28;0.0093098178792132;0.93098178792132;2.2690927300746337
8366;8366;1983-04-29;0.0090415182818119;0.90415182818119;2.2781342483564457
8367;8367;1983-05-02;-0.0142097818326947;-1.4209781832694701;2.263924466523751
8368;8368;1983-05-03;0.0014177533712516;0.14177533712516002;2.2653422198950026
8369;8369;1983-05-04;0.0059573461486204;0.59573461486204;2.271299566043623
8370;8370;1983-05-05;0.0059220601591851;0.59220601591851;2.277221626202808
8371;8371;1983-05-06;0.0110177697408762;1.10177697408762;2.2882393959436844
8372;8372;1983-05-09;-0.0017475102907829;-0.17475102907829;2.2864918856529015
8373;8373;1983-05-10;0.0008439776369666;0.08439776369666;2.287335863289868
8374;8374;1983-05-11;-0.0059834573850707;-0.5983457385070701;2.2813524059047974
8375;8375;1983-05-12;-0.0043134053384585;-0.43134053384585;2.277039000566339
8376;8376;1983-05-13;0.0040102374316131;0.40102374316131;2.281049237997952
8377;8377;1983-05-16;-0.0091987490901379;-0.91987490901379;2.271850488907814
8378;8378;1983-05-17;0.0018954669185902;0.18954669185901998;2.273745955826404
8379;8379;1983-05-18;-0.0026913159874171;-0.26913159874171;2.271054639838987
8380;8380;1983-05-19;-0.0078706608392193;-0.78706608392193;2.2631839789997676
8381;8381;1983-05-20;0.0009255175939024;0.09255175939023999;2.26410949659367
8382;8382;1983-05-23;0.0079245678811208;0.79245678811208;2.272034064474791
8383;8383;1983-05-24;0.0128280938982241;1.28280938982241;2.284862158373015
8384;8384;1983-05-25;0.0040392760270178;0.40392760270178;2.288901434400033
8385;8385;1983-05-26;-0.0044017737773094;-0.44017737773094;2.2844996606227235
8386;8386;1983-05-27;-0.006182895314815;-0.6182895314815;2.2783167653079084
8387;8387;1983-05-31;-0.0126665787873081;-1.26665787873081;2.2656501865206002
8388;8388;1983-06-01;0.0009848218867922;0.09848218867922001;2.2666350084073925
8389;8389;1983-06-02;0.0087587795690389;0.87587795690389;2.2753937879764314
8390;8390;1983-06-03;0.002679672785204;0.26796727852040003;2.2780734607616355
8391;8391;1983-06-06;0.0024905343169612;0.24905343169612;2.2805639950785968
8392;8392;1983-06-07;-0.0125764658990182;-1.25764658990182;2.2679875291795786
8393;8393;1983-06-08;-0.0087002861346805;-0.8700286134680499;2.259287243044898
8394;8394;1983-06-09;0.0029085140441624;0.29085140441623997;2.2621957570890605
8395;8395;1983-06-10;0.0052386241223212;0.52386241223212;2.2674343812113817
8396;8396;1983-06-13;0.0131902441948988;1.3190244194898801;2.2806246254062805
8397;8397;1983-06-14;0.0041771590262111;0.41771590262110997;2.2848017844324917
8398;8398;1983-06-15;0.0095596460988156;0.95596460988156;2.2943614305313074
8399;8399;1983-06-16;0.0120146811121256;1.20146811121256;2.306376111643433
8400;8400;1983-06-17;-5.90888928062583e-05;-0.00590888928062583;2.3063170227506267
8401;8401;1983-06-20;-0.0006506047668333;-0.06506047668333001;2.3056664179837933
8402;8402;1983-06-21;0.0088941536785771;0.8894153678577099;2.3145605716623705
8403;8403;1983-06-22;0.0026938760412251;0.26938760412251;2.3172544477035957
8404;8404;1983-06-23;-0.0024592938103262;-0.24592938103261996;2.3147951538932694
8405;8405;1983-06-24;-0.0009384890995489;-0.09384890995489;2.3138566647937204
8406;8406;1983-06-27;-0.0115089471519942;-1.15089471519942;2.302347717641726
8407;8407;1983-06-28;-0.0166401996029002;-1.66401996029002;2.285707518038826
8408;8408;1983-06-29;0.0057776161145488;0.57776161145488;2.291485134153375
8409;8409;1983-06-30;0.0059830261399511;0.59830261399511;2.297468160293326
8410;8410;1983-07-01;0.0059474423314984;0.5947442331498399;2.3034156026248245
8411;8411;1983-07-05;-0.0121704936760585;-1.21704936760585;2.291245108948766
8412;8412;1983-07-06;0.0112212588968275;1.1221258896827502;2.3024663678455934
8413;8413;1983-07-07;-0.0054755405011635;-0.5475540501163499;2.29699082734443
8414;8414;1983-07-08;-0.002868732543523;-0.28687325435230004;2.294122094800907
8415;8415;1983-07-11;0.0061457813941654;0.61457813941654;2.3002678761950723
8416;8416;1983-07-12;-0.0154660917625806;-1.54660917625806;2.2848017844324917
8417;8417;1983-07-13;-0.0004229251625398;-0.042292516253980006;2.284378859269952
8418;8418;1983-07-14;0.003318481318983;0.3318481318983;2.287697340588935
8419;8419;1983-07-15;-0.010414881076656;-1.0414881076656;2.277282459512279
8420;8420;1983-07-18;-0.0020716313182651;-0.20716313182651;2.2752108281940138
8421;8421;1983-07-19;0.0052925268134158;0.52925268134158;2.2805033550074296
8422;8422;1983-07-20;0.0267591674941823;2.67591674941823;2.307262522501612
8423;8423;1983-07-21;-0.0013595096293315;-0.13595096293314998;2.3059030128722804
8424;8424;1983-07-22;-0.0010060601618455;-0.10060601618454999;2.304896952710435
8425;8425;1983-07-25;0.0037822869023846;0.37822869023846;2.3086792396128195
8426;8426;1983-07-26;0.0058813320495509;0.58813320495509;2.3145605716623705
8427;8427;1983-07-27;-0.0173907319317426;-1.73907319317426;2.297169839730628
8428;8428;1983-07-28;-0.0153326701799736;-1.53326701799736;2.2818371695506543
8429;8429;1983-07-29;-0.0151406742620681;-1.51406742620681;2.266696495288586
8430;8430;1983-08-01;-0.0032039769516885;-0.32039769516885;2.2634925183368977
8431;8431;1983-08-02;-0.0001851442752451;-0.01851442752451;2.2633073740616525
8432;8432;1983-08-03;0.0087879318862391;0.87879318862391;2.2720953059478917
8433;8433;1983-08-04;-0.0129939936712704;-1.2993993671270399;2.2591013122766213
8434;8434;1983-08-05;0.0025381695064856;0.25381695064855997;2.261639481783107
8435;8435;1983-08-08;-0.0159545451791594;-1.59545451791594;2.2456849366039475
8436;8436;1983-08-09;0.005950423156686;0.5950423156686;2.2516353597606336
8437;8437;1983-08-10;0.0087667301222138;0.87667301222138;2.2604020898828474
8438;8438;1983-08-11;0.0;0.0;2.2604020898828474
8439;8439;1983-08-12;0.0038307801295109;0.38307801295109;2.2642328700123584
8440;8440;1983-08-15;0.0094519392401428;0.9451939240142799;2.2736848092525013
8441;8441;1983-08-16;-0.0017730615088842;-0.17730615088842;2.271911747743617
8442;8442;1983-08-17;0.0114390600374534;1.1439060037453401;2.2833508077810705
8443;8443;1983-08-18;-0.0105826922520444;-1.0582692252044401;2.272768115529026
8444;8444;1983-08-19;0.0026256724474054;0.26256724474054;2.2753937879764314
8445;8445;1983-08-22;0.0021929833884453;0.21929833884453;2.2775867713648767
8446;8446;1983-08-23;-0.0095992421852981;-0.95992421852981;2.2679875291795786
8447;8447;1983-08-24;-0.0093822303020783;-0.93822303020783;2.2586052988775003
8448;8448;1983-08-25;-0.002545898516244;-0.25458985162439995;2.256059400361256
8449;8449;1983-08-26;0.0080500962324139;0.80500962324139;2.26410949659367
8450;8450;1983-08-29;0.000678202192148;0.0678202192148;2.264787698785818
8451;8451;1983-08-30;0.0020318450358631;0.20318450358631;2.2668195438216814
8452;8452;1983-08-31;0.0111322455056655;1.11322455056655;2.277951789327347
8453;8453;1983-09-01;-0.001034586132345;-0.10345861323450001;2.276917203195002
8454;8454;1983-09-02;0.0046776139071971;0.46776139071971;2.281594817102199
8455;8455;1983-09-06;0.0173635231914453;1.73635231914453;2.298958340293644
8456;8456;1983-09-07;0.0004169004005554;0.04169004005554;2.2993752406941996
8457;8457;1983-09-08;-0.0011318798681072;-0.11318798681072;2.2982433608260924
8458;8458;1983-09-09;-0.0050793738829098;-0.50793738829098;2.2931639869431826
8459;8459;1983-09-12;-0.0086643263204591;-0.86643263204591;2.2844996606227235
8460;8460;1983-09-13;-0.0041176817418504;-0.41176817418504;2.280381978880873
8461;8461;1983-09-14;0.0033318400352113;0.33318400352113;2.2837138189160844
8462;8462;1983-09-15;-0.0058836245767866;-0.58836245767866;2.277830194339298
8463;8463;1983-09-16;0.0113118283982843;1.13118283982843;2.289142022737582
8464;8464;1983-09-19;0.0082068033054199;0.82068033054199;2.297348826043002
8465;8465;1983-09-20;0.0096183725543257;0.96183725543257;2.3069671985973277
8466;8466;1983-09-21;-0.0049163491761881;-0.49163491761881;2.3020508494211396
8467;8467;1983-09-22;0.0079841391928061;0.79841391928061;2.3100349886139457
8468;8468;1983-09-23;-0.0014737527787174;-0.14737527787174;2.3085612358352283
8469;8469;1983-09-26;0.0032982655302342;0.32982655302342;2.3118595013654626
8470;8470;1983-09-27;-0.0096899665138421;-0.96899665138421;2.3021695348516205
8471;8471;1983-09-28;-0.002556212246743;-0.25562122467430004;2.2996133226048774
8472;8472;1983-09-29;-0.0045938929293809;-0.45938929293809;2.2950194296754964
8473;8473;1983-09-30;-0.0069606581043171;-0.69606581043171;2.2880587715711793
8474;8474;1983-10-03;-0.0015668859182778;-0.15668859182778;2.2864918856529015
8475;8475;1983-10-04;0.0027704546582612;0.27704546582612;2.2892623403111627
8476;8476;1983-10-05;0.0088021942547573;0.88021942547573;2.29806453456592
8477;8477;1983-10-06;0.01502894372297;1.5028943722969998;2.31309347828889
8478;8478;1983-10-07;0.0030491638316005;0.30491638316005;2.3161426421204907
8479;8479;1983-10-10;0.0107730901647392;1.07730901647392;2.32691573228523
8480;8480;1983-10-11;-0.0134699728531231;-1.34699728531231;2.3134457594321067
8481;8481;1983-10-12;-0.0042358047745905;-0.42358047745905003;2.309209954657516
8482;8482;1983-10-13;0.001472797741048;0.1472797741048;2.3106827523985642
8483;8483;1983-10-14;-5.88349578807268e-05;-0.00588349578807268;2.3106239174406835
8484;8484;1983-10-17;0.0033500399254986;0.33500399254986;2.313973957366182
8485;8485;1983-10-18;-0.0154922390697338;-1.54922390697338;2.2984817182964483
8486;8486;1983-10-19;-0.0064566615133463;-0.64566615133463;2.292025056783102
8487;8487;1983-10-20;0.0014983072294061;0.14983072294061;2.293523364012508
8488;8488;1983-10-21;-0.0061875007226399;-0.6187500722639899;2.287335863289868
8489;8489;1983-10-24;0.0002410556121743;0.02410556121743;2.2875769189020425
8490;8490;1983-10-25;0.0028875433125836;0.28875433125836;2.290464462214626
8491;8491;1983-10-26;-0.0065692324855852;-0.65692324855852;2.283895229729041
8492;8492;1983-10-27;-0.0032706043227603;-0.32706043227603;2.2806246254062805
8493;8493;1983-10-28;-0.0089577457716192;-0.89577457716192;2.2716668796346613
8494;8494;1983-10-31;0.0011012358943647;0.11012358943647;2.272768115529026
8495;8495;1983-11-01;0.0006723572127418;0.06723572127418001;2.273440472741768
8496;8496;1983-11-02;0.0071841526645126;0.7184152664512601;2.2806246254062805
8497;8497;1983-11-03;-0.0084681673886795;-0.8468167388679501;2.272156458017601
8498;8498;1983-11-04;-0.0061983996856467;-0.61983996856467;2.2659580583319543
8499;8499;1983-11-07;-0.0032680651265915;-0.32680651265915;2.262689993205363
8500;8500;1983-11-08;-0.0009269256415738;-0.09269256415738;2.261763067563789
8501;8501;1983-11-09;0.013569765998283;1.3569765998283;2.275332833562072
8502;8502;1983-11-10;0.0026798419917524;0.26798419917523997;2.2780126755538244
8503;8503;1983-11-11;0.0113698776524815;1.13698776524815;2.289382553206306
8504;8504;1983-11-14;0.0017424765087508;0.17424765087507998;2.2911250297150567
8505;8505;1983-11-15;-0.0073507650925135;-0.73507650925135;2.283774264622543
8506;8506;1983-11-16;0.0043446905989883;0.43446905989883;2.2881189552215315
8507;8507;1983-11-17;0.0003010324753862;0.03010324753862;2.288419987696918
8508;8508;1983-11-18;-0.0062798889847304;-0.62798889847304;2.2821400987121874
8509;8509;1983-11-21;0.0057982103790337;0.57982103790337;2.287938309091221
8510;8510;1983-11-22;0.0047462794640758;0.47462794640758005;2.292684588555297
8511;8511;1983-11-23;0.0007190593414758;0.07190593414758;2.2934036478967728
8512;8512;1983-11-25;0.0013167297048175;0.13167297048175;2.2947203776015903
8513;8513;1983-11-28;-0.003835555624243;-0.3835555624243;2.290884821977347
8514;8514;1983-11-29;0.0081926666179343;0.81926666179343;2.2990774885952816
8515;8515;1983-11-30;-0.0090336530642476;-0.90336530642476;2.290043835531034
8516;8516;1983-12-01;0.0005407852591785;0.05407852591784999;2.2905846207902125
8517;8517;1983-12-02;-0.0063266741795544;-0.63266741795544;2.284257946610658
8518;8518;1983-12-05;0.0019323254979859;0.19323254979859;2.286190272108644
8519;8519;1983-12-06;-0.0017510133598808;-0.17510133598808;2.284439258748763
8520;8520;1983-12-07;0.0026555812175761;0.26555812175761;2.2870948399663393
8521;8521;1983-12-08;-0.0042886538376496;-0.42886538376496;2.2828061861286897
8522;8522;1983-12-09;-0.0007266259273519;-0.07266259273518999;2.2820795602013377
8523;8523;1983-12-12;0.0032657604162436;0.32657604162436;2.2853453206175813
8524;8524;1983-12-13;-0.0041748783981505;-0.41748783981505005;2.2811704422194308
8525;8525;1983-12-14;-0.0097483927076167;-0.97483927076167;2.271422049511814
8526;8526;1983-12-15;-0.0102773172612087;-1.02773172612087;2.2611447322506053
8527;8527;1983-12-16;0.0045054542699949;0.45054542699948996;2.2656501865206002
8528;8528;1983-12-19;-0.0004311046767311;-0.04311046767311;2.265219081843869
8529;8529;1983-12-20;-0.0019734034098668;-0.19734034098668002;2.2632456784340023
8530;8530;1983-12-21;0.0095835480361294;0.95835480361294;2.2728292264701317
8531;8531;1983-12-22;-0.0001834296392999;-0.01834296392999;2.272645796830832
8532;8532;1983-12-23;-0.0018974634614163;-0.18974634614163;2.2707483333694154
8533;8533;1983-12-27;0.0093908490529113;0.93908490529113;2.2801391824223267
8534;8534;1983-12-28;0.0035140964112487;0.35140964112487;2.2836532788335755
8535;8535;1983-12-29;-0.0029073006811222;-0.29073006811222;2.2807459781524533
8536;8536;1983-12-30;0.0004244640669774;0.042446406697740004;2.2811704422194308
8537;8537;1984-01-03;-0.0054108411664737;-0.54108411664737;2.275759601052957
8538;8538;1984-01-04;0.0165653148115785;1.65653148115785;2.2923249158645356
8539;8539;1984-01-05;0.012098237602741;1.2098237602741;2.3044231534672766
8540;8540;1984-01-06;0.0027803324969042;0.27803324969042;2.307203485964181
8541;8541;1984-01-09;-0.0022473544727867;-0.22473544727867;2.304956131491394
8542;8542;1984-01-10;-0.005640490093933;-0.5640490093933;2.299315641397461
8543;8543;1984-01-11;-0.0008934862843101;-0.08934862843100999;2.2984221551131507
8544;8544;1984-01-12;-0.0002980360597408;-0.029803605974079998;2.29812411905341
8545;8545;1984-01-13;-0.0043611861774808;-0.43611861774808003;2.293762932875929
8546;8546;1984-01-16;0.0009574447256612;0.09574447256612;2.2947203776015903
8547;8547;1984-01-17;0.0038805398369365;0.38805398369364996;2.298600917438527
8548;8548;1984-01-18;-0.0016697421484863;-0.16697421484863;2.2969311752900405
8549;8549;1984-01-19;-0.0030485693002795;-0.30485693002795;2.293882605989761
8550;8550;1984-01-20;-0.0049811715897281;-0.49811715897281;2.288901434400033
8551;8551;1984-01-23;-0.0080948369522522;-0.80948369522522;2.2808065974477807
8552;8552;1984-01-24;0.0064690350425262;0.64690350425262;2.287275632490307
8553;8553;1984-01-25;-0.0066510070840264;-0.66510070840264;2.2806246254062805
8554;8554;1984-01-26;-0.0036464790507304;-0.36464790507304;2.27697814635555
8555;8555;1984-01-27;-0.0018282837294618;-0.18282837294617998;2.275149862626088
8556;8556;1984-01-30;-0.0065482135383314;-0.65482135383314;2.2686016490877567
8557;8557;1984-01-31;0.0033100986558602;0.33100986558601997;2.271911747743617
8558;8558;1984-02-01;-0.0041085385496337;-0.41085385496336996;2.2678032091939833
8559;8559;1984-02-02;0.0038024945454404;0.38024945454403997;2.2716057037394237
8560;8560;1984-02-03;-0.01511113320813;-1.511113320813;2.2564945705312938
8561;8561;1984-02-06;-0.0177439806782953;-1.7743980678295301;2.2387505898529985
8562;8562;1984-02-07;0.0041664285093965;0.41664285093965;2.242917018362395
8563;8563;1984-02-08;-0.0183736304488749;-1.83736304488749;2.22454338791352
8564;8564;1984-02-09;-0.0027629277991625;-0.27629277991625;2.2217804601143576
8565;8565;1984-02-10;0.0056461397085501;0.56461397085501;2.2274265998229077
8566;8566;1984-02-13;-0.008674791748616;-0.8674791748616;2.2187518080742916
8567;8567;1984-02-14;0.0106561799909581;1.0656179990958101;2.2294079880652498
8568;8568;1984-02-15;-0.0023013562471199;-0.23013562471199;2.22710663181813
8569;8569;1984-02-16;-0.0007682630384877;-0.07682630384877001;2.226338368779642
8570;8570;1984-02-17;-0.0025010433243943;-0.25010433243943003;2.2238373254552477
8571;8571;1984-02-21;-0.0070881538201854;-0.70881538201854;2.2167491716350622
8572;8572;1984-02-22;-0.002136275311253;-0.2136275311253;2.214612896323809
8573;8573;1984-02-23;-0.0001296500363672;-0.01296500363672;2.214483246287442
8574;8574;1984-02-24;0.0206550134838039;2.06550134838039;2.235138259771246
8575;8575;1984-02-27;0.0113003191787673;1.13003191787673;2.246438578950013
8576;8576;1984-02-28;-0.015690540308456;-1.5690540308456;2.2307480386415572
8577;8577;1984-02-29;0.0015291897728024;0.15291897728024;2.2322772284143597
8578;8578;1984-03-01;0.0071689696407712;0.71689696407712;2.239446198055131
8579;8579;1984-03-02;0.0066156746777492;0.66156746777492;2.2460618727328803
8580;8580;1984-03-05;-0.0085139478309876;-0.85139478309876;2.2375479249018926
8581;8581;1984-03-06;-0.0104412930837627;-1.0441293083762702;2.22710663181813
8582;8582;1984-03-07;-0.0108101751653598;-1.08101751653598;2.21629645665277
8583;8583;1984-03-08;0.0040030721198105;0.40030721198105;2.2202995287725806
8584;8584;1984-03-09;-0.005427395750102;-0.5427395750102;2.2148721330224785
8585;8585;1984-03-12;0.0128103073860615;1.2810307386061501;2.22768244040854
8586;8586;1984-03-13;0.0028104451752897;0.28104451752897;2.2304928855838297
8587;8587;1984-03-14;-6.37537866863269e-05;-0.00637537866863269;2.2304291317971434
8588;8588;1984-03-15;0.0040741031825506;0.40741031825506;2.234503234979694
8589;8589;1984-03-16;0.0117470086001994;1.17470086001994;2.2462502435798934
8590;8590;1984-03-19;-0.0093992490492702;-0.93992490492702;2.236850994530623
8591;8591;1984-03-20;0.0068216661708326;0.68216661708326;2.243672660701456
8592;8592;1984-03-21;-0.0012597444148374;-0.12597444148374;2.2424129162866184
8593;8593;1984-03-22;-0.0124942292046262;-1.24942292046262;2.2299186870819923
8594;8594;1984-03-23;0.0010843502792585;0.10843502792585;2.231003037361251
8595;8595;1984-03-26;-0.0012120245199227;-0.12120245199227;2.229791012841328
8596;8596;1984-03-27;0.0040131594963597;0.40131594963597006;2.233804172337688
8597;8597;1984-03-28;0.0162687359805087;1.6268735980508702;2.2500729083181965
8598;8598;1984-03-29;-0.0022542338278244;-0.22542338278244;2.247818674490372
8599;8599;1984-03-30;-0.0021337378864245;-0.21337378864245;2.2456849366039475
8600;8600;1984-04-02;-0.0075671759857165;-0.75671759857165;2.238117760618231
8601;8601;1984-04-03;-0.0020275764137993;-0.20275764137993002;2.2360901842044316
8602;8602;1984-04-04;-0.0007614911607953;-0.07614911607953;2.2353286930436362
8603;8603;1984-04-05;-0.015996246849201;-1.5996246849201;2.2193324461944353
8604;8604;1984-04-06;0.0028339772644239;0.28339772644239;2.222166423458859
8605;8605;1984-04-09;-0.0001929630512877;-0.019296305128769998;2.2219734604075714
8606;8606;1984-04-10;0.0026981772169927;0.26981772169927;2.224671637624564
8607;8607;1984-04-11;-0.0055971775036987;-0.55971775036987;2.2190744601208654
8608;8608;1984-04-12;0.0174595682203433;1.74595682203433;2.2365340283412087
8609;8609;1984-04-13;-0.0026663170189262;-0.26663170189262003;2.2338677113222825
8610;8610;1984-04-16;0.0063999773878951;0.63999773878951;2.2402676887101776
8611;8611;1984-04-17;0.0040971659547164;0.40971659547164;2.244364854664894
8612;8612;1984-04-18;-0.0067536282004132;-0.67536282004132;2.2376112264644807
8613;8613;1984-04-19;0.0007597493449766;0.07597493449766;2.2383709758094574
8614;8614;1984-04-23;-0.007750505558878;-0.7750505558878;2.2306204702505794
8615;8615;1984-04-24;0.0080668901245202;0.80668901245202;2.2386873603750996
8616;8616;1984-04-25;0.0036624630366244;0.36624630366244;2.242349823411724
8617;8617;1984-04-26;0.0103465981203108;1.03465981203108;2.252696421532035
8618;8618;1984-04-27;-0.0025610057873874;-0.25610057873874;2.2501354157446474
8619;8619;1984-04-30;0.0010002126169856;0.10002126169856002;2.251135628361633
8620;8620;1984-05-01;0.010132744639952;1.0132744639952;2.261268373001585
8621;8621;1984-05-02;0.0013597938237088;0.13597938237088;2.262628166825294
8622;8622;1984-05-03;-0.0043330121615694;-0.43330121615694;2.2582951546637244
8623;8623;1984-05-04;-0.0130500182573803;-1.30500182573803;2.245245136406344
8624;8624;1984-05-07;0.0022600298259272;0.22600298259272;2.2475051662322714
8625;8625;1984-05-08;0.0065627472870764;0.65627472870764;2.2540679135193478
8626;8626;1984-05-09;-0.0025574850580598;-0.25574850580598;2.251510428461288
8627;8627;1984-05-10;-0.0006872700258426;-0.06872700258426;2.2508231584354452
8628;8628;1984-05-11;-0.0094822838417609;-0.94822838417609;2.2413408745936843
8629;8629;1984-05-14;-0.0062660731263779;-0.62660731263779;2.2350748014673063
8630;8630;1984-05-15;0.0031695747612792;0.31695747612791997;2.2382443762285855
8631;8631;1984-05-16;-6.32614946374233e-05;-0.00632614946374233;2.238181114733948
8632;8632;1984-05-17;-0.0090285325004622;-0.90285325004622;2.229152582233486
8633;8633;1984-05-18;-0.0050584899593744;-0.5058489959374399;2.2240940922741115
8634;8634;1984-05-21;-0.0067631124223952;-0.67631124223952;2.2173309798517162
8635;8635;1984-05-22;-0.005508526273152;-0.5508526273152;2.211822453578564
8636;8636;1984-05-23;-0.004755316275439;-0.47553162754389994;2.207067137303125
8637;8637;1984-05-24;-0.0126159637886358;-1.26159637886358;2.1944511735144894
8638;8638;1984-05-25;0.0025755273381067;0.25755273381067;2.197026700852596
8639;8639;1984-05-29;-0.0088106432815937;-0.88106432815937;2.1882160575710023
8640;8640;1984-05-30;0.0003992349720371;0.03992349720371;2.1886152925430395
8641;8641;1984-05-31;0.0013293255132564;0.13293255132564;2.189944618056296
8642;8642;1984-06-01;0.0177100776063268;1.77100776063268;2.207654695662623
8643;8643;1984-06-04;0.0071525826516456;0.7152582651645599;2.2148072783142685
8644;8644;1984-06-05;-0.0044806855859453;-0.44806855859453;2.210326592728323
8645;8645;1984-06-06;0.0088123491845149;0.88123491845149;2.219138941912838
8646;8646;1984-06-07;-0.000580756974557;-0.058075697455699994;2.218558184938281
8647;8647;1984-06-08;0.0016124354696405;0.16124354696405;2.2201706204079215
8648;8648;1984-06-11;-0.013691288891299;-1.3691288891298998;2.2064793315166225
8649;8649;1984-06-12;-0.0057002349268273;-0.57002349268273;2.200779096589795
8650;8650;1984-06-13;-0.0003943020465122;-0.03943020465122;2.200384794543283
8651;8651;1984-06-14;-0.0115035380475206;-1.1503538047520598;2.1888812564957623
8652;8652;1984-06-15;-0.009084292043501;-0.9084292043501;2.1797969644522612
8653;8653;1984-06-18;0.017954977923889;1.7954977923889;2.1977519423761502
8654;8654;1984-06-19;0.0057830548809025;0.5783054880902501;2.203534997257053
8655;8655;1984-06-20;0.0145066458208944;1.45066458208944;2.2180416430779473
8656;8656;1984-06-21;-0.0021335130743676;-0.21335130743675998;2.2159081300035797
8657;8657;1984-06-22;-0.0003235783416677;-0.032357834166769996;2.215584551661912
8658;8658;1984-06-25;-0.0031774237236943;-0.31774237236943004;2.2124071279382176
8659;8659;1984-06-26;-0.0082170409329922;-0.8217040932992199;2.2041900870052253
8660;8660;1984-06-27;-0.0070314597500384;-0.70314597500384;2.197158627255187
8661;8661;1984-06-28;0.0078823123539715;0.78823123539715;2.2050409396091584
8662;8662;1984-06-29;0.0022220583760352;0.22220583760351997;2.2072629979851937
8663;8663;1984-07-02;0.0001305829406703;0.01305829406703;2.207393580925864
8664;8664;1984-07-03;0.0032583933017615;0.32583933017615;2.2106519742276256
8665;8665;1984-07-05;-0.0061346013997738;-0.61346013997738;2.2045173728278518
8666;8666;1984-07-06;-0.0034097737954601;-0.34097737954601004;2.2011075990323916
8667;8667;1984-07-09;0.0073298494272213;0.73298494272213;2.208437448459613
8668;8668;1984-07-10;-0.0030694032261227;-0.30694032261227;2.2053680452334903
8669;8669;1984-07-11;-0.0153570394785429;-1.53570394785429;2.1900110057549473
8670;8670;1984-07-12;-0.0035263951197404;-0.35263951197404003;2.186484610635207
8671;8671;1984-07-13;0.0056495845904764;0.56495845904764;2.1921341952256834
8672;8672;1984-07-16;0.0047606607620425;0.47606607620425;2.196894855987726
8673;8673;1984-07-17;0.0051319210714613;0.51319210714613;2.2020267770591873
8674;8674;1984-07-18;-0.0064521324843402;-0.6452132484340201;2.195574644574847
8675;8675;1984-07-19;-0.006826411090314;-0.6826411090314001;2.188748233484533
8676;8676;1984-07-20;-0.0054680851467772;-0.54680851467772;2.1832801483377557
8677;8677;1984-07-23;-0.004020146117833;-0.4020146117833;2.1792600022199227
8678;8678;1984-07-24;-0.0076152943066736;-0.76152943066736;2.171644707913249
8679;8679;1984-07-25;0.0068093637075881;0.68093637075881;2.178454071620837
8680;8680;1984-07-26;0.0083637701649221;0.83637701649221;2.1868178417857593
8681;8681;1984-07-27;0.0073688386363572;0.73688386363572;2.1941866804221166
8682;8682;1984-07-30;-0.0066361646865429;-0.66361646865429;2.1875505157355737
8683;8683;1984-07-31;0.0031244964134407;0.31244964134407;2.1906750121490144
8684;8684;1984-08-01;0.02244629208269;2.244629208269;2.2131213042317044
8685;8685;1984-08-02;0.0250598105022437;2.50598105022437;2.238181114733948
8686;8686;1984-08-03;0.0272227639737164;2.72227639737164;2.2654038787076645
8687;8687;1984-08-06;0.0015386985080327;0.15386985080326998;2.2669425772156973
8688;8688;1984-08-07;0.0007377044316969;0.07377044316968999;2.267680281647394
8689;8689;1984-08-08;-0.0059790050647654;-0.59790050647654;2.2617012765826288
8690;8690;1984-08-09;0.0231608817903863;2.31608817903863;2.284862158373015
8691;8691;1984-08-10;-0.000725132998073;-0.0725132998073;2.284137025374942
8692;8692;1984-08-13;6.04201316303232e-05;0.00604201316303232;2.2841974455065723
8693;8693;1984-08-14;-0.0061239847449368;-0.61239847449368;2.2780734607616355
8694;8694;1984-08-15;-0.0099016455640583;-0.9901645564058301;2.268171815197577
8695;8695;1984-08-16;0.005940556890315;0.5940556890315;2.274112372087892
8696;8696;1984-08-17;0.0022566872229319;0.22566872229319002;2.276369059310824
8697;8697;1984-08-20;0.0048620674216248;0.48620674216247994;2.281231126732449
8698;8698;1984-08-21;0.0173697907060779;1.73697907060779;2.298600917438527
8699;8699;1984-08-22;-0.0045985568808948;-0.45985568808948;2.294002360557632
8700;8700;1984-08-23;0.0003590699736752;0.03590699736752;2.2943614305313074
8701;8701;1984-08-24;0.0023309337969417;0.23309337969417;2.296692364328249
8702;8702;1984-08-27;-0.0064081249955476;-0.64081249955476;2.2902842393327014
8703;8703;1984-08-28;0.0057512260819976;0.5751226081997599;2.296035465414699
8704;8704;1984-08-29;-0.001853556746223;-0.1853556746223;2.294181908668476
8705;8705;1984-08-30;-0.00293679971971;-0.293679971971;2.291245108948766
8706;8706;1984-08-31;0.000479998810464;0.047999881046399996;2.29172510775923
8707;8707;1984-09-04;-0.0108577976503232;-1.08577976503232;2.2808673101089068
8708;8708;1984-09-05;-0.0035848505966278;-0.35848505966278;2.277282459512279
8709;8709;1984-09-06;0.0082439762142962;0.82439762142962;2.285526435726575
8710;8710;1984-09-07;-0.0077571387256991;-0.77571387256991;2.277769297000876
8711;8711;1984-09-10;-0.0006694459267588;-0.06694459267588;2.277099851074117
8712;8712;1984-09-11;0.0011560465199407;0.11560465199407001;2.278255897594058
8713;8713;1984-09-12;0.0013976000025843;0.13976000025843002;2.2796534975966423
8714;8714;1984-09-13;0.0196026302694081;1.96026302694081;2.2992561278660504
8715;8715;1984-09-14;0.0049893011405162;0.49893011405162;2.3042454290065666
8716;8716;1984-09-17;0.0005330727305219;0.053307273052190005;2.3047785017370885
8717;8717;1984-09-18;-0.0072507214120785;-0.72507214120785;2.29752778032501
8718;8718;1984-09-19;-0.0042439587204485;-0.42439587204485;2.2932838216045615
8719;8719;1984-09-20;0.0031697583146623;0.31697583146623;2.296453579919224
8720;8720;1984-09-21;-0.0108063908393508;-1.08063908393508;2.285647189079873
8721;8721;1984-09-24;-0.0023568465572649;-0.23568465572649;2.283290342522608
8722;8722;1984-09-25;0.0020549780949732;0.20549780949732002;2.2853453206175813
8723;8723;1984-09-26;0.0039771309545217;0.39771309545217004;2.289322451572103
8724;8724;1984-09-27;0.0040811963246696;0.40811963246696;2.2934036478967728
8725;8725;1984-09-28;-0.0051642519530883;-0.51642519530883;2.2882393959436844
8726;8726;1984-10-01;-0.0089502955705489;-0.8950295570548901;2.2792891003731355
8727;8727;1984-10-02;-0.0062764840168094;-0.62764840168094;2.273012616356326
8728;8728;1984-10-03;-0.0070545580243717;-0.70545580243717;2.2659580583319543
8729;8729;1984-10-04;0.0029505553739124;0.29505553739123996;2.2689086137058667
8730;8730;1984-10-05;-0.0014742324944849;-0.14742324944849;2.2674343812113817
8731;8731;1984-10-08;-0.0033865246083362;-0.33865246083362;2.2640478566030455
8732;8732;1984-10-09;-0.0028413051587907;-0.28413051587907;2.2612065514442548
8733;8733;1984-10-10;0.0027179150794962;0.27179150794962;2.263924466523751
8734;8734;1984-10-11;0.0041244664335025;0.41244664335025;2.2680489329572535
8735;8735;1984-10-12;0.0085637545283532;0.8563754528353199;2.2766126874856067
8736;8736;1984-10-15;0.0096379652826046;0.9637965282604599;2.2862506527682114
8737;8737;1984-10-16;-0.0059900647478468;-0.5990064747846799;2.2802605880203646
8738;8738;1984-10-17;-0.0038915287095404;-0.38915287095404;2.276369059310824
8739;8739;1984-10-18;0.0238393599984033;2.38393599984033;2.3002084193092274
8740;8740;1984-10-19;-0.0008331786150277;-0.08331786150277;2.2993752406941996
8741;8741;1984-10-22;-0.0035787106408795;-0.35787106408795;2.29579653005332
8742;8742;1984-10-23;-0.001614621384844;-0.1614621384844;2.294181908668476
8743;8743;1984-10-24;0.0006581172411594;0.06581172411594;2.2948400259096355
8744;8744;1984-10-25;-0.005337178051703;-0.5337178051703;2.2895028478579325
8745;8745;1984-10-26;-0.0061520400768619;-0.61520400768619;2.2833508077810705
8746;8746;1984-10-29;-0.0030902197607058;-0.30902197607058;2.2802605880203646
8747;8747;1984-10-30;0.0124240005349323;1.24240005349323;2.292684588555297
8748;8748;1984-10-31;-0.0045054593260989;-0.45054593260989;2.288179129229198
8749;8749;1984-11-01;0.0083938918153272;0.83938918153272;2.296573021044525
8750;8750;1984-11-02;-0.0004180645570004;-0.041806455700040004;2.2961549564875248
8751;8751;1984-11-05;0.0069048131472335;0.69048131472335;2.3030597696347583
8752;8752;1984-11-06;0.0107968951589621;1.0796895158962099;2.3138566647937204
8753;8753;1984-11-07;-0.0073032069273288;-0.73032069273288;2.3065534578663915
8754;8754;1984-11-08;-0.0029007272851107;-0.29007272851106997;2.303652730581281
8755;8755;1984-11-09;-0.0064231635321574;-0.64231635321574;2.2972295670491234
8756;8756;1984-11-12;-0.0014330369958033;-0.14330369958033;2.29579653005332
8757;8757;1984-11-13;-0.0083401316938891;-0.8340131693889099;2.287456398359431
8758;8758;1984-11-14;0.0001205205426115;0.012052054261149999;2.2875769189020425
8759;8759;1984-11-15;-0.0006026636243312;-0.06026636243312;2.2869742552777113
8760;8760;1984-11-16;-0.0108488774169766;-1.0848877416976601;2.2761253778607347
8761;8761;1984-11-19;-0.0061738635166248;-0.61738635166248;2.26995151434411
8762;8762;1984-11-20;0.0066611731414969;0.66611731414969;2.2766126874856067
8763;8763;1984-11-21;0.0020079839540514;0.20079839540514;2.278620671439658
8764;8764;1984-11-23;0.0145433155035244;1.45433155035244;2.2931639869431826
8765;8765;1984-11-26;-0.0082413616268954;-0.8241361626895399;2.284922625316287
8766;8766;1984-11-27;0.0044599278900188;0.44599278900188;2.289382553206306
8767;8767;1984-11-28;-0.007666507089004;-0.7666507089004;2.281716046117302
8768;8768;1984-11-29;-0.0067491818107789;-0.6749181810778899;2.274966864306523
8769;8769;1984-11-30;-0.002015341571643;-0.20153415716429998;2.2729515227348798
8770;8770;1984-12-03;-0.0046568403951692;-0.46568403951692;2.2682946823397105
8771;8771;1984-12-04;0.003433467379132;0.34334673791320003;2.2717281497188426
8772;8772;1984-12-05;-0.0078653407614055;-0.7865340761405499;2.263862808957437
8773;8773;1984-12-06;0.0040632266575917;0.40632266575917003;2.267926035615029
8774;8774;1984-12-07;-0.0030767362612333;-0.30767362612333;2.2648492993537954
8775;8775;1984-12-10;0.0035067679067006;0.35067679067006;2.268356067260496
8776;8776;1984-12-11;0.0014728753406583;0.14728753406583;2.2698289426011544
8777;8777;1984-12-12;-0.0027018867145445;-0.27018867145445;2.26712705588661
8778;8778;1984-12-13;-0.0050549176334504;-0.50549176334504;2.2620721382531594
8779;8779;1984-12-14;0.0054237667628562;0.54237667628562;2.2674959050160157
8780;8780;1984-12-17;0.0056389912926837;0.5638991292683699;2.2731348963086995
8781;8781;1984-12-18;0.0271329798863729;2.71329798863729;2.3002678761950723
8782;8782;1984-12-19;-0.0056670714845701;-0.56670714845701;2.294600804710502
8783;8783;1984-12-20;-0.0046771026014536;-0.46771026014536005;2.2899237021090486
8784;8784;1984-12-21;-0.0052427731646362;-0.52427731646362;2.2846809289444123
8785;8785;1984-12-24;0.0075240372865925;0.75240372865925;2.292204966231005
8786;8786;1984-12-26;-0.0017405040163787;-0.17405040163787;2.290464462214626
8787;8787;1984-12-27;-0.0043344899470358;-0.43344899470358;2.2861299722675903
8788;8788;1984-12-28;0.003072168963591;0.3072168963591;2.2892021412311814
8789;8789;1984-12-31;0.005877138355955;0.5877138355955001;2.2950792795871364
8790;8790;1985-01-02;-0.0112445789586433;-1.12445789586433;2.283834700628493
8791;8791;1985-01-03;-0.0048493032844927;-0.48493032844927003;2.2789853973440004
8792;8792;1985-01-04;-0.0054227947054394;-0.54227947054394;2.273562602638561
8793;8793;1985-01-07;0.0034155437169891;0.34155437169891;2.27697814635555
8794;8794;1985-01-08;-0.0015233223089135;-0.15233223089135;2.2754548240466366
8795;8795;1985-01-09;0.0072302651595403;0.72302651595403;2.282685089206177
8796;8796;1985-01-10;0.0187717592506811;1.87717592506811;2.301456848456858
8797;8797;1985-01-11;-0.0023793598615764;-0.23793598615763997;2.2990774885952816
8798;8798;1985-01-14;0.0153657713126032;1.53657713126032;2.314443259907885
8799;8799;1985-01-15;0.0017578992347866;0.17578992347866;2.3162011591426714
8800;8800;1985-01-16;0.002222246528559;0.2222246528559;2.3184234056712305
8801;8801;1985-01-17;-0.0026907246152756;-0.26907246152756;2.315732681055955
8802;8802;1985-01-18;0.0034498557520441;0.34498557520441003;2.319182536807999
8803;8803;1985-01-21;0.0225661802868054;2.25661802868054;2.3417487170948044
8804;8804;1985-01-22;0.0014256796102065;0.14256796102065;2.343174396705011
8805;8805;1985-01-23;0.0103181764972433;1.03181764972433;2.3534925732022542
8806;8806;1985-01-24;-0.0033332195677466;-0.33332195677466;2.3501593536345076
8807;8807;1985-01-25;0.0036152046181481;0.36152046181481;2.3537745582526557
8808;8808;1985-01-28;0.0002818210025701;0.028182100257009998;2.354056379255226
8809;8809;1985-01-29;0.0099838120489641;0.99838120489641;2.36404019130419
8810;8810;1985-01-30;0.0011713530339809;0.11713530339809002;2.365211544338171
8811;8811;1985-01-31;0.0013370064791855;0.13370064791855;2.3665485508173565
8812;8812;1985-02-01;-0.0055825521641264;-0.55825521641264;2.36096599865323
8813;8813;1985-02-04;0.0095827851665806;0.95827851665806;2.3705487838198107
8814;8814;1985-02-05;0.0014405753541719;0.14405753541719002;2.3719893591739827
8815;8815;1985-02-06;-0.0009971638483667;-0.09971638483666999;2.370992195325616
8816;8816;1985-02-07;0.0076743730693289;0.76743730693289;2.378666568394945
8817;8817;1985-02-08;0.0020328843618182;0.20328843618182;2.380699452756763
8818;8818;1985-02-11;-0.0092639593540715;-0.92639593540715;2.3714354934026916
8819;8819;1985-02-12;0.0002769712315569;0.02769712315569;2.3717124646342485
8820;8820;1985-02-13;0.0153338058090027;1.53338058090027;2.387046270443251
8821;8821;1985-02-14;-0.0051400046141871;-0.5140004614187099;2.381906265829064
8822;8822;1985-02-15;-0.0044504234206055;-0.44504234206055004;2.3774558424084584
8823;8823;1985-02-19;-0.0014879125112914;-0.14879125112914;2.375967929897167
8824;8824;1985-02-20;-0.0008276130900179;-0.08276130900179;2.375140316807149
8825;8825;1985-02-21;-0.0054791127674125;-0.5479112767412501;2.3696612040397365
8826;8826;1985-02-22;-0.0046168959388888;-0.46168959388888003;2.3650443081008476
8827;8827;1985-02-25;-0.0007250899734154;-0.07250899734154;2.364319218127432
8828;8828;1985-02-26;0.0107659310227506;1.0765931022750599;2.3750851491501828
8829;8829;1985-02-27;-0.0025422308023959;-0.25422308023959;2.372542918347787
8830;8830;1985-02-28;0.0025973984593621;0.25973984593620997;2.375140316807149
8831;8831;1985-03-01;0.0112511988560664;1.12511988560664;2.3863915156632154
8832;8832;1985-03-04;-0.0064058803698436;-0.6405880369843601;2.3799856352933717
8833;8833;1985-03-05;0.0009333114559275;0.09333114559275;2.3809189467492993
8834;8834;1985-03-06;-0.0087081791674279;-0.87081791674279;2.3722107675818713
8835;8835;1985-03-07;-0.0063305355508758;-0.63305355508758;2.3658802320309955
8836;8836;1985-03-08;-0.0022865462618737;-0.22865462618736998;2.3635936857691218
8837;8837;1985-03-11;-0.0017324489558525;-0.17324489558525;2.361861236813269
8838;8838;1985-03-12;0.004854304453687;0.48543044536869995;2.3667155412669563
8839;8839;1985-03-13;-0.0082157901020396;-0.82157901020396;2.3584997511649166
8840;8840;1985-03-14;-0.0019661607994852;-0.19661607994852;2.3565335903654314
8841;8841;1985-03-15;-0.0073934192273803;-0.73934192273803;2.349140171138051
8842;8842;1985-03-18;0.00198073688051;0.19807368805099998;2.351120908018561
8843;8843;1985-03-19;0.0149264205230732;1.49264205230732;2.3660473285416344
8844;8844;1985-03-20;-0.002565340799058;-0.2565340799058;2.3634819877425763
8845;8845;1985-03-21;0.0015065928914737;0.15065928914737;2.36498858063405
8846;8846;1985-03-22;-0.0017300319662254;-0.17300319662254;2.3632585486678246
8847;8847;1985-03-25;-0.005994203085387;-0.5994203085387;2.3572643455824376
8848;8848;1985-03-26;0.0025813258314464;0.25813258314464005;2.359845671413884
8849;8849;1985-03-27;0.0062016571277503;0.62016571277503;2.3660473285416344
8850;8850;1985-03-28;0.0;0.0;2.3660473285416344
8851;8851;1985-03-29;0.0062188485227201;0.62188485227201;2.3722661770643545
8852;8852;1985-04-01;0.0033708206786222;0.33708206786222;2.3756369977429768
8853;8853;1985-04-02;-0.0040906911320366;-0.40906911320366;2.37154630661094
8854;8854;1985-04-03;-0.0078968155889933;-0.78968155889933;2.3636494910219468
8855;8855;1985-04-04;-0.0004467638428025;-0.04467638428025;2.3632027271791443
8856;8856;1985-04-08;-0.0056013141777855;-0.56013141777855;2.3576014130013587
8857;8857;1985-04-09;0.0010105996647684;0.10105996647684001;2.358612012666127
8858;8858;1985-04-10;0.0067667455195996;0.67667455195996;2.365378758185727
8859;8859;1985-04-11;0.0042824458540096;0.42824458540096;2.3696612040397365
8860;8860;1985-04-12;0.0019404602593189;0.19404602593189002;2.3716016642990554
8861;8861;1985-04-15;0.0021026124575955;0.21026124575955;2.373704276756651
8862;8862;1985-04-16;0.0015464434975553;0.15464434975553;2.3752507202542064
8863;8863;1985-04-17;0.0026454822154322;0.26454822154322;2.3778962024696386
8864;8864;1985-04-18;-0.0046342189606161;-0.46342189606161005;2.3732619835090225
8865;8865;1985-04-19;0.0014919466905469;0.14919466905468998;2.3747539301995695
8866;8866;1985-04-22;-0.0022664060018708;-0.22664060018708;2.3724875241976986
8867;8867;1985-04-23;0.0065089754513829;0.65089754513829;2.3789964996490816
8868;8868;1985-04-24;0.0020870551871805;0.20870551871805;2.381083554836262
8869;8869;1985-04-25;0.0063988735299185;0.63988735299185;2.3874824283661806
8870;8870;1985-04-26;-0.0068379142714363;-0.6837914271436301;2.3806445140947443
8871;8871;1985-04-29;-0.0085444030677654;-0.85444030677654;2.372100111026979
8872;8872;1985-04-30;-0.0044387965266397;-0.44387965266397;2.367661314500339
8873;8873;1985-05-01;-0.0081519547601285;-0.8151954760128499;2.3595093597402106
8874;8874;1985-05-02;0.0035816257321075;0.35816257321074996;2.363090985472318
8875;8875;1985-05-03;0.0059595654339519;0.59595654339519;2.36905055090627
8876;8876;1985-05-06;-0.0004998861339426;-0.04998861339426;2.3685506647723273
8877;8877;1985-05-07;0.0042688353113833;0.42688353113833;2.3728195000837107
8878;8878;1985-05-08;-0.000774807741867;-0.0774807741867;2.3720446923418437
8879;8879;1985-05-09;0.0071716698681569;0.71716698681569;2.3792163622100007
8880;8880;1985-05-10;0.0128893156328092;1.28893156328092;2.39210567784281
8881;8881;1985-05-13;0.0017891625581114;0.17891625581113998;2.3938948404009213
8882;8882;1985-05-14;-0.0040165382266783;-0.40165382266783;2.389878302174243
8883;8883;1985-05-15;0.0036372452456294;0.36372452456294;2.3935155474198724
8884;8884;1985-05-16;0.0060508612982914;0.60508612982914;2.399566408718164
8885;8885;1985-05-17;0.0094350115079127;0.94350115079127;2.4090014202260766
8886;8886;1985-05-20;0.0121972292558485;1.21972292558485;2.421198649481925
8887;8887;1985-05-21;-0.0004217735195384;-0.04217735195384;2.4207768759623867
8888;8888;1985-05-22;-0.0057112847395961;-0.57112847395961;2.4150655912227905
8889;8889;1985-05-23;-0.0051041794661053;-0.51041794661053;2.409961411756685
8890;8890;1985-05-24;0.0036712217765746;0.36712217765745997;2.41363263353326
8891;8891;1985-05-28;-0.002286280442159;-0.2286280442159;2.411346353091101
8892;8892;1985-05-29;-0.0009586622818451;-0.09586622818451;2.4103876908092556
8893;8893;1985-05-30;0.0003729430366075;0.03729430366075;2.410760633845863
8894;8894;1985-05-31;0.0095415671450576;0.95415671450576;2.4203022009909207
8895;8895;1985-06-03;-0.001214115776821;-0.12141157768210001;2.4190880852140997
8896;8896;1985-06-04;0.0037957974718878;0.37957974718878;2.4228838826859875
8897;8897;1985-06-05;0.0006313046024875;0.06313046024874999;2.423515187288475
8898;8898;1985-06-06;0.0047216602870898;0.47216602870898;2.428236847575565
8899;8899;1985-06-07;-0.007249099521057;-0.7249099521057;2.420987748054508
8900;8900;1985-06-10;-0.0008966376580028;-0.08966376580028;2.420091110396505
8901;8901;1985-06-11;-0.0024831713454345;-0.24831713454345003;2.4176079390510705
8902;8902;1985-06-12;-0.0075932504637261;-0.75932504637261;2.4100146885873444
8903;8903;1985-06-13;-0.0122273147849459;-1.22273147849459;2.3977873738023985
8904;8904;1985-06-14;0.0095052347476762;0.95052347476762;2.4072926085500748
8905;8905;1985-06-17;-0.0030511866530531;-0.30511866530531;2.4042414218970216
8906;8906;1985-06-18;0.0043330477340282;0.43330477340282;2.40857446963105
8907;8907;1985-06-19;-0.0037970524434163;-0.37970524434163;2.4047774171876335
8908;8908;1985-06-20;0.0005356278236696;0.05356278236696;2.405313045011303
8909;8909;1985-06-21;0.015305634510411;1.5305634510411;2.420618679521714
8910;8910;1985-06-24;-0.0024290169619138;-0.24290169619138;2.4181896625598003
8911;8911;1985-06-25;0.0031144209583988;0.31144209583988003;2.421304083518199
8912;8912;1985-06-26;0.0016850609435961;0.16850609435961;2.4229891444617953
8913;8913;1985-06-27;0.0061370698974858;0.6137069897485801;2.429126214359281
8914;8914;1985-06-28;0.003236976809732;0.3236976809732;2.432363191169013
8915;8915;1985-07-01;0.0030185668882083;0.30185668882083;2.4353817580572215
8916;8916;1985-07-02;-0.0021849868910885;-0.21849868910885;2.433196771166133
8917;8917;1985-07-03;-0.0029207657110985;-0.29207657110985;2.4302760054550343
8918;8918;1985-07-05;0.0055734029585545;0.5573402958554501;2.435849408413589
8919;8919;1985-07-08;-0.0030693794658143;-0.30693794658143;2.4327800289477746
8920;8920;1985-07-09;-0.0045954961505518;-0.45954961505518005;2.4281845327972227
8921;8921;1985-07-10;0.0068853853309072;0.68853853309072;2.43506991812813
8922;8922;1985-07-11;0.002958695181813;0.2958695181813;2.438028613309943
8923;8923;1985-07-12;0.0018123454953222;0.18123454953222;2.439840958805265
8924;8924;1985-07-15;-0.0029532521081554;-0.29532521081554;2.4368877066971097
8925;8925;1985-07-16;0.0103242708793054;1.03242708793054;2.447211977576415
8926;8926;1985-07-17;0.0047646836146171;0.47646836146171;2.4519766611910323
8927;8927;1985-07-18;-0.0065122861912785;-0.65122861912785;2.4454643749997538
8928;8928;1985-07-19;0.0038509969327149;0.38509969327148996;2.4493153719324687
8929;8929;1985-07-22;-0.0040053405604805;-0.40053405604805004;2.445310031371988
8930;8930;1985-07-23;-0.0093048123290833;-0.93048123290833;2.436005219042905
8931;8931;1985-07-24;-0.0050503894470379;-0.5050389447037901;2.430954829595867
8932;8932;1985-07-25;0.0025023264021655;0.25023264021655;2.4334571559980325
8933;8933;1985-07-26;0.0017686942501606;0.17686942501606;2.435225850248193
8934;8934;1985-07-29;-0.0146598855800839;-1.46598855800839;2.4205659646681092
8935;8935;1985-07-30;0.0017389249019697;0.17389249019697;2.422304889570079
8936;8936;1985-07-31;0.0051989352936434;0.5198935293643401;2.4275038248637224
8937;8937;1985-08-01;0.006213648183599;0.6213648183599;2.4337174730473214
8938;8938;1985-08-02;-0.0032847862113047;-0.32847862113047;2.4304326868360167
8939;8939;1985-08-05;-0.0045014523551145;-0.45014523551144997;2.425931234480902
8940;8940;1985-08-06;-0.014212375458686;-1.4212375458686;2.411718859022216
8941;8941;1985-08-07;-0.0013311682129604;-0.13311682129604;2.4103876908092556
8942;8942;1985-08-08;0.0067440663106443;0.67440663106443;2.4171317571199
8943;8943;1985-08-09;-0.003339733235542;-0.3339733235542;2.413792023884358
8944;8944;1985-08-12;-0.0036707155352662;-0.36707155352662;2.4101213083490918
8945;8945;1985-08-13;-0.0017603396803451;-0.17603396803451;2.4083609686687466
8946;8946;1985-08-14;0.0005871260500383;0.05871260500383;2.408948094718785
8947;8947;1985-08-15;-0.000800752707267;-0.0800752707267;2.408147342011518
8948;8948;1985-08-16;-0.0062138029209641;-0.62138029209641;2.4019335390905536
8949;8949;1985-08-19;0.0015034312954869;0.15034312954869;2.4034369703860405
8950;8950;1985-08-20;0.0090797876811645;0.9079787681164501;2.412516758067205
8951;8951;1985-08-21;0.0057258240562081;0.57258240562081;2.4182425821234133
8952;8952;1985-08-22;-0.0095613337350686;-0.95613337350686;2.4086812483883446
8953;8953;1985-08-23;-0.0010146210813948;-0.10146210813948;2.40766662730695
8954;8954;1985-08-26;0.0007477035249827;0.07477035249826999;2.4084143308319326
8955;8955;1985-08-27;0.0042087805745971;0.42087805745970996;2.4126231114065297
8956;8956;1985-08-28;0.0038733817801128;0.38733817801128;2.4164964931866426
8957;8957;1985-08-29;0.0005293890494426;0.05293890494426;2.4170258822360853
8958;8958;1985-08-30;-0.0015890881699149;-0.15890881699149;2.4154367940661703
8959;8959;1985-09-03;-0.0038243047767041;-0.38243047767041;2.411612489289466
8960;8960;1985-09-04;-0.002877901162595;-0.2877901162595;2.408734588126871
8961;8961;1985-09-05;-0.0005337977933015;-0.05337977933015001;2.4082007903335696
8962;8962;1985-09-06;0.005166323848992;0.5166323848992;2.4133671141825617
8963;8963;1985-09-09;5.30956990596465e-05;0.00530956990596465;2.4134202098816213
8964;8964;1985-09-10;-0.0071971843212148;-0.71971843212148;2.4062230255604065
8965;8965;1985-09-11;-0.0100557136696917;-1.0055713669691702;2.3961673118907147
8966;8966;1985-09-12;-0.0072684036432146;-0.72684036432146;2.3888989082475
8967;8967;1985-09-13;-0.0042553145893684;-0.42553145893684;2.3846435936581316
8968;8968;1985-09-16;-0.0001640230696802;-0.01640230696802;2.3844795705884514
8969;8969;1985-09-17;-0.0083462156736642;-0.83462156736642;2.376133354914787
8970;8970;1985-09-18;0.0019280364707174;0.19280364707174;2.3780613913855047
8971;8971;1985-09-19;0.0092029790719978;0.92029790719978;2.3872643704575025
8972;8972;1985-09-20;-0.0073336361554519;-0.73336361554519;2.3799307343020506
8973;8973;1985-09-23;0.0122834898531536;1.22834898531536;2.3922142241552042
8974;8974;1985-09-24;-0.0091574171446495;-0.91574171446495;2.3830568070105547
8975;8975;1985-09-25;-0.0107906299462002;-1.0790629946200199;2.3722661770643545
8976;8976;1985-09-26;0.0034810865666719;0.34810865666719;2.3757472636310264
8977;8977;1985-09-30;0.0043482414927407;0.43482414927407;2.380095505123767
8978;8978;1985-10-01;0.0162880077910339;1.6288007791033898;2.396383512914801
8979;8979;1985-10-02;-0.0054723891684931;-0.54723891684931;2.390911123746308
8980;8980;1985-10-03;0.0016285927317882;0.16285927317882;2.392539716478096
8981;8981;1985-10-04;-0.0062027512314957;-0.62027512314957;2.3863369652466004
8982;8982;1985-10-07;-0.0073955033982207;-0.73955033982207;2.3789414618483797
8983;8983;1985-10-08;0.0;0.0;2.3789414618483797
8984;8984;1985-10-09;0.0035676593278468;0.35676593278468;2.3825091211762266
8985;8985;1985-10-10;0.0014234603983895;0.14234603983895;2.383932581574616
8986;8986;1985-10-11;0.0081730962681936;0.81730962681936;2.39210567784281
8987;8987;1985-10-14;0.0112775836230297;1.1277583623029699;2.4033832614658395
8988;8988;1985-10-15;-0.001557218745801;-0.1557218745801;2.4018260427200384
8989;8989;1985-10-16;0.0101588533948762;1.01588533948762;2.4119848961149146
8990;8990;1985-10-17;-0.0017037167362481;-0.17037167362480998;2.4102811793786665
8991;8991;1985-10-18;-0.0033093758784401;-0.33093758784401;2.4069718035002263
8992;8992;1985-10-21;-0.000427732626842;-0.0427732626842;2.4065440708733843
8993;8993;1985-10-22;0.0057599412580415;0.57599412580415;2.412304012131426
8994;8994;1985-10-23;0.0055684021093735;0.55684021093735;2.4178724142407995
8995;8995;1985-10-24;-0.0031250641511153;-0.31250641511153;2.414747350089684
8996;8996;1985-10-25;-0.0052124791683603;-0.52124791683603;2.409534870921324
8997;8997;1985-10-28;0.0012789971933227;0.12789971933226998;2.4108138681146465
8998;8998;1985-10-29;0.0077986603646333;0.77986603646333;2.41861252847928
8999;8999;1985-10-30;0.0044292769136209;0.44292769136209;2.423041805392901
9000;9000;1985-10-31;-0.0013161706118953;-0.13161706118953;2.4217256347810054
9001;9001;1985-11-01;0.0089681575140687;0.89681575140687;2.430693792295074
9002;9002;1985-11-04;-0.0014629763868105;-0.14629763868105;2.4292308159082636
9003;9003;1985-11-05;0.0058391022198662;0.58391022198662;2.43506991812813
9004;9004;1985-11-06;0.0020252909066291;0.20252909066290997;2.437095209034759
9005;9005;1985-11-07;-0.0007265556582671;-0.07265556582671001;2.436368653376492
9006;9006;1985-11-08;0.0056945125222442;0.56945125222442;2.442063165898736
9007;9007;1985-11-11;0.0182102116499792;1.82102116499792;2.4602733775487153
9008;9008;1985-11-12;0.004046965246065;0.4046965246065;2.4643203427947804
9009;9009;1985-11-13;-0.0049597549930871;-0.49597549930871;2.4593605878016933
9010;9010;1985-11-14;0.009895032170621;0.9895032170621;2.4692556199723144
9011;9011;1985-11-15;-0.0047838397367598;-0.47838397367597996;2.4644717802355545
9012;9012;1985-11-18;0.0030240736110043;0.30240736110043;2.467495853846559
9013;9013;1985-11-19;-0.0002013639319136;-0.02013639319136;2.467294489914645
9014;9014;1985-11-20;0.0016094506194379;0.16094506194379;2.468903940534083
9015;9015;1985-11-21;0.0120880540123123;1.20880540123123;2.4809919945463954
9016;9016;1985-11-22;0.0005460005487245;0.05460005487245;2.48153799509512
9017;9017;1985-11-25;-0.0058227848637564;-0.58227848637564;2.4757152102313635
9018;9018;1985-11-26;0.0015958908020694;0.15958908020694001;2.477311101033433
9019;9019;1985-11-27;0.0092756055112497;0.9275605511249699;2.4865867065446827
9020;9020;1985-11-29;-0.001828445609493;-0.18284456094930002;2.4847582609351897
9021;9021;1985-12-02;-0.008494157217167;-0.8494157217167;2.4762641037180226
9022;9022;1985-12-03;0.0019933924273809;0.19933924273808998;2.4782574961454036
9023;9023;1985-12-04;0.0166386371995202;1.66386371995202;2.4948961333449238
9024;9024;1985-12-05;-0.0017151801472348;-0.17151801472348;2.493180953197689
9025;9025;1985-12-06;-0.0043748686196387;-0.43748686196387004;2.48880608457805
9026;9026;1985-12-09;0.0061879923636807;0.61879923636807;2.494994076941731
9027;9027;1985-12-10;0.0006851948209671;0.06851948209671001;2.495679271762698
9028;9028;1985-12-11;0.0093499537446257;0.9349953744625701;2.505029225507324
9029;9029;1985-12-12;0.0020336923826116;0.20336923826116002;2.5070629178899355
9030;9030;1985-12-13;0.0154082104458659;1.54082104458659;2.5224711283358014
9031;9031;1985-12-16;0.0098588435769135;0.9858843576913501;2.532329971912715
9032;9032;1985-12-17;-0.0064826687693377;-0.6482668769337699;2.5258473031433772
9033;9033;1985-12-18;-0.0039956102055835;-0.39956102055835;2.5218516929377937
9034;9034;1985-12-19;0.0010004335874773;0.10004335874773002;2.522852126525271
9035;9035;1985-12-20;0.0043709590061844;0.43709590061844;2.5272230855314555
9036;9036;1985-12-23;-0.0112989924594205;-1.12989924594205;2.515924093072035
9037;9037;1985-12-24;-0.0068798615373362;-0.68798615373362;2.509044231534699
9038;9038;1985-12-26;0.0024590528489074;0.24590528489073998;2.5115032843836063
9039;9039;1985-12-27;0.009394724821246;0.9394724821246;2.5208980092048523
9040;9040;1985-12-30;0.0050916953862092;0.5091695386209201;2.5259897045910615
9041;9041;1985-12-31;0.0028439018663784;0.28439018663784;2.52883360645744
9042;9042;1986-01-02;-0.0080310409556334;-0.8031040955633401;2.5208025655018065
9043;9043;1986-01-03;0.0061360527241216;0.61360527241216;2.526938618225928
9044;9044;1986-01-06;-0.0010913150825508;-0.10913150825508;2.5258473031433772
9045;9045;1986-01-07;0.014843052680992;1.4843052680992;2.540690355824369
9046;9046;1986-01-08;-0.0276471692845348;-2.7647169284534803;2.5130431865398344
9047;9047;1986-01-09;-0.0089838316312311;-0.89838316312311;2.504059354908603
9048;9048;1986-01-10;-0.0007280025418623;-0.07280025418623;2.503331352366741
9049;9049;1986-01-13;0.0036832162665758;0.36832162665758;2.5070145686333167
9050;9050;1986-01-14;-0.0003870814834474;-0.03870814834474;2.5066274871498693
9051;9051;1986-01-15;0.0078091311450476;0.78091311450476;2.514436618294917
9052;9052;1986-01-16;0.0043600338109293;0.43600338109293;2.5187966521058462
9053;9053;1986-01-17;-0.0035440890350653;-0.35440890350653;2.515252563070781
9054;9054;1986-01-20;-0.004327317154174;-0.43273171541739996;2.510925245916607
9055;9055;1986-01-21;-0.0084197053757897;-0.8419705375789699;2.502505540540817
9056;9056;1986-01-22;-0.0112393091418692;-1.12393091418692;2.491266231398948
9057;9057;1986-01-23;0.0037278455427829;0.37278455427829;2.494994076941731
9058;9058;1986-01-24;0.0106166042325855;1.06166042325855;2.5056106811743164
9059;9059;1986-01-27;0.0046397358307519;0.46397358307519004;2.5102504170050683
9060;9060;1986-01-28;0.0116012759327253;1.16012759327253;2.5218516929377937
9061;9061;1986-01-29;0.0022851474370719;0.22851474370719;2.5241368403748656
9062;9062;1986-01-30;-0.0045755335125257;-0.45755335125257;2.51956130686234
9063;9063;1986-01-31;0.0116360316197062;1.16360316197062;2.531197338482046
9064;9064;1986-02-03;0.0102411190990166;1.02411190990166;2.5414384575810627
9065;9065;1986-02-04;-0.0054833833936225;-0.54833833936225;2.53595507418744
9066;9066;1986-02-05;0.0007986565310016;0.07986565310016;2.536753730718442
9067;9067;1986-02-06;0.0023919247406833;0.23919247406833;2.539145655459125
9068;9068;1986-02-07;0.0050930979544601;0.50930979544601;2.5442387534135853
9069;9069;1986-02-10;0.0077995148786813;0.77995148786813;2.5520382682922667
9070;9070;1986-02-11;-0.001480965643589;-0.14809656435889998;2.5505573026486776
9071;9071;1986-02-12;0.0002315543325348;0.02315543325348;2.5507888569812125
9072;9072;1986-02-13;0.0065994333086187;0.65994333086187;2.5573882902898313
9073;9073;1986-02-14;0.0107970719467128;1.07970719467128;2.568185362236544
9074;9074;1986-02-18;0.0121663247309485;1.2166324730948501;2.5803516869674925
9075;9075;1986-02-19;-0.0121663247309485;-1.2166324730948501;2.568185362236544
9076;9076;1986-02-20;0.011131867620982;1.1131867620982001;2.579317229857526
9077;9077;1986-02-21;0.010742176619166;1.0742176619166;2.590059406476692
9078;9078;1986-02-24;-0.0012473228880756;-0.12473228880756;2.5888120835886164
9079;9079;1986-02-25;-0.0024546595392589;-0.24546595392589002;2.5863574240493574
9080;9080;1986-02-26;0.0011164952494713;0.11164952494713001;2.5874739192988288
9081;9081;1986-02-27;0.0121117295140021;1.2111729514002099;2.599585648812831
9082;9082;1986-02-28;0.0006612180334757;0.06612180334757;2.6002468668463066
9083;9083;1986-03-03;-0.0066322037030826;-0.66322037030826;2.593614663143224
9084;9084;1986-03-04;-0.0046242545411612;-0.46242545411611996;2.5889904086020628
9085;9085;1986-03-05;-0.0001783250134463;-0.01783250134463;2.5888120835886164
9086;9086;1986-03-06;0.0035152949552745;0.35152949552745;2.592327378543891
9087;9087;1986-03-07;0.0019525277482674;0.19525277482674;2.5942799062921584
9088;9088;1986-03-10;0.0044675291817073;0.44675291817073;2.5987474354738658
9089;9089;1986-03-11;0.0223021876092595;2.23021876092595;2.6210496230831253
9090;9090;1986-03-12;0.0036619432566071;0.36619432566071003;2.6247115663397325
9091;9091;1986-03-13;0.0027913573488209;0.27913573488209;2.6275029236885534
9092;9092;1986-03-14;0.0143060342725301;1.43060342725301;2.6418089579610835
9093;9093;1986-03-17;-0.0079793513475676;-0.79793513475676;2.633829606613516
9094;9094;1986-03-18;0.0047188992108422;0.47188992108422;2.638548505824358
9095;9095;1986-03-19;-0.0007636853784154;-0.07636853784154;2.6377848204459426
9096;9096;1986-03-20;0.0039818199853431;0.39818199853430997;2.641766640431286
9097;9097;1986-03-21;-0.0136206969763242;-1.36206969763242;2.6281459434549617
9098;9098;1986-03-24;0.0084921926642298;0.8492192664229801;2.6366381361191915
9099;9099;1986-03-25;-0.002595474262506;-0.2595474262506;2.6340426618566855
9100;9100;1986-03-26;0.0109318574288757;1.09318574288757;2.644974519285561
9101;9101;1986-03-27;0.0070128491409686;0.70128491409686;2.65198736842653
9102;9102;1986-03-31;-0.0002929960082589;-0.029299600825889997;2.651694372418271
9103;9103;1986-04-01;-0.0158639520298429;-1.58639520298429;2.635830420388428
9104;9104;1986-04-02;0.0024211883665401;0.24211883665401;2.638251608754968
9105;9105;1986-04-03;-0.0138410768077506;-1.38410768077506;2.6244105319472175
9106;9106;1986-04-04;-0.0163938053318438;-1.63938053318438;2.6080167266153738
9107;9107;1986-04-07;-0.0002623851982237;-0.02623851982237;2.60775434141715
9108;9108;1986-04-08;0.0211627454594812;2.11627454594812;2.628917086876631
9109;9109;1986-04-09;0.0009844244937839;0.09844244937839;2.629901511370415
9110;9110;1986-04-10;0.0114423162461774;1.14423162461774;2.6413438276165926
9111;9111;1986-04-11;-0.0019898018758643;-0.19898018758643002;2.639354025740728
9112;9112;1986-04-14;0.0055361916360823;0.5536191636082299;2.6448902173768105
9113;9113;1986-04-15;0.0018946849091783;0.18946849091783;2.646784902285989
9114;9114;1986-04-16;0.0187108491370127;1.8710849137012702;2.6654957514230015
9115;9115;1986-04-17;0.003338480174408;0.3338480174408;2.6688342315974096
9116;9116;1986-04-18;-0.0026781252266854;-0.26781252266854;2.666156106370724
9117;9117;1986-04-21;0.0096896798182601;0.96896798182601;2.6758457861889844
9118;9118;1986-04-22;-0.0095246921951446;-0.95246921951446;2.6663210939938398
9119;9119;1986-04-23;-0.0027676164588177;-0.27676164588177;2.663553477535022
9120;9120;1986-04-24;0.0011162495640624;0.11162495640624;2.6646697270990845
9121;9121;1986-04-25;0.0011149430308732;0.11149430308732;2.6657846701299577
9122;9122;1986-04-28;0.0032552885665593;0.32552885665593;2.669039958696517
9123;9123;1986-04-29;-0.0106289675610851;-1.06289675610851;2.658410991135432
9124;9124;1986-04-30;-0.0209657954096061;-2.0965795409606103;2.637445195725826
9125;9125;1986-05-01;-0.0015297019804574;-0.15297019804574;2.6359154937453684
9126;9126;1986-05-02;-0.0015746827484601;-0.15746827484601;2.634340810996908
9127;9127;1986-05-05;0.0124440912890806;1.24440912890806;2.646784902285989
9128;9128;1986-05-06;-0.002063251038141;-0.2063251038141;2.6447216512478477
9129;9129;1986-05-07;-0.0049015689398404;-0.49015689398404;2.6398200823080074
9130;9130;1986-05-08;0.0044377959371102;0.44377959371102;2.6442578782451176
9131;9131;1986-05-09;0.0030317130607739;0.30317130607739;2.6472895913058916
9132;9132;1986-05-12;-0.001135830824662;-0.1135830824662;2.6461537604812295
9133;9133;1986-05-13;-0.0049368145381469;-0.49368145381469;2.6412169459430825
9134;9134;1986-05-14;0.0047683981359085;0.47683981359085;2.645985344078991
9135;9135;1986-05-15;-0.0131789948756058;-1.31789948756058;2.6328063492033853
9136;9136;1986-05-16;-0.0071491476946521;-0.71491476946521;2.625657201508733
9137;9137;1986-05-19;0.001888583304729;0.1888583304729;2.6275457848134622
9138;9138;1986-05-20;0.0124013607523423;1.24013607523423;2.6399471455658046
9139;9139;1986-05-21;-0.0027992384161814;-0.27992384161814;2.637147907149623
9140;9140;1986-05-22;0.0196402136127158;1.9640213612715798;2.656788120762339
9141;9141;1986-05-23;0.0051094094059429;0.51094094059429;2.661897530168282
9142;9142;1986-05-27;0.0139890944439562;1.39890944439562;2.675886624612238
9143;9143;1986-05-28;0.0076519766948157;0.76519766948157;2.683538601307054
9144;9144;1986-05-29;0.0054588235159274;0.54588235159274;2.6889974248229813
9145;9145;1986-05-30;-0.0025437196905198;-0.25437196905198;2.6864537051324615
9146;9146;1986-06-02;-0.0093829279730881;-0.9382927973088101;2.6770707771593734
9147;9147;1986-06-03;0.0019162252790332;0.19162252790332002;2.6789870024384066
9148;9148;1986-06-04;-0.0064153576229584;-0.64153576229584;2.672571644815448
9149;9149;1986-06-05;0.0069854325758322;0.69854325758322;2.6795570773912805
9150;9150;1986-06-06;8.14296195423836e-05;0.00814296195423836;2.679638507010823
9151;9151;1986-06-09;-0.0235168918527835;-2.3516891852783504;2.6561216151580394
9152;9152;1986-06-10;-0.0015848733052932;-0.15848733052932001;2.654536741852746
9153;9153;1986-06-11;0.006448829228189;0.6448829228189;2.660985571080935
9154;9154;1986-06-12;0.0014918571932778;0.14918571932778002;2.662477428274213
9155;9155;1986-06-13;0.0174052708449972;1.74052708449972;2.67988269911921
9156;9156;1986-06-16;0.0016265160304715;0.16265160304715;2.6815092151496818
9157;9157;1986-06-17;-0.007258223676958;-0.7258223676958;2.6742509914727237
9158;9158;1986-06-18;0.0026157655230783;0.26157655230783;2.676866756995802
9159;9159;1986-06-19;-0.0038033252851965;-0.38033252851965;2.6730634317106055
9160;9160;1986-06-20;0.0143196816728741;1.4319681672874098;2.6873831133834796
9161;9161;1986-06-23;-0.0094149182345093;-0.9414918234509301;2.67796819514897
9162;9162;1986-06-24;0.0071909307470488;0.71909307470488;2.685159125896019
9163;9163;1986-06-25;0.0076619216290607;0.76619216290607;2.69282104752508
9164;9164;1986-06-26;-0.0007635099965561;-0.07635099965561;2.6920575375285236
9165;9165;1986-06-27;0.0034514662068287;0.34514662068287;2.6955090037353524
9166;9166;1986-06-30;0.004955609194666;0.4955609194666;2.7004646129300185
9167;9167;1986-07-01;0.0047725075720848;0.47725075720848004;2.7052371205021033
9168;9168;1986-07-02;0.0026152252218789;0.26152252218789;2.7078523457239823
9169;9169;1986-07-03;-0.0036076235604634;-0.36076235604634;2.704244722163519
9170;9170;1986-07-07;-0.0312222443361812;-3.12222443361812;2.6730224778273377
9171;9171;1986-07-08;-0.0101310767071325;-1.01310767071325;2.662891401120205
9172;9172;1986-07-09;0.005078399025181;0.5078399025181;2.667969800145386
9173;9173;1986-07-10;0.0007821172381392;0.07821172381392;2.6687519173835255
9174;9174;1986-07-11;-0.0032561659605239;-0.32561659605239;2.6654957514230015
9175;9175;1986-07-14;-0.0171136522507496;-1.7113652250749603;2.648382099172252
9176;9176;1986-07-15;-0.0188656715627404;-1.88656715627404;2.6295164276095115
9177;9177;1986-07-16;0.005760960746703;0.5760960746703;2.6352773883562146
9178;9178;1986-07-17;0.0045003557126266;0.45003557126266003;2.6397777440688412
9179;9179;1986-07-18;0.0012276698410858;0.12276698410858;2.641005413909927
9180;9180;1986-07-21;-0.0005078121077239;-0.05078121077238999;2.640497601802203
9181;9181;1986-07-22;0.0081784023497277;0.8178402349727699;2.648676004151931
9182;9182;1986-07-23;0.0020551753453688;0.20551753453688001;2.6507311794972996
9183;9183;1986-07-24;-0.0030212813362524;-0.30212813362524;2.647709898161047
9184;9184;1986-07-25;0.0094946193297662;0.94946193297662;2.6572045174908134
9185;9185;1986-07-28;-0.0176810184654768;-1.7681018465476799;2.6395234990253367
9186;9186;1986-07-29;-0.0062053582588008;-0.6205358258800799;2.633318140766536
9187;9187;1986-07-30;0.0086598707523943;0.86598707523943;2.64197801151893
9188;9188;1986-07-31;-0.0019885391204965;-0.19885391204965;2.6399894723984336
9189;9189;1986-08-01;-0.0051376501033431;-0.51376501033431;2.6348518222950905
9190;9190;1986-08-04;0.0045869733403645;0.45869733403644997;2.639438795635455
9191;9191;1986-08-05;0.00439725875004;0.439725875004;2.643836054385495
9192;9192;1986-08-06;-0.0008019204093399;-0.08019204093399;2.643034133976155
9193;9193;1986-08-07;0.0008440829598921;0.08440829598921;2.6438782169360473
9194;9194;1986-08-08;-0.000675168833359;-0.0675168833359;2.6432030481026882
9195;9195;1986-08-11;0.01591451636682;1.5914516366820002;2.659117564469508
9196;9196;1986-08-12;0.0109914046535078;1.09914046535078;2.670108969123016
9197;9197;1986-08-13;0.0095295378878068;0.9529537887806799;2.679638507010823
9198;9198;1986-08-14;0.0023581162429939;0.23581162429939;2.681996623253817
9199;9199;1986-08-15;0.0036481354240152;0.36481354240152;2.685644758677832
9200;9200;1986-08-18;0.0009302206824699;0.09302206824699;2.686574979360302
9201;9201;1986-08-19;-0.00352309583063;-0.35230958306300003;2.683051883529672
9202;9202;1986-08-20;0.0131379700891845;1.31379700891845;2.6961898536188564
9203;9203;1986-08-21;-0.0004004725329815;-0.04004725329815;2.695789381085875
9204;9204;1986-08-22;0.0020805993181571;0.20805993181570998;2.697869980404032
9205;9205;1986-08-25;-0.0095583217672157;-0.9558321767215701;2.6883116586368163
9206;9206;1986-08-26;0.0200945463486182;2.0094546348618203;2.7084062049854345
9207;9207;1986-08-27;0.0018177070674774;0.18177070674773999;2.710223912052912
9208;9208;1986-08-28;-0.0018177070674774;-0.18177070674773999;2.7084062049854345
9209;9209;1986-08-29;0.0003558811432364;0.03558811432364;2.708762086128671
9210;9210;1986-09-02;-0.0175894016362754;-1.7589401636275401;2.6911726844923956
9211;9211;1986-09-03;0.0062575333798307;0.62575333798307;2.6974302178722263
9212;9212;1986-09-04;0.0148838848132007;1.4883884813200698;2.712314102685427
9213;9213;1986-09-05;-0.0133256026172957;-1.33256026172957;2.6989885000681313
9214;9214;1986-09-08;-0.0093460578817703;-0.93460578817703;2.689642442186361
9215;9215;1986-09-09;-0.0018958921507232;-0.18958921507232;2.6877465500356377
9216;9216;1986-09-10;-0.002465992820551;-0.2465992820551;2.6852805572150866
9217;9217;1986-09-11;-0.0492800653826349;-4.92800653826349;2.6360004918324518
9218;9218;1986-09-12;-0.0193630395890292;-1.9363039589029198;2.6166374522434226
9219;9219;1986-09-15;0.0054906171096726;0.54906171096726;2.6221280693530953
9220;9220;1986-09-16;-0.0009489756074998;-0.09489756074998;2.6211790937455954
9221;9221;1986-09-17;-0.0001726715607137;-0.01726715607137;2.6210064221848817
9222;9222;1986-09-18;0.0027155990404246;0.27155990404246;2.6237220212253063
9223;9223;1986-09-19;-0.0004305132199613;-0.043051321996129994;2.623291508005345
9224;9224;1986-09-22;0.0116454028311201;1.16454028311201;2.634936910836465
9225;9225;1986-09-23;0.0031449452787146;0.31449452787146004;2.6380818561151798
9226;9226;1986-09-24;0.0025850252932064;0.25850252932064;2.6406668814083862
9227;9227;1986-09-25;-0.0190131851329545;-1.90131851329545;2.6216536962754318
9228;9228;1986-09-26;0.0017238895866151;0.17238895866151;2.623377585862047
9229;9229;1986-09-29;-0.010040297266471;-1.0040297266470999;2.613337288595576
9230;9230;1986-09-30;0.0061141181571695;0.6114118157169499;2.6194514067527455
9231;9231;1986-10-01;0.0098082130878767;0.98082130878767;2.629259619840622
9232;9232;1986-10-02;0.0013688913724783;0.13688913724783;2.6306285112131005
9233;9233;1986-10-03;-0.0008981075288989;-0.08981075288989;2.6297304036842015
9234;9234;1986-10-06;0.0045678407084865;0.45678407084864997;2.634298244392688
9235;9235;1986-10-07;-0.0015771652180554;-0.15771652180554;2.6327210791746327
9236;9236;1986-10-08;0.0096372522596803;0.96372522596803;2.642358331434313
9237;9237;1986-10-09;-0.0035129530625255;-0.35129530625255;2.6388453783717876
9238;9238;1986-10-10;-0.0015700679966892;-0.15700679966892;2.6372753103750983
9239;9239;1986-10-13;0.001824426140879;0.1824426140879;2.6390997365159774
9240;9240;1986-10-14;-0.0022916705036433;-0.22916705036433;2.636808066012334
9241;9241;1986-10-15;0.0144676712705456;1.44676712705456;2.6512757372828797
9242;9242;1986-10-16;0.0030522717107013;0.30522717107013;2.654328008993581
9243;9243;1986-10-17;-0.0028848108607846;-0.28848108607846;2.6514431981327964
9244;9244;1986-10-20;-0.0120891723920682;-1.20891723920682;2.639354025740728
9245;9245;1986-10-21;-0.0003814602095877;-0.03814602095877;2.6389725655311405
9246;9246;1986-10-22;0.001609650027726;0.16096500277259998;2.6405822155588665
9247;9247;1986-10-23;0.0127015377852402;1.27015377852402;2.6532837533441067
9248;9248;1986-10-24;-0.0042719167567515;-0.42719167567515;2.649011836587355
9249;9249;1986-10-27;0.0021382688526543;0.21382688526543;2.6511501054400095
9250;9250;1986-10-28;0.0020500436065988;0.20500436065987998;2.6532001490466084
9251;9251;1986-10-29;0.0069971422945389;0.69971422945389;2.6601972913411474
9252;9252;1986-10-30;0.0114310744306882;1.14310744306882;2.6716283657718356
9253;9253;1986-10-31;0.0011072157555878;0.11072157555878;2.6727355815274234
9254;9254;1986-11-03;0.0074319710111741;0.74319710111741;2.6801675525385975
9255;9255;1986-11-04;0.0016259922281589;0.16259922281588998;2.6817935447667565
9256;9256;1986-11-05;0.0015422909862268;0.15422909862268;2.6833358357529833
9257;9257;1986-11-06;-0.0028835719212114;-0.28835719212113997;2.680452263831772
9258;9258;1986-11-07;-0.0004067651191199;-0.040676511911989996;2.680045498712652
9259;9259;1986-11-10;0.0014637164370299;0.14637164370299;2.6815092151496818
9260;9260;1986-11-11;0.0038523069741796;0.38523069741796;2.6853615221238614
9261;9261;1986-11-12;-0.0017823993988406;-0.17823993988406;2.6835791227250207
9262;9262;1986-11-13;-0.0147860185833855;-1.4786018583385498;2.6687931041416353
9263;9263;1986-11-14;0.0060715479749102;0.6071547974910201;2.6748646521165456
9264;9264;1986-11-17;-0.0052900124654904;-0.52900124654904;2.669574639651055
9265;9265;1986-11-18;-0.0267938606892759;-2.67938606892759;2.642780778961779
9266;9266;1986-11-19;0.0037096619324863;0.37096619324863;2.6464904408942656
9267;9267;1986-11-20;0.0183032310871898;1.83032310871898;2.6647936719814553
9268;9268;1986-11-21;0.0156179435267134;1.56179435267134;2.6804116155081688
9269;9269;1986-11-24;0.006446256967683;0.6446256967683;2.686857872475852
9270;9270;1986-11-25;0.0029054578659675;0.29054578659675;2.6897633303418194
9271;9271;1986-11-26;0.0024148037555926;0.24148037555926;2.692178134097412
9272;9272;1986-11-28;0.0018072536314468;0.18072536314468;2.693985387728859
9273;9273;1986-12-01;-0.0006823529621735;-0.06823529621735;2.6933030347666853
9274;9274;1986-12-02;0.0196805754534699;1.96805754534699;2.712983610220155
9275;9275;1986-12-03;-0.000590701989128;-0.0590701989128;2.712392908231027
9276;9276;1986-12-04;-0.0031960136956259;-0.31960136956259;2.7091968945354012
9277;9277;1986-12-05;-0.0074175585860079;-0.74175585860079;2.7017793359493933
9278;9278;1986-12-08;-3.97905757631989e-05;-0.0039790575763198905;2.70173954537363
9279;9279;1986-12-09;-0.0075134435011809;-0.75134435011809;2.694226101872449
9280;9280;1986-12-10;0.0067168331044831;0.67168331044831;2.7009429349769323
9281;9281;1986-12-11;-0.0111796046351129;-1.11796046351129;2.6897633303418194
9282;9282;1986-12-12;-0.0033096252093578;-0.33096252093578;2.6864537051324615
9283;9283;1986-12-15;0.003470828318604;0.3470828318604;2.6899245334510655
9284;9284;1986-12-16;0.0073456868186436;0.73456868186436;2.697270220269709
9285;9285;1986-12-17;-0.0099679082757795;-0.9967908275779499;2.6873023119939297
9286;9286;1986-12-18;-0.0031557213741155;-0.31557213741155;2.684146590619814
9287;9287;1986-12-19;0.0118830708065074;1.18830708065074;2.6960296614263215
9288;9288;1986-12-22;-0.0039319421860009;-0.39319421860009;2.6920977192403206
9289;9289;1986-12-23;-0.0097356967630837;-0.9735696763083701;2.682362022477237
9290;9290;1986-12-24;0.0016629990379728;0.16629990379728;2.6840250215152097
9291;9291;1986-12-26;0.0006887111123141;0.06887111123141;2.684713732627524
9292;9292;1986-12-29;-0.0091540337683788;-0.9154033768378801;2.675559698859145
9293;9293;1986-12-30;-0.0053274571483763;-0.53274571483763;2.6702322417107687
9294;9294;1986-12-31;-0.004942947895401;-0.49429478954010003;2.6652892938153676
9295;9295;1987-01-02;0.0175191703647828;1.75191703647828;2.6828084641801504
9296;9296;1987-01-05;0.0230236586261121;2.30236586261121;2.7058321228062625
9297;9297;1987-01-06;0.0023367616583271;0.23367616583271;2.7081688844645897
9298;9298;1987-01-07;0.0100372927270085;1.00372927270085;2.718206177191598
9299;9299;1987-01-08;0.0076081481138059;0.76081481138059;2.725814325305404
9300;9300;1987-01-09;0.0056201073177772;0.56201073177772;2.7314344326231814
9301;9301;1987-01-12;0.0060496764783026;0.60496764783026;2.737484109101484
9302;9302;1987-01-13;-0.0013454149074183;-0.13454149074183;2.7361386941940657
9303;9303;1987-01-14;0.0102949793132856;1.02949793132856;2.7464336735073513
9304;9304;1987-01-15;0.0107928072172943;1.07928072172943;2.7572264807246456
9305;9305;1987-01-16;0.00297124545403;0.29712454540300004;2.7601977261786756
9306;9306;1987-01-19;0.0114261241937212;1.1426124193721199;2.771623850372397
9307;9307;1987-01-20;-0.00111440628649;-0.11144062864899999;2.770509444085907
9308;9308;1987-01-21;-0.0044703285174669;-0.44703285174669;2.76603911556844
9309;9309;1987-01-22;0.0224098275141502;2.24098275141502;2.78844894308259
9310;9310;1987-01-23;-0.0140073168684065;-1.40073168684065;2.7744416262141836
9311;9311;1987-01-26;-0.0018158683100937;-0.18158683100937;2.77262575790409
9312;9312;1987-01-27;0.0152388664282395;1.52388664282395;2.7878646243323293
9313;9313;1987-01-28;0.0060092833773515;0.60092833773515;2.793873907709681
9314;9314;1987-01-29;-0.0042209655630589;-0.42209655630589;2.789652942146622
9315;9315;1987-01-30;-0.000583611800601;-0.05836118006010001;2.789069330346021
9316;9316;1987-02-02;0.008610029047027;0.8610029047027;2.797679359393048
9317;9317;1987-02-03;-0.0016654192479252;-0.16654192479252;2.7960139401451225
9318;9318;1987-02-04;0.013138518340674;1.3138518340674;2.8091524584857965
9319;9319;1987-02-05;0.0054208012503016;0.54208012503016;2.814573259736098
9320;9320;1987-02-06;-0.0039914342872169;-0.39914342872169;2.8105818254488812
9321;9321;1987-02-09;-0.006735980167444;-0.6735980167444;2.803845845281437
9322;9322;1987-02-10;-0.0111708659018319;-1.11708659018319;2.7926749793796053
9323;9323;1987-02-11;0.0089394631926351;0.8939463192635101;2.8016144425722405
9324;9324;1987-02-12;-0.0069420120645418;-0.69420120645418;2.7946724305076986
9325;9325;1987-02-13;0.0146945558049438;1.46945558049438;2.8093669863126425
9326;9326;1987-02-17;0.0204893240744077;2.0489324074407698;2.82985631038705
9327;9327;1987-02-18;-0.0002451419662738;-0.02451419662738;2.8296111684207763
9328;9328;1987-02-19;0.0005253822245441;0.052538222454410005;2.8301365506453204
9329;9329;1987-02-20;-0.0003151948092403;-0.03151948092403;2.82982135583608
9330;9330;1987-02-23;-0.0109183133464459;-1.09183133464459;2.818903042489634
9331;9331;1987-02-24;0.0017690978366022;0.17690978366022;2.8206721403262365
9332;9332;1987-02-25;0.0039514410365884;0.39514410365884;2.824623581362825
9333;9333;1987-02-26;-0.0036687250705975;-0.36687250705975;2.8209548562922273
9334;9334;1987-02-27;0.0043727447961767;0.43727447961766996;2.825327601088404
9335;9335;1987-03-02;-0.0042313602435477;-0.42313602435477005;2.8210962408448563
9336;9336;1987-03-03;0.0039497688881731;0.39497688881731;2.8250460097330294
9337;9337;1987-03-04;0.0157142601527038;1.5714260152703803;2.8407602698857333
9338;9338;1987-03-05;0.0065614561907105;0.65614561907105;2.847321726076444
9339;9339;1987-03-06;0.0004818300849827;0.04818300849827;2.8478035561614266
9340;9340;1987-03-09;-0.0081526499387614;-0.81526499387614;2.839650906222665
9341;9341;1987-03-10;0.0088404371573132;0.88404371573132;2.8484913433799783
9342;9342;1987-03-11;-0.0018926895065867;-0.18926895065867;2.8465986538733916
9343;9343;1987-03-12;0.0031296880448152;0.31296880448152;2.849728341918207
9344;9344;1987-03-13;-0.0045774062934977;-0.45774062934977;2.845150935624709
9345;9345;1987-03-16;-0.0057427817322439;-0.57427817322439;2.839408153892465
9346;9346;1987-03-17;0.0146032900375976;1.46032900375976;2.854011443930063
9347;9347;1987-03-18;0.0010593695992877;0.10593695992877;2.8550708135293505
9348;9348;1987-03-19;0.0044303246339314;0.44303246339313995;2.859501138163282
9349;9349;1987-03-20;0.0138120422856485;1.38120422856485;2.8733131804489305
9350;9350;1987-03-23;0.0099778610165861;0.99778610165861;2.8832910414655166
9351;9351;1987-03-24;0.0015926047986996;0.15926047986996;2.8848836462642162
9352;9352;1987-03-25;-0.0041859466395806;-0.41859466395806;2.8806976996246356
9353;9353;1987-03-26;0.0018292998792626;0.18292998792626;2.8825269995038982
9354;9354;1987-03-27;-0.016079092319897;-1.6079092319897001;2.866447907184001
9355;9355;1987-03-30;-0.0236800322039983;-2.3680032203998302;2.842767874980003
9356;9356;1987-03-31;0.0086073862334465;0.86073862334465;2.8513752612134495
9357;9357;1987-04-01;0.0023284251726716;0.23284251726716;2.853703686386121
9358;9358;1987-04-02;0.0042661452005985;0.42661452005985;2.8579698315867197
9359;9359;1987-04-03;0.0228277332140188;2.28277332140188;2.8807975648007385
9360;9360;1987-04-06;0.0051132588964684;0.51132588964684;2.885910823697207
9361;9361;1987-04-07;-0.0175736511039579;-1.7573651103957901;2.868337172593249
9362;9362;1987-04-08;0.001919380969702;0.1919380969702;2.870256553562951
9363;9363;1987-04-09;-0.0149125824532348;-1.49125824532348;2.855343971109716
9364;9364;1987-04-10;-0.0012641840440021;-0.12641840440021;2.854079787065714
9365;9365;1987-04-13;-0.0237682053450854;-2.37682053450854;2.8303115817206286
9366;9366;1987-04-14;-0.0228771300413584;-2.28771300413584;2.80743445167927
9367;9367;1987-04-15;0.0187372335690252;1.87372335690252;2.8261716852482954
9368;9368;1987-04-16;0.0086462496251593;0.8646249625159299;2.834817934873455
9369;9369;1987-04-20;-0.0028621590219515;-0.28621590219515003;2.8319557758515033
9370;9370;1987-04-21;0.0241050795681543;2.41050795681543;2.8560608554196576
9371;9371;1987-04-22;-0.0202674876276365;-2.02674876276365;2.835793367792021
9372;9372;1987-04-23;-0.001289158883786;-0.1289158883786;2.834504208908235
9373;9373;1987-04-24;-0.0186514117668883;-1.86514117668883;2.8158527971413467
9374;9374;1987-04-27;0.0011005522126428;0.11005522126428;2.8169533493539896
9375;9375;1987-04-28;0.002409977434687;0.2409977434687;2.8193633267886766
9376;9376;1987-04-29;0.0072653100077673;0.72653100077673;2.826628636796444
9377;9377;1987-04-30;0.013230353923241;1.3230353923241;2.839858990719685
9378;9378;1987-05-01;-0.0011450096122844;-0.11450096122844;2.8387139811074005
9379;9379;1987-05-04;0.004606897899519;0.46068978995189996;2.8433208790069195
9380;9380;1987-05-05;0.0204556856966143;2.04556856966143;2.863776564703534
9381;9381;1987-05-06;0.0004400907322441;0.04400907322441;2.864216655435778
9382;9382;1987-05-07;-0.0025755207916811;-0.25755207916811;2.861641134644097
9383;9383;1987-05-08;-0.0045571974935088;-0.45571974935087994;2.857083937150588
9384;9384;1987-05-11;-0.0061544557575237;-0.61544557575237;2.8509294813930643
9385;9385;1987-05-12;0.0059157968782184;0.59157968782184;2.8568452782712828
9386;9386;1987-05-13;0.002315840161688;0.23158401616879998;2.859161118432971
9387;9387;1987-05-14;0.0008839516387961;0.08839516387961;2.860045070071767
9388;9388;1987-05-15;-0.0234163988930129;-2.34163988930129;2.836628671178754
9389;9389;1987-05-18;-0.0027173895541938;-0.27173895541938;2.83391128162456
9390;9390;1987-05-19;-0.0248304177446732;-2.4830417744673197;2.809080863879887
9391;9391;1987-05-20;-0.0050553288215615;-0.50553288215615;2.8040255350583254
9392;9392;1987-05-21;0.0070204163334279;0.70204163334279;2.8110459513917534
9393;9393;1987-05-22;0.0070776919140156;0.70776919140156;2.818123643305769
9394;9394;1987-05-26;0.024332886543788;2.4332886543787997;2.842456529849557
9395;9395;1987-05-27;-0.0013151531821895;-0.13151531821895;2.8411413766673674
9396;9396;1987-05-28;0.0070061855433118;0.70061855433118;2.8481475622106793
9397;9397;1987-05-29;-0.0022725071991791;-0.22725071991791;2.8458750550115
9398;9398;1987-06-01;-0.0009312124662343;-0.09312124662343;2.8449438425452658
9399;9399;1987-06-02;-0.0047381023884502;-0.47381023884502;2.8402057401568155
9400;9400;1987-06-03;0.0172190258454172;1.72190258454172;2.8574247660022327
9401;9401;1987-06-04;0.0055049582008939;0.55049582008939;2.8629297242031266
9402;9402;1987-06-05;-0.0055730731043386;-0.55730731043386;2.857356651098788
9403;9403;1987-06-08;0.0110816286543471;1.10816286543471;2.868438279753135
9404;9404;1987-06-09;0.0018855157101249;0.18855157101249;2.87032379546326
9405;9405;1987-06-10;0.0006389306648637;0.06389306648637;2.870962726128124
9406;9406;1987-06-11;0.0042268092941117;0.42268092941117;2.8751895354222357
9407;9407;1987-06-12;0.009627738134772;0.9627738134771999;2.8848172735570077
9408;9408;1987-06-15;0.0050268641302082;0.50268641302082;2.889844137687216
9409;9409;1987-06-16;0.0053298199319158;0.53298199319158;2.8951739576191318
9410;9410;1987-06-17;0.0001640106942799;0.016401069427990002;2.8953379683134117
9411;9411;1987-06-18;0.0028828979835653;0.28828979835653;2.898220866296977
9412;9412;1987-06-19;0.0041785031048817;0.41785031048816995;2.902399369401859
9413;9413;1987-06-22;0.0086925818071135;0.8692581807113501;2.9110919512089724
9414;9414;1987-06-23;-0.0039477174802042;-0.39477174802042003;2.907144233728768
9415;9415;1987-06-24;-0.0051033218923173;-0.51033218923173;2.9020409118364507
9416;9416;1987-06-25;0.0068202209153875;0.68202209153875;2.9088611327518383
9417;9417;1987-06-26;-0.0058429920653475;-0.58429920653475;2.9030181406864908
9418;9418;1987-06-29;0.0024062379587359;0.24062379587359;2.9054243786452267
9419;9419;1987-06-30;-0.0127473340373863;-1.27473340373863;2.8926770446078405
9420;9420;1987-07-01;-0.0034929287053753;-0.34929287053753;2.889184115902465
9421;9421;1987-07-02;0.0088404636723185;0.8840463672318499;2.8980245795747837
9422;9422;1987-07-06;-0.0023257466189594;-0.23257466189593998;2.895698832955824
9423;9423;1987-07-07;0.0081003218317468;0.8100321831746801;2.903799154787571
9424;9424;1987-07-08;0.0028911160343669;0.28911160343669;2.906690270821938
9425;9425;1987-07-09;-0.0025008376084239;-0.25008376084239;2.904189433213514
9426;9426;1987-07-10;0.0027602544667564;0.27602544667564;2.9069496876802705
9427;9427;1987-07-13;-0.0024025660907636;-0.24025660907635998;2.904547121589507
9428;9428;1987-07-14;0.0098656426323362;0.98656426323362;2.914412764221843
9429;9429;1987-07-15;-0.0008371599184417;-0.08371599184417;2.9135756043034013
9430;9430;1987-07-16;0.0073180417374523;0.73180417374523;2.9208936460408537
9431;9431;1987-07-17;0.0060258881693586;0.60258881693586;2.9269195342102123
9432;9432;1987-07-20;-0.0102239969911215;-1.02239969911215;2.916695537219091
9433;9433;1987-07-21;-0.0091623281419872;-0.91623281419872;2.9075332090771036
9434;9434;1987-07-22;-0.0002592687493887;-0.02592687493887;2.907273940327715
9435;9435;1987-07-23;-0.0021418941175959;-0.21418941175959;2.905132046210119
9436;9436;1987-07-24;0.0047319432002748;0.47319432002748;2.9098639894103937
9437;9437;1987-07-27;0.0044522109865869;0.44522109865869;2.9143162003969807
9438;9438;1987-07-28;0.0053934223367653;0.53934223367653;2.919709622733746
9439;9439;1987-07-29;0.0105737062731119;1.05737062731119;2.930283329006858
9440;9440;1987-07-30;0.0075745795896562;0.7574579589656201;2.937857908596514
9441;9441;1987-07-31;0.0019161508200307;0.19161508200307;2.939774059416545
9442;9442;1987-08-03;-0.0034264276993276;-0.34264276993276;2.9363476317172172
9443;9443;1987-08-04;-0.004228456795583;-0.4228456795583;2.932119174921634
9444;9444;1987-08-05;0.0069956827798831;0.69956827798831;2.9391148577015174
9445;9445;1987-08-06;0.011365482677494;1.1365482677493999;2.9504803403790114
9446;9446;1987-08-07;0.0028213260452636;0.28213260452636;2.953301666424275
9447;9447;1987-08-10;0.0153612851614877;1.53612851614877;2.9686629515857628
9448;9448;1987-08-11;0.0161193428794926;1.6119342879492597;2.9847822944652553
9449;9449;1987-08-12;-0.0028239278430328;-0.28239278430328;2.9819583666222225
9450;9450;1987-08-13;0.0067761681968674;0.67761681968674;2.98873453481909
9451;9451;1987-08-14;-0.0019741691497623;-0.19741691497622998;2.9867603656693276
9452;9452;1987-08-17;0.0003592127100144;0.03592127100144;2.987119578379342
9453;9453;1987-08-18;-0.0146528945543327;-1.4652894554332698;2.9724666838250093
9454;9454;1987-08-19;0.0017599901716094;0.17599901716094;2.9742266739966188
9455;9455;1987-08-20;0.0150754630508514;1.50754630508514;2.98930213704747
9456;9456;1987-08-21;0.0031606849099361;0.31606849099361;2.9924628219574063
9457;9457;1987-08-24;-0.0076805274921509;-0.76805274921509;2.9847822944652553
9458;9458;1987-08-25;0.010267220839796;1.0267220839796;2.9950495153050514
9459;9459;1987-08-26;-0.0065540259426466;-0.6554025942646601;2.9884954893624047
9460;9460;1987-08-27;-0.0095803779312166;-0.9580377931216599;2.978915111431188
9461;9461;1987-08-28;-0.0131832531347156;-1.31832531347156;2.9657318582964725
9462;9462;1987-08-31;0.0084038586449555;0.8403858644955501;2.974135716941428
9463;9463;1987-09-01;-0.0195964451496788;-1.95964451496788;2.954539271791749
9464;9464;1987-09-02;-0.005332687761868;-0.5332687761868;2.949206584029881
9465;9465;1987-09-03;-0.0045802383789155;-0.45802383789155;2.9446263456509656
9466;9466;1987-09-04;-0.0110220110140054;-1.10220110140054;2.9336043346369602
9467;9467;1987-09-08;-0.0099642684931851;-0.99642684931851;2.923640066143775
9468;9468;1987-09-09;0.0011474948466654;0.11474948466654002;2.9247875609904406
9469;9469;1987-09-10;0.0101735824262645;1.01735824262645;2.934961143416705
9470;9470;1987-09-11;0.0151776657626739;1.51776657626739;2.950138809179379
9471;9471;1987-09-14;0.0034104643586223;0.34104643586223;2.9535492735380013
9472;9472;1987-09-15;-0.0166665235167791;-1.6666523516779101;2.9368827500212222
9473;9473;1987-09-16;-0.0091053588733425;-0.91053588733425;2.9277773911478797
9474;9474;1987-09-17;0.000222321734971;0.0222321734971;2.9279997128828508
9475;9475;1987-09-18;-0.000222321734971;-0.0222321734971;2.9277773911478797
9476;9476;1987-09-21;-0.0138153014114639;-1.38153014114639;2.913962089736416
9477;9477;1987-09-22;0.028444527282792;2.8444527282792;2.942406617019208
9478;9478;1987-09-23;0.0052755807469004;0.52755807469004;2.9476821977661083
9479;9479;1987-09-24;-0.0045872386789342;-0.45872386789342;2.943094959087174
9480;9480;1987-09-25;0.0013752674436213;0.13752674436213;2.9444702265307954
9481;9481;1987-09-28;0.0094504804464756;0.94504804464756;2.953920706977271
9482;9482;1987-09-29;-0.0046830086583229;-0.46830086583229;2.949237698318948
9483;9483;1987-09-30;0.0004350603076854;0.043506030768540004;2.9496727586266336
9484;9484;1987-10-01;0.0169453811948292;1.69453811948292;2.966618139821463
9485;9485;1987-10-02;0.0022582249656917;0.22582249656916997;2.9688763647871546
9486;9486;1987-10-05;3.04198737852701e-05;0.00304198737852701;2.96890678466094
9487;9487;1987-10-06;-0.0273769180722727;-2.73769180722727;2.941529866588667
9488;9488;1987-10-07;-0.0021324393095056;-0.21324393095056;2.9393974272791614
9489;9489;1987-10-08;-0.0138456610754227;-1.38456610754227;2.9255517662037387
9490;9490;1987-10-09;-0.0098844332608498;-0.98844332608498;2.915667332942889
9491;9491;1987-10-12;-0.0054153242626862;-0.54153242626862;2.9102520086802026
9492;9492;1987-10-13;0.016444966670802;1.6444966670802;2.9266969753510046
9493;9493;1987-10-14;-0.0299820053322284;-2.99820053322284;2.896714970018776
9494;9494;1987-10-15;-0.0237037635763331;-2.37037635763331;2.873011206442443
9495;9495;1987-10-16;-0.0529755560934557;-5.2975556093455705;2.8200356503489874
9496;9496;1987-10-19;-0.228997286803923;-22.8997286803923;2.5910383635450644
9497;9497;1987-10-20;0.0519535722760729;5.19535722760729;2.6429919358211373
9498;9498;1987-10-21;0.0870887962639797;8.70887962639797;2.730080732085117
9499;9499;1987-10-22;-0.0399950859582159;-3.9995085958215904;2.690085646126901
9500;9500;1987-10-23;-0.0001208491952224;-0.012084919522239999;2.6899647969316787
9501;9501;1987-10-26;-0.0864182504307731;-8.64182504307731;2.6035465465009056
9502;9502;1987-10-27;0.0239563771876483;2.39563771876483;2.627502923688554
9503;9503;1987-10-28;0.000385864046664;0.0385864046664;2.627888787735218
9504;9504;1987-10-29;0.0480795659170914;4.80795659170914;2.6759683536523093
9505;9505;1987-10-30;0.02827636851121;2.827636851121;2.7042447221635193
9506;9506;1987-11-02;0.0156050258698359;1.56050258698359;2.719849748033355
9507;9507;1987-11-03;-0.0194648265273729;-1.94648265273729;2.7003849215059823
9508;9508;1987-11-04;-0.0074433091973702;-0.74433091973702;2.692941612308612
9509;9509;1987-11-05;0.0219299626155678;2.1929962615567797;2.71487157492418
9510;9510;1987-11-06;-0.0161226412180033;-1.61226412180033;2.6987489337061765
9511;9511;1987-11-09;-0.0293388115092883;-2.93388115092883;2.6694101221968882
9512;9512;1987-11-10;-0.0172972270637581;-1.72972270637581;2.65211289513313
9513;9513;1987-11-11;0.0120608408808325;1.20608408808325;2.6641737360139626
9514;9514;1987-11-12;0.0269989484784334;2.69989484784334;2.691172684492396
9515;9515;1987-11-13;-0.0116562959005764;-1.16562959005764;2.6795163885918196
9516;9516;1987-11-16;0.0045491386886338;0.45491386886338;2.6840655272804534
9517;9517;1987-11-17;-0.015190174033215;-1.5190174033214998;2.6688753532472385
9518;9518;1987-11-18;0.0102745946571048;1.0274594657104799;2.6791499479043432
9519;9519;1987-11-19;-0.0226533572283785;-2.26533572283785;2.6564965906759648
9520;9520;1987-11-20;0.008090478682341;0.8090478682340999;2.664587069358306
9521;9521;1987-11-23;0.0040825846506882;0.40825846506881996;2.668669654008994
9522;9522;1987-11-24;0.0138953315542292;1.38953315542292;2.682564985563223
9523;9523;1987-11-25;-0.0093376403825997;-0.93376403825997;2.6732273451806234
9524;9524;1987-11-27;-0.0155234311389396;-1.55234311389396;2.657703914041684
9525;9525;1987-11-30;-0.0426717509869379;-4.26717509869379;2.615032163054746
9526;9526;1987-12-01;0.007354551813183;0.7354551813183;2.622386714867929
9527;9527;1987-12-02;0.0062305368999187;0.62305368999187;2.6286172517678477
9528;9528;1987-12-03;-0.0359345772311075;-3.5934577231107503;2.59268267453674
9529;9529;1987-12-04;-0.0057444950596847;-0.57444950596847;2.5869381794770554
9530;9530;1987-12-07;0.0213845609147105;2.13845609147105;2.608322740391766
9531;9531;1987-12-08;0.026529081903325;2.6529081903325;2.634851822295091
9532;9532;1987-12-09;0.0168007116579645;1.6800711657964498;2.6516525339530554
9533;9533;1987-12-10;-0.0225213427324489;-2.25213427324489;2.6291311912206066
9534;9534;1987-12-11;0.0074644717239955;0.74644717239955;2.636595662944602
9535;9535;1987-12-14;0.0287762305900303;2.87762305900303;2.6653718935346324
9536;9536;1987-12-15;0.0025566859287602;0.25566859287602;2.6679285794633927
9537;9537;1987-12-16;0.0214720465923355;2.1472046592335503;2.689400626055728
9538;9538;1987-12-17;-0.0207721638897738;-2.07721638897738;2.6686284621659544
9539;9539;1987-12-18;0.0251161574755505;2.51161574755505;2.693744619641505
9540;9540;1987-12-21;0.0015239184913742;0.15239184913742;2.695268538132879
9541;9541;1987-12-22;0.0016416909259184;0.16416909259184;2.6969102290587976
9542;9542;1987-12-23;0.01276082985021;1.2760829850209998;2.7096710589090076
9543;9543;1987-12-24;-0.0044735916303047;-0.44735916303046996;2.705197467278703
9544;9544;1987-12-28;-0.025966056597019;-2.5966056597019;2.679231410681684
9545;9545;1987-12-29;-0.0039987444910343;-0.39987444910343;2.6752326661906496
9546;9546;1987-12-30;0.0132807516822337;1.32807516822337;2.6885134178728833
9547;9547;1987-12-31;-0.0031518957490215;-0.31518957490215;2.685361522123862
9548;9548;1988-01-04;0.0352308709015388;3.5230870901538798;2.7205923930254006
9549;9549;1988-01-05;0.0104554383987994;1.0455438398799402;2.7310478314242
9550;9550;1988-01-06;0.0010048307768935;0.10048307768935;2.7320526622010934
9551;9551;1988-01-07;0.0083852784106817;0.83852784106817;2.740437940611775
9552;9552;1988-01-08;-0.0700824415075099;-7.008244150750991;2.6703554991042653
9553;9553;1988-01-11;0.0166640414522661;1.66640414522661;2.6870195405565314
9554;9554;1988-01-12;-0.0083991769558053;-0.8399176955805301;2.678620363600726
9555;9555;1988-01-13;0.0015878512514175;0.15878512514175;2.6802082148521436
9556;9556;1988-01-14;0.0002847607234066;0.02847607234066;2.68049297557555
9557;9557;1988-01-15;0.0247838600571093;2.47838600571093;2.7052768356326595
9558;9558;1988-01-18;-0.0006746889597764;-0.06746889597764;2.704602146672883
9559;9559;1988-01-19;-0.0102155634542465;-1.0215563454246501;2.6943865832186367
9560;9560;1988-01-20;-0.0271995701986203;-2.71995701986203;2.6671870130200164
9561;9561;1988-01-21;0.0020997351963938;0.20997351963938;2.66928674821641
9562;9562;1988-01-22;0.0137245884679533;1.37245884679533;2.6830113366843635
9563;9563;1988-01-25;0.0227414618296864;2.2741461829686402;2.70575279851405
9564;9564;1988-01-26;-0.0103639903002826;-1.03639903002826;2.6953888082137674
9565;9565;1988-01-27;-0.0007616073939846;-0.07616073939846;2.6946272008197827
9566;9566;1988-01-28;0.0155571920950477;1.55571920950477;2.7101843929148304
9567;9567;1988-01-29;0.0148133988658623;1.48133988658623;2.7249977917806927
9568;9568;1988-02-01;-0.0079280804238983;-0.79280804238983;2.7170697113567943
9569;9569;1988-02-02;0.0020760039574394;0.20760039574394;2.7191457153142338
9570;9570;1988-02-03;-0.0132342705426511;-1.32342705426511;2.7059114447715826
9571;9571;1988-02-04;0.0;0.0;2.7059114447715826
9572;9572;1988-02-05;-0.0049685097946499;-0.49685097946499;2.7009429349769327
9573;9573;1988-02-08;-0.0074391454204674;-0.74391454204674;2.6935037895564653
9574;9574;1988-02-09;0.0104629162765546;1.04629162765546;2.70396670583302
9575;9575;1988-02-10;0.0194349047697342;1.94349047697342;2.723401610602754
9576;9576;1988-02-11;-0.0027701662185819;-0.27701662185819;2.720631444384172
9577;9577;1988-02-12;0.0065423653017564;0.65423653017564;2.7271738096859286
9578;9578;1988-02-16;0.0085030544940387;0.85030544940387;2.7356768641799674
9579;9579;1988-02-17;-0.0023890117183968;-0.23890117183968;2.7332878524615705
9580;9580;1988-02-18;-0.0050278068962033;-0.50278068962033;2.728260045565367
9581;9581;1988-02-19;0.0142440854511241;1.42440854511241;2.7425041310164913
9582;9582;1988-02-22;0.0152872773250383;1.52872773250383;2.7577914083415296
9583;9583;1988-02-23;-0.0023368118097222;-0.23368118097222002;2.7554545965318074
9584;9584;1988-02-24;-0.0022287138134888;-0.22287138134888;2.7532258827183185
9585;9585;1988-02-25;-0.0108364251536832;-1.08364251536832;2.7423894575646353
9586;9586;1988-02-26;0.003358540814184;0.3358540814184;2.7457479983788193
9587;9587;1988-02-29;0.020216484027177;2.0216484027177;2.7659644824059963
9588;9588;1988-03-01;-0.0022428463013941;-0.22428463013941;2.763721636104602
9589;9589;1988-03-02;0.0028400990053176;0.28400990053176;2.76656173510992
9590;9590;1988-03-03;-0.0003732542013779;-0.03732542013779;2.766188480908542
9591;9591;1988-03-04;-0.0021675594554286;-0.21675594554286;2.7640209214531133
9592;9592;1988-03-07;0.0002993080034592;0.02993080034592;2.7643202294565725
9593;9593;1988-03-08;0.0076377041152397;0.76377041152397;2.7719579335718123
9594;9594;1988-03-09;-0.0013741947460825;-0.13741947460825;2.7705837388257297
9595;9595;1988-03-10;-0.0195915519735257;-1.95915519735257;2.750992186852204
9596;9596;1988-03-11;0.0041605491544096;0.41605491544096;2.7551527360066137
9597;9597;1988-03-14;0.0053829081364673;0.5382908136467299;2.760535644143081
9598;9598;1988-03-15;-0.0009013709530467;-0.09013709530467;2.7596342731900343
9599;9599;1988-03-16;0.0094244648525236;0.9424464852523601;2.769058738042558
9600;9600;1988-03-17;0.0095209085059044;0.95209085059044;2.7785796465484625
9601;9601;1988-03-18;-0.0003687944900656;-0.03687944900656;2.778210852058397
9602;9602;1988-03-21;-0.0088171766202016;-0.88171766202016;2.769393675438195
9603;9603;1988-03-22;0.0003720599864509;0.03720599864509;2.769765735424646
9604;9604;1988-03-23;0.0002603737811082;0.02603737811082;2.7700261092057543
9605;9605;1988-03-24;-0.0208927972913688;-2.0892797291368796;2.7491333119143855
9606;9606;1988-03-25;-0.018549552109759;-1.8549552109759;2.7305837598046265
9607;9607;1988-03-28;-0.001742308329443;-0.1742308329443;2.7288414514751835
9608;9608;1988-03-29;0.0077587441909239;0.77587441909239;2.7366001956661075
9609;9609;1988-03-30;-0.0077199593890169;-0.7719959389016899;2.7288802362770905
9610;9610;1988-03-31;0.0031724259240029;0.31724259240028996;2.7320526622010934
9611;9611;1988-04-04;-0.0108743894230363;-1.0874389423036301;2.721178272778057
9612;9612;1988-04-05;0.0094054870265694;0.94054870265694;2.7305837598046265
9613;9613;1988-04-06;0.0266427209200195;2.66427209200195;2.757226480724646
9614;9614;1988-04-07;0.0025205092157483;0.25205092157483;2.7597469899403944
9615;9615;1988-04-08;0.0122109436314179;1.22109436314179;2.7719579335718123
9616;9616;1988-04-11;0.0027058005131595;0.27058005131595003;2.774663734084972
9617;9617;1988-04-12;0.0044687940312542;0.44687940312541996;2.779132528116226
9618;9618;1988-04-13;0.0007735224880089;0.07735224880089;2.779906050604235
9619;9619;1988-04-14;-0.0445370774232794;-4.45370774232794;2.7353689731809556
9620;9620;1988-04-15;7.69518033303385e-05;0.007695180333033851;2.735445924984286
9621;9621;1988-04-18;-0.0021580725227154;-0.21580725227154002;2.7332878524615705
9622;9622;1988-04-19;-0.0049889995384635;-0.49889995384635005;2.728298852923107
9623;9623;1988-04-20;-0.0069643621137229;-0.69643621137229;2.721334490809384
9624;9624;1988-04-21;0.0011316282148614;0.11316282148613999;2.7224661190242454
9625;9625;1988-04-22;0.014403229474226;1.4403229474226;2.7368693484984714
9626;9626;1988-04-25;0.009069209341102;0.9069209341102;2.7459385578395734
9627;9627;1988-04-26;0.0053946753121483;0.53946753121483;2.7513332331517217
9628;9628;1988-04-27;-0.0004926951558967;-0.04926951558967;2.750840537995825
9629;9629;1988-04-28;-0.0045212100383356;-0.45212100383355996;2.7463193279574893
9630;9630;1988-04-29;-0.0048860580024934;-0.48860580024933997;2.741433269954996
9631;9631;1988-05-02;0.0008797682932693;0.08797682932693;2.7423130382482652
9632;9632;1988-05-03;0.0054903371311185;0.54903371311185;2.747803375379384
9633;9633;1988-05-04;-0.0102423618170562;-1.02423618170562;2.7375610135623276
9634;9634;1988-05-05;-0.0058947135796225;-0.58947135796225;2.731666299982705
9635;9635;1988-05-06;-0.0050748668749074;-0.50748668749074;2.7265914331077976
9636;9636;1988-05-09;-0.0036574569522258;-0.36574569522258;2.7229339761555718
9637;9637;1988-05-10;0.0042009786055583;0.42009786055583;2.72713495476113
9638;9638;1988-05-11;-0.0168715843478164;-1.68715843478164;2.7102633704133137
9639;9639;1988-05-12;0.0021295378177139;0.21295378177139;2.7123929082310276
9640;9640;1988-05-13;0.0114761182391447;1.14761182391447;2.7238690264701724
9641;9641;1988-05-16;0.0074880252008888;0.74880252008888;2.7313570516710612
9642;9642;1988-05-17;-0.0129159238209473;-1.2915923820947302;2.718441127850114
9643;9643;1988-05-18;-0.0159453706388151;-1.5945370638815097;2.702495757211299
9644;9644;1988-05-19;0.0048420517230907;0.48420517230907;2.7073378089343896
9645;9645;1988-05-20;0.0017800870627802;0.17800870627801998;2.70911789599717
9646;9646;1988-05-23;-0.0086931259919467;-0.86931259919467;2.700424770005223
9647;9647;1988-05-24;0.0106278234582602;1.06278234582602;2.7110525934634833
9648;9648;1988-05-25;0.0009856684809621;0.09856684809621001;2.7120382619444454
9649;9649;1988-05-26;0.0034226119683484;0.34226119683484;2.715460873912794
9650;9650;1988-05-27;-0.0047633472324495;-0.47633472324495;2.7106975266803444
9651;9651;1988-05-31;0.0339068361696917;3.39068361696917;2.744604362850036
9652;9652;1988-06-01;0.0171319230228431;1.7131923022843099;2.761736285872879
9653;9653;1988-06-02;-0.0051126573835613;-0.5112657383561301;2.7566236284893177
9654;9654;1988-06-03;0.0042123684916841;0.42123684916841;2.760835996981002
9655;9655;1988-06-06;0.0022492080709897;0.22492080709897003;2.7630852050519916
9656;9656;1988-06-07;-0.0070646830842537;-0.70646830842537;2.756020521967738
9657;9657;1988-06-08;0.0236645822071271;2.36645822071271;2.779685104174865
9658;9658;1988-06-09;-0.0048732910356008;-0.48732910356008;2.774811813139264
9659;9659;1988-06-10;0.0039153374619234;0.39153374619234005;2.7787271506011875
9660;9660;1988-06-13;0.0006264460543565;0.06264460543565;2.779353596655544
9661;9661;1988-06-14;0.0105181007419102;1.0518100741910201;2.789871697397454
9662;9662;1988-06-15;0.0005467845238733;0.054678452387330004;2.7904184819213276
9663;9663;1988-06-16;-0.0171994353806317;-1.7199435380631698;2.773219046540696
9664;9664;1988-06-17;0.0033675821641523;0.33675821641522996;2.776586628704848
9665;9665;1988-06-20;-0.0064489716709026;-0.64489716709026;2.7701376570339455
9666;9666;1988-06-21;0.0100998284559743;1.00998284559743;2.78023748548992
9667;9667;1988-06-22;0.014580094488621;1.4580094488621;2.794817579978541
9668;9668;1988-06-23;-0.0030518734020761;-0.30518734020761;2.7917657065764647
9669;9669;1988-06-24;-0.0037915028600474;-0.37915028600474;2.7879742037164172
9670;9670;1988-06-27;-0.0173904648906875;-1.73904648906875;2.7705837388257297
9671;9671;1988-06-28;0.0120067202379648;1.2006720237964799;2.7825904590636945
9672;9672;1988-06-29;-0.0048960578503898;-0.48960578503898;2.7776944012133047
9673;9673;1988-06-30;0.0092565638503501;0.92565638503501;2.786950965063655
9674;9674;1988-07-01;-0.0063087100491312;-0.63087100491312;2.7806422550145236
9675;9675;1988-07-05;0.0147193037957027;1.4719303795702698;2.7953615588102263
9676;9676;1988-07-06;-0.0138366630422038;-1.38366630422038;2.7815248957680225
9677;9677;1988-07-07;-0.0008826407534989;-0.08826407534988999;2.7806422550145236
9678;9678;1988-07-08;-0.0064969222215287;-0.64969222215287;2.774145332792995
9679;9679;1988-07-11;0.0019608901432741;0.19608901432741;2.776106222936269
9680;9680;1988-07-12;-0.010029735007083;-1.0029735007083;2.766076487929186
9681;9681;1988-07-13;0.0054731449408986;0.54731449408986;2.7715496328700846
9682;9682;1988-07-14;0.0034842059428799;0.34842059428799;2.7750338388129645
9683;9683;1988-07-15;0.0066013332110488;0.66013332110488;2.7816351720240133
9684;9684;1988-07-18;-0.0056767256752596;-0.56767256752596;2.7759584463487537
9685;9685;1988-07-19;-0.0075699235594468;-0.75699235594468;2.768388522789307
9686;9686;1988-07-20;0.0056827794106872;0.56827794106872;2.774071302199994
9687;9687;1988-07-21;-0.0124475053106874;-1.2447505310687401;2.7616237968893067
9688;9688;1988-07-22;-0.0119210857062706;-1.19210857062706;2.749702711183036
9689;9689;1988-07-25;0.0044681547154112;0.44681547154112;2.7541708658984474
9690;9690;1988-07-26;0.0019250350550512;0.19250350550512;2.7560959009534987
9691;9691;1988-07-27;-0.0101954757202014;-1.01954757202014;2.7459004252332972
9692;9692;1988-07-28;0.0133203705431963;1.33203705431963;2.7592207957764936
9693;9693;1988-07-29;0.0223040999915289;2.23040999915289;2.7815248957680225
9694;9694;1988-08-01;0.0006982416063134;0.06982416063134;2.782223137374336
9695;9695;1988-08-02;-0.0005511713187527;-0.055117131875269995;2.7816719660555833
9696;9696;1988-08-03;0.0033759498700769;0.33759498700769;2.7850479159256603
9697;9697;1988-08-04;-0.0038539182320906;-0.38539182320905996;2.7811939976935696
9698;9698;1988-08-05;-0.0028725033328544;-0.28725033328544003;2.778321494360715
9699;9699;1988-08-08;-0.0043242282346573;-0.43242282346573;2.7739972661260577
9700;9700;1988-08-09;-0.01301124099958;-1.301124099958;2.7609860251264777
9701;9701;1988-08-10;-0.0173739533206998;-1.7373953320699802;2.743612071805778
9702;9702;1988-08-11;0.0032402811529017;0.32402811529017;2.7468523529586797
9703;9703;1988-08-12;-0.0007615153787732;-0.07615153787732;2.7460908375799065
9704;9704;1988-08-15;-0.0148110530146832;-1.48110530146832;2.7312797845652232
9705;9705;1988-08-16;0.0072027119285982;0.72027119285982;2.7384824964938215
9706;9706;1988-08-17;0.0008055972861464;0.08055972861464;2.739288093779968
9707;9707;1988-08-18;0.000996588836716;0.0996588836716;2.740284682616684
9708;9708;1988-08-19;-0.0030310956760377;-0.30310956760377;2.7372535869406462
9709;9709;1988-08-22;-0.0126059400788057;-1.26059400788057;2.7246476468618406
9710;9710;1988-08-23;0.0004278989249728;0.04278989249728;2.7250755457868134
9711;9711;1988-08-24;0.015592184173431;1.5592184173431;2.7406677299602444
9712;9712;1988-08-25;-0.0074956127596141;-0.7495612759614101;2.7331721172006302
9713;9713;1988-08-26;0.0019273028110156;0.19273028110156;2.735099420011646
9714;9714;1988-08-29;0.0101531268223294;1.01531268223294;2.7452525468339752
9715;9715;1988-08-30;0.0006860110055981;0.06860110055981;2.7459385578395734
9716;9716;1988-08-31;-0.0037784942837921;-0.37784942837921;2.7421600635557812
9717;9717;1988-09-01;-0.0121954423966608;-1.21954423966608;2.7299646211591204
9718;9718;1988-09-02;0.0234503977062586;2.3450397706258603;2.753415018865379
9719;9719;1988-09-06;0.0041880755664989;0.41880755664989;2.757603094431878
9720;9720;1988-09-07;0.00105369747732;0.105369747732;2.758656791909198
9721;9721;1988-09-08;3.76492712783616e-05;0.0037649271278361604;2.7586944411804764
9722;9722;1988-09-09;0.0036041148722008;0.36041148722008004;2.762298556052677
9723;9723;1988-09-12;-0.0013875421853821;-0.13875421853821;2.760911013867295
9724;9724;1988-09-13;0.0035961530075479;0.35961530075479003;2.764507166874843
9725;9725;1988-09-14;0.0070053013370969;0.70053013370969;2.77151246821194
9726;9726;1988-09-15;-0.0043911688355926;-0.43911688355926004;2.767121299376347
9727;9727;1988-09-16;0.0093544948994059;0.93544948994059;2.776475794275753
9728;9728;1988-09-19;-0.0067844143914035;-0.6784414391403499;2.7696913798843497
9729;9729;1988-09-20;0.0033794627635819;0.33794627635819;2.7730708426479316
9730;9730;1988-09-21;0.0015928914370402;0.15928914370402;2.774663734084972
9731;9731;1988-09-22;-0.0036341160826873;-0.36341160826873;2.7710296180022844
9732;9732;1988-09-23;0.0021524370828132;0.21524370828132;2.7731820550850976
9733;9733;1988-09-26;-0.0032675098709722;-0.32675098709722;2.7699145452141254
9734;9734;1988-09-27;-0.0023085052612943;-0.23085052612943002;2.767606039952831
9735;9735;1988-09-28;0.0030519880934223;0.30519880934223004;2.7706580280462534
9736;9736;1988-09-29;0.0129601352851116;1.29601352851116;2.783618163331365
9737;9737;1988-09-30;-0.0024976762295843;-0.24976762295842997;2.7811204871017807
9738;9738;1988-10-03;-0.0019510727580058;-0.19510727580058;2.779169414343775
9739;9739;1988-10-04;-0.0028044667827495;-0.28044667827495;2.7763649475610253
9740;9740;1988-10-05;0.0045715683722358;0.45715683722358;2.780936515933261
9741;9741;1988-10-06;0.0019477452184295;0.19477452184295;2.7828842611516906
9742;9742;1988-10-07;0.0206379877792964;2.06379877792964;2.803522248930987
9743;9743;1988-10-10;0.0006111089364084;0.06111089364084;2.8041333578673955
9744;9744;1988-10-11;-0.001114756429069;-0.11147564290689999;2.8030186014383265
9745;9745;1988-10-12;-0.0143141070645489;-1.43141070645489;2.7887044943737775
9746;9746;1988-10-13;0.0045156302984343;0.45156302984343005;2.793220124672212
9747;9747;1988-10-14;0.0010168471223766;0.10168471223766;2.7942369717945885
9748;9748;1988-10-17;0.0032976565674136;0.32976565674136;2.797534628362002
9749;9749;1988-10-18;0.010687595035793;1.0687595035793;2.808222223397795
9750;9750;1988-10-19;-0.0086636795126562;-0.8663679512656199;2.799558543885139
9751;9751;1988-10-20;0.021113596441098;2.1113596441098;2.820672140326237
9752;9752;1988-10-21;0.0027535548432329;0.27535548432329;2.82342569516947
9753;9753;1988-10-24;-0.0048768693778029;-0.48768693778029;2.818548825791667
9754;9754;1988-10-25;0.0003542166979677;0.03542166979677;2.8189030424896346
9755;9755;1988-10-26;-0.0035476125693847;-0.35476125693847;2.81535542992025
9756;9756;1988-10-27;-0.0146782643577978;-1.46782643577978;2.800677165562452
9757;9757;1988-10-28;0.0044979475430402;0.44979475430402;2.8051751131054923
9758;9758;1988-10-31;0.0015784828389575;0.15784828389575;2.80675359594445
9759;9759;1988-11-01;0.0003225525543122;0.03225525543122;2.807076148498762
9760;9760;1988-11-02;0.0;0.0;2.807076148498762
9761;9761;1988-11-03;0.0005016085710165;0.05016085710165;2.8075777570697786
9762;9762;1988-11-04;-0.0104049972876341;-1.04049972876341;2.7971727597821445
9763;9763;1988-11-07;-0.0086508428381408;-0.8650842838140801;2.7885219169440036
9764;9764;1988-11-08;0.0044438079570952;0.44438079570952;2.792965724901099
9765;9765;1988-11-09;-0.0066365728671593;-0.66365728671593;2.7863291520339395
9766;9766;1988-11-10;0.0013162775007096;0.13162775007096;2.787645429534649
9767;9767;1988-11-11;-0.0213076093251354;-2.13076093251354;2.7663378202095137
9768;9768;1988-11-14;-0.0007468150402072;-0.07468150402072;2.7655910051693064
9769;9769;1988-11-15;0.0023131562881761;0.23131562881761;2.7679041614574826
9770;9770;1988-11-16;-0.0169877393018476;-1.69877393018476;2.750916422155635
9771;9771;1988-11-17;0.0029521954025764;0.29521954025764;2.7538686175582114
9772;9772;1988-11-18;0.0070423963090835;0.7042396309083501;2.760911013867295
9773;9773;1988-11-21;-0.0009386322905111;-0.09386322905111;2.759972381576784
9774;9774;1988-11-22;0.0037117940553486;0.37117940553486;2.7636841756321324
9775;9775;1988-11-23;0.0066765471713257;0.66765471713257;2.770360722803458
9776;9776;1988-11-25;-0.006601627629621;-0.6601627629621;2.763759095173837
9777;9777;1988-11-28;0.0052624971938186;0.5262497193818599;2.7690215923676558
9778;9778;1988-11-29;0.0084144279991615;0.84144279991615;2.7774360203668174
9779;9779;1988-11-30;0.0102459827250589;1.02459827250589;2.7876820030918763
9780;9780;1988-12-01;-0.0044307804066203;-0.44307804066203005;2.783251222685256
9781;9781;1988-12-02;-0.0024985940428283;-0.24985940428283002;2.7807526286424276
9782;9782;1988-12-05;0.0114132089079977;1.14132089079977;2.7921658375504252
9783;9783;1988-12-06;0.0096286961705009;0.9628696170500901;2.8017945337209262
9784;9784;1988-12-07;0.0019434577448977;0.19434577448977;2.803737991465824
9785;9785;1988-12-08;-0.0055523974388815;-0.55523974388815;2.7981855940269424
9786;9786;1988-12-09;0.0015895491370212;0.15895491370212;2.7997751431639637
9787;9787;1988-12-12;-0.0018426886654054;-0.18426886654054;2.797932454498558
9788;9788;1988-12-13;-0.0007596947164136;-0.07596947164136;2.7971727597821445
9789;9789;1988-12-14;-0.0036256883460321;-0.36256883460321;2.7935470714361124
9790;9790;1988-12-15;-0.0037482494642393;-0.37482494642393;2.789798821971873
9791;9791;1988-12-16;0.0073015925342838;0.7301592534283801;2.797100414506157
9792;9792;1988-12-19;0.009438092172882;0.9438092172882001;2.806538506679039
9793;9793;1988-12-20;-0.0051763406391485;-0.51763406391485;2.8013621660398904
9794;9794;1988-12-21;-0.0003243975842694;-0.032439758426939996;2.801037768455621
9795;9795;1988-12-22;-0.0018403613674236;-0.18403613674236;2.7991974070881973
9796;9796;1988-12-23;0.0036052965396633;0.36052965396633;2.8028027036278607
9797;9797;1988-12-27;-0.003749808012917;-0.37498080129169997;2.7990528956149436
9798;9798;1988-12-28;0.0009026738232211;0.09026738232211;2.799955569438165
9799;9799;1988-12-29;0.0083381991117272;0.8338199111727199;2.808293768549892
9800;9800;1988-12-30;-0.0060310098624514;-0.60310098624514;2.8022627586874407
9801;9801;1989-01-03;-0.0087156872513283;-0.87156872513283;2.7935470714361124
9802;9802;1989-01-04;0.0148540607153285;1.48540607153285;2.808401132151441
9803;9803;1989-01-05;0.0020735635804118;0.20735635804118;2.8104746957318527
9804;9804;1989-01-06;0.002354295775758;0.23542957757580002;2.812828991507611
9805;9805;1989-01-09;0.0011038832662064;0.11038832662063999;2.8139328747738173
9806;9806;1989-01-10;-0.0021376877988679;-0.21376877988679;2.8117951869749493
9807;9807;1989-01-11;0.0057967229887001;0.57967229887001;2.8175919099636495
9808;9808;1989-01-12;0.0041049031517488;0.41049031517488;2.8216968131153983
9809;9809;1989-01-13;0.0024688993569554;0.24688993569554;2.824165712472354
9810;9810;1989-01-16;0.0009507579640724;0.09507579640724001;2.825116470436426
9811;9811;1989-01-17;-0.0020786950953493;-0.20786950953493;2.823037775341077
9812;9812;1989-01-18;0.0104548070852619;1.04548070852619;2.833492582426339
9813;9813;1989-01-19;0.0013253524471164;0.13253524471164;2.8348179348734552
9814;9814;1989-01-20;-0.0009763888058405;-0.09763888058405;2.8338415460676147
9815;9815;1989-01-23;-0.0074589492996102;-0.74589492996102;2.8263825967680045
9816;9816;1989-01-24;0.0139271350727181;1.39271350727181;2.8403097318407227
9817;9817;1989-01-25;0.0022506631191747;0.22506631191747;2.8425603949598974
9818;9818;1989-01-26;0.0087805495879909;0.8780549587990899;2.8513409445478883
9819;9819;1989-01-27;0.0072757574201212;0.7275757420121199;2.8586167019680095
9820;9820;1989-01-30;0.0039740647943293;0.39740647943292995;2.862590766762339
9821;9821;1989-01-31;0.0083719593657853;0.83719593657853;2.8709627261281243
9822;9822;1989-02-01;-0.0012782731891176;-0.12782731891176;2.8696844529390066
9823;9823;1989-02-02;-0.0008418501107279;-0.08418501107279;2.8688426028282787
9824;9824;1989-02-03;0.0004378673405094;0.04378673405094;2.869280470168788
9825;9825;1989-02-06;-0.0031365162366068;-0.31365162366068;2.8661439539321814
9826;9826;1989-02-07;0.0120537860980727;1.20537860980727;2.878197740030254
9827;9827;1989-02-08;-0.0032760977407271;-0.32760977407270997;2.874921642289527
9828;9828;1989-02-09;-0.0087101693579496;-0.8710169357949601;2.8662114729315773
9829;9829;1989-02-10;-0.0137398743251937;-1.37398743251937;2.8524715986063836
9830;9830;1989-02-13;0.0017791848192008;0.17791848192008;2.8542507834255844
9831;9831;1989-02-14;-0.002498541528281;-0.2498541528281;2.8517522418973034
9832;9832;1989-02-15;0.008292828174464;0.8292828174463999;2.8600450700717674
9833;9833;1989-02-16;0.0019353473882661;0.19353473882661001;2.8619804174600336
9834;9834;1989-02-17;0.0065926907601738;0.6592690760173799;2.8685731082202075
9835;9835;1989-02-21;-0.0026318433802137;-0.26318433802137;2.865941264839994
9836;9836;1989-02-22;-0.017277966903853;-1.7277966903853001;2.848663297936141
9837;9837;1989-02-23;0.0039110246629414;0.39110246629413997;2.8525743225990823
9838;9838;1989-02-24;-0.0169898871078233;-1.69898871078233;2.835584435491259
9839;9839;1989-02-27;0.0024002167731431;0.24002167731431;2.837984652264402
9840;9840;1989-02-28;0.0036067806819666;0.36067806819666;2.8415914329463687
9841;9841;1989-03-01;-0.006076724399791;-0.6076724399791;2.8355147085465777
9842;9842;1989-03-02;0.0098431703639363;0.98431703639363;2.845357878910514
9843;9843;1989-03-03;0.0042330728961719;0.42330728961719;2.849590951806686
9844;9844;1989-03-06;0.0123894656533476;1.23894656533476;2.8619804174600336
9845;9845;1989-03-07;-0.0031935985938274;-0.31935985938274003;2.8587868188662062
9846;9846;1989-03-08;0.0007143192970762;0.07143192970762;2.8595011381632824
9847;9847;1989-03-09;-0.0005101750254423;-0.05101750254423;2.85899096313784
9848;9848;1989-03-10;-0.0035786340524017;-0.35786340524017;2.8554123290854383
9849;9849;1989-03-13;0.0082965520102469;0.8296552010246899;2.863708881095685
9850;9850;1989-03-14;-0.0006096670354258;-0.060966703542580006;2.8630992140602594
9851;9851;1989-03-15;0.0051705829111004;0.51705829111004;2.8682697969713598
9852;9852;1989-03-16;0.009293616505567;0.9293616505567001;2.877563413476927
9853;9853;1989-03-17;-0.0228000350016524;-2.28000350016524;2.8547633784752744
9854;9854;1989-03-20;-0.0095089675790855;-0.95089675790855;2.845254410896189
9855;9855;1989-03-21;0.0048515329568656;0.48515329568656;2.8501059438530545
9856;9856;1989-03-22;-0.0028874827844793;-0.28874827844793;2.847218461068575
9857;9857;1989-03-23;-0.0052115982365732;-0.5211598236573199;2.842006862832002
9858;9858;1989-03-27;0.0054870155804582;0.54870155804582;2.84749387841246
9859;9859;1989-03-28;0.0035041570649205;0.35041570649205;2.8509980354773807
9860;9860;1989-03-29;0.0026030428692633;0.26030428692633;2.853601078346644
9861;9861;1989-03-30;0.000581267653458;0.0581267653458;2.854182346000102
9862;9862;1989-03-31;0.0080015614915396;0.8001561491539599;2.8621839074916418
9863;9863;1989-04-03;0.0051416409801241;0.51416409801241;2.867325548471766
9864;9864;1989-04-04;-0.0036505599989284;-0.36505599989284;2.8636749884728374
9865;9865;1989-04-05;0.0031442575777243;0.31442575777243;2.8668192460505617
9866;9866;1989-04-06;-0.0032119480612005;-0.32119480612005;2.863607297989361
9867;9867;1989-04-07;0.0063127729566252;0.63127729566252;2.8699200709459864
9868;9868;1989-04-10;-0.0001683376278256;-0.01683376278256;2.869751733318161
9869;9869;1989-04-11;0.0046340078154676;0.46340078154675995;2.8743857411336284
9870;9870;1989-04-12;0.0016736966373978;0.16736966373978002;2.8760594377710262
9871;9871;1989-04-13;-0.0087002213903906;-0.8700221390390599;2.8673592163806356
9872;9872;1989-04-14;0.0165956404304115;1.65956404304115;2.883954856811047
9873;9873;1989-04-17;0.0011939246903329;0.11939246903329001;2.88514878150138
9874;9874;1989-04-18;0.0141509850485431;1.4150985048543099;2.899299766549923
9875;9875;1989-04-19;0.0036857847272022;0.36857847272022;2.9029855512771254
9876;9876;1989-04-20;-0.0031303772465349;-0.31303772465349;2.8998551740305905
9877;9877;1989-04-21;0.0111075616585286;1.11075616585286;2.910962735689119
9878;9878;1989-04-24;-0.0029758489350335;-0.29758489350335;2.9079868867540855
9879;9879;1989-04-25;-0.0063044599614459;-0.6304459961445901;2.9016824267926395
9880;9880;1989-04-26;0.0005866021614346;0.05866021614346;2.9022690289540742
9881;9881;1989-04-27;0.0085968124008983;0.8596812400898299;2.9108658413549726
9882;9882;1989-04-28;0.0001938826265117;0.01938826265117;2.9110597239814844
9883;9883;1989-05-01;-0.00168084593066;-0.16808459306600002;2.9093788780508243
9884;9884;1989-05-02;-0.0032402335918844;-0.32402335918844;2.90613864445894
9885;9885;1989-05-03;0.0001298403327094;0.01298403327094;2.9062684847916493
9886;9886;1989-05-04;-0.0012664265632755;-0.12664265632755;2.9050020582283738
9887;9887;1989-05-05;-0.0005200169338159;-0.052001693381590004;2.904482041294558
9888;9888;1989-05-08;-0.005247596140558;-0.5247596140558001;2.8992344451539998
9889;9889;1989-05-09;-0.0026505619253196;-0.26505619253196;2.89658388322868
9890;9890;1989-05-10;0.001996714226566;0.1996714226566;2.898580597455246
9891;9891;1989-05-11;0.0037536527141925;0.37536527141925;2.9023342501694387
9892;9892;1989-05-12;0.0221983821881295;2.21983821881295;2.924532632357568
9893;9893;1989-05-15;0.007365138055376;0.7365138055376;2.9318977704129443
9894;9894;1989-05-16;-0.0027872974963605;-0.27872974963604996;2.9291104729165838
9895;9895;1989-05-17;0.006953729155561;0.6953729155561;2.936064202072145
9896;9896;1989-05-18;0.0015421829816979;0.15421829816979002;2.9376063850538428
9897;9897;1989-05-19;0.0102314343386638;1.0231434338663798;2.9478378193925066
9898;9898;1989-05-22;0.0023009897868728;0.23009897868728;2.9501388091793794
9899;9899;1989-05-23;-0.0114322778686375;-1.14322778686375;2.938706531310742
9900;9900;1989-05-24;0.0025727368744732;0.25727368744732;2.941279268185215
9901;9901;1989-05-25;9.39919434328473e-05;0.00939919434328473;2.941373260128648
9902;9902;1989-05-26;0.0075535129287764;0.7553512928776399;2.9489267730574245
9903;9903;1989-05-30;-0.0079296371531096;-0.79296371531096;2.9409971359043148
9904;9904;1989-05-31;0.0045968498879425;0.45968498879425;2.9455939857922573
9905;9905;1989-06-01;0.0045137340174061;0.45137340174061;2.9501077198096635
9906;9906;1989-06-02;0.0109654932933028;1.09654932933028;2.9610732131029662
9907;9907;1989-06-05;-0.0107791641002173;-1.07791641002173;2.950294049002749
9908;9908;1989-06-06;0.0068392456775709;0.68392456775709;2.95713329468032
9909;9909;1989-06-07;0.0083233392314428;0.83233392314428;2.9654566339117627
9910;9910;1989-06-08;-0.0006119382058127;-0.06119382058127;2.96484469570595
9911;9911;1989-06-09;-0.0001836373652821;-0.018363736528210002;2.964661058340668
9912;9912;1989-06-12;-0.0013784389651849;-0.13784389651849;2.963282619375483
9913;9913;1989-06-13;-0.0071675643975961;-0.71675643975961;2.9561150549778867
9914;9914;1989-06-14;-0.0002470651851629;-0.02470651851629;2.955867989792724
9915;9915;1989-06-15;-0.0116477226569724;-1.16477226569724;2.9442202671357514
9916;9916;1989-06-16;0.0039599665543939;0.39599665543939;2.9481802336901453
9917;9917;1989-06-19;0.0016790283851539;0.16790283851539;2.9498592620752992
9918;9918;1989-06-20;-0.0019902826642503;-0.19902826642503002;2.947868979411049
9919;9919;1989-06-21;-0.0023997299684079;-0.23997299684079001;2.945469249442641
9920;9920;1989-06-22;0.0057249563596171;0.5724956359617099;2.951194205802258
9921;9921;1989-06-23;0.0174687457835052;1.74687457835052;2.968662951585763
9922;9922;1989-06-26;-0.0042774094766837;-0.42774094766836995;2.9643855421090795
9923;9923;1989-06-27;0.00561798002252;0.5617980022519999;2.9700035221315995
9924;9924;1989-06-28;-0.008039795694521;-0.8039795694521;2.9619637264370784
9925;9925;1989-06-29;-0.0189939096721679;-1.8993909672167901;2.9429698167649105
9926;9926;1989-06-30;-0.0053319512493583;-0.53319512493583;2.937637865515552
9927;9927;1989-07-03;0.0039233582657303;0.39233582657302996;2.9415612237812825
9928;9928;1989-07-05;0.0044071646582182;0.44071646582182;2.9459683884395007
9929;9929;1989-07-06;0.0028339700237545;0.28339700237545;2.9488023584632552
9930;9930;1989-07-07;0.0103952179520039;1.03952179520039;2.959197576415259
9931;9931;1989-07-10;0.0066260034549161;0.66260034549161;2.9658235798701753
9932;9932;1989-07-11;0.0052145943712602;0.52145943712602;2.9710381742414356
9933;9933;1989-07-12;0.0031278939688128;0.31278939688128;2.9741660682102484
9934;9934;1989-07-13;0.0004244391899472;0.04244391899472;2.9745905074001957
9935;9935;1989-07-14;0.0057117487885838;0.57117487885838;2.9803022561887795
9936;9936;1989-07-17;0.0018064857137885;0.18064857137885;2.982108741902568
9937;9937;1989-07-18;-0.0032841620589723;-0.32841620589723;2.9788245798435957
9938;9938;1989-07-19;0.0131320616204924;1.31320616204924;2.991956641464088
9939;9939;1989-07-20;-0.0066344183647277;-0.66344183647277;2.9853222230993604
9940;9940;1989-07-21;0.0071405988580464;0.71405988580464;2.9924628219574068
9941;9941;1989-07-24;-0.006660959187938;-0.6660959187938;2.9858018627694687
9942;9942;1989-07-25;0.0006291423901263;0.06291423901263;2.986431005159595
9943;9943;1989-07-26;0.0124121160810029;1.24121160810029;2.998843121240598
9944;9944;1989-07-27;0.0115876895894322;1.15876895894322;3.01043081083003
9945;9945;1989-07-28;0.0004677522339271;0.04677522339271;3.0108985630639573
9946;9946;1989-07-31;0.0114207047788408;1.14207047788408;3.022319267842798
9947;9947;1989-08-01;-0.0067552756603976;-0.67552756603976;3.0155639921824005
9948;9948;1989-08-02;0.0017148807511189;0.17148807511189;3.0172788729335194
9949;9949;1989-08-03;0.0011609509869767;0.11609509869767;3.018439823920496
9950;9950;1989-08-04;-0.0023813707313635;-0.23813707313635;3.0160584531891326
9951;9951;1989-08-07;0.0158369192430259;1.58369192430259;3.0318953724321585
9952;9952;1989-08-08;-0.0001717270573262;-0.017172705732620003;3.031723645374832
9953;9953;1989-08-09;-0.0069224420752647;-0.69224420752647;3.0248012032995675
9954;9954;1989-08-10;0.0037687525619665;0.37687525619665;3.028569955861534
9955;9955;1989-08-11;-0.0101301319410378;-1.01301319410378;3.018439823920496
9956;9956;1989-08-14;-0.004885127567082;-0.4885127567082;3.013554696353414
9957;9957;1989-08-15;0.0047981045752898;0.47981045752898005;3.018352800928704
9958;9958;1989-08-16;0.002752186817327;0.27521868173270003;3.021104987746031
9959;9959;1989-08-17;-0.00350666766706;-0.350666766706;3.017598320078971
9960;9960;1989-08-18;0.0045764967340824;0.45764967340824003;3.0221748168130533
9961;9961;1989-08-21;-0.0156111686678564;-1.56111686678564;3.006563648145197
9962;9962;1989-08-22;0.0015252077827216;0.15252077827215998;3.0080888559279186
9963;9963;1989-08-23;0.0102349956093999;1.02349956093999;3.0183238515373185
9964;9964;1989-08-24;0.0195920690079285;1.9592069007928499;3.037915920545247
9965;9965;1989-08-25;-0.0028488425379249;-0.28488425379249;3.035067078007322
9966;9966;1989-08-28;0.0044690785688184;0.44690785688184;3.0395361565761405
9967;9967;1989-08-29;-0.0064109177036551;-0.64109177036551;3.0331252388724854
9968;9968;1989-08-30;0.0023126622009739;0.23126622009738998;3.0354379010734593
9969;9969;1989-08-31;0.0022789298943326;0.22789298943326;3.037716830967792
9970;9970;1989-09-01;0.0064664535876826;0.64664535876826;3.0441832845554746
9971;9971;1989-09-05;-0.0033131264929169;-0.33131264929169;3.0408701580625577
9972;9972;1989-09-06;-0.0094614785519366;-0.94614785519366;3.031408679510621
9973;9973;1989-09-07;-0.0025515976088179;-0.25515976088179;3.028857081901803
9974;9974;1989-09-08;0.0011762965324431;0.11762965324431;3.030033378434246
9975;9975;1989-09-11;-0.0031590330337385;-0.31590330337385003;3.0268743454005076
9976;9976;1989-09-12;0.0029869858962525;0.29869858962525;3.02986133129676
9977;9977;1989-09-13;-0.0093351518822233;-0.9335151882223299;3.020526179414537
9978;9978;1989-09-14;-0.006680013851783;-0.6680013851783;3.0138461655627538
9979;9979;1989-09-15;0.0055214867964901;0.55214867964901;3.019367652359244
9980;9980;1989-09-18;0.004828101656142;0.4828101656142;3.024195754015386
9981;9981;1989-09-19;-0.0005193370768115;-0.05193370768115;3.0236764169385744
9982;9982;1989-09-20;-0.0002308360555964;-0.02308360555964;3.023445580882978
9983;9983;1989-09-21;-0.002224856041602;-0.2224856041602;3.021220724841376
9984;9984;1989-09-22;0.0038974455686853;0.38974455686853;3.025118170410061
9985;9985;1989-09-25;-0.0081587566450132;-0.8158756645013201;3.016959413765048
9986;9986;1989-09-26;0.0002903915446523;0.02903915446523;3.0172498053097003
9987;9987;1989-09-27;0.002233785382141;0.2233785382141;3.0194835906918414
9988;9988;1989-09-28;0.0100909028074021;1.00909028074021;3.0295744934992435
9989;9989;1989-09-29;0.0015764618098286;0.15764618098285998;3.031150955309072
9990;9990;1989-10-02;0.0049141581337046;0.49141581337046003;3.0360651134427767
9991;9991;1989-10-03;0.0108847586071867;1.08847586071867;3.0469498720499635
9992;9992;1989-10-04;0.0062671771827078;0.62671771827078;3.0532170492326713
9993;9993;1989-10-05;8.40414054756877e-05;0.008404140547568769;3.053301090638147
9994;9994;1989-10-06;0.0050576370471935;0.5057637047193501;3.0583587276853406
9995;9995;1989-10-09;0.002838903680848;0.2838903680848;3.0611976313661886
9996;9996;1989-10-10;-0.0018638343106465;-0.18638343106465;3.059333797055542
9997;9997;1989-10-11;-0.0059767116830764;-0.59767116830764;3.0533570853724656
9998;9998;1989-10-12;-0.0044919219490786;-0.44919219490786;3.048865163423387
9999;9999;1989-10-13;-0.0631232988550687;-6.312329885506871;2.9857418645683182
10000;10000;1989-10-16;0.0272005298640385;2.72005298640385;3.012942394432357
10001;10001;1989-10-17;-0.0049414640551246;-0.49414640551246;3.008000930377232
10002;10002;1989-10-18;0.0017571784164616;0.17571784164616;3.0097581087936938
10003;10003;1989-10-19;0.0155905983681066;1.55905983681066;3.0253487071618004
10004;10004;1989-10-20;8.64163379272753e-05;0.008641633792727529;3.0254351234997277
10005;10005;1989-10-23;-0.0067342760326365;-0.67342760326365;3.018700847467091
10006;10006;1989-10-24;-0.0032822854955147;-0.32822854955146996;3.0154185619715763
10007;10007;1989-10-25;-0.003497561067677;-0.3497561067677;3.0119210009038992
10008;10008;1989-10-26;-0.0134329049736159;-1.34329049736159;2.9984880959302833
10009;10009;1989-10-27;-0.0085291384323582;-0.85291384323582;2.989958957497925
10010;10010;1989-10-30;2.98718156956923e-05;0.0029871815695692297;2.9899888293136208
10011;10011;1989-10-31;0.01566435079837;1.566435079837;3.005653180111991
10012;10012;1989-11-01;0.0024650138771402;0.24650138771402003;3.008118193989131
10013;10013;1989-11-02;-0.0080038118774732;-0.8003811877473199;3.000114382111658
10014;10014;1989-11-03;-0.0025440510463452;-0.25440510463452;2.9975703310653126
10015;10015;1989-11-06;-0.0149504005091865;-1.4950400509186499;2.982619930556126
10016;10016;1989-11-07;0.0065926134194747;0.65926134194747;2.9892125439756008
10017;10017;1989-11-08;0.0099263655033619;0.99263655033619;2.9991389094789627
10018;10018;1989-11-09;-0.00468339425431;-0.468339425431;2.9944555152246526
10019;10019;1989-11-10;0.0074888948024547;0.74888948024547;3.0019444100271073
10020;10020;1989-11-13;0.0013261093934193;0.13261093934193;3.0032705194205267
10021;10021;1989-11-14;-0.0046048965590488;-0.46048965590488;2.998665622861478
10022;10022;1989-11-15;0.0075163397612518;0.75163397612518;3.0061819626227297
10023;10023;1989-11-16;0.0001173890071672;0.011738900716720001;3.006299351629897
10024;10024;1989-11-17;0.0030196831526225;0.30196831526225;3.0093190347825196
10025;10025;1989-11-20;-0.0066376507502727;-0.66376507502727;3.002681384032247
10026;10026;1989-11-21;0.0007069549865619;0.07069549865619;3.0033883390188088
10027;10027;1989-11-22;0.0068085604175491;0.68085604175491;3.010196899436358
10028;10028;1989-11-24;0.0060068909406121;0.6006890940612101;3.01620379037697
10029;10029;1989-11-27;0.004756481119597;0.47564811195969997;3.020960271496567
10030;10030;1989-11-28;0.0004628540278099;0.04628540278099;3.021423125524377
10031;10031;1989-11-29;-0.0062955747504922;-0.62955747504922;3.015127550773885
10032;10032;1989-11-30;0.0069316364311209;0.69316364311209;3.0220591872050058
10033;10033;1989-12-01;0.0133217066814977;1.33217066814977;3.0353808938865035
10034;10034;1989-12-04;0.0022220936440966;0.22220936440966;3.0376029875306
10035;10035;1989-12-05;-0.0052212476095236;-0.52212476095236;3.0323817399210764
10036;10036;1989-12-06;-0.0029507392153966;-0.29507392153966;3.0294310007056797
10037;10037;1989-12-07;-0.0027580447341168;-0.27580447341168;3.026672955971563
10038;10038;1989-12-08;0.0031596682895367;0.31596682895367;3.0298326242610996
10039;10039;1989-12-11;-0.000372904988187;-0.0372904988187;3.0294597192729125
10040;10040;1989-12-12;0.0090534910163624;0.9053491016362399;3.038513210289275
10041;10041;1989-12-13;0.0028957236452678;0.28957236452678;3.0414089339345427
10042;10042;1989-12-14;-0.0051728373023323;-0.51728373023323;3.0362360966322104
10043;10043;1989-12-15;-0.0022536360857987;-0.22536360857987;3.0339824605464116
10044;10044;1989-12-18;-0.0185930232341898;-1.85930232341898;3.015389437312222
10045;10045;1989-12-19;-0.0035852578302195;-0.35852578302195;3.0118041794820023
10046;10046;1989-12-20;0.0011090180830484;0.11090180830484;3.0129131975650507
10047;10047;1989-12-21;0.0056426752030009;0.56426752030009;3.0185558727680517
10048;10048;1989-12-22;0.0076279305260298;0.76279305260298;3.0261838032940815
10049;10049;1989-12-26;-0.0017573863052078;-0.17573863052077998;3.0244264169888737
10050;10050;1989-12-27;0.0057502818275914;0.57502818275914;3.030176698816465
10051;10051;1989-12-28;0.0053182917448326;0.5318291744832601;3.035494990561298
10052;10052;1989-12-29;0.007754895547988;0.7754895547988;3.043249886109286
10053;10053;1990-01-02;0.0176420120225691;1.7642012022569102;3.060891898131855
10054;10054;1990-01-03;-0.002588885806646;-0.2588885806646;3.058303012325209
10055;10055;1990-01-04;-0.0086502979119016;-0.8650297911901601;3.049652714413307
10056;10056;1990-01-05;-0.0098041410780327;-0.9804141078032701;3.0398485733352745
10057;10057;1990-01-08;0.0045043120751522;0.45043120751522003;3.0443528854104267
10058;10058;1990-01-09;-0.011856706127011;-1.1856706127011;3.0324961792834157
10059;10059;1990-01-10;-0.0066290889545941;-0.66290889545941;3.0258670903288216
10060;10060;1990-01-11;0.0035065597130081;0.35065597130081;3.02937365004183
10061;10061;1990-01-12;-0.0249846133721006;-2.49846133721006;3.0043890366697292
10062;10062;1990-01-15;-0.0086567631157485;-0.86567631157485;2.9957322735539806
10063;10063;1990-01-16;0.0110661402242807;1.10661402242807;3.0067984137782613
10064;10064;1990-01-17;-0.0098799182478215;-0.9879918247821501;2.9969184955304398
10065;10065;1990-01-18;0.002338721309564;0.2338721309564;2.999257216840004
10066;10066;1990-01-19;0.0028345960624163;0.28345960624163;3.00209181290242
10067;10067;1990-01-22;-0.0261989474397186;-2.61989474397186;2.9758928654627015
10068;10068;1990-01-23;0.0037160121269304;0.37160121269304003;2.979608877589632
10069;10069;1990-01-24;-0.0040792810739969;-0.40792810739969004;2.975529596515635
10070;10070;1990-01-25;-0.0127375431471739;-1.27375431471739;2.962792053368461
10071;10071;1990-01-26;-0.0008590508313108;-0.08590508313108;2.96193300253715
10072;10072;1990-01-29;-0.0018432447615071;-0.18432447615071;2.960089757775643
10073;10073;1990-01-30;-0.0068499787152669;-0.68499787152669;2.953239779060376
10074;10074;1990-01-31;0.0187104069378998;1.87104069378998;2.971950185998276
10075;10075;1990-02-01;-0.0008815663293448;-0.08815663293448;2.971068619668931
10076;10076;1990-02-02;0.0064574171390887;0.64574171390887;2.97752603680802
10077;10077;1990-02-05;0.0028063840659911;0.28063840659911;2.980332420874011
10078;10078;1990-02-06;-0.0066212452354683;-0.6621245235468299;2.9737111756385426
10079;10079;1990-02-07;0.0123303772775358;1.23303772775358;2.9860415529160784
10080;10080;1990-02-08;-0.0023698740994095;-0.23698740994095;2.983671678816669
10081;10081;1990-02-09;0.0019802701237488;0.19802701237488;2.9856519489404176
10082;10082;1990-02-12;-0.0106675958002489;-1.0667595800248901;2.9749843531401687
10083;10083;1990-02-13;0.0028437533432237;0.28437533432237;2.9778281064833925
10084;10084;1990-02-14;0.0029863557826042;0.29863557826042003;2.9808144622659967
10085;10085;1990-02-15;0.0086370454211985;0.8637045421198499;2.9894515076871953
10086;10086;1990-02-16;-0.00650086604539;-0.650086604539;2.9829506416418052
10087;10087;1990-02-20;-0.0143182088144176;-1.43182088144176;2.9686324328273876
10088;10088;1990-02-21;-0.0009760455844149;-0.09760455844148999;2.9676563872429726
10089;10089;1990-02-22;-0.0060302949154449;-0.60302949154449;2.9616260923275277
10090;10090;1990-02-23;-0.0047703960148535;-0.47703960148535;2.956855696312674
10091;10091;1990-02-26;0.013847894313221;1.3847894313221;2.970703590625895
10092;10092;1990-02-27;0.0048260058897398;0.48260058897397995;2.975529596515635
10093;10093;1990-02-28;0.00492338059661;0.49233805966099997;2.980452977112245
10094;10094;1990-03-01;0.0025577402674752;0.25577402674752003;2.9830107173797202
10095;10095;1990-03-02;0.0083798269865882;0.83798269865882;2.9913905443663085
10096;10096;1990-03-05;-0.0053789844093774;-0.53789844093774;2.986011559956931
10097;10097;1990-03-06;0.0124765359733523;1.24765359733523;2.9984880959302833
10098;10098;1990-03-07;-0.0029041657228461;-0.29041657228461;2.995583930207437
10099;10099;1990-03-08;0.0098048007795892;0.9804800779589199;3.0053887309870264
10100;10100;1990-03-09;-0.0069006350567431;-0.6900635056743101;2.9984880959302833
10101;10101;1990-03-12;0.0021874675983495;0.21874675983494998;3.000675563528633
10102;10102;1990-03-13;-0.0079150603638096;-0.7915060363809601;2.9927605031648232
10103;10103;1990-03-14;0.0025859244468318;0.25859244468318;2.995346427611655
10104;10104;1990-03-15;0.0035559109281022;0.35559109281022;2.9989023385397573
10105;10105;1990-03-16;0.0112945608966006;1.12945608966006;3.010196899436358
10106;10106;1990-03-19;0.0047268849476651;0.47268849476651;3.014923784384023
10107;10107;1990-03-20;-0.0057217846450168;-0.57217846450168;3.0092019997390063
10108;10108;1990-03-21;-0.0053720667804961;-0.53720667804961;3.00382993295851
10109;10109;1990-03-22;-0.0119924687583488;-1.19924687583488;2.9918374642001613
10110;10110;1990-03-23;0.004547418316716;0.4547418316716;2.9963848825168773
10111;10111;1990-03-26;0.0012150968268525;0.12150968268525;2.99759997934373
10112;10112;1990-03-27;0.011397042868734;1.1397042868734;3.008997022212464
10113;10113;1990-03-28;0.00146305805176;0.146305805176;3.010460080264224
10114;10114;1990-03-29;-0.00354425885173;-0.354425885173;3.006915821412494
10115;10115;1990-03-30;-0.0024973408782784;-0.24973408782783998;3.0044184805342153
10116;10116;1990-04-02;-0.0036543420792867;-0.36543420792867;3.0007641384549286
10117;10117;1990-04-03;0.0144798461668767;1.44798461668767;3.0152439846218053
10118;10118;1990-04-04;-0.0074482810683065;-0.74482810683065;3.007795703553499
10119;10119;1990-04-05;-0.0010559532714022;-0.10559532714022;3.0067397502820965
10120;10120;1990-04-06;-0.0019095612562427;-0.19095612562427;3.0048301890258537
10121;10121;1990-04-09;0.0037860725659282;0.37860725659281996;3.008616261591782
10122;10122;1990-04-10;0.002048496554905;0.2048496554905;3.010664758146687
10123;10123;1990-04-11;-0.0004385853536419;-0.04385853536419;3.010226172793045
10124;10124;1990-04-12;0.0070527001404743;0.70527001404743;3.0172788729335194
10125;10125;1990-04-16;0.0011609509869767;0.11609509869767;3.018439823920496
10126;10126;1990-04-17;-0.0001740506560032;-0.01740506560032;3.018265773264493
10127;10127;1990-04-18;-0.011555401512954;-1.1555401512954;3.006710371751539
10128;10128;1990-04-19;-0.0077489081528687;-0.77489081528687;2.99896146359867
10129;10129;1990-04-20;-0.0088234586783002;-0.88234586783002;2.99013800492037
10130;10130;1990-04-23;-0.0122192765961975;-1.2219276596197501;2.9779187283241724
10131;10131;1990-04-24;-0.0020864615850504;-0.20864615850504;2.975832266739122
10132;10132;1990-04-25;0.0050423997306428;0.50423997306428;2.9808746664697647
10133;10133;1990-04-26;0.002676936658168;0.2676936658168;2.9835516031279328
10134;10134;1990-04-27;-0.011510264115187;-1.1510264115186999;2.972041339012746
10135;10135;1990-04-30;0.005121931062713;0.5121931062713;2.977163270075459
10136;10136;1990-05-01;0.004373770719515;0.43737707195149994;2.981537040794974
10137;10137;1990-05-02;0.0066894223418234;0.66894223418234;2.9882264631367974
10138;10138;1990-05-03;0.0032534793886949;0.32534793886949004;2.9914799425254923
10139;10139;1990-05-04;0.0083685214716879;0.8368521471687901;2.9998484639971803
10140;10140;1990-05-07;0.0063041037031972;0.63041037031972;3.0061525677003775
10141;10141;1990-05-08;0.0043367811413661;0.43367811413661;3.0104893488417437
10142;10142;1990-05-09;0.0024821511895742;0.24821511895742;3.012971500031318
10143;10143;1990-05-10;0.0027961281431387;0.27961281431387;3.0157676281744568
10144;10144;1990-05-11;0.0235128906252591;2.3512890625259097;3.039280518799716
10145;10145;1990-05-14;0.007782140442055;0.7782140442055;3.047062659241771
10146;10146;1990-05-15;-0.0013257579213954;-0.13257579213954;3.0457369013203754
10147;10147;1990-05-16;-0.0007906449849821;-0.07906449849821;3.0449462563353933
10148;10148;1990-05-17;0.0013268058443864;0.13268058443864;3.04627306217978
10149;10149;1990-05-18;0.0004795137550495;0.04795137550495;3.0467525759348293
10150;10150;1990-05-21;0.0094297536674901;0.9429753667490101;3.0561823296023194
10151;10151;1990-05-22;0.0012003770245048;0.12003770245048;3.057382706626824
10152;10152;1990-05-23;0.0023965234610043;0.23965234610043;3.0597792300878286
10153;10153;1990-05-24;-0.0024522932285648;-0.24522932285647997;3.0573269368592637
10154;10154;1990-05-25;-0.0107436398505056;-1.07436398505056;3.046583297008758
10155;10155;1990-05-29;0.0169739885059146;1.6973988505914601;3.0635572855146727
10156;10156;1990-05-30;0.0005820875997306;0.058208759973060006;3.0641393731144033
10157;10157;1990-05-31;0.0010248751109651;0.10248751109651;3.0651642482253685
10158;10158;1990-06-01;0.0053286144942355;0.5328614494235501;3.070492862719604
10159;10159;1990-06-04;0.0116076369320659;1.16076369320659;3.08210049965167
10160;10160;1990-06-05;-0.0020706753371166;-0.20706753371166;3.080029824314553
10161;10161;1990-06-06;-0.0045927472370932;-0.45927472370932004;3.07543707707746
10162;10162;1990-06-07;-0.0049717783457623;-0.49717783457623005;3.0704652987316976
10163;10163;1990-06-08;-0.0123017180203862;-1.2301718020386199;3.0581635807113114
10164;10164;1990-06-11;0.0081073659950128;0.81073659950128;3.0662709467063243
10165;10165;1990-06-12;0.0126945568265722;1.26945568265722;3.0789655035328964
10166;10166;1990-06-13;-0.0036928333317369;-0.36928333317369;3.0752726702011595
10167;10167;1990-06-14;-0.0054960293139965;-0.54960293139965;3.069776640887163
10168;10168;1990-06-15;2.75829763394242e-05;0.00275829763394242;3.0698042238635024
10169;10169;1990-06-18;-0.0167552758315628;-1.6755275831562801;3.0530489480319396
10170;10170;1990-06-19;0.0044453724890853;0.44453724890853;3.057494320521025
10171;10171;1990-06-20;0.0017559406210692;0.17559406210692;3.059250261142094
10172;10172;1990-06-21;0.0038078203427742;0.38078203427742;3.0630580814848685
10173;10173;1990-06-22;-0.0140804338894203;-1.4080433889420298;3.048977647595448
10174;10174;1990-06-25;-0.008816840227066;-0.8816840227066001;3.040160807368382
10175;10175;1990-06-26;-0.0007098542297869;-0.07098542297869;3.039450953138595
10176;10176;1990-06-27;0.0087105102305757;0.87105102305757;3.048161463369171
10177;10177;1990-06-28;0.0069868262113983;0.6986826211398299;3.0551482895805693
10178;10178;1990-06-29;0.0010898736585547;0.10898736585547;3.056238163239124
10179;10179;1990-07-02;0.0042366416127501;0.42366416127501;3.060474804851874
10180;10180;1990-07-03;0.0017229266143417;0.17229266143417;3.062197731466216
10181;10181;1990-07-05;-0.0125169577293223;-1.25169577293223;3.0496807737368936
10182;10182;1990-07-06;0.0076740888502646;0.76740888502646;3.0573548625871583
10183;10183;1990-07-09;0.0030642584551285;0.30642584551284996;3.060419121042287
10184;10184;1990-07-10;-0.008463616921901;-0.8463616921901;3.051955504120386
10185;10185;1990-07-11;0.0132087441049826;1.3208744104982602;3.0651642482253685
10186;10186;1990-07-12;0.0115872074766958;1.15872074766958;3.0767514557020643
10187;10187;1990-07-13;0.0051040602106331;0.51040602106331;3.0818555159126975
10188;10188;1990-07-16;0.0044549933180286;0.44549933180286;3.086310509230726
10189;10189;1990-07-17;-0.0038834570186629;-0.38834570186629;3.082427052212063
10190;10190;1990-07-18;-0.009019625597177;-0.9019625597177;3.073407426614886
10191;10191;1990-07-19;0.0030156175714939;0.30156175714939;3.07642304418638
10192;10192;1990-07-20;-0.0102074594630261;-1.02074594630261;3.066215584723354
10193;10193;1990-07-23;-0.0175755992903266;-1.75755992903266;3.0486399854330273
10194;10194;1990-07-24;0.0013500522238283;0.13500522238283;3.0499900376568556
10195;10195;1990-07-25;0.0036471451910031;0.36471451910031;3.053637182847859
10196;10196;1990-07-26;-0.0033099385057564;-0.33099385057564;3.0503272443421023
10197;10197;1990-07-27;-0.0069641558100075;-0.69641558100075;3.043363088532095
10198;10198;1990-07-30;0.0059521072485235;0.59521072485235;3.0493151957806184
10199;10199;1990-07-31;0.0016861209985288;0.16861209985288;3.051001316779147
10200;10200;1990-08-01;-0.0017704980668575;-0.17704980668575;3.0492308187122896
10201;10201;1990-08-02;-0.0114286335867959;-1.14286335867959;3.0378021851254937
10202;10202;1990-08-03;-0.0190143478478015;-1.90143478478015;3.018787837277692
10203;10203;1990-08-06;-0.0307109249019666;-3.07109249019666;2.9880769123757256
10204;10204;1990-08-07;0.0011953323359534;0.11953323359534;2.989272244711679
10205;10205;1990-08-08;0.0104579789012913;1.04579789012913;2.9997302236129704
10206;10206;1990-08-09;0.0046882569212449;0.46882569212449;3.0044184805342153
10207;10207;1990-08-10;-0.0130876029639175;-1.30876029639175;2.991330877570298
10208;10208;1990-08-13;0.0098464733896896;0.98464733896896;3.0011773509599875
10209;10209;1990-08-14;0.0016219250450575;0.16219250450575;3.002799276005045
10210;10210;1990-08-15;0.0019721339445988;0.19721339445987998;3.004771409949644
10211;10211;1990-08-16;-0.022813043327421;-2.2813043327421;2.981958366622223
10212;10212;1990-08-17;-0.0138138817341664;-1.38138817341664;2.9681444848880565
10213;10213;1990-08-20;0.0020721676156751;0.20721676156751;2.9702166525037317
10214;10214;1990-08-21;-0.0204506875158783;-2.04506875158783;2.9497659649878534
10215;10215;1990-08-22;-0.0166354527048025;-1.66354527048025;2.933130512283051
10216;10216;1990-08-23;-0.0304380073640642;-3.04380073640642;2.9026925049189867
10217;10217;1990-08-24;0.0143883108252885;1.43883108252885;2.917080815744275
10218;10218;1990-08-27;0.0313794347459693;3.1379434745969297;2.9484602504902444
10219;10219;1990-08-28;-0.0003111671213105;-0.03111671213105;2.948149083368934
10220;10220;1990-08-29;0.0088300296704506;0.8830029670450599;2.9569791130393845
10221;10221;1990-08-30;-0.0170481996745995;-1.70481996745995;2.939930913364785
10222;10222;1990-08-31;0.0120075890793867;1.20075890793867;2.9519385024441718
10223;10223;1990-09-04;0.0016417505582557;0.16417505582557;2.9535802530024275
10224;10224;1990-09-05;0.0040156320653821;0.40156320653821;2.9575958850678097
10225;10225;1990-09-06;-0.0121891063710855;-1.21891063710855;2.945406778696724
10226;10226;1990-09-07;0.0091324930950254;0.9132493095025399;2.9545392717917496
10227;10227;1990-09-10;-0.005488096508059;-0.5488096508058999;2.9490511752836905
10228;10228;1990-09-11;-0.0018360780895205;-0.18360780895205;2.94721509719417
10229;10229;1990-09-12;0.0046614334633341;0.46614334633341;2.951876530657504
10230;10230;1990-09-13;-0.012133884525019;-1.2133884525019;2.939742646132485
10231;10231;1990-09-14;-0.0057279915358421;-0.57279915358421;2.934014654596643
10232;10232;1990-09-17;0.0029625046424168;0.29625046424168;2.93697715923906
10233;10233;1990-09-18;0.0026086002708991;0.26086002708991;2.939585759509959
10234;10234;1990-09-19;-0.0062972499100704;-0.6297249910070399;2.9332885095998886
10235;10235;1990-09-20;-0.0163040003742161;-1.63040003742161;2.9169845092256725
10236;10236;1990-09-21;-0.0005138214479636;-0.05138214479636;2.916470687777709
10237;10237;1990-09-24;-0.0218547477272564;-2.18547477272564;2.8946159400504525
10238;10238;1990-09-25;0.0119770183098877;1.19770183098877;2.9065929583603403
10239;10239;1990-09-26;-0.0104351431430212;-1.04351431430212;2.896157815217319
10240;10240;1990-09-27;-0.0134978766854825;-1.34978766854825;2.8826599385318366
10241;10241;1990-09-28;0.016737852757581;1.6737852757581;2.8993977912894175
10242;10242;1990-10-01;0.0286337027548811;2.86337027548811;2.9280314940442986
10243;10243;1990-10-02;0.0008569039737196;0.08569039737195999;2.9288883980180183
10244;10244;1990-10-03;-0.0121608146843242;-1.21608146843242;2.916727583333694
10245;10245;1990-10-04;0.0041340506833771;0.41340506833771;2.920861634017071
10246;10246;1990-10-05;-0.0038129525879444;-0.38129525879444;2.9170486814291268
10247;10247;1990-10-08;0.0063362590471136;0.6336259047113599;2.9233849404762404
10248;10248;1990-10-09;-0.027095985886314;-2.7095985886314002;2.8962889545899264
10249;10249;1990-10-10;-0.0155579310654028;-1.55579310654028;2.8807310235245236
10250;10250;1990-10-11;-0.0165482468904195;-1.65482468904195;2.864182776634104
10251;10251;1990-10-12;0.0153490328910495;1.53490328910495;2.8795318095251536
10252;10252;1990-10-15;0.0106091634171115;1.06091634171115;2.890140972942265
10253;10253;1990-10-16;-0.014315607188661;-1.4315607188661;2.875825365753604
10254;10254;1990-10-17;-0.0005354135914368;-0.05354135914368;2.8752899521621673
10255;10255;1990-10-18;0.0230944259048096;2.30944259048096;2.898384378066977
10256;10256;1990-10-19;0.0218054674652635;2.18054674652635;2.9201898455322404
10257;10257;1990-10-22;0.0072699731063981;0.72699731063981;2.9274598186386385
10258;10258;1990-10-23;-0.0076541546640598;-0.76541546640598;2.9198056639745786
10259;10259;1990-10-24;0.0007681164082748;0.07681164082748;2.9205737803828535
10260;10260;1990-10-25;-0.0078038610020243;-0.7803861002024299;2.912769919380829
10261;10261;1990-10-26;-0.0177601010959716;-1.7760101095971599;2.8950098182848576
10262;10262;1990-10-29;-0.0093308711036987;-0.93308711036987;2.885678947181159
10263;10263;1990-10-30;0.0071954397955007;0.71954397955007;2.8928743869766596
10264;10264;1990-10-31;-0.0001973423688186;-0.01973423688186;2.892677044607841
10265;10265;1990-11-01;0.009885154810548;0.9885154810548;2.902562199418389
10266;10266;1990-11-02;0.0156094659953805;1.56094659953805;2.9181716654137695
10267;10267;1990-11-05;0.0087478687964432;0.87478687964432;2.926919534210213
10268;10268;1990-11-06;-0.0094857102645686;-0.94857102645686;2.917433823945644
10269;10269;1990-11-07;-0.0181666669083826;-1.81666669083826;2.8992671570372615
10270;10270;1990-11-08;0.0052148842572963;0.5214884257296301;2.904482041294558
10271;10271;1990-11-09;0.0197318874616288;1.97318874616288;2.9242139287561866
10272;10272;1990-11-12;0.0181301229255704;1.81301229255704;2.942344051681757
10273;10273;1990-11-13;-0.0056815594466952;-0.56815594466952;2.9366624922350617
10274;10274;1990-11-14;0.0085570474341691;0.8557047434169099;2.945219539669231
10275;10275;1990-11-15;-0.0106053677959919;-1.06053677959919;2.934614171873239
10276;10276;1990-11-16;0.000315406703101;0.0315406703101;2.93492957857634
10277;10277;1990-11-19;0.0069761180109999;0.69761180109999;2.94190569658734
10278;10278;1990-11-20;-0.0127000778544089;-1.27000778544089;2.929205618732931
10279;10279;1990-11-21;0.0022808670939999;0.22808670939999;2.931486485826931
10280;10280;1990-11-23;-0.0029470748205096;-0.29470748205096;2.9285394110064216
10281;10281;1990-11-26;0.0044648004514957;0.44648004514956996;2.9330042114579173
10282;10282;1990-11-27;0.005010949360793;0.5010949360793;2.9380151608187104
10283;10283;1990-11-28;-0.0004716421618917;-0.04716421618917;2.9375435186568186
10284;10284;1990-11-29;-0.0048236893496485;-0.48236893496485;2.93271982930717
10285;10285;1990-11-30;0.0181640590607595;1.81640590607595;2.9508838883679296
10286;10286;1990-12-03;0.0058175834939957;0.5817583493995699;2.9567014718619253
10287;10287;1990-12-04;0.0069183148060894;0.6918314806089401;2.9636197866680147
10288;10288;1990-12-05;0.01087979676569;1.087979676569;2.9744995834337047
10289;10289;1990-12-06;-0.0025797248686636;-0.25797248686636;2.971919858565041
10290;10290;1990-12-07;-0.0040193927196128;-0.40193927196128;2.967900465845428
10291;10291;1990-12-10;0.003472271318702;0.3472271318702;2.9713727371641303
10292;10292;1990-12-11;-0.007477223234769;-0.7477223234769;2.9638955139293612
10293;10293;1990-12-12;0.0114220816808599;1.1422081680859901;2.975317595610221
10294;10294;1990-12-13;-0.0025776127642522;-0.25776127642522;2.972739982845969
10295;10295;1990-12-14;-0.0076810576021939;-0.7681057602193899;2.965058925243775
10296;10296;1990-12-17;-0.002450886604274;-0.2450886604274;2.962608038639501
10297;10297;1990-12-18;0.0122854263387699;1.22854263387699;2.974893464978271
10298;10298;1990-12-19;0.0004544460509867;0.04544460509867;2.9753479110292576
10299;10299;1990-12-20;-0.0002423582491628;-0.02423582491628;2.9751055527800947
10300;10300;1990-12-21;0.0049254636338416;0.49254636338415997;2.9800310164139363
10301;10301;1990-12-24;-0.0055921131651111;-0.55921131651111;2.974438903248825
10302;10302;1990-12-26;0.0028755585459689;0.28755585459689004;2.977314461794794
10303;10303;1990-12-27;-0.0077677270799281;-0.77677270799281;2.969546734714866
10304;10304;1990-12-28;0.0013089361040101;0.13089361040101;2.9708556708188762
10305;10305;1990-12-31;0.0045527744147131;0.45527744147131;2.9754084452335894
10306;10306;1991-01-02;-0.011482267640254;-1.1482267640254;2.9639261775933354
10307;10307;1991-01-03;-0.0140048185953381;-1.40048185953381;2.9499213589979973
10308;10308;1991-01-04;-0.0028308926663624;-0.28308926663624;2.947090466331635
10309;10309;1991-01-07;-0.0174726272202941;-1.74726272202941;2.9296178391113408
10310;10310;1991-01-08;-0.0017133868564105;-0.17133868564104998;2.9279044522549302
10311;10311;1991-01-09;-0.0108879061735987;-1.08879061735987;2.9170165460813315
10312;10312;1991-01-10;0.0097122550393002;0.9712255039300199;2.926728801120632
10313;10313;1991-01-11;0.0022231080957348;0.22231080957347998;2.9289519092163667
10314;10314;1991-01-14;-0.0087301293513268;-0.8730129351326801;2.92022177986504
10315;10315;1991-01-15;0.0039603417928475;0.39603417928475004;2.9241821216578874
10316;10316;1991-01-16;0.0077473062748065;0.77473062748065;2.931929427932694
10317;10317;1991-01-17;0.0366420591044614;3.66420591044614;2.9685714870371553
10318;10318;1991-01-18;0.0129053894197639;1.29053894197639;2.9814768764569193
10319;10319;1991-01-21;-0.0035279114644817;-0.35279114644817;2.9779489649924376
10320;10320;1991-01-22;-0.0083413438937975;-0.83413438937975;2.96960762109864
10321;10321;1991-01-23;0.0057705105510059;0.5770510551005901;2.975378131649646
10322;10322;1991-01-24;0.0137448082394105;1.37448082394105;2.9891229398890564
10323;10323;1991-01-25;0.0038458957397189;0.38458957397189003;2.9929688356287754
10324;10324;1991-01-28;-0.0001190537113231;-0.011905371132310001;2.992849781917452
10325;10325;1991-01-29;-0.0005655945539437;-0.05655945539437;2.9922841873635084
10326;10326;1991-01-30;0.0149836804006096;1.49836804006096;3.007267867764118
10327;10327;1991-01-31;0.0088196033792593;0.88196033792593;3.0160874711433774
10328;10328;1991-02-01;-0.0025619537851824;-0.25619537851824;3.013525517358195
10329;10329;1991-02-04;0.0153028286640291;1.53028286640291;3.028828346022224
10330;10330;1991-02-05;0.0083477156419249;0.8347715641924901;3.037176061664149
10331;10331;1991-02-06;0.0192017991000366;1.9201799100036598;3.0563778607641856
10332;10332;1991-02-07;-0.0043382091538593;-0.43382091538593004;3.0520396516103263
10333;10333;1991-02-08;0.0079065522025576;0.79065522025576;3.059946203812884
10334;10334;1991-02-11;0.0253608885221279;2.53608885221279;3.085307092335012
10335;10335;1991-02-12;-0.0083914699435592;-0.83914699435592;3.0769156223914527
10336;10336;1991-02-13;0.0095845341152198;0.9584534115219799;3.0865001565066725
10337;10337;1991-02-14;-0.0130927298917864;-1.30927298917864;3.073407426614886
10338;10338;1991-02-15;0.0132011436158921;1.32011436158921;3.086608570230778
10339;10339;1991-02-19;0.0008938100512176;0.08938100512176;3.087502380281996
10340;10340;1991-02-20;-0.0115721543148801;-1.15721543148801;3.0759302259671157
10341;10341;1991-02-21;-0.0004657216018051;-0.04657216018051;3.0754645043653106
10342;10342;1991-02-22;0.0018614141441339;0.18614141441339;3.0773259185094446
10343;10343;1991-02-25;0.0043934960118736;0.43934960118736005;3.0817194145213183
10344;10344;1991-02-26;-0.0121907955752976;-1.21907955752976;3.0695286189460207
10345;10345;1991-02-27;0.0134968637881681;1.34968637881681;3.0830254827341887
10346;10346;1991-02-28;-0.0018235549009846;-0.18235549009846;3.081201927833204
10347;10347;1991-03-01;0.0092198878655294;0.9219887865529399;3.0904218156987335
10348;10348;1991-03-04;-0.0030819543683557;-0.30819543683557;3.0873398613303777
10349;10349;1991-03-05;0.0198116904610322;1.9811690461032199;3.10715155179141
10350;10350;1991-03-06;-0.001461005160392;-0.14610051603920002;3.105690546631018
10351;10351;1991-03-07;-0.0006914397523711;-0.06914397523711;3.1049991068786467
10352;10352;1991-03-08;-0.0025570479253627;-0.25570479253627;3.102442058953284
10353;10353;1991-03-11;-0.0053215645954924;-0.5321564595492401;3.0971204943577915
10354;10354;1991-03-12;-0.0078870704261984;-0.78870704261984;3.089233423931593
10355;10355;1991-03-13;0.0121946393366477;1.21946393366477;3.1014280632682407
10356;10356;1991-03-14;-0.0028607154937496;-0.28607154937496;3.098567347774491
10357;10357;1991-03-15;0.0002409241213703;0.024092412137030002;3.0988082718958614
10358;10358;1991-03-18;-0.0039694595173367;-0.39694595173367003;3.0948388123785247
10359;10359;1991-03-19;-0.0149454227415688;-1.49454227415688;3.079893389636956
10360;10360;1991-03-20;0.003621512130099;0.3621512130099;3.083514901767055
10361;10361;1991-03-21;-0.0036488154846621;-0.36488154846621;3.079866086282393
10362;10362;1991-03-22;0.0024521822560936;0.24521822560936002;3.0823182685384864
10363;10363;1991-03-25;0.0063744801068175;0.63744801068175;3.088692748645304
10364;10364;1991-03-26;0.017343260266256;1.7343260266256;3.10603600891156
10365;10365;1991-03-27;-0.0025277257058489;-0.25277257058489;3.103508283205711
10366;10366;1991-03-28;-0.0003464167235236;-0.03464167235236;3.1031618664821874
10367;10367;1991-04-01;-0.0105021944164143;-1.05021944164143;3.092659672065773
10368;10368;1991-04-02;0.0218442679715309;2.18442679715309;3.114503940037304
10369;10369;1991-04-03;-0.0014767103535886;-0.14767103535886;3.1130272296837154
10370;10370;1991-04-04;0.00218789086985;0.218789086985;3.1152151205535654
10371;10371;1991-04-05;-0.0116802518484738;-1.1680251848473802;3.1035348687050917
10372;10372;1991-04-08;0.0087531898842971;0.87531898842971;3.112288058589389
10373;10373;1991-04-09;-0.0135600865001448;-1.35600865001448;3.098727972089244
10374;10374;1991-04-10;-0.0010981613895531;-0.10981613895530999;3.097629810699691
10375;10375;1991-04-11;0.0119344260103729;1.19344260103729;3.1095642367100638
10376;10376;1991-04-12;0.0073084213899195;0.73084213899195;3.1168726580999833
10377;10377;1991-04-15;0.0020746288357367;0.20746288357367001;3.11894728693572
10378;10378;1991-04-16;0.0167275216392691;1.67275216392691;3.135674808574989
10379;10379;1991-04-17;0.0072744854690824;0.72744854690824;3.1429492940440715
10380;10380;1991-04-18;-0.0051097696068742;-0.51097696068742;3.1378395244371973
10381;10381;1991-04-19;-0.0110268996673897;-1.10268996673897;3.1268126247698076
10382;10382;1991-04-22;-0.0084951171489731;-0.8495117148973099;3.1183175076208345
10383;10383;1991-04-23;0.0021240006848035;0.21240006848035;3.120441508305638
10384;10384;1991-04-24;0.0026160219330746;0.26160219330746;3.1230575302387127
10385;10385;1991-04-25;-0.0092125688084516;-0.92125688084516;3.113844961430261
10386;10386;1991-04-26;-0.0006066731121938;-0.06066731121938;3.113238288318067
10387;10387;1991-04-29;-0.0142426413798376;-1.42426413798376;3.0989956469382296
10388;10388;1991-04-30;0.0044859674695114;0.44859674695114;3.103481614407741
10389;10389;1991-05-01;0.0131018720182814;1.31018720182814;3.1165834864260225
10390;10390;1991-05-02;0.0006045662060421;0.060456620604210004;3.1171880526320646
10391;10391;1991-05-03;0.0007355619741593;0.07355619741593;3.117923614606224
10392;10392;1991-05-06;-0.0018925487292653;-0.18925487292653;3.1160310658769586
10393;10393;1991-05-07;-0.0072880703417945;-0.7288070341794499;3.108742995535164
10394;10394;1991-05-08;0.0031488666935954;0.31488666935954;3.1118918622287595
10395;10395;1991-05-09;0.0124449987247832;1.2444998724783198;3.1243368609535427
10396;10396;1991-05-10;-0.0197901295269194;-1.97901295269194;3.1045467314266233
10397;10397;1991-05-13;0.0027110182717073;0.27110182717073;3.1072577496983307
10398;10398;1991-05-14;-0.0137365931467075;-1.37365931467075;3.093521156551623
10399;10399;1991-05-15;-0.008241141473837;-0.8241141473836999;3.085280015077786
10400;10400;1991-05-16;0.0097738100689923;0.97738100689923;3.0950538251467785
10401;10401;1991-05-17;0.0005372505311571;0.053725053115710006;3.0955910756779357
10402;10402;1991-05-20;-0.0002954758449575;-0.02954758449575;3.095295599832978
10403;10403;1991-05-21;0.0082126833727329;0.8212683372732901;3.103508283205711
10404;10404;1991-05-22;0.0022354002204743;0.22354002204743;3.1057436834261853
10405;10405;1991-05-23;-0.0032750106126764;-0.32750106126764;3.102468672813509
10406;10406;1991-05-24;0.006724722169328;0.6724722169328;3.109193394982837
10407;10407;1991-05-28;0.0117194816624746;1.17194816624746;3.1209128766453116
10408;10408;1991-05-29;0.0022230260034872;0.22230260034872001;3.123135902648799
10409;10409;1991-05-30;0.0108347458093299;1.08347458093299;3.1339706484581287
10410;10410;1991-05-31;0.0073894080525107;0.73894080525107;3.1413600565106394
10411;10411;1991-06-03;-0.0045507516197362;-0.45507516197362;3.136809304890903
10412;10412;1991-06-04;-0.000824975568701;-0.08249755687009999;3.135984329322202
10413;10413;1991-06-05;-0.006857923305283;-0.6857923305283;3.129126406016919
10414;10414;1991-06-06;-0.0037985033655241;-0.37985033655241;3.125327902651395
10415;10415;1991-06-07;-0.0110084513043374;-1.1008451304337399;3.1143194513470576
10416;10416;1991-06-10;-0.0022690933218738;-0.22690933218738;3.1120503580251837
10417;10417;1991-06-11;0.0065295537966312;0.65295537966312;3.118579911821815
10418;10418;1991-06-12;-0.0116142102784007;-1.16142102784007;3.1069657015434142
10419;10419;1991-06-13;0.0025985351666495;0.25985351666495;3.1095642367100638
10420;10420;1991-06-14;0.0122646129261899;1.22646129261899;3.1218288496362536
10421;10421;1991-06-17;-0.0056661938023134;-0.56661938023134;3.11616265583394
10422;10422;1991-06-18;-0.0040594978723484;-0.40594978723484;3.1121031579615916
10423;10423;1991-06-19;-0.0092878282490618;-0.92878282490618;3.10281532971253
10424;10424;1991-06-20;0.0008794473552988;0.08794473552988;3.1036947770678287
10425;10425;1991-06-21;0.0061871672866393;0.61871672866393;3.109881944354468
10426;10426;1991-06-24;-0.0181922713000002;-1.8192271300000202;3.091689673054468
10427;10427;1991-06-25;-0.0007821249378983;-0.07821249378983;3.0909075481165695
10428;10428;1991-06-26;0.0025328802414623;0.25328802414623003;3.093440428358032
10429;10429;1991-06-27;0.0075336434213833;0.75336434213833;3.100974071779415
10430;10430;1991-06-28;-0.0086914813157941;-0.8691481315794101;3.092282590463621
10431;10431;1991-07-01;0.018049320145809;1.8049320145809;3.11033191060943
10432;10432;1991-07-02;-0.0011914694261134;-0.11914694261133998;3.1091404411833166
10433;10433;1991-07-03;-0.0110283857936953;-1.1028385793695301;3.0981120553896213
10434;10434;1991-07-05;0.002006931343776;0.20069313437759997;3.1001189867333974
10435;10435;1991-07-08;0.0102658146219596;1.02658146219596;3.110384801355357
10436;10436;1991-07-09;-0.004853844239645;-0.48538442396450004;3.105530957115712
10437;10437;1991-07-10;-0.0009842256890886;-0.09842256890886;3.1045467314266233
10438;10438;1991-07-11;0.0032682231126148;0.32682231126148;3.107814954539238
10439;10439;1991-07-12;0.0086633198017827;0.8663319801782701;3.116478274341021
10440;10440;1991-07-15;0.0056121382952625;0.56121382952625;3.1220904126362834
10441;10441;1991-07-16;-0.0022253513386782;-0.22253513386782;3.119865061297605
10442;10442;1991-07-17;-0.0009440319535167;-0.09440319535167;3.1189210293440883
10443;10443;1991-07-18;0.010932212629525;1.0932212629525;3.1298532419736134
10444;10444;1991-07-19;-0.0029885909690223;-0.29885909690223;3.126864651004591
10445;10445;1991-07-22;-0.0034936705839872;-0.34936705839872;3.123370980420604
10446;10446;1991-07-23;-0.0090778320317639;-0.9077832031763899;3.11429314838884
10447;10447;1991-07-24;-0.0020578799737629;-0.20578799737629;3.112235268415077
10448;10448;1991-07-25;0.0061084339005672;0.61084339005672;3.118343702315644
10449;10449;1991-07-26;-7.8746277403674e-05;-0.0078746277403674;3.1182649560382405
10450;10450;1991-07-29;0.0058109289201286;0.58109289201286;3.124075884958369
10451;10451;1991-07-30;0.0091968018545625;0.91968018545625;3.1332726868129317
10452;10452;1991-07-31;0.0028921801954888;0.28921801954888;3.1361648670084206
10453;10453;1991-08-01;-0.0017808142376303;-0.17808142376303;3.1343840527707902
10454;10454;1991-08-02;0.0001549735271861;0.015497352718610002;3.1345390262979764
10455;10455;1991-08-05;-0.0054905219891638;-0.54905219891638;3.1290485043088125
10456;10456;1991-08-06;0.0143360465013878;1.43360465013878;3.1433845508102003
10457;10457;1991-08-07;-0.0001536060847833;-0.015360608478329998;3.143230944725417
10458;10458;1991-08-08;-0.0031799559854377;-0.31799559854377;3.1400509887399792
10459;10459;1991-08-09;-0.0056669359691889;-0.56669359691889;3.1343840527707902
10460;10460;1991-08-12;0.0023221467683303;0.23221467683303001;3.1367061995391206
10461;10461;1991-08-13;0.0041150359825401;0.41150359825401;3.1408212355216607
10462;10462;1991-08-14;0.0007183882799486;0.07183882799486001;3.1415396238016093
10463;10463;1991-08-15;-0.0014630009511114;-0.14630009511114;3.140076622850498
10464;10464;1991-08-16;-0.0096786191929982;-0.96786191929982;3.1303980036574997
10465;10465;1991-08-19;-0.0239102950092995;-2.39102950092995;3.1064877086482
10466;10466;1991-08-20;0.0078317426988574;0.78317426988574;3.1143194513470576
10467;10467;1991-08-21;0.02898829808999;2.898829808999;3.1433077494370476
10468;10468;1991-08-22;0.0018927543406173;0.18927543406173;3.145200503777665
10469;10469;1991-08-23;0.0072311607264872;0.72311607264872;3.152431664504152
10470;10470;1991-08-26;-0.0008121799189737;-0.08121799189737;3.1516194845851784
10471;10471;1991-08-27;-0.0020078745000011;-0.20078745000011003;3.149611610085177
10472;10472;1991-08-28;0.0090668392209902;0.90668392209902;3.1586784493061675
10473;10473;1991-08-29;-0.0004287274127783;-0.04287274127783;3.158249721893389
10474;10474;1991-08-30;-0.0026266160015344;-0.26266160015344;3.1556231058918547
10475;10475;1991-09-03;-0.008329358331828;-0.8329358331828;3.1472937475600267
10476;10476;1991-09-04;-0.0055745887060698;-0.55745887060698;3.141719158853957
10477;10477;1991-09-05;-0.0021306010625696;-0.21306010625695998;3.139588557791387
10478;10478;1991-09-06;-0.0001028191790597;-0.01028191790597;3.1394857386123274
10479;10479;1991-09-09;-0.0013630436385527;-0.13630436385527;3.1381226949737746
10480;10480;1991-09-10;-0.0103735333871988;-1.03735333871988;3.127749161586576
10481;10481;1991-09-11;0.0013772444303432;0.13772444303432;3.129126406016919
10482;10482;1991-09-12;0.0058257871574412;0.58257871574412;3.1349521931743602
10483;10483;1991-09-13;-0.0097285865527458;-0.9728586552745799;3.1252236066216144
10484;10484;1991-09-16;0.0056929927839481;0.56929927839481;3.1309165994055626
10485;10485;1991-09-17;-0.0007260632005596;-0.07260632005595999;3.130190536205003
10486;10486;1991-09-18;0.0037284544157172;0.37284544157172;3.13391899062072
10487;10487;1991-09-19;0.0016010229372112;0.16010229372112;3.1355200135579313
10488;10488;1991-09-20;0.0009284959528486;0.09284959528486;3.13644850951078
10489;10489;1991-09-23;-0.0051690385246576;-0.51690385246576;3.1312794709861222
10490;10490;1991-09-24;0.0046274864855417;0.46274864855417;3.135906957471664
10491;10491;1991-09-25;-0.0021430339197134;-0.21430339197134;3.1337639235519505
10492;10492;1991-09-26;-0.0010086117526793;-0.10086117526793;3.1327553117992712
10493;10493;1991-09-27;-0.0015277156021484;-0.15277156021484;3.1312275961971228
10494;10494;1991-09-30;0.0050661580988418;0.50661580988418;3.1362937542959646
10495;10495;1991-10-01;0.0034489700499813;0.34489700499813;3.139742724345946
10496;10496;1991-10-02;-0.0024181370911611;-0.24181370911610997;3.137324587254785
10497;10497;1991-10-03;-0.0098094789574902;-0.98094789574902;3.1275151082972945
10498;10498;1991-10-04;-0.0084104371740538;-0.8410437174053801;3.1191046711232406
10499;10499;1991-10-07;-0.0046007310859366;-0.46007310859366;3.114503940037304
10500;10500;1991-10-08;0.0030782953915613;0.30782953915613;3.1175822354288654
10501;10501;1991-10-09;-0.010218381372173;-1.0218381372173;3.1073638540566924
10502;10502;1991-10-10;0.0099030323250195;0.99030323250195;3.117266886381712
10503;10503;1991-10-11;0.0023622688150517;0.23622688150517;3.1196291551967636
10504;10504;1991-10-14;0.0130744359436452;1.3074435943645202;3.132703591140409
10505;10505;1991-10-15;0.0116789127418935;1.16789127418935;3.1443825038823023
10506;10506;1991-10-16;0.0045673852497287;0.45673852497287;3.148949889132031
10507;10507;1991-10-17;-0.0022427754300586;-0.22427754300586;3.1467071137019724
10508;10508;1991-10-18;0.0014787667221094;0.14787667221094;3.148185880424082
10509;10509;1991-10-21;-0.0063385455660505;-0.63385455660505;3.1418473348580314
10510;10510;1991-10-22;-0.0056309258961508;-0.5630925896150799;3.1362164089618805
10511;10511;1991-10-23;0.0002836278853202;0.02836278853202;3.1365000368472007
10512;10512;1991-10-24;-0.0074255395243891;-0.74255395243891;3.1290744973228115
10513;10513;1991-10-25;-0.0022618725530039;-0.22618725530039;3.1268126247698076
10514;10514;1991-10-28;0.0137519020663719;1.37519020663719;3.1405645268361795
10515;10515;1991-10-29;0.0050192730215563;0.50192730215563;3.145583799857736
10516;10516;1991-10-30;0.0037733459595115;0.37733459595115004;3.1493571458172473
10517;10517;1991-10-31;-0.0012986314656622;-0.12986314656622;3.148058514351585
10518;10518;1991-11-01;-0.0028835136725646;-0.28835136725646;3.1451750006790204
10519;10519;1991-11-04;-0.0026612297999149;-0.26612297999149004;3.1425137708791056
10520;10520;1991-11-05;-0.0040308865221652;-0.40308865221652;3.1384828843569403
10521;10521;1991-11-06;0.0032362744970164;0.32362744970164004;3.141719158853957
10522;10522;1991-11-07;0.0095701836485488;0.9570183648548799;3.1512893425025057
10523;10523;1991-11-08;-0.0021102866506481;-0.21102866506481;3.1491790558518575
10524;10524;1991-11-11;0.0005851834038681;0.058518340386809996;3.1497642392557257
10525;10525;1991-11-12;0.0091662330404309;0.9166233040430899;3.1589304722961566
10526;10526;1991-11-13;0.0016873743349146;0.16873743349146;3.1606178466310713
10527;10527;1991-11-14;-0.0006544754579529;-0.06544754579529;3.1599633711731183
10528;10528;1991-11-15;-0.0372717114840597;-3.72717114840597;3.1226916596890586
10529;10529;1991-11-18;0.0068241742473791;0.68241742473791;3.1295158339364377
10530;10530;1991-11-19;-0.0152226855475979;-1.52226855475979;3.11429314838884
10531;10531;1991-11-20;-0.002348477854662;-0.2348477854662;3.111944670534178
10532;10532;1991-11-21;0.0040338023983261;0.40338023983261;3.115978472932504
10533;10533;1991-11-22;-0.0103676753381849;-1.03676753381849;3.105610797594319
10534;10534;1991-11-25;-0.0021291831865779;-0.21291831865779;3.103481614407741
10535;10535;1991-11-26;0.0069560748962596;0.69560748962596;3.1104376893040007
10536;10536;1991-11-27;-0.0037375374232988;-0.37375374232988;3.106700151880702
10537;10537;1991-11-29;-0.0035382853985144;-0.35382853985143997;3.1031618664821874
10538;10538;1991-12-02;0.0163361541542351;1.6336154154235099;3.1194980206364225
10539;10539;1991-12-03;-0.0011543183207782;-0.11543183207782001;3.118343702315644
10540;10540;1991-12-04;-0.0023388944142936;-0.23388944142936;3.1160048079013505
10541;10541;1991-12-05;-0.007076289454976;-0.7076289454976;3.1089285184463744
10542;10542;1991-12-06;0.0045208631044921;0.45208631044921;3.1134493815508666
10543;10543;1991-12-09;-0.0022182220520967;-0.22182220520967;3.11123115949877
10544;10544;1991-12-10;-0.0009522218189239;-0.09522218189239;3.110278937679846
10545;10545;1991-12-11;-0.0005293329885693;-0.052933298856929996;3.1097496046912765
10546;10546;1991-12-12;0.0101416107953227;1.01416107953227;3.119891215486599
10547;10547;1991-12-13;0.0076238928106953;0.76238928106953;3.1275151082972945
10548;10548;1991-12-16;-2.60361804187426e-05;-0.00260361804187426;3.1274890721168758
10549;10549;1991-12-17;-0.0044838475607349;-0.44838475607349004;3.123005224556141
10550;10550;1991-12-18;0.0019316155389503;0.19316155389503;3.124936840095091
10551;10551;1991-12-19;-0.0025065861687965;-0.25065861687965;3.1224302539262947
10552;10552;1991-12-20;0.0117471593904517;1.17471593904517;3.1341774133167464
10553;10553;1991-12-23;0.0249547248914368;2.49547248914368;3.159132138208183
10554;10554;1991-12-24;0.0063053151659442;0.63053151659442;3.1654374533741274
10555;10555;1991-12-26;0.0137038072677456;1.37038072677456;3.179141260641873
10556;10556;1991-12-27;0.0039935835795068;0.39935835795068003;3.18313484422138
10557;10557;1991-12-30;0.0211303478514022;2.11303478514022;3.204265192072782
10558;10558;1991-12-31;0.0046861673881419;0.46861673881419;3.208951359460924
10559;10559;1992-01-02;0.0004075364082956;0.04075364082956;3.2093588958692196
10560;10560;1992-01-03;0.0049724845106933;0.49724845106933;3.214331380379913
10561;10561;1992-01-06;-0.0032963245455448;-0.32963245455448;3.211035055834368
10562;10562;1992-01-07;-0.0013407323643495;-0.13407323643495;3.2096943234700186
10563;10563;1992-01-08;0.0016756724447537;0.16756724447537;3.2113699959147723
10564;10564;1992-01-09;-0.0011727059899611;-0.11727059899611;3.2101972899248112
10565;10565;1992-01-10;-0.0060284772098508;-0.60284772098508;3.2041688127149603
10566;10566;1992-01-13;-0.0018325863495061;-0.18325863495061;3.2023362263654542
10567;10567;1992-01-14;0.0146149035482397;1.46149035482397;3.216951129913694
10568;10568;1992-01-15;0.0007845532517603;0.07845532517603;3.217735683165454
10569;10569;1992-01-16;-0.0061026627716529;-0.6102662771652899;3.2116330203938013
10570;10570;1992-01-17;0.0015530222066937;0.15530222066937;3.213186042600495
10571;10571;1992-01-20;-0.0059864647781244;-0.5986464778124401;3.2071995778223705
10572;10572;1992-01-21;-0.0089746561364183;-0.89746561364183;3.198224921685952
10573;10573;1992-01-22;0.0132168224311524;1.32168224311524;3.2114417441171046
10574;10574;1992-01-23;-0.0076102925611785;-0.76102925611785;3.203831451555926
10575;10575;1992-01-24;0.0012523964807051;0.12523964807051002;3.2050838480366313
10576;10576;1992-01-27;-0.0011801053771449;-0.11801053771449001;3.2039037426594863
10577;10577;1992-01-28;-7.22911035602181e-05;-0.0072291103560218105;3.203831451555926
10578;10578;1992-01-29;-0.0111960337642616;-1.11960337642616;3.1926354177916645
10579;10579;1992-01-30;0.0031145069071429;0.31145069071429;3.1957499246988075
10580;10580;1992-01-31;-0.0069234699298599;-0.69234699298599;3.1888264547689475
10581;10581;1992-02-03;0.0018330466738438;0.18330466738438;3.1906595014427914
10582;10582;1992-02-04;0.0104934455882386;1.0493445588238601;3.20115294703103
10583;10583;1992-02-05;-2.41877997222417e-05;-0.00241877997222417;3.201128759231308
10584;10584;1992-02-06;-4.83024428667989e-05;-0.00483024428667989;3.201080456788441
10585;10585;1992-02-07;-0.0066189546908317;-0.66189546908317;3.1944615020976093
10586;10586;1992-02-10;0.0064980784107833;0.64980784107833;3.2009595805083926
10587;10587;1992-02-11;-2.41175546813466e-05;-0.0024117554681346597;3.2009354629537112
10588;10588;1992-02-12;0.0081118160487792;0.81118160487792;3.2090472790024904
10589;10589;1992-02-13;-0.0082810298965077;-0.82810298965077;3.2007662491059827
10590;10590;1992-02-14;-0.002929159485582;-0.2929159485582;3.1978370896204007
10591;10591;1992-02-18;-0.0124413233592344;-1.24413233592344;3.1853957662611663
10592;10592;1992-02-19;0.0021578277800857;0.21578277800857001;3.187553594041252
10593;10593;1992-02-20;0.0137201334187989;1.37201334187989;3.201273727460051
10594;10594;1992-02-21;-0.005985504981389;-0.5985504981388999;3.195288222478662
10595;10595;1992-02-24;0.0020395685554044;0.20395685554044;3.1973277910340663
10596;10596;1992-02-25;-0.0044242998019683;-0.44242998019683005;3.192903491232098
10597;10597;1992-02-26;0.0118674047002498;1.1867404700249802;3.2047708959323478
10598;10598;1992-02-27;-0.0035938365911869;-0.35938365911869;3.201177059341161
10599;10599;1992-02-28;-0.0028067503041944;-0.28067503041944;3.1983703090369664
10600;10600;1992-03-02;-0.0006059504341715;-0.06059504341715;3.197764358602795
10601;10601;1992-03-03;0.0009693299953852;0.09693299953852;3.19873368859818
10602;10602;1992-03-04;-0.0085627004724324;-0.85627004724324;3.1901709881257476
10603;10603;1992-03-05;-0.0069130913932014;-0.69130913932014;3.183257896732546
10604;10604;1992-03-06;-0.0051051543626199;-0.51051543626199;3.1781527423699263
10605;10605;1992-03-09;0.0019020298617693;0.19020298617693;3.1800547722316956
10606;10606;1992-03-10;0.0041374864776564;0.41374864776563997;3.184192258709352
10607;10607;1992-03-11;-0.0070537853528502;-0.70537853528502;3.177138473356502
10608;10608;1992-03-12;-0.000346529356805;-0.0346529356805;3.1767919439996968
10609;10609;1992-03-13;0.0048163826042557;0.48163826042557;3.1816083266039525
10610;10610;1992-03-16;0.0013543431703428;0.13543431703428;3.1829626697742954
10611;10611;1992-03-17;0.0078188860956585;0.78188860956585;3.190781555869954
10612;10612;1992-03-18;-0.0010503903594925;-0.10503903594925;3.1897311655104614
10613;10613;1992-03-19;0.00158738421338;0.15873842133799998;3.1913185497238414
10614;10614;1992-03-20;0.0036536395383715;0.36536395383715;3.194972189262213
10615;10615;1992-03-23;-0.0033852128954512;-0.33852128954512;3.1915869763667617
10616;10616;1992-03-24;-0.0025159064765922;-0.25159064765922;3.1890710698901694
10617;10617;1992-03-25;-0.0033317424499443;-0.33317424499443;3.185739327440225
10618;10618;1992-03-26;0.0008339572482691;0.08339572482691;3.186573284688494
10619;10619;1992-03-27;-0.0107474537768715;-1.07474537768715;3.1758258309116227
10620;10620;1992-03-30;-0.0012399257633211;-0.12399257633210999;3.1745859051483016
10621;10621;1992-03-31;0.0017106996902489;0.17106996902489;3.1762966048385506
10622;10622;1992-04-01;0.0013367884734307;0.13367884734307;3.1776333933119814
10623;10623;1992-04-02;-0.009270283601948;-0.9270283601948001;3.1683631097100333
10624;10624;1992-04-03;0.0026182622418575;0.26182622418574997;3.170981371951891
10625;10625;1992-04-06;0.0100107585282432;1.00107585282432;3.180992130480134
10626;10626;1992-04-07;-0.0187400446118087;-1.8740044611808697;3.1622520858683254
10627;10627;1992-04-08;-0.008983602380777;-0.8983602380777;3.1532684834875484
10628;10628;1992-04-09;0.0154441656258451;1.54441656258451;3.1687126491133935
10629;10629;1992-04-10;0.0090691585819699;0.90691585819699;3.1777818076953634
10630;10630;1992-04-13;0.0044176880188819;0.44176880188819;3.1821994957142454
10631;10631;1992-04-14;0.0154193874069;1.54193874069;3.1976188831211454
10632;10632;1992-04-15;0.0093885684479033;0.9388568447903299;3.2070074515690488
10633;10633;1992-04-16;-0.0005766772499624;-0.05766772499624;3.2064307743190863
10634;10634;1992-04-20;-0.0141853604375592;-1.41853604375592;3.192245413881527
10635;10635;1992-04-21;0.0001950587488694;0.01950587488694;3.1924404726303965
10636;10636;1992-04-22;-0.0010974966546273;-0.10974966546272999;3.191342975975769
10637;10637;1992-04-23;0.0043583857630036;0.43583857630036;3.195701361738773
10638;10638;1992-04-24;-0.006287990827956;-0.6287990827956;3.189413370910817
10639;10639;1992-04-27;-0.0013944905419585;-0.13944905419585;3.1880188803688583
10640;10640;1992-04-28;0.0016144947056568;0.16144947056568001;3.189633375074515
10641;10641;1992-04-29;0.0070878332900106;0.70878332900106;3.196721208364526
10642;10642;1992-04-30;0.0070861948006966;0.70861948006966;3.2038074031652224
10643;10643;1992-05-01;-0.0058491319847062;-0.58491319847062;3.197958271180516
10644;10644;1992-05-04;0.0105614527820999;1.05614527820999;3.208519723962616
10645;10645;1992-05-05;-0.0001679352327785;-0.01679352327785;3.2083517887298374
10646;10646;1992-05-06;-0.0001199261057305;-0.01199261057305;3.208231862624107
10647;10647;1992-05-07;-0.0022578866795122;-0.22578866795122002;3.2059739759445947
10648;10648;1992-05-08;0.0004807837607758;0.04807837607758;3.2064547597053705
10649;10649;1992-05-11;0.0058475543822531;0.5847554382253101;3.2123023140876237
10650;10650;1992-05-12;-0.0052708164926453;-0.5270816492645299;3.2070314975949783
10651;10651;1992-05-13;0.0003842808029732;0.03842808029732;3.2074157783979516
10652;10652;1992-05-14;-0.0079798803189215;-0.7979880318921501;3.19943589807903
10653;10653;1992-05-15;-0.0074099168271688;-0.74099168271688;3.192025981251861
10654;10654;1992-05-18;0.0066107957850523;0.66107957850523;3.1986367770369135
10655;10655;1992-05-19;0.0085868421920132;0.85868421920132;3.2072236192289267
10656;10656;1992-05-20;-0.0023564019468915;-0.23564019468914998;3.204867217282035
10657;10657;1992-05-21;-0.0067392589013355;-0.67392589013355;3.1981279583806996
10658;10658;1992-05-22;0.0034356400893615;0.34356400893615;3.2015635984700612
10659;10659;1992-05-26;-0.006323961378782;-0.6323961378782;3.1952396370912792
10660;10660;1992-05-27;0.0018456232546899;0.18456232546899;3.197085260345969
10661;10661;1992-05-28;0.0110265850019271;1.1026585001927098;3.2081118453478963
10662;10662;1992-05-29;-0.0033409494155485;-0.33409494155485;3.2047708959323478
10663;10663;1992-06-01;0.0046838061104876;0.46838061104876005;3.2094547020428355
10664;10664;1992-06-02;-0.0091478443774706;-0.9147844377470601;3.200306857665365
10665;10665;1992-06-03;0.002632555965583;0.2632555965583;3.202939413630948
10666;10666;1992-06-04;-0.0032131113960289;-0.32131113960289;3.199726302234919
10667;10667;1992-06-05;0.0005322132704472;0.053221327044720004;3.200258515505366
10668;10668;1992-06-08;-0.0002903246128003;-0.029032461280029998;3.199968190892566
10669;10669;1992-06-09;-0.0080153621133813;-0.80153621133813;3.1919528287791845
10670;10670;1992-06-10;-0.006876238095411;-0.6876238095411;3.1850765906837735
10671;10671;1992-06-11;0.0044101211412854;0.44101211412854;3.189486711825059
10672;10672;1992-06-12;0.0017342782323046;0.17342782323046;3.1912209900573636
10673;10673;1992-06-15;0.0012926018206558;0.12926018206558001;3.1925135918780194
10674;10674;1992-06-16;-0.0048130508166135;-0.48130508166135;3.187700541061406
10675;10675;1992-06-17;-0.0149525272751685;-1.49525272751685;3.1727480137862374
10676;10676;1992-06-18;-0.0032370213230441;-0.32370213230441;3.1695109924631932
10677;10677;1992-06-19;0.0067360954321529;0.67360954321529;3.176247087895346
10678;10678;1992-06-22;-0.0006691340471904;-0.06691340471903999;3.1755779538481557
10679;10679;1992-06-23;0.0015852945894687;0.15852945894687;3.1771632484376244
10680;10680;1992-06-24;-0.0004951552281244;-0.04951552281244;3.1766680932095
10681;10681;1992-06-25;-0.0017844780387932;-0.17844780387932;3.1748836151707067
10682;10682;1992-06-26;0.0008183220688904;0.08183220688904;3.175701937239597
10683;10683;1992-06-29;0.013515856867623;1.3515856867623;3.18921779410722
10684;10684;1992-06-30;-0.0019581613525669;-0.19581613525669;3.187259632754653
10685;10685;1992-07-01;0.0115467163974934;1.15467163974934;3.1988063491521466
10686;10686;1992-07-02;-0.0026920916230306;-0.26920916230306;3.196114257529116
10687;10687;1992-07-06;0.0050145017021918;0.5014501702191799;3.201128759231308
10688;10688;1992-07-07;-0.0113731286647552;-1.13731286647552;3.1897556305665526
10689;10689;1992-07-08;0.0027335636369167;0.27335636369167;3.1924891942034694
10690;10690;1992-07-09;0.0095815506704592;0.95815506704592;3.2020707448739287
10691;10691;1992-07-10;0.0009410243734215;0.09410243734215;3.2030117692473503
10692;10692;1992-07-13;0.000602780046977;0.0602780046977;3.2036145492943273
10693;10693;1992-07-14;0.0067503662503467;0.67503662503467;3.210364915544674
10694;10694;1992-07-15;-0.0013895567551163;-0.13895567551163;3.2089753587895578
10695;10695;1992-07-16;0.0010543540516962;0.10543540516962001;3.210029712841254
10696;10696;1992-07-17;-0.004609000407286;-0.4609000407286;3.205420712433968
10697;10697;1992-07-20;-0.0045094425410763;-0.45094425410763;3.2009112698928917
10698;10698;1992-07-21;2.41930608195773e-05;0.00241930608195773;3.2009354629537112
10699;10699;1992-07-22;-0.0068632530975607;-0.68632530975607;3.1940722098561505
10700;10700;1992-07-23;0.0027946070555255;0.27946070555255004;3.196866816911676
10701;10701;1992-07-24;-0.0011654551729032;-0.11654551729031999;3.195701361738773
10702;10702;1992-07-27;-0.0001457759287921;-0.014577592879210002;3.1955555858099807
10703;10703;1992-07-28;0.0144261783807522;1.44261783807522;3.209981764190733
10704;10704;1992-07-29;0.0112177943242617;1.12177943242617;3.2211995585149946
10705;10705;1992-07-30;0.0039945735372937;0.39945735372937;3.2251941320522883
10706;10706;1992-07-31;0.0006838055720983;0.06838055720983001;3.2258779376243867
10707;10707;1992-08-03;0.0020723073787793;0.20723073787792998;3.227950245003166
10708;10708;1992-08-04;-0.0017187855578235;-0.17187855578235;3.2262314594453425
10709;10709;1992-08-05;-0.0051266618299337;-0.51266618299337;3.221104797615409
10710;10710;1992-08-06;-0.0037969764970089;-0.37969764970089;3.2173078211184
10711;10711;1992-08-07;-0.0040739832586531;-0.40739832586530994;3.2132338378597467
10712;10712;1992-08-10;0.0012883408400288;0.12883408400288;3.2145221786997755
10713;10713;1992-08-11;-0.0012406218683951;-0.12406218683951001;3.2132815568313804
10714;10714;1992-08-12;-0.0026772378408557;-0.26772378408557;3.2106043189905247
10715;10715;1992-08-13;-0.0001196586503118;-0.01196586503118;3.210484660340213
10716;10716;1992-08-14;0.0052050949879207;0.52050949879207;3.2156897553281336
10717;10717;1992-08-17;0.0019746298117207;0.19746298117207;3.2176643851398543
10718;10718;1992-08-18;0.0014250572665686;0.14250572665686;3.219089442406423
10719;10719;1992-08-19;-0.0075042197174779;-0.75042197174779;3.211585222688945
10720;10720;1992-08-20;0.0001673931476098;0.01673931476098;3.211752615836555
10721;10721;1992-08-21;-0.0081862490615822;-0.81862490615822;3.2035663667749725
10722;10722;1992-08-24;-0.0100053040157748;-1.0005304015774799;3.1935610627591977
10723;10723;1992-08-25;0.0021645430973817;0.21645430973817;3.1957256058565795
10724;10724;1992-08-26;0.0046054594964299;0.46054594964299;3.2003310653530095
10725;10725;1992-08-27;4.8338652995028e-05;0.0048338652995028;3.2003794040060045
10726;10726;1992-08-28;0.0031628332748763;0.31628332748763;3.203542237280881
10727;10727;1992-08-31;-0.0019544615264877;-0.19544615264877;3.201587775754393
10728;10728;1992-09-01;0.004915099607671;0.4915099607671;3.206502875362064
10729;10729;1992-09-02;0.0045800786467085;0.45800786467085;3.2110829540087726
10730;10730;1992-09-03;0.0;0.0;3.2110829540087726
10731;10731;1992-09-04;-0.0021555920548417;-0.21555920548417;3.208927361953931
10732;10732;1992-09-08;-0.0063498025429717;-0.63498025429717;3.202577559410959
10733;10733;1992-09-09;0.0046220184114114;0.46220184114114;3.2071995778223705
10734;10734;1992-09-10;0.0085854505257145;0.85854505257145;3.215785028348085
10735;10735;1992-09-11;-0.0008815051860002;-0.08815051860002;3.214903523162085
10736;10736;1992-09-14;0.0134700555017968;1.34700555017968;3.2283735786638816
10737;10737;1992-09-15;-0.0130173194353684;-1.30173194353684;3.215356259228513
10738;10738;1992-09-16;0.0003573318754277;0.03573318754277;3.215713591103941
10739;10739;1992-09-17;2.37661485478213e-05;0.00237661485478213;3.2157373572524888
10740;10740;1992-09-18;0.007118650116543;0.7118650116542999;3.2228560073690318
10741;10741;1992-09-21;-0.0018696160617066;-0.18696160617066002;3.220986391307325
10742;10742;1992-09-22;-0.0119151152780672;-1.19151152780672;3.209071276029258
10743;10743;1992-09-23;0.0007188933518875;0.07188933518875;3.2097901693811455
10744;10744;1992-09-24;0.0024643789823848;0.24643789823848;3.2122545483635303
10745;10745;1992-09-25;-0.009894163386348;-0.9894163386347999;3.2023603849771822
10746;10746;1992-09-28;0.005463481578861;0.5463481578861;3.2078238665560432
10747;10747;1992-09-29;0.0004319382939455;0.04319382939455;3.2082558048499887
10748;10748;1992-09-30;0.0023963587522191;0.23963587522191;3.210652163602208
10749;10749;1992-10-01;-0.0036206660072295;-0.36206660072295;3.2070314975949783
10750;10750;1992-10-02;-0.0140793073430308;-1.40793073430308;3.1929521902519475
10751;10751;1992-10-05;-0.0070901328056907;-0.70901328056907;3.185862057446257
10752;10752;1992-10-06;-0.0009573833195206;-0.09573833195206;3.184904674126736
10753;10753;1992-10-07;-0.0072218324679012;-0.7221832467901199;3.177682841658835
10754;10754;1992-10-08;0.0086207430439069;0.8620743043906901;3.186303584702742
10755;10755;1992-10-09;-0.0125616981689802;-1.25616981689802;3.1737418865337617
10756;10756;1992-10-12;0.0118011441529049;1.18011441529049;3.1855430306866666
10757;10757;1992-10-13;0.0045546666949611;0.45546666949611;3.1900976973816277
10758;10758;1992-10-14;0.0001710261805714;0.01710261805714;3.190268723562199
10759;10759;1992-10-15;0.000561708013155;0.05617080131550001;3.190830431575354
10760;10760;1992-10-16;0.0051867330575099;0.51867330575099;3.196017164632864
10761;10761;1992-10-19;0.0078625313743607;0.78625313743607;3.203879696007225
10762;10762;1992-10-20;0.0012041520294063;0.12041520294063;3.2050838480366313
10763;10763;1992-10-21;0.0004572026657605;0.045720266576049995;3.205541050702392
10764;10764;1992-10-22;-0.0018541946232666;-0.18541946232666;3.203686856079125
10765;10765;1992-10-23;-0.001930007836731;-0.1930007836731;3.201756848242394
10766;10766;1992-10-26;0.0097566389296082;0.9756638929608199;3.2115134871720024
10767;10767;1992-10-27;0.0007888269156213;0.07888269156213;3.2123023140876237
10768;10768;1992-10-28;0.0039112282093993;0.39112282093993;3.216213542297023
10769;10769;1992-10-29;0.0017360020737671;0.17360020737671;3.21794954437079
10770;10770;1992-10-30;-0.0051933129017012;-0.51933129017012;3.212756231469089
10771;10771;1992-11-02;0.0096740995112201;0.96740995112201;3.222430330980309
10772;10772;1992-11-03;-0.0067167398763681;-0.67167398763681;3.215713591103941
10773;10773;1992-11-04;-0.0067143078826257;-0.67143078826257;3.2089992832213152
10774;10774;1992-11-05;0.0029445494444768;0.29445494444768;3.211943832665792
10775;10775;1992-11-06;-0.0018183778947031;-0.18183778947030999;3.210125454771089
10776;10776;1992-11-09;0.0024157994468652;0.24157994468652;3.212541254217954
10777;10777;1992-11-10;7.16642188587358e-05;0.00716642188587358;3.212612918436813
10778;10778;1992-11-11;0.0085155886015746;0.85155886015746;3.2211285070383875
10779;10779;1992-11-12;0.0015856275452295;0.15856275452295002;3.222714134583617
10780;10780;1992-11-13;-0.0010410553554605;-0.10410553554605;3.2216730792281565
10781;10781;1992-11-16;-0.004151303014436;-0.4151303014436;3.2175217762137205
10782;10782;1992-11-17;-0.0033573554489203;-0.33573554489203;3.2141644207648
10783;10783;1992-11-18;0.0085024428544793;0.8502442854479301;3.2226668636192795
10784;10784;1992-11-19;0.0017956647975978;0.17956647975978002;3.2244625284168773
10785;10785;1992-11-20;0.0071508057042857;0.71508057042857;3.231613334121163
10786;10786;1992-11-23;-0.003592520669426;-0.3592520669426;3.228020813451737
10787;10787;1992-11-24;0.0057933129301757;0.5793312930175699;3.2338141263819127
10788;10788;1992-11-25;0.0037349328035309;0.37349328035309;3.2375490591854437
10789;10789;1992-11-27;0.0022575258164634;0.22575258164634002;3.239806585001907
10790;10790;1992-11-30;0.0027625976321177;0.27625976321177;3.242569182634025
10791;10791;1992-12-01;-0.0013223228045671;-0.13223228045670998;3.2412468598294577
10792;10792;1992-12-02;-0.0020681197270429;-0.20681197270429;3.239178740102415
10793;10793;1992-12-03;4.64968587152725e-05;0.004649685871527249;3.23922523696113
10794;10794;1992-12-04;0.004988569100333;0.49885691003329996;3.244213806061463
10795;10795;1992-12-07;0.007493953502645;0.7493953502645;3.251707759564108
10796;10796;1992-12-08;0.0038518722922606;0.38518722922605997;3.255559631856369
10797;10797;1992-12-09;-0.0030711337499775;-0.30711337499775;3.2524884981063913
10798;10798;1992-12-10;-0.0023210181501855;-0.23210181501855;3.2501674799562057
10799;10799;1992-12-11;-0.0020958907052808;-0.20958907052807998;3.248071589250925
10800;10800;1992-12-14;-0.0020541105871476;-0.20541105871476;3.246017478663777
10801;10801;1992-12-15;-0.0006239562931407;-0.06239562931407;3.2453935223706365
10802;10802;1992-12-16;-0.002430345268884;-0.24303452688840002;3.2429631771017524
10803;10803;1992-12-17;0.0090201986095408;0.9020198609540799;3.2519833757112933
10804;10804;1992-12-18;0.0133455598291281;1.33455598291281;3.2653289355404214
10805;10805;1992-12-21;-0.0013151932614539;-0.13151932614539;3.2640137422789675
10806;10806;1992-12-22;-0.0008853793283858;-0.08853793283858001;3.2631283629505816
10807;10807;1992-12-23;-0.0029112741565748;-0.29112741565748;3.2602170887940067
10808;10808;1992-12-24;0.0016840923645862;0.16840923645862002;3.261901181158593
10809;10809;1992-12-28;-0.0014108112566049;-0.14108112566049;3.260490369901988
10810;10810;1992-12-29;-0.0026677543516235;-0.26677543516234997;3.2578226155503645
10811;10811;1992-12-30;0.0019160498169288;0.19160498169287998;3.2597386653672933
10812;10812;1992-12-31;-0.0071124583894191;-0.71124583894191;3.252626206977874
10813;10813;1993-01-04;-0.0007576393192447;-0.07576393192447;3.2518685676586294
10814;10814;1993-01-05;-0.0023915961332807;-0.23915961332807;3.2494769715253486
10815;10815;1993-01-06;0.0004143199265298;0.04143199265298;3.2498912914518785
10816;10816;1993-01-07;-0.0087604790263418;-0.87604790263418;3.2411308124255367
10817;10817;1993-01-08;-0.0039080349395561;-0.39080349395561;3.2372227774859805
10818;10818;1993-01-11;0.0044186676545043;0.44186676545043;3.241641445140485
10819;10819;1993-01-12;0.0002088121628656;0.02088121628656;3.2418502573033505
10820;10820;1993-01-13;0.0046060932560845;0.46060932560845;3.246456350559435
10821;10821;1993-01-14;0.0066976164303378;0.66976164303378;3.253153966989773
10822;10822;1993-01-15;0.0027717481134805;0.27717481134805;3.2559257151032535
10823;10823;1993-01-18;-0.0007093857287774;-0.07093857287774;3.255216329374476
10824;10824;1993-01-19;-0.0039221376655795;-0.39221376655795004;3.2512941917088964
10825;10825;1993-01-20;-0.0040529934583082;-0.40529934583082;3.247241198250588
10826;10826;1993-01-21;0.0048799559048005;0.48799559048005003;3.2521211541553887
10827;10827;1993-01-22;0.0014226597575808;0.14226597575807998;3.2535438139129695
10828;10828;1993-01-25;0.0089030059421793;0.8903005942179301;3.262446819855149
10829;10829;1993-01-26;-0.0001363652861332;-0.013636528613320001;3.2623104545690156
10830;10830;1993-01-27;-0.0041911252071766;-0.41911252071766003;3.258119329361839
10831;10831;1993-01-28;0.0012546484917397;0.12546484917397002;3.2593739778535786
10832;10832;1993-01-29;0.000273511579909;0.0273511579909;3.2596474894334877
10833;10833;1993-02-01;0.0084874900772078;0.84874900772078;3.2681349795106955
10834;10834;1993-02-02;6.77889902291895e-05;0.006778899022918949;3.2682027685009247
10835;10835;1993-02-03;0.0104525233752151;1.04525233752151;3.27865529187614
10836;10836;1993-02-04;0.0052633735267511;0.5263373526751101;3.283918665402891
10837;10837;1993-02-05;-0.001402364210084;-0.1402364210084;3.282516301192807
10838;10838;1993-02-08;-0.0024085896726404;-0.24085896726404;3.2801077115201664
10839;10839;1993-02-09;-0.0056428171398543;-0.5642817139854299;3.274464894380312
10840;10840;1993-02-10;0.0020189876345959;0.20189876345959;3.276483882014908
10841;10841;1993-02-11;0.0031994858335417;0.31994858335417;3.27968336784845
10842;10842;1993-02-12;-0.0069040376251488;-0.69040376251488;3.272779330223301
10843;10843;1993-02-16;-0.0242928384794752;-2.42928384794752;3.248486491743826
10844;10844;1993-02-17;-0.0014068474907817;-0.14068474907817;3.247079644253044
10845;10845;1993-02-18;-0.0032362349768746;-0.32362349768746;3.2438434092761694
10846;10846;1993-02-19;0.0053572543345215;0.53572543345215;3.249200663610691
10847;10847;1993-02-22;0.0023462596979095;0.23462596979095;3.2515469233086005
10848;10848;1993-02-23;-0.0010114524588233;-0.10114524588233001;3.250535470849777
10849;10849;1993-02-24;0.0138639084194621;1.38639084194621;3.264399379269239
10850;10850;1993-02-25;0.0033287720301373;0.33287720301373;3.2677281512993765
10851;10851;1993-02-26;0.0023483933450583;0.23483933450583;3.270076544644435
10852;10852;1993-03-01;-0.0030946725627352;-0.30946725627352;3.2669818720816997
10853;10853;1993-03-02;0.0132374509373268;1.32374509373268;3.2802193230190264
10854;10854;1993-03-03;0.0030318271784421;0.30318271784421;3.2832511501974686
10855;10855;1993-03-04;-0.0042828840554696;-0.42828840554696;3.278968266141999
10856;10856;1993-03-05;-0.0027533981828584;-0.27533981828584003;3.2762148679591405
10857;10857;1993-03-08;0.0190943085613187;1.90943085613187;3.295309176520459
10858;10858;1993-03-09;-0.0006819791161243;-0.06819791161243001;3.294627197404335
10859;10859;1993-03-10;0.0042383493008895;0.42383493008894996;3.2988655467052244
10860;10860;1993-03-11;-0.0057359336087605;-0.57359336087605;3.293129613096464
10861;10861;1993-03-12;-0.0086105651840657;-0.86105651840657;3.284519047912398
10862;10862;1993-03-15;0.0035506018605406;0.35506018605406003;3.2880696497729387
10863;10863;1993-03-16;-0.0001329153763531;-0.01329153763531;3.2879367343965855
10864;10864;1993-03-17;-0.0068024382523681;-0.6802438252368099;3.2811342961442174
10865;10865;1993-03-18;0.0079538676341535;0.7953867634153501;3.289088163778371
10866;10866;1993-03-19;-0.0037913333403949;-0.37913333403948996;3.285296830437976
10867;10867;1993-03-22;-0.0028918846548062;-0.28918846548062;3.2824049457831697
10868;10868;1993-03-23;-0.000267356621161;-0.026735662116099998;3.2821375891620086
10869;10869;1993-03-24;-0.0015387601286054;-0.15387601286053998;3.280598829033403
10870;10870;1993-03-25;0.0062517539679563;0.62517539679563;3.2868505830013595
10871;10871;1993-03-26;-0.0068992016616285;-0.68992016616285;3.279951381339731
10872;10872;1993-03-29;0.0066551690519061;0.66551690519061;3.286606550391637
10873;10873;1993-03-30;0.0026586009706361;0.26586009706360997;3.2892651513622733
10874;10874;1993-03-31;-0.0006639546863196;-0.06639546863196;3.2886011966759536
10875;10875;1993-04-01;-0.0030378528157095;-0.30378528157095;3.285563343860244
10876;10876;1993-04-02;-0.0199851282971082;-1.9985128297108201;3.265578215563136
10877;10877;1993-04-05;0.002036923516961;0.2036923516961;3.267615139080097
10878;10878;1993-04-06;-0.0025581653735269;-0.25581653735269;3.26505697370657
10879;10879;1993-04-07;0.0035524977644536;0.35524977644536004;3.2686094714710237
10880;10880;1993-04-08;-0.0020123117295236;-0.20123117295236;3.2665971597415
10881;10881;1993-04-12;0.0146709567189012;1.46709567189012;3.281268116460401
10882;10882;1993-04-13;0.0018939744379471;0.18939744379471;3.2831620908983483
10883;10883;1993-04-14;-0.0012473761961331;-0.12473761961331;3.281914714702215
10884;10884;1993-04-15;-0.0005796936835009;-0.057969368350090006;3.281335021018714
10885;10885;1993-04-16;0.0012035751612424;0.12035751612424;3.2825385961799567
10886;10886;1993-04-19;-0.0033021248469378;-0.33021248469378;3.279236471333019
10887;10887;1993-04-20;-0.0052881386294743;-0.52881386294743;3.2739483327035446
10888;10888;1993-04-21;-0.0033080965476246;-0.33080965476246;3.27064023615592
10889;10889;1993-04-22;-0.0094442129648602;-0.9444212964860201;3.2611960231910597
10890;10890;1993-04-23;-0.0055448396527353;-0.55448396527353;3.2556511835383244
10891;10891;1993-04-26;-0.0080177554105977;-0.80177554105977;3.2476334281277266
10892;10892;1993-04-27;0.0102576790704711;1.02576790704711;3.2578911071981977
10893;10893;1993-04-28;2.27823248328818e-05;0.00227823248328818;3.2579138895230306
10894;10894;1993-04-29;0.0019843000570301;0.19843000570300998;3.2598981895800607
10895;10895;1993-04-30;0.0029576100525359;0.29576100525359;3.2628557996325966
10896;10896;1993-05-03;0.005143588110041;0.5143588110041;3.2679993877426377
10897;10897;1993-05-04;0.0035870971395102;0.35870971395101997;3.271586484882148
10898;10898;1993-05-05;0.0010578818911231;0.10578818911231001;3.272644366773271
10899;10899;1993-05-06;-0.0028384956800016;-0.28384956800016004;3.2698058710932694
10900;10900;1993-05-07;-0.0021455387058129;-0.21455387058129;3.2676603323874565
10901;10901;1993-05-10;0.0011071845483732;0.11071845483731999;3.2687675169358297
10902;10902;1993-05-11;0.0035168372228966;0.35168372228966;3.2722843541587263
10903;10903;1993-05-12;0.0009897050008476;0.09897050008476;3.273274059159574
10904;10904;1993-05-13;-0.0126014970406283;-1.26014970406283;3.2606725621189456
10905;10905;1993-05-14;0.0007510031113922;0.07510031113922;3.261423565230338
10906;10906;1993-05-17;0.0018410492544438;0.18410492544438;3.2632646144847817
10907;10907;1993-05-18;-0.0001135200807098;-0.01135200807098;3.263151094404072
10908;10908;1993-05-19;0.0163312145004255;1.63312145004255;3.2794823089044973
10909;10909;1993-05-20;0.0067248605397098;0.67248605397098;3.286207169444207
10910;10910;1993-05-21;-0.0105976919531354;-1.05976919531354;3.275609477491072
10911;10911;1993-05-24;0.0048330981255322;0.48330981255322003;3.280442575616604
10912;10912;1993-05-25;0.0018955371552067;0.18955371552067;3.2823381127718108
10913;10913;1993-05-26;0.010174191342851;1.0174191342851;3.292512304114662
10914;10914;1993-05-27;-0.0022741037413878;-0.22741037413878;3.290238200373274
10915;10915;1993-05-28;-0.0049191368532186;-0.49191368532186003;3.2853190635200553
10916;10916;1993-06-01;0.0080529296149576;0.8052929614957601;3.293371993135013
10917;10917;1993-06-02;4.41102594690435e-05;0.00441102594690435;3.293416103394482
10918;10918;1993-06-03;-0.0030011188445282;-0.30011188445282;3.2904149845499537
10919;10919;1993-06-04;-0.0053847385825864;-0.53847385825864;3.2850302459673673
10920;10920;1993-06-07;-0.0052798696868849;-0.52798696868849;3.2797503762804823
10921;10921;1993-06-08;-0.0066786689830165;-0.66786689830165;3.2730717072974658
10922;10922;1993-06-09;0.0024031904389412;0.24031904389412;3.275474897736407
10923;10923;1993-06-10;-0.0008976929509092;-0.08976929509091999;3.2745772047854977
10924;10924;1993-06-11;0.0042122417730521;0.42122417730521;3.27878944655855
10925;10925;1993-06-14;0.0010055779242099;0.10055779242098999;3.27979502448276
10926;10926;1993-06-15;-0.0032215559131696;-0.32215559131696;3.27657346856959
10927;10927;1993-06-16;0.0025959598854274;0.25959598854274;3.2791694284550177
10928;10928;1993-06-17;0.0024777985098438;0.24777985098438;3.2816472269648616
10929;10929;1993-06-18;-0.0108943176729115;-1.08943176729115;3.27075290929195
10930;10930;1993-06-21;0.0057085400939795;0.5708540093979501;3.2764614493859296
10931;10931;1993-06-22;-0.0006501328524688;-0.06501328524687999;3.275811316533461
10932;10932;1993-06-23;-0.0061633968174783;-0.61633968174783;3.2696479197159825
10933;10933;1993-06-24;0.0077095334971781;0.77095334971781;3.2773574532131606
10934;10934;1993-06-25;0.002191879831054;0.21918798310539997;3.2795493330442147
10935;10935;1993-06-28;0.0094502897841124;0.94502897841124;3.288999622828327
10936;10936;1993-06-29;-0.0025705334466259;-0.25705334466259;3.286429089381701
10937;10937;1993-06-30;-0.0003550808936854;-0.035508089368540004;3.286074008488016
10938;10938;1993-07-01;-0.0033572596041224;-0.33572596041224;3.2827167488838933
10939;10939;1993-07-02;-0.0071072713928215;-0.71072713928215;3.275609477491072
10940;10940;1993-07-06;-0.0099406930698107;-0.99406930698107;3.265668784421261
10941;10941;1993-07-07;0.0031664786407343;0.31664786407343004;3.2688352630619955
10942;10942;1993-07-08;0.0130348979801731;1.3034897980173101;3.2818701610421686
10943;10943;1993-07-09;-0.0011821133241634;-0.11821133241633999;3.280688047718005
10944;10944;1993-07-12;0.0019396633039132;0.19396633039132;3.2826277110219184
10945;10945;1993-07-13;-0.0019842716512172;-0.19842716512172;3.280643439370701
10946;10946;1993-07-14;0.0044312196887101;0.44312196887101;3.2850746590594113
10947;10947;1993-07-15;-0.001912568161063;-0.19125681610630002;3.2831620908983483
10948;10948;1993-07-16;-0.007754490953479;-0.7754490953479;3.2754075999448693
10949;10949;1993-07-19;0.0006279553466432;0.06279553466432;3.2760355552915126
10950;10950;1993-07-20;0.0028656499882213;0.28656499882213;3.278901205279734
10951;10951;1993-07-21;-0.0002906796101092;-0.029067961010919997;3.2786105256696247
10952;10952;1993-07-22;-0.0059886080825712;-0.5988608082571201;3.2726219175870535
10953;10953;1993-07-23;0.0058097222743169;0.58097222743169;3.2784316398613704
10954;10954;1993-07-26;0.0044410075233987;0.44410075233986995;3.282872647384769
10955;10955;1993-07-27;-0.001894523235598;-0.18945232355980002;3.280978124149171
10956;10956;1993-07-28;-0.0023452162438806;-0.23452162438805998;3.2786329079052905
10957;10957;1993-07-29;0.0067971870119754;0.6797187011975401;3.285430094917266
10958;10958;1993-07-30;-0.004697371665415;-0.4697371665415;3.280732723251851
10959;10959;1993-08-02;0.0044974671753639;0.44974671753639;3.2852301904272148
10960;10960;1993-08-03;-0.0019568283948343;-0.19568283948343002;3.2832733620323804
10961;10961;1993-08-04;-0.0016261350675188;-0.16261350675188;3.2816472269648616
10962;10962;1993-08-05;-0.0009145037130107;-0.09145037130106999;3.280732723251851
10963;10963;1993-08-06;0.0012265431254716;0.12265431254716;3.2819592663773225
10964;10964;1993-08-09;0.0045363831710316;0.45363831710316;3.286495649548354
10965;10965;1993-08-10;-0.0028216666280283;-0.28216666280283;3.283673982920326
10966;10966;1993-08-11;0.0022446231749491;0.22446231749491002;3.285918606095275
10967;10967;1993-08-12;-0.0033354860258896;-0.33354860258895996;3.2825831200693854
10968;10968;1993-08-13;0.0026249019456496;0.26249019456496003;3.285208022015035
10969;10969;1993-08-16;0.0049638668390743;0.49638668390743;3.2901718888541094
10970;10970;1993-08-17;0.001656525412689;0.1656525412689;3.2918284142667984
10971;10971;1993-08-18;0.0064014736354502;0.64014736354502;3.2982298879022487
10972;10972;1993-08-19;0.0008547876048323;0.08547876048323;3.299084675507081
10973;10973;1993-08-20;-0.0005916983722471;-0.05916983722471;3.298492977134834
10974;10974;1993-08-23;-0.0020408240324689;-0.20408240324689;3.296452153102365
10975;10975;1993-08-24;0.0099235306157066;0.99235306157066;3.3063756837180716
10976;10976;1993-08-25;0.0007827286025197;0.07827286025197;3.3071584123205913
10977;10977;1993-08-26;0.0019757575305217;0.19757575305217;3.309134169851113
10978;10978;1993-08-27;-0.0010850930777444;-0.10850930777444;3.3080490767733686
10979;10979;1993-08-30;0.0029486708749857;0.29486708749857;3.3109977476483543
10980;10980;1993-08-31;0.0035874177050185;0.35874177050185;3.314585165353373
10981;10981;1993-09-01;-0.0008848594064838;-0.08848594064838;3.313700305946889
10982;10982;1993-09-02;-0.0040023981949355;-0.40023981949355;3.3096979077519535
10983;10983;1993-09-03;8.67250514149376e-05;0.00867250514149376;3.3097846328033684
10984;10984;1993-09-07;-0.0061314023451704;-0.61314023451704;3.303653230458198
10985;10985;1993-09-08;-0.0040866672580568;-0.40866672580568003;3.299566563200141
10986;10986;1993-09-09;0.0018596647170534;0.18596647170534;3.3014262279171946
10987;10987;1993-09-10;0.0091817641969509;0.91817641969509;3.3106079921141456
10988;10988;1993-09-13;0.000736099538245;0.0736099538245;3.3113440916523906
10989;10989;1993-09-14;-0.0046856869512081;-0.46856869512081;3.3066584047011824
10990;10990;1993-09-15;0.0036896666925931;0.36896666925931;3.3103480713937756
10991;10991;1993-09-16;-0.0047121527369817;-0.47121527369817;3.305635918656794
10992;10992;1993-09-17;-0.0013068327019798;-0.13068327019798;3.304329085954814
10993;10993;1993-09-20;-0.0082724661005588;-0.82724661005588;3.296056619854255
10994;10994;1993-09-21;-0.0046255060443494;-0.46255060443493995;3.2914311138099057
10995;10995;1993-09-22;0.0071495655462534;0.71495655462534;3.298580679356159
10996;10996;1993-09-23;0.0033699793291894;0.33699793291894;3.3019506586853486
10997;10997;1993-09-24;-0.0002403072006513;-0.02403072006513;3.3017103514846973
10998;10998;1993-09-27;0.0090708626520417;0.9070862652041701;3.310781214136739
10999;10999;1993-09-28;-0.0005848158545616;-0.05848158545616;3.3101963982821774
11000;11000;1993-09-29;-0.0030814963506609;-0.30814963506609;3.3071149019315165
11001;11001;1993-09-30;-0.0025678809989839;-0.25678809989839;3.3045470209325325
11002;11002;1993-10-01;0.0051075539912979;0.51075539912979;3.3096545749238304
11003;11003;1993-10-04;0.000130057879538;0.013005787953800002;3.3097846328033684
11004;11004;1993-10-05;-0.0003034751877653;-0.03034751877653;3.309481157615603
11005;11005;1993-10-06;-0.0009979435476923;-0.09979435476923;3.308483214067911
11006;11006;1993-10-07;-0.0033915960609736;-0.33915960609736;3.305091618006937
11007;11007;1993-10-08;0.0024578963989769;0.24578963989768998;3.307549514405914
11008;11008;1993-10-11;0.0012375450686432;0.12375450686431999;3.3087870594745574
11009;11009;1993-10-12;0.000520585695054;0.0520585695054;3.3093076451696115
11010;11010;1993-10-13;0.0008020615988346;0.08020615988346;3.310109706768446
11011;11011;1993-10-14;0.0115047742853047;1.15047742853047;3.321614481053751
11012;11012;1993-10-15;0.0057031607961857;0.57031607961857;3.3273176418499366
11013;11013;1993-10-18;-0.002238900634726;-0.2238900634726;3.3250787412152105
11014;11014;1993-10-19;-0.0047932409251387;-0.47932409251387;3.3202855002900717
11015;11015;1993-10-20;-0.000300304632411;-0.0300304632411;3.3199851956576607
11016;11016;1993-10-21;-0.0015245850866456;-0.15245850866455998;3.318460610571015
11017;11017;1993-10-22;-0.004501253647521;-0.45012536475209997;3.313959356923494
11018;11018;1993-10-25;0.0020055059693877;0.20055059693877003;3.3159648628928817
11019;11019;1993-10-26;0.0002153494892542;0.02153494892542;3.316180212382136
11020;11020;1993-10-27;0.000667442530533;0.06674425305329999;3.316847654912669
11021;11021;1993-10-28;0.0066929181633614;0.66929181633614;3.3235405730760306
11022;11022;1993-10-29;0.0002137244016289;0.02137244016289;3.3237542974776595
11023;11023;1993-11-01;0.0027110238488212;0.27110238488211996;3.3264653213264808
11024;11024;1993-11-02;-0.0014079486814351;-0.14079486814351;3.3250573726450456
11025;11025;1993-11-03;-0.011637803502933;-1.1637803502933;3.3134195691421127
11026;11026;1993-11-04;-0.0120152212457043;-1.20152212457043;3.3014043478964084
11027;11027;1993-11-05;0.0045362802295549;0.45362802295549;3.3059406281259633
11028;11028;1993-11-08;0.0013916025672919;0.13916025672919;3.3073322306932553
11029;11029;1993-11-09;0.0002607078531022;0.026070785310219998;3.3075929385463576
11030;11030;1993-11-10;0.0073373286139357;0.73373286139357;3.3149302671602934
11031;11031;1993-11-11;-0.0023316776860937;-0.23316776860937;3.3125985894741996
11032;11032;1993-11-12;0.0059265497028002;0.59265497028002;3.318525139177
11033;11033;1993-11-15;-0.0035301820537361;-0.35301820537361;3.3149949571232638
11034;11034;1993-11-16;0.0064267220998877;0.64267220998877;3.3214216792231515
11035;11035;1993-11-17;-0.0041436203881524;-0.41436203881524;3.317278058834999
11036;11036;1993-11-18;-0.0025634752445267;-0.25634752445267;3.3147145835904723
11037;11037;1993-11-19;-0.0022024776213456;-0.22024776213456;3.3125121059691267
11038;11038;1993-11-22;-0.0075293575163888;-0.75293575163888;3.304982748452738
11039;11039;1993-11-23;0.0041297093810364;0.41297093810364;3.3091124578337743
11040;11040;1993-11-24;0.0028806613516581;0.28806613516581;3.3119931191854324
11041;11041;1993-11-26;0.0015128550201444;0.15128550201444;3.313505974205577
11042;11042;1993-11-29;-0.0025082265572224;-0.25082265572224;3.3109977476483543
11043;11043;1993-11-30;-0.0002381426672641;-0.023814266726410002;3.31075960498109
11044;11044;1993-12-01;0.0002165381902656;0.02165381902656;3.310976143171356
11045;11045;1993-12-02;0.0026377745024097;0.26377745024097;3.3136139176737656
11046;11046;1993-12-03;0.0038362762565951;0.38362762565951003;3.3174501939303607
11047;11047;1993-12-06;0.0033070897013116;0.33070897013116;3.3207572836316723
11048;11048;1993-12-07;0.0007072879321397;0.07072879321396999;3.321464571563812
11049;11049;1993-12-08;-0.0010074508979833;-0.10074508979833;3.3204571206658287
11050;11050;1993-12-09;-0.0045353845096176;-0.45353845096176;3.315921736156211
11051;11051;1993-12-10;-0.0005387292666121;-0.05387292666121;3.315383006889599
11052;11052;1993-12-13;0.0038080120680126;0.38080120680126;3.3191910189576115
11053;11053;1993-12-14;-0.0056850447520346;-0.5685044752034599;3.313505974205577
11054;11054;1993-12-15;-0.0026381289122881;-0.26381289122881;3.3108678452932887
11055;11055;1993-12-16;0.003242615117684;0.3242615117684;3.314110460410973
11056;11056;1993-12-17;0.006539645981701;0.6539645981701;3.320650106392674
11057;11057;1993-12-20;-0.0011370564149384;-0.11370564149384;3.3195130499777354
11058;11058;1993-12-21;-0.001181373715327;-0.1181373715327;3.3183316762624084
11059;11059;1993-12-22;0.0043319297671873;0.43319297671872997;3.3226636060295958
11060;11060;1993-12-23;0.0001283791576165;0.012837915761650002;3.3227919851872123
11061;11061;1993-12-27;0.0067383484936396;0.67383484936396;3.329530333680852
11062;11062;1993-12-28;0.0008497111343697;0.08497111343697;3.3303800448152217
11063;11063;1993-12-29;-0.0007647527864564;-0.07647527864564;3.329615292028765
11064;11064;1993-12-30;-0.0041310337402125;-0.41310337402124997;3.3254842582885527
11065;11065;1993-12-31;-0.0046840559537342;-0.46840559537341997;3.3208002023348184
11066;11066;1994-01-03;-0.0021676600892988;-0.21676600892988002;3.3186325422455196
11067;11067;1994-01-04;0.0031105169686087;0.31105169686087;3.3217430592141284
11068;11068;1994-01-05;0.0014125532032416;0.14125532032416;3.32315561241737
11069;11069;1994-01-06;-0.0009200959443562;-0.09200959443562;3.3222355164730137
11070;11070;1994-01-07;0.0059337200687013;0.59337200687013;3.328169236541715
11071;11071;1994-01-10;0.0113631471123847;1.13631471123847;3.3395323836540998
11072;11072;1994-01-11;-0.0024014842112363;-0.24014842112363;3.3371308994428635
11073;11073;1994-01-12;8.43783597268555e-05;0.008437835972685551;3.3372152778025903
11074;11074;1994-01-13;-0.003591679629836;-0.35916796298360004;3.333623598172754
11075;11075;1994-01-14;0.0051510658495379;0.51510658495379;3.338774664022292
11076;11076;1994-01-17;-0.0033959092623696;-0.33959092623695997;3.3353787547599225
11077;11077;1994-01-18;0.0020051972568202;0.20051972568201998;3.3373839520167428
11078;11078;1994-01-19;0.0001053987679693;0.010539876796930001;3.337489350784712
11079;11079;1994-01-20;0.001432713460808;0.1432713460808;3.33892206424552
11080;11080;1994-01-21;-0.0005475623948845;-0.05475623948845;3.3383745018506357
11081;11081;1994-01-24;-0.0058097322866954;-0.5809732286695399;3.33256476956394
11082;11082;1994-01-25;-0.0022271705467877;-0.22271705467876998;3.3303375990171524
11083;11083;1994-01-26;0.0048299016479544;0.48299016479544005;3.335167500665107
11084;11084;1994-01-27;0.0081031245797706;0.81031245797706;3.3432706252448776
11085;11085;1994-01-28;0.0034528394230966;0.34528394230966;3.346723464667974
11086;11086;1994-01-31;0.0060605052867526;0.60605052867526;3.352783969954727
11087;11087;1994-02-01;-0.0041405134763001;-0.41405134763001;3.3486434564784266
11088;11088;1994-02-02;0.0049500007737926;0.49500007737926;3.3535934572522192
11089;11089;1994-02-03;-0.0026799550937397;-0.26799550937397;3.3509135021584795
11090;11090;1994-02-04;-0.0229358055621551;-2.29358055621551;3.3279776965963244
11091;11091;1994-02-07;0.0041420494947619;0.41420494947619;3.3321197460910863
11092;11092;1994-02-08;-0.001506182869793;-0.1506182869793;3.330613563221293
11093;11093;1994-02-09;0.0036447690152874;0.36447690152874;3.3342583322365806
11094;11094;1994-02-10;-0.0081555003870734;-0.8155500387073401;3.326102831849507
11095;11095;1994-02-11;0.0026620965740722;0.26620965740722;3.3287649284235794
11096;11096;1994-02-14;0.0001063748786904;0.01063748786904;3.32887130330227
11097;11097;1994-02-15;0.00485809070023;0.48580907002299994;3.3337293940025
11098;11098;1994-02-16;0.0005712835110491;0.05712835110491;3.334300677513549
11099;11099;1994-02-17;-0.0051955053877303;-0.5195505387730299;3.3291051721258187
11100;11100;1994-02-18;-0.0056501413718868;-0.56501413718868;3.323455030753932
11101;11101;1994-02-22;0.008028556201852;0.8028556201852;3.331483586955784
11102;11102;1994-02-23;-0.0016345362779874;-0.16345362779874;3.3298490506777965
11103;11103;1994-02-24;-0.0137549458172224;-1.37549458172224;3.316094104860574
11104;11104;1994-02-25;0.0038910907970866;0.38910907970866;3.3199851956576607
11105;11105;1994-02-28;0.0022931782635762;0.22931782635762;3.322278373921237
11106;11106;1994-03-01;-0.0057966476545514;-0.57966476545514;3.3164817262666855
11107;11107;1994-03-02;0.0007963325683135;0.07963325683135;3.317278058834999
11108;11108;1994-03-03;-0.0038800419104418;-0.38800419104418;3.313398016924557
11109;11109;1994-03-04;0.0037294141851207;0.37294141851206997;3.317127431109678
11110;11110;1994-03-07;0.0046584402689324;0.46584402689323995;3.3217858713786104
11111;11111;1994-03-08;-0.0022084272101627;-0.22084272101627;3.3195774441684476
11112;11112;1994-03-09;0.0025296238245466;0.25296238245466;3.3221070679929943
11113;11113;1994-03-10;-0.0067887259674996;-0.67887259674996;3.3153183420254946
11114;11114;1994-03-11;0.0054604001160534;0.54604001160534;3.320778742141548
11115;11115;1994-03-14;0.0020346600782739;0.20346600782739002;3.322813402219822
11116;11116;1994-03-15;-0.0008133668895178;-0.08133668895177999;3.322000035330304
11117;11117;1994-03-16;0.0051472256584599;0.5147225658459901;3.327147260988764
11118;11118;1994-03-17;0.0031478267208049;0.31478267208049;3.330295087709569
11119;11119;1994-03-18;0.0003397256845252;0.03397256845252;3.330634813394094
11120;11120;1994-03-21;-0.0053639740812307;-0.53639740812307;3.3252708393128634
11121;11121;1994-03-22;0.0005547165542889;0.055471655428889995;3.3258255558671523
11122;11122;1994-03-23;-0.0005547165542889;-0.055471655428889995;3.3252708393128634
11123;11123;1994-03-24;-0.0089829049679393;-0.89829049679393;3.316287934344924
11124;11124;1994-03-25;-0.0081520545487165;-0.81520545487165;3.3081358797962075
11125;11125;1994-03-28;-0.0012600471114474;-0.12600471114474;3.30687583268476
11126;11126;1994-03-29;-0.0164829019045216;-1.64829019045216;3.2903929307802384
11127;11127;1994-03-30;-0.0154341404528955;-1.54341404528955;3.274958790327343
11128;11128;1994-03-31;0.0004936521342386;0.049365213423859994;3.2754524424615816
11129;11129;1994-04-04;-0.0154859055192107;-1.54859055192107;3.259966536942371
11130;11130;1994-04-05;0.0211231707569493;2.11231707569493;3.28108970769932
11131;11131;1994-04-06;-0.0005355579501982;-0.05355579501982;3.280554149749122
11132;11132;1994-04-07;0.0062964332522375;0.62964332522375;3.2868505830013595
11133;11133;1994-04-08;-0.008418943139989;-0.8418943139988999;3.2784316398613704
11134;11134;1994-04-11;0.0061763443649702;0.61763443649702;3.2846079842263407
11135;11135;1994-04-12;-0.0051256753218433;-0.51256753218433;3.2794823089044973
11136;11136;1994-04-13;-0.0029312014880602;-0.29312014880602;3.276551107416437
11137;11137;1994-04-14;0.0002688541824396;0.02688541824396;3.2768199615988767
11138;11138;1994-04-15;-0.0004481760414893;-0.04481760414893;3.2763717855573873
11139;11139;1994-04-18;-0.0083723978147496;-0.8372397814749599;3.2679993877426377
11140;11140;1994-04-19;0.0001808316389109;0.01808316389109;3.2681802193815486
11141;11141;1994-04-20;-0.0013115162987889;-0.13115162987889;3.2668687030827597
11142;11142;1994-04-21;0.0152020351966558;1.52020351966558;3.2820707382794154
11143;11143;1994-04-22;-0.0024543855874172;-0.24543855874172;3.279616352691998
11144;11144;1994-04-25;0.011284714511401;1.1284714511401;3.290901067203399
11145;11145;1994-04-26;-0.0018572072220139;-0.18572072220139;3.289043859981385
11146;11146;1994-04-28;-0.0061489233260205;-0.61489233260205;3.2828949366553646
11147;11147;1994-04-29;0.0040221784648064;0.40221784648064;3.286917115120171
11148;11148;1994-05-02;0.0046684784187807;0.46684784187807005;3.2915855935389517
11149;11149;1994-05-03;2.20959111150165e-05;0.00220959111150165;3.2916076894500668
11150;11150;1994-05-04;-0.002895825179217;-0.2895825179217;3.2887118642708497
11151;11151;1994-05-05;-0.0007529531919043;-0.07529531919042999;3.2879589110789453
11152;11152;1994-05-06;-0.0079181862828532;-0.79181862828532;3.280040724796092
11153;11153;1994-05-09;-0.012357763739149;-1.2357763739149;3.267682961056943
11154;11154;1994-05-10;0.0083077778590672;0.83077778590672;3.2759907389160103
11155;11155;1994-05-11;-0.0101860486340879;-1.01860486340879;3.2658046902819224
11156;11156;1994-05-12;0.0051059937093223;0.5105993709322301;3.2709106839912447
11157;11157;1994-05-13;0.0008785210296222;0.08785210296222;3.271789205020867
11158;11158;1994-05-16;0.0007876731960996;0.07876731960996;3.2725768782169666
11159;11159;1994-05-17;0.0109190557067009;1.09190557067009;3.2834959339236676
11160;11160;1994-05-18;0.0095675591170065;0.95675591170065;3.293063493040674
11161;11161;1994-05-19;0.0061307617235755;0.61307617235755;3.2991942547642497
11162;11162;1994-05-20;-0.0034233036699342;-0.34233036699342;3.2957709510943154
11163;11163;1994-05-23;-0.0037880522604689;-0.37880522604689;3.2919828988338464
11164;11164;1994-05-24;0.0035461892918826;0.35461892918826;3.295529088125729
11165;11165;1994-05-25;0.0033583920279198;0.33583920279198;3.298887480153649
11166;11166;1994-05-26;0.0015765319769149;0.15765319769149;3.300464012130564
11167;11167;1994-05-27;0.0005905336066129;0.059053360661289994;3.301054545737177
11168;11168;1994-05-31;-0.0018165025005343;-0.18165025005343;3.2992380432366426
11169;11169;1994-06-01;0.0024723082480546;0.24723082480546002;3.3017103514846973
11170;11170;1994-06-02;4.36784372546128e-05;0.00436784372546128;3.301754029921952
11171;11171;1994-06-03;0.0054043823986393;0.5404382398639299;3.3071584123205913
11172;11172;1994-06-06;-0.0027203202516767;-0.27203202516767;3.3044380920689145
11173;11173;1994-06-07;-0.0014611741969288;-0.14611741969288;3.3029769178719857
11174;11174;1994-06-08;-0.0025129057414217;-0.25129057414217;3.300464012130564
11175;11175;1994-06-09;0.001748758839545;0.1748758839545;3.302212770970109
11176;11176;1994-06-10;0.0017675978149585;0.17675978149585;3.3039803687850675
11177;11177;1994-06-13;0.0009370387407763;0.09370387407762999;3.304917407525844
11178;11178;1994-06-14;0.0070973612226321;0.70973612226321;3.312014768748476
11179;11179;1994-06-15;-0.0038137601494758;-0.38137601494758;3.308201008599
11180;11180;1994-06-16;0.002861683899451;0.2861683899451;3.311062692498451
11181;11181;1994-06-17;-0.0075620886257672;-0.75620886257672;3.303500603872684
11182;11182;1994-06-20;-0.0064994285783139;-0.64994285783139;3.29700117529437
11183;11183;1994-06-21;-0.0091309052114851;-0.91309052114851;3.287870270082885
11184;11184;1994-06-22;0.0038698455368262;0.38698455368262;3.291740115619711
11185;11185;1994-06-23;-0.0076657389657874;-0.76657389657874;3.2840743766539235
11186;11186;1994-06-24;-0.0153068597180939;-1.53068597180939;3.2687675169358297
11187;11187;1994-06-27;0.0101336883439043;1.01336883439043;3.278901205279734
11188;11188;1994-06-28;-0.0027759560082687;-0.27759560082687;3.276125249271465
11189;11189;1994-06-29;0.0034911034205329;0.34911034205329;3.279616352691998
11190;11190;1994-06-30;-0.0075345485325755;-0.75345485325755;3.2720818041594226
11191;11191;1994-07-01;0.0043348479343974;0.43348479343974;3.27641665209382
11192;11192;1994-07-05;0.0003808844140449;0.03808844140449;3.276797536507865
11193;11193;1994-07-06;-0.0005377927300482;-0.05377927300482;3.2762597437778167
11194;11194;1994-07-07;0.0050306977453118;0.50306977453118;3.2812904415231285
11195;11195;1994-07-08;0.0026059574159118;0.26059574159118;3.2838963989390404
11196;11196;1994-07-11;-0.003319908182326;-0.3319908182326;3.2805764907567143
11197;11197;1994-07-12;-0.0002455017228042;-0.02455017228042;3.28033098903391
11198;11198;1994-07-13;0.0017397492455053;0.17397492455052999;3.2820707382794154
11199;11199;1994-07-14;0.0103754071545108;1.03754071545108;3.292446145433926
11200;11200;1994-07-15;0.0016527654376323;0.16527654376323;3.2940989108715586
11201;11201;1994-07-18;0.0023312531048391;0.23312531048390997;3.2964301639763978
11202;11202;1994-07-19;-0.0029920733831421;-0.29920733831421004;3.2934380905932557
11203;11203;1994-07-20;-0.0049919018300359;-0.49919018300359;3.2884461887632197
11204;11204;1994-07-21;0.002233948817377;0.22339488173770003;3.2906801375805967
11205;11205;1994-07-22;0.0011040941292099;0.11040941292099;3.2917842317098067
11206;11206;1994-07-25;0.0025128187680927;0.25128187680927;3.2942970504778994
11207;11207;1994-07-26;-0.001961228501206;-0.19612285012060002;3.2923358219766934
11208;11208;1994-07-27;-0.0017440159994892;-0.17440159994892;3.290591805977204
11209;11209;1994-07-28;0.0036832079342819;0.36832079342819;3.294275013911486
11210;11210;1994-07-29;0.0088110597430022;0.88110597430022;3.3030860736544883
11211;11211;1994-08-01;0.0059830259739843;0.59830259739843;3.3090690996284726
11212;11212;1994-08-02;-0.0009766204018388;-0.09766204018388;3.3080924792266337
11213;11213;1994-08-03;0.0019305956915554;0.19305956915554;3.310023074918189
11214;11214;1994-08-04;-0.0066315794050453;-0.6631579405045299;3.303391495513144
11215;11215;1994-08-05;-0.0028618530151174;-0.28618530151174;3.3005296424980264
11216;11216;1994-08-08;0.0017487140576921;0.17487140576921;3.3022783565557186
11217;11217;1994-08-09;6.55114032248605e-05;0.0065511403224860505;3.3023438679589434
11218;11218;1994-08-10;0.0051838999959166;0.51838999959166;3.30752776795486
11219;11219;1994-08-11;-0.0030896758859455;-0.30896758859455004;3.3044380920689145
11220;11220;1994-08-12;0.0066462679802841;0.6646267980284101;3.3110843600491986
11221;11221;1994-08-15;-0.0015381590172651;-0.15381590172651;3.3095462010319334
11222;11222;1994-08-16;0.0081620744070622;0.81620744070622;3.3177082754389957
11223;11223;1994-08-17;0.0003440258823488;0.03440258823488;3.3180523013213445
11224;11224;1994-08-18;-0.004308772730333;-0.4308772730333;3.3137435285910115
11225;11225;1994-08-19;0.0011004586463068;0.11004586463068;3.3148439872373183
11226;11226;1994-08-22;-0.0029373368851493;-0.29373368851493;3.311906650352169
11227;11227;1994-08-23;0.0047258009249651;0.47258009249651;3.316632451277134
11228;11228;1994-08-24;0.0096836220778362;0.96836220778362;3.3263160733549704
11229;11229;1994-08-25;-0.002027536446401;-0.20275364464009998;3.3242885369085693
11230;11230;1994-08-26;0.0121460726905926;1.21460726905926;3.336434609599162
11231;11231;1994-08-29;0.0016659985787566;0.16659985787566;3.3381006081779185
11232;11232;1994-08-30;0.0031136519702812;0.31136519702812;3.3412142601481998
11233;11233;1994-08-31;-0.001219086707433;-0.1219086707433;3.3399951734407667
11234;11234;1994-09-01;-0.0048910708107152;-0.48910708107151996;3.3351041026300514
11235;11235;1994-09-02;-0.0046179182917836;-0.46179182917836004;3.330486184338268
11236;11236;1994-09-06;0.001845458492828;0.18454584928280002;3.332331642831096
11237;11237;1994-09-07;-0.001845458492828;-0.18454584928280002;3.330486184338268
11238;11238;1994-09-08;0.0045545183507016;0.45545183507016;3.3350407026889695
11239;11239;1994-09-09;-0.01053853708214;-1.053853708214;3.3245021656068294
11240;11240;1994-09-12;-0.0042166653167576;-0.42166653167575996;3.3202855002900717
11241;11241;1994-09-13;0.0027846031757663;0.27846031757663;3.323070103465838
11242;11242;1994-09-14;0.0027554524013142;0.27554524013142;3.3258255558671523
11243;11243;1994-09-15;0.0127385071355572;1.27385071355572;3.3385640630027096
11244;11244;1994-09-16;-0.0076533058552055;-0.76533058552055;3.330910757147504
11245;11245;1994-09-19;-0.0007218292469008;-0.07218292469008;3.330188927900603
11246;11246;1994-09-20;-0.0160353273139258;-1.60353273139258;3.3141536005866774
11247;11247;1994-09-21;-0.0041089005913566;-0.41089005913566;3.310044699995321
11248;11248;1994-09-22;-0.000411825792602;-0.0411825792602;3.309632874202719
11249;11249;1994-09-23;-0.0034746619894257;-0.34746619894257;3.306158212213293
11250;11250;1994-09-26;0.0024986573962246;0.24986573962246;3.3086568696095178
11251;11251;1994-09-27;0.002665557954935;0.2665557954935;3.311322427564453
11252;11252;1994-09-28;0.0060201673867279;0.6020167386727899;3.317342594951181
11253;11253;1994-09-29;-0.0056090366654197;-0.56090366654197;3.311733558285761
11254;11254;1994-09-30;0.0010162734204151;0.10162734204150999;3.312749831706176
11255;11255;1994-10-03;-0.0020985480575888;-0.20985480575888;3.3106512836485873
11256;11256;1994-10-04;-0.0156060354299257;-1.56060354299257;3.2950452482186616
11257;11257;1994-10-05;-0.0023565592557135;-0.23565592557135;3.292688688962948
11258;11258;1994-10-06;-0.0025610559176341;-0.25610559176340997;3.290127633045314
11259;11259;1994-10-07;0.0060388983628172;0.60388983628172;3.296166531408131
11260;11260;1994-10-10;0.0086201836326766;0.86201836326766;3.304786715040808
11261;11261;1994-10-11;0.0145975362612223;1.45975362612223;3.31938425130203
11262;11262;1994-10-12;-0.0006872581430732;-0.06872581430732;3.318696993158957
11263;11263;1994-10-13;0.0049718465469679;0.49718465469679;3.323668839705925
11264;11264;1994-10-14;0.0027964816205559;0.27964816205559;3.3264653213264808
11265;11265;1994-10-17;-0.0002985203536818;-0.029852035368179996;3.326166800972799
11266;11266;1994-10-18;-0.0027759130527105;-0.27759130527105;3.3233908879200884
11267;11267;1994-10-19;0.0055867151546777;0.55867151546777;3.328977603074766
11268;11268;1994-10-20;-0.0073202400911185;-0.7320240091118501;3.3216573629836477
11269;11269;1994-10-21;-0.004207169053287;-0.4207169053287;3.3174501939303607
11270;11270;1994-10-24;-0.0087716675095475;-0.87716675095475;3.308678526420813
11271;11271;1994-10-25;0.0015178718613642;0.15178718613642;3.3101963982821774
11272;11272;1994-10-26;0.0023589168695901;0.23589168695901;3.3125553151517675
11273;11273;1994-10-27;0.0069577348259679;0.6957734825967901;3.3195130499777354
11274;11274;1994-10-28;0.0168582418702563;1.68582418702563;3.3363712918479917
11275;11275;1994-10-31;-0.0030016997287845;-0.30016997287845;3.3333695921192072
11276;11276;1994-11-01;-0.0083548918044629;-0.8354891804462901;3.3250147003147443
11277;11277;1994-11-02;-0.0040858793924876;-0.40858793924876;3.3209288209222567
11278;11278;1994-11-03;0.0029965005598588;0.29965005598588;3.3239253214821156
11279;11279;1994-11-04;-0.0121052123364471;-1.21052123364471;3.3118201091456685
11280;11280;1994-11-07;0.0017074797359173;0.17074797359173;3.313527588881586
11281;11281;1994-11-08;0.0055560204024853;0.55560204024853;3.319083609284071
11282;11282;1994-11-09;-0.0005370281063967;-0.05370281063967;3.3185465811776744
11283;11283;1994-11-10;-0.0022156004894355;-0.22156004894354997;3.316330980688239
11284;11284;1994-11-11;-0.0043594444857904;-0.43594444857903997;3.3119715362024484
11285;11285;1994-11-14;0.0079492936625582;0.7949293662558201;3.3199208298650067
11286;11286;1994-11-15;-0.0021695691784735;-0.21695691784735;3.317751260686533
11287;11287;1994-11-16;0.0012679225978509;0.12679225978508998;3.319019183284384
11288;11288;1994-11-17;-0.0044124265685345;-0.44124265685345004;3.3146067567158495
11289;11289;1994-11-18;-0.0045403649343969;-0.45403649343969;3.3100663917814526
11290;11290;1994-11-21;-0.0068930832484781;-0.6893083248478099;3.3031733085329744
11291;11291;1994-11-22;-0.0180764114514353;-1.80764114514353;3.285096897081539
11292;11292;1994-11-23;-0.000355554329106;-0.0355554329106;3.284741342752433
11293;11293;1994-11-25;0.0052315873677635;0.52315873677635;3.2899729301201965
11294;11294;1994-11-28;0.004125980751362;0.4125980751362;3.2940989108715586
11295;11295;1994-11-29;0.0022214364344419;0.22214364344419;3.2963203473060005
11296;11296;1994-11-30;-0.0032568542653264;-0.32568542653264004;3.293063493040674
11297;11297;1994-12-01;-0.0105694227326119;-1.05694227326119;3.2824940703080623
11298;11298;1994-12-02;0.0097094043678254;0.97094043678254;3.2922034746758877
11299;11299;1994-12-05;4.41618321094239e-05;0.00441618321094239;3.292247636507997
11300;11300;1994-12-06;-0.0004634047981904;-0.04634047981904;3.2917842317098067
11301;11301;1994-12-07;-0.0041576767951445;-0.41576767951445;3.287626554914662
11302;11302;1994-12-08;-0.0128921776073403;-1.28921776073403;3.274734377307322
11303;11303;1994-12-09;0.00338405090916;0.33840509091599996;3.278118428216482
11304;11304;1994-12-12;0.0056000280712504;0.5600028071250399;3.2837184562877324
11305;11305;1994-12-13;0.0015117341394823;0.15117341394823;3.2852301904272148
11306;11306;1994-12-14;0.0106506376836215;1.06506376836215;3.2958808281108363
11307;11307;1994-12-15;0.0008128989500146;0.08128989500146;3.296693727060851
11308;11308;1994-12-16;0.0075699752407958;0.75699752407958;3.304263702301647
11309;11309;1994-12-19;-0.0019416921106616;-0.19416921106616;3.302322010190985
11310;11310;1994-12-20;-0.0017704685254367;-0.17704685254367;3.3005515416655484
11311;11311;1994-12-21;0.0054760726880811;0.5476072688081101;3.3060276143536296
11312;11312;1994-12-22;0.0001523088509838;0.015230885098380002;3.3061799232046134
11313;11313;1994-12-23;0.0003262476853826;0.03262476853826;3.306506170889996
11314;11314;1994-12-27;0.0057248644577239;0.57248644577239;3.31223103534772
11315;11315;1994-12-28;-0.003487415455301;-0.3487415455301;3.308743619892419
11316;11316;1994-12-29;0.0006724900759333;0.06724900759333;3.3094161099683523
11317;11317;1994-12-30;-0.0041285183056869;-0.41285183056868996;3.3052875916626654
11318;11318;1995-01-03;-0.0003484483681015;-0.03484483681015;3.304939143294564
11319;11319;1995-01-04;0.003478958177701;0.3478958177701;3.308418101472265
11320;11320;1995-01-05;-0.0008034200643276;-0.08034200643276;3.3076146814079372
11321;11321;1995-01-06;0.0007383053994587;0.07383053994587001;3.308352986807396
11322;11322;1995-01-09;0.0003255396134171;0.03255396134171;3.308678526420813
11323;11323;1995-01-10;0.0018428120214997;0.18428120214996999;3.310521338442313
11324;11324;1995-01-11;-4.32971604569232e-05;-0.0043297160456923205;3.310478041281856
11325;11325;1995-01-12;-4.32990351821871e-05;-0.00432990351821871;3.310434742246674
11326;11326;1995-01-13;0.0093358574719166;0.9335857471916601;3.3197705997185905
11327;11327;1995-01-16;0.0072914290604231;0.72914290604231;3.3270620287790136
11328;11328;1995-01-17;0.0014263609179661;0.14263609179661;3.3284883896969797
11329;11329;1995-01-18;-0.0007235826645786;-0.07235826645786;3.327764807032401
11330;11330;1995-01-19;-0.0058932525763726;-0.58932525763726;3.3218715544560284
11331;11331;1995-01-20;-0.0046580380539458;-0.46580380539458;3.3172135164020826
11332;11332;1995-01-23;0.0022351352380614;0.22351352380614;3.319448651640144
11333;11333;1995-01-24;8.58191661681218e-05;0.00858191661681218;3.319534470806312
11334;11334;1995-01-25;0.0033858749201121;0.33858749201120997;3.3229203457264243
11335;11335;1995-01-26;0.0018808353658155;0.18808353658155;3.3248011810922398
11336;11336;1995-01-27;0.0044103318528625;0.44103318528625;3.3292115129451023
11337;11337;1995-01-30;-0.0040047022313576;-0.40047022313576003;3.3252068107137447
11338;11338;1995-01-31;0.0040684728101512;0.40684728101511997;3.329275283523896
11339;11339;1995-02-01;-4.25564929615874e-05;-0.00425564929615874;3.3292327270309343
11340;11340;1995-02-02;0.0050679504826147;0.50679504826147;3.334300677513549
11341;11341;1995-02-03;0.0123182945451763;1.23182945451763;3.3466189720587254
11342;11342;1995-02-06;0.0051886903658422;0.51886903658422;3.3518076624245676
11343;11343;1995-02-07;-0.0006861417090018;-0.06861417090018;3.351121520715566
11344;11344;1995-02-08;0.0007900291471196;0.07900291471196;3.3519115498626855
11345;11345;1995-02-09;-0.0020803435821248;-0.20803435821247998;3.3498312062805606
11346;11346;1995-02-10;0.0026412722873496;0.26412722873496;3.3524724785679103
11347;11347;1995-02-13;0.0003945613801628;0.03945613801628;3.352867039948073
11348;11348;1995-02-14;0.001866820738801;0.1866820738801;3.354733860686874
11349;11349;1995-02-15;0.0041154883515739;0.41154883515739;3.358849349038448
11350;11350;1995-02-16;0.0014023925598776;0.14023925598776;3.3602517415983257
11351;11351;1995-02-17;-0.006720524872219;-0.6720524872218999;3.3535312167261067
11352;11352;1995-02-21;0.0015549039578575;0.15549039578575;3.355086120683964
11353;11353;1995-02-22;0.0048564473683949;0.48564473683949005;3.359942568052359
11354;11354;1995-02-23;0.0037860844402537;0.37860844402537003;3.363728652492613
11355;11355;1995-02-24;0.0024614502664608;0.24614502664608;3.3661901027590737
11356;11356;1995-02-27;-0.008848496030775;-0.8848496030774999;3.3573416067282986
11357;11357;1995-02-28;0.0073723912009899;0.73723912009899;3.3647139979292886
11358;11358;1995-03-01;-0.0035764672339064;-0.35764672339064;3.361137530695382
11359;11359;1995-03-02;-0.0010712809292856;-0.10712809292856;3.3600662497660965
11360;11360;1995-03-03;0.000597615791567;0.0597615791567;3.3606638655576635
11361;11361;1995-03-06;0.0004325050190638;0.043250501906379996;3.3610963705767274
11362;11362;1995-03-07;-0.0072539920258272;-0.72539920258272;3.3538423785509
11363;11363;1995-03-08;0.0021134624227903;0.21134624227903;3.3559558409736905
11364;11364;1995-03-09;4.13722438370456e-05;0.00413722438370456;3.3559972132175275
11365;11365;1995-03-10;0.0131795990933057;1.31795990933057;3.369176812310833
11366;11366;1995-03-13;0.0009799331186775;0.09799331186775;3.3701567454295107
11367;11367;1995-03-14;0.0057786536194965;0.57786536194965;3.3759353990490073
11368;11368;1995-03-15;-0.0020512613780612;-0.20512613780612;3.373884137670946
11369;11369;1995-03-16;0.0071509161648419;0.71509161648419;3.381035053835788
11370;11370;1995-03-17;0.0002219833918211;0.02219833918211;3.381257037227609
11371;11371;1995-03-20;0.0012504811695413;0.12504811695412998;3.3825075183971505
11372;11372;1995-03-21;-0.0021589943440494;-0.21589943440494;3.380348524053101
11373;11373;1995-03-22;0.0012112280946405;0.12112280946405;3.3815597521477416
11374;11374;1995-03-23;0.0005647304418676;0.056473044186759996;3.3821244825896093
11375;11375;1995-03-24;0.0100710816605885;1.00710816605885;3.3921955642501977
11376;11376;1995-03-27;0.0044415081850282;0.44415081850281996;3.396637072435226
11377;11377;1995-03-28;0.0013900945458207;0.13900945458207;3.3980271669810467
11378;11378;1995-03-29;-0.0015491234821665;-0.15491234821665;3.39647804349888
11379;11379;1995-03-30;-0.001790427604595;-0.1790427604595;3.394687615894285
11380;11380;1995-03-31;-0.0030111994915369;-0.30111994915369;3.391676416402748
11381;11381;1995-04-03;0.0022742090144438;0.22742090144438;3.393950625417192
11382;11382;1995-04-04;0.0067322618976275;0.67322618976275;3.4006828873148196
11383;11383;1995-04-05;0.0006529753617501;0.06529753617501;3.4013358626765697
11384;11384;1995-04-06;0.0010082143947496;0.10082143947496001;3.4023440770713194
11385;11385;1995-04-07;0.000671656321546;0.0671656321546;3.4030157333928654
11386;11386;1995-04-10;0.0011643567947778;0.11643567947778001;3.4041800901876433
11387;11387;1995-04-11;-0.0029233650835855;-0.29233650835854996;3.4012567251040577
11388;11388;1995-04-12;0.0032388968386962;0.32388968386961997;3.404495621942754
11389;11389;1995-04-13;0.0040535237544636;0.40535237544636;3.4085491456972177
11390;11390;1995-04-17;-0.0061062393307205;-0.61062393307205;3.402442906366497
11391;11391;1995-04-18;-0.0015027387899611;-0.15027387899611;3.400940167576536
11392;11392;1995-04-19;-0.0008907977436036;-0.08907977436035999;3.4000493698329324
11393;11393;1995-04-20;0.0007325130586446;0.07325130586445999;3.400781882891577
11394;11394;1995-04-21;0.0063129902558314;0.63129902558314;3.4070948731474084
11395;11395;1995-04-24;0.0086158965274334;0.86158965274334;3.415710769674842
11396;11396;1995-04-25;-0.0015415548705659;-0.15415548705659002;3.414169214804276
11397;11397;1995-04-26;0.0010929331426146;0.10929331426146;3.4152621479468905
11398;11398;1995-04-27;0.0017345674997804;0.17345674997804;3.416996715446671
11399;11399;1995-04-28;0.0022563057609064;0.22563057609064;3.4192530212075773
11400;11400;1995-05-01;-0.0008746844216958;-0.08746844216958001;3.4183783367858815
11401;11401;1995-05-02;0.0011659963286883;0.11659963286883;3.41954433311457
11402;11402;1995-05-03;0.0108564343860218;1.08564343860218;3.4304007675005916
11403;11403;1995-05-04;0.0001152677229772;0.01152677229772;3.430516035223569
11404;11404;1995-05-05;-0.0008071474519972;-0.08071474519972;3.4297088877715716
11405;11405;1995-05-08;0.0073558429474331;0.73558429474331;3.4370647307190048
11406;11406;1995-05-09;-0.0007637544138683;-0.07637544138683;3.4363009763051364
11407;11407;1995-05-10;0.00152680961979;0.152680961979;3.4378277859249264
11408;11408;1995-05-11;1.90897565452985e-05;0.00190897565452985;3.4378468756814717
11409;11409;1995-05-12;0.0022477779562883;0.22477779562883002;3.44009465363776
11410;11410;1995-05-15;0.0041584087983377;0.41584087983377005;3.444253062436098
11411;11411;1995-05-16;0.0008523520132097;0.08523520132097;3.4451054144493076
11412;11412;1995-05-17;-0.0021226909216478;-0.21226909216478002;3.4429827235276598
11413;11413;1995-05-18;-0.0143125546987015;-1.4312554698701498;3.4286701688289583
11414;11414;1995-05-19;-0.0007509169714046;-0.07509169714046;3.4279192518575536
11415;11415;1995-05-22;0.0085536593953587;0.85536593953587;3.4364729112529124
11416;11416;1995-05-23;0.0093895671229047;0.93895671229047;3.445862478375817
11417;11417;1995-05-24;3.77563370719258e-05;0.00377563370719258;3.445900234712889
11418;11418;1995-05-25;-3.77563370719258e-05;-0.00377563370719258;3.445862478375817
11419;11419;1995-05-26;-0.0093895671229047;-0.93895671229047;3.4364729112529124
11420;11420;1995-05-30;-0.0001336993733245;-0.013369937332450002;3.436339211879588
11421;11421;1995-05-31;0.0185817880643198;1.8581788064319802;3.4549209999439077
11422;11422;1995-06-01;0.0001686509368967;0.016865093689670003;3.4550896508808044
11423;11423;1995-06-02;-0.0018386121502223;-0.18386121502223;3.453251038730582
11424;11424;1995-06-05;0.0057858734784943;0.57858734784943;3.4590369122090765
11425;11425;1995-06-06;-9.33352036902591e-05;-0.00933352036902591;3.4589435770053862
11426;11426;1995-06-07;-0.0045289275596873;-0.45289275596873;3.454414649445699
11427;11427;1995-06-08;-0.001464183566588;-0.14641835665880001;3.452950465879111
11428;11428;1995-06-09;-0.008318478003658;-0.8318478003658;3.4446319878754528
11429;11429;1995-06-12;0.0055533717465703;0.55533717465703;3.450185359622023
11430;11430;1995-06-13;0.0096914014958731;0.96914014958731;3.459876761117896
11431;11431;1995-06-14;0.0007831705469767;0.07831705469767;3.460659931664873
11432;11432;1995-06-15;0.0012109354595644;0.12109354595644;3.4618708671244374
11433;11433;1995-06-16;0.0050327827474951;0.50327827474951;3.4669036498719326
11434;11434;1995-06-19;0.0099350230754575;0.9935023075457501;3.47683867294739
11435;11435;1995-06-20;-0.0004402697021888;-0.04402697021888;3.4763984032452013
11436;11436;1995-06-21;-0.001836615335419;-0.1836615335419;3.4745617879097823
11437;11437;1995-06-22;0.0129494108204797;1.2949410820479699;3.487511198730262
11438;11438;1995-06-23;-0.0024709490654455;-0.24709490654455002;3.4850402496648165
11439;11439;1995-06-26;-0.0102027083789622;-1.02027083789622;3.4748375412858543
11440;11440;1995-06-27;-0.0031291661579544;-0.31291661579544;3.4717083751279
11441;11441;1995-06-28;0.0042311904200005;0.42311904200004996;3.4759395655479004
11442;11442;1995-06-29;-0.0015799838299681;-0.15799838299681;3.4743595817179322
11443;11443;1995-06-30;0.0016167353084162;0.16167353084162;3.4759763170263485
11444;11444;1995-07-03;0.0042863982359131;0.42863982359131003;3.4802627152622616
11445;11445;1995-07-05;0.0003106556323295;0.031065563232950004;3.480573370894591
11446;11446;1995-07-06;0.0122225902990154;1.22225902990154;3.4927959611936066
11447;11447;1995-07-07;0.0042869135722725;0.42869135722725;3.497082874765879
11448;11448;1995-07-10;0.0014727668925402;0.14727668925402002;3.4985556416584194
11449;11449;1995-07-11;-0.0043346074196097;-0.43346074196097;3.4942210342388096
11450;11450;1995-07-12;0.0109531435714558;1.09531435714558;3.5051741778102654
11451;11451;1995-07-13;0.0001960709140496;0.01960709140496;3.505370248724315
11452;11452;1995-07-14;-0.0019805428685719;-0.19805428685718998;3.503389705855743
11453;11453;1995-07-17;0.0050417545361476;0.50417545361476;3.5084314603918907
11454;11454;1995-07-18;-0.0075990822636509;-0.75990822636509;3.5008323781282398
11455;11455;1995-07-19;-0.0134845603720937;-1.34845603720937;3.487347817756146
11456;11456;1995-07-20;0.0046355026281501;0.46355026281501;3.4919833203842963
11457;11457;1995-07-21;0.0001445446043764;0.014454460437640001;3.4921278649886727
11458;11458;1995-07-24;0.0054222335053824;0.54222335053824;3.497550098494055
11459;11459;1995-07-25;0.0079983446913649;0.79983446913649;3.50554844318542
11460;11460;1995-07-26;0.0009085321281503;0.09085321281503;3.5064569753135704
11461;11461;1995-07-27;0.0064073524690808;0.64073524690808;3.5128643277826512
11462;11462;1995-07-28;-0.0040597105317834;-0.40597105317834;3.508804617250868
11463;11463;1995-07-31;-0.001546671846671;-0.1546671846671;3.5072579454041968
11464;11464;1995-08-01;-0.004314855534548;-0.4314855534548;3.5029430898696488
11465;11465;1995-08-02;-0.0015021407598112;-0.15021407598112;3.5014409491098375
11466;11466;1995-08-03;-8.94599804395213e-05;-0.00894599804395213;3.501351489129398
11467;11467;1995-08-04;0.0003399905188201;0.033999051882009995;3.501691479648218
11468;11468;1995-08-07;0.0019482690592083;0.19482690592083;3.5036397487074264
11469;11469;1995-08-08;0.0006425911680443;0.06425911680443;3.5042823398754708
11470;11470;1995-08-09;-0.0012141649157664;-0.12141649157664;3.5030681749597044
11471;11471;1995-08-10;-0.0040459970179105;-0.40459970179105004;3.499022177941794
11472;11472;1995-08-11;-0.0042065694558814;-0.42065694558814;3.4948156084859123
11473;11473;1995-08-14;0.0083061070511938;0.83061070511938;3.503121715537106
11474;11474;1995-08-15;-0.0020924134274151;-0.20924134274151;3.501029302109691
11475;11475;1995-08-16;0.0025032001690616;0.25032001690616;3.5035325022787527
11476;11476;1995-08-17;-0.0016621714846198;-0.16621714846198002;3.501870330794133
11477;11477;1995-08-18;0.0003041251979629;0.03041251979629;3.5021744559920958
11478;11478;1995-08-21;-0.0019690640971816;-0.19690640971816;3.500205391894914
11479;11479;1995-08-22;0.0025232603666944;0.25232603666944;3.5027286522616086
11480;11480;1995-08-23;-0.0042627272926276;-0.42627272926276;3.498465924968981
11481;11481;1995-08-24;0.0005742095786285;0.05742095786285;3.4990401345476094
11482;11482;1995-08-25;0.0047245050203041;0.47245050203041;3.5037646395679136
11483;11483;1995-08-28;-0.0018764032379028;-0.18764032379027998;3.501888236330011
11484;11484;1995-08-29;0.0016978906008029;0.16978906008029;3.5035861269308137
11485;11485;1995-08-30;0.0016414788219023;0.16414788219023;3.505227605752716
11486;11486;1995-08-31;0.0017100503103089;0.17100503103089;3.506937656063025
11487;11487;1995-09-01;0.0034822583322782;0.34822583322781997;3.510419914395303
11488;11488;1995-09-05;0.0094085582133214;0.94085582133214;3.5198284726086246
11489;11489;1995-09-06;0.0017554027535737;0.17554027535737002;3.5215838753621984
11490;11490;1995-09-07;0.0002104326404195;0.021043264041949998;3.521794308002618
11491;11491;1995-09-08;0.004182119467897;0.41821194678970003;3.525976427470515
11492;11492;1995-09-11;0.0021454582863471;0.21454582863471;3.528121885756862
11493;11493;1995-09-12;0.0045201604029552;0.45201604029552;3.5326420461598174
11494;11494;1995-09-13;0.0039124936366201;0.39124936366201;3.5365545397964375
11495;11495;1995-09-14;0.0083277292289025;0.8327729228902501;3.54488226902534
11496;11496;1995-09-15;-0.0004456176955374;-0.04456176955374;3.5444366513298027
11497;11497;1995-09-18;-0.0009946764480597;-0.09946764480596999;3.543441974881743
11498;11498;1995-09-19;0.0024507788144267;0.24507788144266998;3.5458927536961697
11499;11499;1995-09-20;0.00438954380789;0.43895438078899995;3.5502822975040598
11500;11500;1995-09-21;-0.0064457679519485;-0.64457679519485;3.5438365295521113
11501;11501;1995-09-22;-0.0021807981680677;-0.21807981680676997;3.5416557313840435
11502;11502;1995-09-25;0.0001375423305418;0.01375423305418;3.5417932737145854
11503;11503;1995-09-26;-0.0006877891125363;-0.06877891125363;3.541105484602049
11504;11504;1995-09-27;-0.0006365779656603;-0.06365779656603;3.540468906636389
11505;11505;1995-09-28;0.0082783499937146;0.8278349993714599;3.5487472566301035
11506;11506;1995-09-29;-0.0024951683313645;-0.24951683313644998;3.546252088298739
11507;11507;1995-10-02;-0.0046135626397738;-0.46135626397738;3.541638525658965
11508;11508;1995-10-03;0.0010653335046448;0.10653335046448001;3.54270385916361
11509;11509;1995-10-04;-0.0014951859213878;-0.14951859213878;3.541208673242222
11510;11510;1995-10-05;0.0019930150466427;0.19930150466427;3.543201688288865
11511;11511;1995-10-06;-0.0002403443444025;-0.02403443444025;3.5429613439444623
11512;11512;1995-10-09;-0.0070982071083411;-0.7098207108341099;3.535863136836121
11513;11513;1995-10-10;-0.0014706851727615;-0.14706851727615;3.5343924516633596
11514;11514;1995-10-11;0.0033535648805411;0.33535648805411;3.5377460165439008
11515;11515;1995-10-12;0.0062619837265067;0.62619837265067;3.5440080002704075
11516;11516;1995-10-13;0.002398123843335;0.23981238433350002;3.5464061241137426
11517;11517;1995-10-16;-0.0025180881694115;-0.25180881694115;3.543888035944331
11518;11518;1995-10-17;0.0064113192046226;0.64113192046226;3.5502993551489537
11519;11519;1995-10-18;0.0011241046006231;0.11241046006231;3.551423459749577
11520;11520;1995-10-19;0.0054495494797715;0.54495494797715;3.5568730092293483
11521;11521;1995-10-20;-0.0054154699843369;-0.54154699843369;3.5514575392450114
11522;11522;1995-10-23;-0.0040937933867626;-0.40937933867626003;3.5473637458582488
11523;11523;1995-10-24;0.0025264267967264;0.25264267967264004;3.549890172654975
11524;11524;1995-10-25;-0.0069631972736772;-0.69631972736772;3.542926975381298
11525;11525;1995-10-26;-0.0099208023677235;-0.99208023677235;3.5330061730135744
11526;11526;1995-10-27;0.0051539192340941;0.51539192340941;3.5381600922476686
11527;11527;1995-10-30;0.0061051618554897;0.61051618554897;3.5442652541031583
11528;11528;1995-10-31;-0.0030049389428201;-0.30049389428201;3.541260315160338
11529;11529;1995-11-01;0.0046666026211648;0.46666026211648;3.545926917781503
11530;11530;1995-11-02;0.0093702242258535;0.9370224225853501;3.5552971420073565
11531;11531;1995-11-03;0.0014403852660098;0.14403852660098002;3.5567375272733663
11532;11532;1995-11-06;-0.0035791917094867;-0.35791917094867;3.5531583355638796
11533;11533;1995-11-07;-0.0036432648057926;-0.36432648057926;3.549515070758087
11534;11534;1995-11-08;0.0091509596200563;0.91509596200563;3.558666030378143
11535;11535;1995-11-09;0.0026160811533406;0.26160811533406;3.561282111531484
11536;11536;1995-11-10;-0.0009107051484456;-0.09107051484456001;3.5603714063830383
11537;11537;1995-11-13;-0.0007088201585032;-0.07088201585032;3.559662586224535
11538;11538;1995-11-14;-0.0050948579416836;-0.50948579416836;3.5545677282828514
11539;11539;1995-11-15;0.0078936289861593;0.78936289861593;3.5624613572690107
11540;11540;1995-11-16;0.0056744966517667;0.56744966517667;3.5681358539207775
11541;11541;1995-11-17;0.0045598160239341;0.45598160239341;3.5726956699447117
11542;11542;1995-11-20;-0.005380541413154;-0.5380541413154;3.5673151285315576
11543;11543;1995-11-21;0.0056637732475319;0.56637732475319;3.5729789017790896
11544;11544;1995-11-22;-0.0030700918102519;-0.30700918102519;3.5699088099688376
11545;11545;1995-11-24;0.0026201388631346;0.26201388631346;3.5725289488319723
11546;11546;1995-11-27;0.0022476447703363;0.22476447703363;3.5747765936023086
11547;11547;1995-11-28;0.0084950541414867;0.84950541414867;3.5832716477437954
11548;11548;1995-11-29;0.0019603214829544;0.19603214829544002;3.58523196922675
11549;11549;1995-11-30;-0.0037427929386399;-0.37427929386399;3.58148917628811
11550;11550;1995-12-01;0.0026559755510042;0.26559755510042;3.584145151839114
11551;11551;1995-12-04;0.0109777996069491;1.0977799606949101;3.595122951446063
11552;11552;1995-12-05;0.0064969044233871;0.64969044233871;3.6016198558694503
11553;11553;1995-12-06;0.0040392345294595;0.40392345294595;3.60565909039891
11554;11554;1995-12-07;-0.0064868753014124;-0.64868753014124;3.5991722150974974
11555;11555;1995-12-08;0.0021237750280489;0.21237750280489;3.6012959901255464
11556;11556;1995-12-11;0.0032983700072879;0.32983700072879;3.6045943601328343
11557;11557;1995-12-12;-0.0011951725087691;-0.11951725087691;3.603399187624065
11558;11558;1995-12-13;0.0046917350120976;0.46917350120976;3.608090922636163
11559;11559;1995-12-14;-0.0077022511353774;-0.7702251135377399;3.6003886715007853
11560;11560;1995-12-15;-0.0009405251740091;-0.09405251740091;3.5994481463267762
11561;11561;1995-12-18;-0.0155830791879676;-1.55830791879676;3.5838650671388086
11562;11562;1995-12-19;0.0084021615091662;0.84021615091662;3.592267228647975
11563;11563;1995-12-20;-0.0098369108791782;-0.98369108791782;3.5824303177687966
11564;11564;1995-12-21;0.0074809224527632;0.74809224527632;3.58991124022156
11565;11565;1995-12-22;0.0023887024178517;0.23887024178517002;3.5922999426394115
11566;11566;1995-12-26;0.0038327891976592;0.38327891976592;3.596132731837071
11567;11567;1995-12-27;0.0003744065485138;0.03744065485138;3.5965071383855847
11568;11568;1995-12-28;-0.0006674545349989;-0.06674545349989;3.5958396838505857
11569;11569;1995-12-29;0.0029429686988882;0.29429686988882003;3.598782652549474
11570;11570;1996-01-02;0.0077628632114361;0.77628632114361;3.60654551576091
11571;11571;1996-01-03;0.0009500858267514;0.09500858267514001;3.6074956015876616
11572;11572;1996-01-04;-0.0058433362572829;-0.58433362572829;3.6016522653303786
11573;11573;1996-01-05;-0.0016039892499;-0.16039892499000002;3.6000482760804786
11574;11574;1996-01-08;0.0028336198395599;0.28336198395599;3.6028818959200386
11575;11575;1996-01-09;-0.0146756219266901;-1.46756219266901;3.5882062739933485
11576;11576;1996-01-10;-0.0181638566455726;-1.8163856645572602;3.570042417347776
11577;11577;1996-01-11;0.0070098975209935;0.70098975209935;3.5770523148687694
11578;11578;1996-01-12;-0.0014611941163531;-0.14611941163531;3.5755911207524163
11579;11579;1996-01-15;-0.0033121556734849;-0.33121556734849;3.5722789650789313
11580;11580;1996-01-16;0.0142686858533247;1.42686858533247;3.586547650932256
11581;11581;1996-01-17;-0.0034079551675745;-0.34079551675745;3.5831396957646815
11582;11582;1996-01-18;0.0030791719162399;0.30791719162399;3.5862188676809215
11583;11583;1996-01-19;0.0058849694533487;0.58849694533487;3.59210383713427
11584;11584;1996-01-22;0.0025627968736809;0.25627968736809004;3.594666634007951
11585;11585;1996-01-23;-0.000995026952328;-0.0995026952328;3.593671607055623
11586;11586;1996-01-24;0.0116327314610061;1.16327314610061;3.6053043385166292
11587;11587;1996-01-25;-0.0047373032260287;-0.47373032260287;3.6005670352906005
11588;11588;1996-01-26;0.0074112734355269;0.7411273435526899;3.6079783087261275
11589;11589;1996-01-29;0.0041738583533836;0.41738583533836;3.612152167079511
11590;11590;1996-01-30;0.0094551004917775;0.94551004917775;3.6216072675712887
11591;11591;1996-01-31;0.0092721164624523;0.9272116462452301;3.630879384033741
11592;11592;1996-02-01;0.0038290203074868;0.38290203074868;3.634708404341228
11593;11593;1996-02-02;-0.0041120593126446;-0.41120593126446;3.630596345028583
11594;11594;1996-02-05;0.0087530461099181;0.8753046109918099;3.6393493911385013
11595;11595;1996-02-06;0.0076101876291376;0.7610187629137599;3.646959578767639
11596;11596;1996-02-07;0.0055544184463469;0.5554418446346899;3.652513997213986
11597;11597;1996-02-08;0.0094028472255676;0.94028472255676;3.6619168444395536
11598;11598;1996-02-09;0.0004571454767718;0.04571454767718;3.6623739899163255
11599;11599;1996-02-12;0.0077097663356431;0.77097663356431;3.6700837562519686
11600;11600;1996-02-13;-0.0014221340173428;-0.14221340173428;3.6686616222346258
11601;11601;1996-02-14;-0.0074919131037711;-0.74919131037711;3.6611697091308546
11602;11602;1996-02-15;-0.0065192822858106;-0.65192822858106;3.654650426845044
11603;11603;1996-02-16;-0.0051412828301407;-0.51412828301407;3.6495091440149032
11604;11604;1996-02-20;-0.0113764773957472;-1.13764773957472;3.638132666619156
11605;11605;1996-02-21;0.0115616449848099;1.15616449848099;3.649694311603966
11606;11606;1996-02-22;0.0164660776687331;1.64660776687331;3.666160389272699
11607;11607;1996-02-23;0.0003339029116808;0.03339029116808;3.66649429218438
11608;11608;1996-02-26;-0.0131651102592878;-1.31651102592878;3.653329181925092
11609;11609;1996-02-27;-0.0049626856420852;-0.49626856420852;3.648366496283007
11610;11610;1996-02-28;-0.0038545083199332;-0.38545083199332003;3.6445119879630736
11611;11611;1996-02-29;-0.006722829944854;-0.6722829944854001;3.6377891580182196
11612;11612;1996-03-01;0.0061332727081637;0.61332727081637;3.6439224307263833
11613;11613;1996-03-04;0.0099446503327227;0.99446503327227;3.653867081059106
11614;11614;1996-03-05;0.0076228443380879;0.76228443380879;3.661489925397194
11615;11615;1996-03-06;-0.0057960202689217;-0.57960202689217;3.655693905128272
11616;11616;1996-03-07;0.0025275147981123;0.25275147981123003;3.6582214199263845
11617;11617;1996-03-08;-0.0313120769635713;-3.13120769635713;3.626909342962813
11618;11618;1996-03-11;0.0102394573532756;1.02394573532756;3.637148800316089
11619;11619;1996-03-12;-0.0045884818580734;-0.45884818580734;3.6325603184580153
11620;11620;1996-03-13;0.0022889868932978;0.22889868932978003;3.634849305351313
11621;11621;1996-03-14;0.003626658288411;0.3626658288411;3.638475963639724
11622;11622;1996-03-15;0.0008734274987771;0.08734274987771;3.6393493911385013
11623;11623;1996-03-18;0.0173409866710719;1.7340986671071899;3.656690377809573
11624;11624;1996-03-19;-0.0014720428020611;-0.14720428020611;3.655218335007512
11625;11625;1996-03-20;-0.0026274293905403;-0.26274293905403;3.6525909056169716
11626;11626;1996-03-21;-0.001216127386419;-0.1216127386419;3.6513747782305526
11627;11627;1996-03-22;0.0022003117074458;0.22003117074457998;3.6535750899379984
11628;11628;1996-03-25;-0.0008918811226434;-0.08918811226434;3.652683208815355
11629;11629;1996-03-26;0.0044972763878385;0.44972763878384997;3.6571804852031935
11630;11630;1996-03-27;-0.0062371514064087;-0.62371514064087;3.6509433337967847
11631;11631;1996-03-28;4.62749941574359e-05;0.00462749941574359;3.650989608790942
11632;11632;1996-03-29;-0.0053150553026259;-0.53150553026259;3.645674553488316
11633;11633;1996-04-01;0.0126691812965722;1.26691812965722;3.6583437347848884
11634;11634;1996-04-02;0.00233772711554;0.23377271155399998;3.6606814619004284
11635;11635;1996-04-03;0.000945734306204;0.09457343062040001;3.6616271962066325
11636;11636;1996-04-04;-3.05243419491674e-05;-0.00305243419491674;3.6615966718646833
11637;11637;1996-04-08;-0.0178760166979401;-1.78760166979401;3.643720655166743
11638;11638;1996-04-09;-0.0031870987896649;-0.31870987896649;3.640533556377078
11639;11639;1996-04-10;-0.013624213414265;-1.3624213414265;3.626909342962813
11640;11640;1996-04-11;-0.0036689274999437;-0.36689274999437;3.6232404154628695
11641;11641;1996-04-12;0.0087232551749929;0.87232551749929;3.6319636706378624
11642;11642;1996-04-15;0.0090369094452285;0.90369094452285;3.641000580083091
11643;11643;1996-04-16;0.0038990799143006;0.38990799143006;3.6448996599973915
11644;11644;1996-04-17;-0.0052696977087043;-0.5269697708704301;3.639629962288687
11645;11645;1996-04-18;0.0031123102054078;0.31123102054078;3.642742272494095
11646;11646;1996-04-19;0.0022659195979715;0.22659195979715;3.6450081920920665
11647;11647;1996-04-22;0.0043621031177991;0.43621031177991004;3.6493702952098657
11648;11648;1996-04-23;0.0056792566619066;0.5679256661906601;3.6550495518717723
11649;11649;1996-04-24;-0.0021663676611609;-0.21663676611609;3.6528831842106113
11650;11650;1996-04-25;0.0041441796258014;0.41441796258013996;3.657027363836413
11651;11651;1996-04-26;0.0009033353477976;0.09033353477976;3.6579306991842104
11652;11652;1996-04-29;0.0010705725968236;0.10705725968236;3.659001271781034
11653;11653;1996-04-30;1.53019503290608e-05;0.00153019503290608;3.659016573731363
11654;11654;1996-05-01;0.0006266040319635;0.06266040319635;3.6596431777633267
11655;11655;1996-05-02;-0.0172582973301418;-1.72582973301418;3.642384880433185
11656;11656;1996-05-03;-0.0027237158749962;-0.27237158749962;3.6396611645581887
11657;11657;1996-05-06;-0.0012788233521012;-0.12788233521012002;3.6383823412060874
11658;11658;1996-05-07;-0.0039872584962639;-0.39872584962639;3.6343950827098235
11659;11659;1996-05-08;0.0101479555660653;1.01479555660653;3.6445430382758888
11660;11660;1996-05-09;0.0010385627902387;0.10385627902387;3.6455816010661275
11661;11661;1996-05-10;0.0102503727510834;1.0250372751083399;3.655831973817211
11662;11662;1996-05-13;0.0143424851000589;1.4342485100058902;3.67017445891727
11663;11663;1996-05-14;0.0061637377336554;0.61637377336554;3.676338196650925
11664;11664;1996-05-15;-0.0002704587559039;-0.02704587559039;3.6760677378950213
11665;11665;1996-05-16;-0.0008569794890558;-0.08569794890558;3.6752107584059654
11666;11666;1996-05-17;0.0060880663618672;0.60880663618672;3.6812988247678327
11667;11667;1996-05-20;0.0063187415123016;0.63187415123016;3.6876175662801343
11668;11668;1996-05-21;-0.0005795543551414;-0.05795543551414;3.687038011924993
11669;11669;1996-05-22;0.0083778713936109;0.83778713936109;3.6954158833186037
11670;11670;1996-05-23;-0.0035734640740203;-0.35734640740203;3.6918424192445833
11671;11671;1996-05-24;0.003706156255042;0.3706156255042;3.6955485754996253
11672;11672;1996-05-28;-0.0092987181800614;-0.92987181800614;3.686249857319564
11673;11673;1996-05-29;-0.0064171469715006;-0.64171469715006;3.6798327103480633
11674;11674;1996-05-30;0.0056284629914928;0.56284629914928;3.685461173339556
11675;11675;1996-05-31;-0.0038484213701695;-0.38484213701694997;3.6816127519693866
11676;11676;1996-06-03;-0.0021544024085891;-0.21544024085891003;3.6794583495607975
11677;11677;1996-06-04;0.00728231749415;0.728231749415;3.6867406670549476
11678;11678;1996-06-05;0.0087047240982496;0.87047240982496;3.6954453911531973
11679;11679;1996-06-06;-0.0080060996886057;-0.8006099688605699;3.6874392914645915
11680;11680;1996-06-07;0.0004158964279765;0.041589642797650005;3.687855187892568
11681;11681;1996-06-10;-0.0017094774388848;-0.17094774388848;3.686145710453683
11682;11682;1996-06-11;-0.0017719838898582;-0.17719838898582;3.684373726563825
11683;11683;1996-06-12;-0.0028805671718732;-0.28805671718731996;3.6814931593919518
11684;11684;1996-06-13;-0.0016754357567379;-0.16754357567379;3.679817723635214
11685;11685;1996-06-14;-0.003103996529596;-0.3103996529596;3.676713727105618
11686;11686;1996-06-17;-0.0010368112760232;-0.10368112760232001;3.6756769158295945
11687;11687;1996-06-18;-0.0046713893778065;-0.46713893778065;3.671005526451788
11688;11688;1996-06-19;-0.0001510188647904;-0.01510188647904;3.6708545075869976
11689;11689;1996-06-20;0.0002114012971201;0.02114012971201;3.6710659088841178
11690;11690;1996-06-21;0.007133611886803;0.7133611886803;3.678199520770921
11691;11691;1996-06-24;0.0030096062898081;0.30096062898081;3.681209127060729
11692;11692;1996-06-25;-0.0005533354095303;-0.05533354095303;3.6806557916511986
11693;11693;1996-06-26;-0.0061370994206004;-0.61370994206004;3.674518692230598
11694;11694;1996-06-27;0.0062418210824022;0.62418210824022;3.6807605133130004
11695;11695;1996-06-28;0.0031064064330577;0.31064064330577;3.683866919746058
11696;11696;1996-07-01;0.0077979763457731;0.77979763457731;3.6916648960918312
11697;11697;1996-07-02;-0.0033642667346676;-0.33642667346676003;3.6883006293571636
11698;11698;1996-07-03;-0.001797848928045;-0.1797848928045;3.6865027804291186
11699;11699;1996-07-05;-0.022499929050297;-2.2499929050297003;3.6640028513788216
11700;11700;1996-07-08;-0.0074811018917033;-0.74811018917033;3.6565217494871183
11701;11701;1996-07-09;0.0033810771023219;0.33810771023219;3.65990282658944
11702;11702;1996-07-10;0.0019987617398769;0.19987617398769;3.661901588329317
11703;11703;1996-07-11;-0.0159637341087659;-1.59637341087659;3.645937854220551
11704;11704;1996-07-12;0.000805070261677;0.0805070261677;3.6467429244822283
11705;11705;1996-07-15;-0.0256912916673526;-2.56912916673526;3.6210516328148756
11706;11706;1996-07-16;-0.0022731326212968;-0.22731326212967998;3.618778500193579
11707;11707;1996-07-17;0.0090302124849479;0.90302124849479;3.627808712678527
11708;11708;1996-07-18;0.0148558901982128;1.48558901982128;3.6426646028767395
11709;11709;1996-07-19;-0.0075334611141455;-0.75334611141455;3.635131141762594
11710;11710;1996-07-22;-0.0077956544109376;-0.77956544109376;3.6273354873516563
11711;11711;1996-07-23;-0.010946969513566;-1.0946969513566;3.6163885178380903
11712;11712;1996-07-24;-0.0003509652800497;-0.035096528004970005;3.6160375525580406
11713;11713;1996-07-25;0.0071870035945096;0.71870035945096;3.6232245561525502
11714;11714;1996-07-26;0.0074661430642137;0.74661430642137;3.630690699216764
11715;11715;1996-07-29;-0.0078781771868419;-0.7878177186841899;3.622812522029922
11716;11716;1996-07-30;0.0068712008235785;0.6871200823578499;3.6296837228535006
11717;11717;1996-07-31;0.0073556874013842;0.73556874013842;3.637039410254885
11718;11718;1996-08-01;0.0156130953621068;1.56130953621068;3.6526525056169916
11719;11719;1996-08-02;0.0190022858968941;1.9002285896894102;3.6716547915138857
11720;11720;1996-08-05;-0.0034172194425261;-0.34172194425261;3.6682375720713596
11721;11721;1996-08-06;0.0032511880573062;0.32511880573062;3.671488760128666
11722;11722;1996-08-07;0.002683626724826;0.26836267248260004;3.674172386853492
11723;11723;1996-08-08;-0.0023666052123587;-0.23666052123587;3.671805781641133
11724;11724;1996-08-09;-0.0007398727570153;-0.07398727570152999;3.6710659088841178
11725;11725;1996-08-12;0.0055277299075129;0.55277299075129;3.6765936387916307
11726;11726;1996-08-13;-0.0084014579946085;-0.8401457994608501;3.668192180797022
11727;11727;1996-08-14;0.0027982260648435;0.27982260648435;3.6709904068618657
11728;11728;1996-08-15;0.0003474073672888;0.03474073672888;3.6713378142291546
11729;11729;1996-08-16;0.0044143423232636;0.44143423232636;3.6757521565524183
11730;11730;1996-08-19;0.0020573745757559;0.20573745757558998;3.677809531128174
11731;11731;1996-08-20;-0.0013360882099071;-0.13360882099071;3.676473442918267
11732;11732;1996-08-21;-0.0009317909174688;-0.09317909174688;3.675541652000798
11733;11733;1996-08-22;0.0083998038332593;0.83998038332593;3.6839414558340575
11734;11734;1996-08-23;-0.005457046740724;-0.5457046740724;3.6784844090933335
11735;11735;1996-08-26;-0.0047336481077149;-0.47336481077149006;3.6737507609856186
11736;11736;1996-08-27;0.0037887090830386;0.37887090830386;3.6775394700686572
11737;11737;1996-08-28;-0.0023888443293795;-0.23888443293795;3.6751506257392776
11738;11738;1996-08-29;-0.0112085848000865;-1.1208584800086498;3.663942040939191
11739;11739;1996-08-30;-0.0082634886895105;-0.82634886895105;3.6556785522496806
11740;11740;1996-09-03;0.0041784099814004;0.41784099814004005;3.659856962231081
11741;11741;1996-09-04;0.0013584580476004;0.13584580476004002;3.6612154202786815
11742;11742;1996-09-05;-0.0094556209068983;-0.9455620906898299;3.651759799371783
11743;11743;1996-09-06;0.009562398204431;0.9562398204431;3.6613221975762142
11744;11744;1996-09-09;0.0122477990471213;1.22477990471213;3.6735699966233355
11745;11745;1996-09-10;7.53075163224537e-05;0.007530751632245369;3.673645304139658
11746;11746;1996-09-11;0.0052138304553333;0.5213830455333299;3.6788591345949913
11747;11747;1996-09-12;0.0057829032997895;0.57829032997895;3.684642037894781
11748;11748;1996-09-13;0.013893873652191;1.3893873652191;3.698535911546972
11749;11749;1996-09-16;0.0050420798430037;0.5042079843003701;3.7035779913899756
11750;11750;1996-09-17;-0.0015216372784898;-0.15216372784898;3.7020563541114857
11751;11751;1996-09-18;-0.0021548238401978;-0.21548238401977998;3.699901530271288
11752;11752;1996-09-19;0.0022426725011213;0.22426725011213;3.702144202772409
11753;11753;1996-09-20;0.0058831420310792;0.58831420310792;3.7080273448034884
11754;11754;1996-09-23;-0.0008009392371377;-0.08009392371377;3.7072264055663506
11755;11755;1996-09-24;-0.0012681313015665;-0.12681313015665002;3.705958274264784
11756;11756;1996-09-25;0.0003208773283081;0.03208773283081;3.706279151593092
11757;11757;1996-09-26;4.3695003916433e-05;0.0043695003916433;3.7063228465970086
11758;11758;1996-09-27;0.0004810568266329;0.048105682663289996;3.7068039034236415
11759;11759;1996-09-30;0.0016599907478775;0.16599907478775;3.708463894171519
11760;11760;1996-10-01;0.0025428482788436;0.25428482788436;3.7110067424503628
11761;11761;1996-10-02;0.0071289847851652;0.71289847851652;3.718135727235528
11762;11762;1996-10-03;-0.0017738537023301;-0.17738537023301001;3.716361873533198
11763;11763;1996-10-04;0.0124513782783602;1.2451378278360201;3.728813251811558
11764;11764;1996-10-07;0.0026765462083879;0.26765462083879;3.731489798019946
11765;11765;1996-10-08;-0.0038462303562418;-0.38462303562418;3.727643567663704
11766;11766;1996-10-09;-0.0055819249057771;-0.55819249057771;3.722061642757927
11767;11767;1996-10-10;-0.003061784169696;-0.3061784169696;3.718999858588231
11768;11768;1996-10-11;0.008672194053954;0.8672194053954;3.727672052642185
11769;11769;1996-10-14;0.0041019927913792;0.41019927913792;3.731774045433564
11770;11770;1996-10-15;-0.0013796518966566;-0.13796518966566002;3.7303943935369075
11771;11771;1996-10-16;0.0026154843353163;0.26154843353163;3.733009877872224
11772;11772;1996-10-17;0.003655972709895;0.3655972709895;3.736665850582119
11773;11773;1996-10-18;0.0054027356620043;0.54027356620043;3.742068586244123
11774;11774;1996-10-21;-0.0013655967428816;-0.13655967428816;3.7407029895012416
11775;11775;1996-10-22;-0.0046313592044295;-0.46313592044295;3.736071630296812
11776;11776;1996-10-23;0.0009902295080514;0.09902295080514001;3.7370618598048635
11777;11777;1996-10-24;-0.0070661237949671;-0.70661237949671;3.7299957360098963
11778;11778;1996-10-25;-0.0019526592218968;-0.19526592218968;3.7280430767879995
11779;11779;1996-10-28;-0.0052353507816906;-0.52353507816906;3.722807726006309
11780;11780;1996-10-29;0.0060625167378258;0.60625167378258;3.7288702427441347
11781;11781;1996-10-30;-0.0008556417945477;-0.08556417945476999;3.728014600949587
11782;11782;1996-10-31;0.0062154788280057;0.6215478828005699;3.7342300797775927
11783;11783;1996-11-01;-0.0021291099245672;-0.21291099245672;3.7321009698530254
11784;11784;1996-11-04;0.0041970426728319;0.41970426728319005;3.7362980125258574
11785;11785;1996-11-05;0.0104303732301405;1.04303732301405;3.746728385755998
11786;11786;1996-11-06;0.0145269723561814;1.45269723561814;3.7612553581121793
11787;11787;1996-11-07;0.0042141814316645;0.42141814316645;3.765469539543844
11788;11788;1996-11-08;0.0043470046341784;0.43470046341783997;3.7698165441780223
11789;11789;1996-11-11;0.0014356947527076;0.14356947527076;3.77125223893073
11790;11790;1996-11-12;-0.0031612857746923;-0.31612857746923;3.7680909531560376
11791;11791;1996-11-13;0.0021496793999755;0.21496793999755;3.770240632556013
11792;11792;1996-11-14;0.0064757793977747;0.64757793977747;3.776716411953788
11793;11793;1996-11-15;0.002361711311515;0.23617113115149999;3.779078123265303
11794;11794;1996-11-18;-0.0008137240641827;-0.08137240641827;3.7782643992011202
11795;11795;1996-11-19;0.0069497609652193;0.6949760965219299;3.7852141601663396
11796;11796;1996-11-20;0.0024090274391017;0.24090274391017;3.7876231876054414
11797;11797;1996-11-21;-0.0016143300611055;-0.16143300611055;3.786008857544336
11798;11798;1996-11-22;0.0080188968329846;0.8018896832984601;3.7940277543773204
11799;11799;1996-11-25;0.0110245099029811;1.10245099029811;3.8050522642803015
11800;11800;1996-11-26;-0.0014144272497773;-0.14144272497773;3.803637837030524
11801;11801;1996-11-27;-0.0012707445798803;-0.12707445798803;3.802367092450644
11802;11802;1996-11-29;0.002671950338061;0.2671950338061;3.805039042788705
11803;11803;1996-12-02;-0.0006078595233738;-0.06078595233738;3.804431183265331
11804;11804;1996-12-03;-0.0110045618274626;-1.10045618274626;3.7934266214378685
11805;11805;1996-12-04;-0.0042588728870098;-0.42588728870098;3.7891677485508586
11806;11806;1996-12-05;-0.0009667415007346;-0.09667415007346;3.788201007050124
11807;11807;1996-12-06;-0.0064421967855086;-0.64421967855086;3.7817588102646154
11808;11808;1996-12-09;0.0136437015940354;1.36437015940354;3.7954025118586507
11809;11809;1996-12-10;-0.0029653825480684;-0.29653825480684;3.7924371293105823
11810;11810;1996-12-11;-0.0091516266826818;-0.9151626682681799;3.7832855026279004
11811;11811;1996-12-12;-0.0155510058902282;-1.55510058902282;3.7677344967376722
11812;11812;1996-12-13;-0.0009053500743805;-0.09053500743805;3.7668291466632917
11813;11813;1996-12-16;-0.0105684335525247;-1.05684335525247;3.756260713110767
11814;11814;1996-12-17;0.0069937095152674;0.69937095152674;3.7632544226260345
11815;11815;1996-12-18;0.0075467916271501;0.75467916271501;3.7708012142531846
11816;11816;1996-12-19;0.019251974982005;1.9251974982005;3.7900531892351896
11817;11817;1996-12-20;0.0041615509898136;0.41615509898136;3.7942147402250033
11818;11818;1996-12-23;-0.0026073354326401;-0.26073354326401;3.791607404792363
11819;11819;1996-12-24;0.0054875747268603;0.5487574726860299;3.7970949795192235
11820;11820;1996-12-26;0.0063576255361264;0.63576255361264;3.80345260505535
11821;11821;1996-12-27;0.0012825131958305;0.12825131958305;3.8047351182511804
11822;11822;1996-12-30;-0.0038923976612066;-0.38923976612066;3.8008427205899737
11823;11823;1996-12-31;-0.0175437043570694;-1.7543704357069398;3.7832990162329043
11824;11824;1997-01-02;-0.0050481988446318;-0.5048198844631799;3.7782508173882725
11825;11825;1997-01-03;0.0148416487039311;1.48416487039311;3.7930924660922036
11826;11826;1997-01-06;-0.0005081367601507;-0.05081367601507;3.792584329332053
11827;11827;1997-01-07;0.0074356133654705;0.74356133654705;3.8000199426975234
11828;11828;1997-01-08;-0.0064196794231321;-0.64196794231321;3.7936002632743913
11829;11829;1997-01-09;0.008568102146576;0.8568102146576001;3.8021683654209673
11830;11830;1997-01-10;0.0061412998164796;0.6141299816479601;3.808309665237447
11831;11831;1997-01-13;1.31796366504844e-05;0.00131796366504844;3.8083228448740973
11832;11832;1997-01-14;0.0122353771334236;1.2235377133423602;3.820558222007521
11833;11833;1997-01-15;-0.0021613395953803;-0.21613395953803002;3.8183968824121406
11834;11834;1997-01-16;0.0033182475940885;0.33182475940885;3.821715130006229
11835;11835;1997-01-17;0.0083057596483362;0.83057596483362;3.8300208896545653
11836;11836;1997-01-20;0.0006826444226355;0.06826444226355;3.830703534077201
11837;11837;1997-01-21;0.0077208051328838;0.77208051328838;3.8384243392100847
11838;11838;1997-01-22;0.004474349042896;0.4474349042896;3.8428986882529808
11839;11839;1997-01-23;-0.0110885361295985;-1.10885361295985;3.8318101521233823
11840;11840;1997-01-24;-0.0090951713713094;-0.9095171371309401;3.822714980752073
11841;11841;1997-01-27;-0.0071636341317038;-0.71636341317038;3.815551346620369
11842;11842;1997-01-28;0.0;0.0;3.815551346620369
11843;11843;1997-01-29;0.009730005353151;0.9730005353151;3.82528135197352
11844;11844;1997-01-30;0.014993803128541;1.4993803128541001;3.840275155102061
11845;11845;1997-01-31;0.0025344878095747;0.25344878095747;3.842809642911636
11846;11846;1997-02-03;0.0007247894537893;0.07247894537893;3.8435344323654252
11847;11847;1997-02-04;0.0032107211206966;0.32107211206966;3.846745153486122
11848;11848;1997-02-05;-0.0140094164196745;-1.40094164196745;3.8327357370664474
11849;11849;1997-02-06;0.0023998457856775;0.23998457856775;3.835135582852125
11850;11850;1997-02-07;0.0119895860912242;1.19895860912242;3.847125168943349
11851;11851;1997-02-10;-0.0052444961426063;-0.5244496142606301;3.841880672800743
11852;11852;1997-02-11;0.0052825279945878;0.52825279945878;3.8471632007953307
11853;11853;1997-02-12;0.0165544143361887;1.6554414336188699;3.8637176151315193
11854;11854;1997-02-13;0.0112103774040246;1.12103774040246;3.874927992535544
11855;11855;1997-02-14;-0.0041227325281063;-0.41227325281063;3.8708052600074376
11856;11856;1997-02-18;0.0096137402271105;0.96137402271105;3.880419000234548
11857;11857;1997-02-19;-0.0046660629049286;-0.46660629049286;3.8757529373296196
11858;11858;1997-02-20;-0.0119979921535007;-1.19979921535007;3.863754945176119
11859;11859;1997-02-21;-0.0012837933356904;-0.12837933356904;3.8624711518404284
11860;11860;1997-02-24;0.0105580940968926;1.05580940968926;3.873029245937321
11861;11861;1997-02-25;0.0021574182692694;0.21574182692694002;3.8751866642065904
11862;11862;1997-02-26;-0.007850688353395;-0.7850688353395;3.8673359758531953
11863;11863;1997-02-27;-0.0132564627547245;-1.32564627547245;3.854079513098471
11864;11864;1997-02-28;-0.0053597792239124;-0.53597792239124;3.8487197338745585
11865;11865;1997-03-03;0.0056615825678516;0.56615825678516;3.85438131644241
11866;11866;1997-03-04;-0.0054972034245732;-0.54972034245732;3.848884113017837
11867;11867;1997-03-05;0.0138613566756467;1.38613566756467;3.8627454696934835
11868;11868;1997-03-06;-0.0042860232750738;-0.42860232750738;3.8584594464184097
11869;11869;1997-03-07;0.0079948704004042;0.79948704004042;3.866454316818814
11870;11870;1997-03-10;0.0107253539861407;1.07253539861407;3.8771796708049546
11871;11871;1997-03-11;-0.0028430925525819;-0.28430925525819;3.8743365782523727
11872;11872;1997-03-12;-0.0087646226304594;-0.87646226304594;3.8655719556219132
11873;11873;1997-03-13;-0.018446786678564;-1.8446786678564;3.847125168943349
11874;11874;1997-03-14;0.0045617272730735;0.45617272730735003;3.851686896216423
11875;11875;1997-03-17;0.0031972724885625;0.31972724885625;3.8548841687049853
11876;11876;1997-03-18;-0.0076323866210099;-0.76323866210099;3.8472517820839753
11877;11877;1997-03-19;-0.0049382846873884;-0.49382846873884;3.842313497396587
11878;11878;1997-03-20;-0.0039785261956879;-0.39785261956879003;3.838334971200899
11879;11879;1997-03-21;0.0018509046292551;0.18509046292551;3.840185875830154
11880;11880;1997-03-24;0.0086223799593856;0.86223799593856;3.84880825578954
11881;11881;1997-03-25;-0.0023038669076154;-0.23038669076153998;3.8465043888819244
11882;11882;1997-03-26;0.0018106109692217;0.18106109692216998;3.848314999851146
11883;11883;1997-03-27;-0.0212488273782911;-2.12488273782911;3.827066172472855
11884;11884;1997-03-31;-0.0218950745252418;-2.1895074525241798;3.805171097947613
11885;11885;1997-04-01;0.0033229018462455;0.33229018462455;3.8084939997938587
11886;11886;1997-04-02;-0.012624814146788;-1.2624814146788;3.7958691856470708
11887;11887;1997-04-03;0.0002799490845841;0.027994908458410003;3.796149134731655
11888;11888;1997-04-04;0.010051690954394;1.0051690954394;3.806200825686049
11889;11889;1997-04-07;0.0055656688861658;0.55656688861658;3.8117664945722147
11890;11890;1997-04-08;0.0052216575374721;0.52216575374721;3.816988152109687
11891;11891;1997-04-09;-0.0072312449679454;-0.7231244967945399;3.8097569071417414
11892;11892;1997-04-10;-0.0029756944489509;-0.29756944489509;3.8067812126927905
11893;11893;1997-04-11;-0.0276623795918409;-2.76623795918409;3.7791188331009495
11894;11894;1997-04-14;0.0082085489511634;0.8208548951163399;3.787327382052113
11895;11895;1997-04-15;0.0146687422606107;1.46687422606107;3.8019961243127236
11896;11896;1997-04-16;0.0116056734879679;1.16056734879679;3.8136017978006915
11897;11897;1997-04-17;-0.0023077554901611;-0.23077554901611;3.8112940423105304
11898;11898;1997-04-18;0.0059812716152603;0.59812716152603;3.8172753139257907
11899;11899;1997-04-21;-0.0078208203834462;-0.78208203834462;3.8094544935423444
11900;11900;1997-04-22;0.0185545071809861;1.85545071809861;3.8280090007233305
11901;11901;1997-04-23;-0.0012529890223191;-0.12529890223191;3.8267560117010113
11902;11902;1997-04-24;-0.0031848682262953;-0.31848682262953004;3.823571143474716
11903;11903;1997-04-25;-0.0075624297744907;-0.75624297744907;3.816008713700225
11904;11904;1997-04-28;0.0098679587695063;0.98679587695063;3.8258766724697315
11905;11905;1997-04-29;0.0269190871761449;2.69190871761449;3.8527957596458764
11906;11906;1997-04-30;0.0091389436692415;0.91389436692415;3.861934703315118
11907;11907;1997-05-01;-0.0035127864028679;-0.35127864028679;3.85842191691225
11908;11908;1997-05-02;0.0179215991156667;1.7921599115666698;3.8763435160279167
11909;11909;1997-05-05;0.0210808380328169;2.1080838032816898;3.8974243540607336
11910;11910;1997-05-06;-0.0030517414816229;-0.30517414816229;3.8943726125791107
11911;11911;1997-05-07;-0.0147747152837283;-1.4774715283728301;3.8795978972953824
11912;11912;1997-05-08;0.0056728212694485;0.56728212694485;3.885270718564831
11913;11913;1997-05-09;0.0054953439038154;0.54953439038154;3.8907660624686464
11914;11914;1997-05-12;0.0154955387289357;1.54955387289357;3.906261601197582
11915;11915;1997-05-13;-0.0054225595791592;-0.5422559579159201;3.900839041618423
11916;11916;1997-05-14;0.0034867340986934;0.34867340986934;3.9043257757171164
11917;11917;1997-05-15;0.0069610596945626;0.6961059694562599;3.911286835411679
11918;11918;1997-05-16;-0.0145130416099759;-1.45130416099759;3.896773793801703
11919;11919;1997-05-19;0.0042332927017758;0.42332927017758004;3.901007086503479
11920;11920;1997-05-20;0.0100183568365795;1.0018356836579498;3.9110254433400584
11921;11921;1997-05-21;-0.0027483459635711;-0.27483459635711;3.9082770973764873
11922;11922;1997-05-22;-0.0044059546888428;-0.44059546888428;3.9038711426876445
11923;11923;1997-05-23;0.0135143479023903;1.35143479023903;3.9173854905900347
11924;11924;1997-05-27;0.0031589933026108;0.31589933026107997;3.9205444838926455
11925;11925;1997-05-28;-0.0029465169176132;-0.29465169176132;3.9175979669750323
11926;11926;1997-05-29;-0.0037013267993053;-0.37013267993053;3.913896640175727
11927;11927;1997-05-30;0.0049635071835796;0.49635071835796;3.9188601473593065
11928;11928;1997-06-02;-0.002266020872554;-0.22660208725540001;3.9165941264867525
11929;11929;1997-06-03;-0.0010402935236992;-0.10402935236992;3.9155538329630533
11930;11930;1997-06-04;-0.0063716719714417;-0.63716719714417;3.9091821609916115
11931;11931;1997-06-05;0.0039440849010619;0.39440849010619;3.9131262458926734
11932;11932;1997-06-06;0.0171388633955196;1.7138863395519601;3.930265109288193
11933;11933;1997-06-09;0.0056946008994325;0.56946008994325;3.9359597101876256
11934;11934;1997-06-10;0.002731253083211;0.2731253083211;3.9386909632708367
11935;11935;1997-06-11;0.0049572245725917;0.49572245725917;3.9436481878434284
11936;11936;1997-06-12;0.0158471965185969;1.58471965185969;3.9594953843620253
11937;11937;1997-06-13;0.0110428680304393;1.10428680304393;3.9705382523924646
11938;11938;1997-06-16;0.000705029751602;0.0705029751602;3.9712432821440666
11939;11939;1997-06-17;0.0005815055612155;0.058150556121550005;3.971824787705282
11940;11940;1997-06-18;-0.0060107219532241;-0.60107219532241;3.965814065752058
11941;11941;1997-06-19;0.0099941986963143;0.99941986963143;3.9758082644483723
11942;11942;1997-06-20;0.0007903667701949;0.07903667701948999;3.9765986312185673
11943;11943;1997-06-23;-0.0225967989377294;-2.25967989377294;3.954001832280838
11944;11944;1997-06-24;0.0199673463255596;1.99673463255596;3.9739691786063975
11945;11945;1997-06-25;-0.0082338597967863;-0.82338597967863;3.965735318809611
11946;11946;1997-06-26;-0.005990977376534;-0.5990977376534;3.959744341433077
11947;11947;1997-06-27;0.0040881320856591;0.40881320856591;3.9638324735187362
11948;11948;1997-06-30;-0.0024372887833701;-0.24372887833700999;3.961395184735366
11949;11949;1997-07-01;0.006632287950512;0.6632287950511999;3.968027472685878
11950;11950;1997-07-02;0.0144844482765683;1.44844482765683;3.9825119209624464
11951;11951;1997-07-03;0.0141576311463174;1.41576311463174;3.996669552108764
11952;11952;1997-07-07;-0.0051609314745348;-0.51609314745348;3.991508620634229
11953;11953;1997-07-08;0.0071547730944363;0.71547730944363;3.9986633937286653
11954;11954;1997-07-09;-0.0122764324657787;-1.2276432465778702;3.9863869612628866
11955;11955;1997-07-10;0.0068522559374208;0.6852255937420799;3.9932392172003075
11956;11956;1997-07-11;0.0031685657063276;0.31685657063276;3.996407782906635
11957;11957;1997-07-14;0.0018528140640485;0.18528140640485;3.9982605969706837
11958;11958;1997-07-15;0.0080037788206412;0.8003778820641201;4.006264375791325
11959;11959;1997-07-16;0.0116306160142123;1.16306160142123;4.017894991805537
11960;11960;1997-07-17;-0.0053313925318061;-0.53313925318061;4.012563599273731
11961;11961;1997-07-18;-0.0176623887918339;-1.76623887918339;3.9949012104818973
11962;11962;1997-07-21;-0.0025817040691844;-0.25817040691844;3.992319506412713
11963;11963;1997-07-22;0.0227848400985149;2.27848400985149;4.015104346511228
11964;11964;1997-07-23;0.0027585827263338;0.27585827263338;4.017862929237562
11965;11965;1997-07-24;0.0039853744852038;0.39853744852038;4.0218483037227655
11966;11966;1997-07-25;-0.001607171931468;-0.1607171931468;4.020241131791297
11967;11967;1997-07-28;-0.0024956455994633;-0.24956455994633;4.017745486191834
11968;11968;1997-07-29;0.0062169164872774;0.62169164872774;4.023962402679111
11969;11969;1997-07-30;0.0105565276725912;1.0556527672591198;4.034518930351703
11970;11970;1997-07-31;0.0021189770075134;0.21189770075133998;4.036637907359216
11971;11971;1997-08-01;-0.0075416307916524;-0.75416307916524;4.0290962765675635
11972;11972;1997-08-04;0.0033307782237335;0.33307782237335;4.032427054791297
11973;11973;1997-08-05;0.0021758979068415;0.21758979068415;4.034602952698139
11974;11974;1997-08-06;0.0083129600447193;0.8312960044719301;4.042915912742858
11975;11975;1997-08-07;-0.0095527351534645;-0.95527351534645;4.0333631775893934
11976;11976;1997-08-08;-0.0187300463990585;-1.8730046399058502;4.014633131190335
11977;11977;1997-08-11;0.0036994942497061;0.36994942497061;4.018332625440041
11978;11978;1997-08-12;-0.0112368258131994;-1.12368258131994;4.007095799626842
11979;11979;1997-08-13;-0.0048795194384236;-0.48795194384236;4.002216280188418
11980;11980;1997-08-14;0.0029781425857757;0.29781425857757;4.005194422774194
11981;11981;1997-08-15;-0.0262507232256519;-2.62507232256519;3.978943699548542
11982;11982;1997-08-18;0.0128827591865406;1.28827591865406;3.9918264587350825
11983;11983;1997-08-19;0.0147079289894938;1.47079289894938;4.006534387724576
11984;11984;1997-08-20;0.0143030766407684;1.43030766407684;4.020837464365345
11985;11985;1997-08-21;-0.0153403440303856;-1.53403440303856;4.005497120334959
11986;11986;1997-08-22;-0.0016336887721095;-0.16336887721095;4.003863431562849
11987;11987;1997-08-25;-0.0036665497385097;-0.36665497385097;4.00019688182434
11988;11988;1997-08-26;-0.0077897305573175;-0.77897305573175;3.992407151267022
11989;11989;1997-08-27;0.0007444950725856;0.07444950725856;3.9931516463396077
11990;11990;1997-08-28;-0.0110380724506474;-1.10380724506474;3.9821135738889604
11991;11991;1997-08-29;-0.0046585619562939;-0.46585619562939;3.9774550119326664
11992;11992;1997-09-02;0.0307733937274675;3.0773393727467497;4.008228405660134
11993;11993;1997-09-03;0.0003017807116618;0.03017807116618;4.008530186371796
11994;11994;1997-09-04;0.0032387841844361;0.32387841844361;4.011768970556232
11995;11995;1997-09-05;-0.0019570815922689;-0.19570815922689;4.009811888963963
11996;11996;1997-09-08;0.0023115441014276;0.23115441014275998;4.0121234330653905
11997;11997;1997-09-09;0.0025954079743479;0.25954079743479;4.0147188410397385
11998;11998;1997-09-10;-0.0157507002817789;-1.5750700281778902;3.9989681407579596
11999;11999;1997-09-11;-0.0070320572402176;-0.70320572402176;3.991936083517742
12000;12000;1997-09-12;0.0123278947605918;1.23278947605918;4.004263978278334
12001;12001;1997-09-15;-0.0044909745442716;-0.44909745442716;3.999773003734062
12002;12002;1997-09-16;0.0277383022714268;2.77383022714268;4.027511306005489
12003;12003;1997-09-17;-0.0027956801704123;-0.27956801704123;4.024715625835077
12004;12004;1997-09-18;0.0045389706502119;0.45389706502119;4.029254596485289
12005;12005;1997-09-19;0.0033934398886765;0.33934398886765;4.032648036373965
12006;12006;1997-09-22;0.0051628004245269;0.51628004245269;4.037810836798492
12007;12007;1997-09-23;-0.0036699982741739;-0.36699982741739;4.034140838524318
12008;12008;1997-09-24;-0.0078570050059934;-0.78570050059934;4.026283833518325
12009;12009;1997-09-25;-0.0069805235285667;-0.69805235285667;4.019303309989758
12010;12010;1997-09-26;0.0077637071630194;0.77637071630194;4.027067017152778
12011;12011;1997-09-29;0.0085539624986523;0.85539624986523;4.03562097965143
12012;12012;1997-09-30;-0.0063768858131414;-0.63768858131414;4.0292440938382885
12013;12013;1997-10-01;0.0085457888244766;0.85457888244766;4.037789882662765
12014;12014;1997-10-02;0.0052718198094048;0.52718198094048;4.04306170247217
12015;12015;1997-10-03;0.004746859718991;0.47468597189910006;4.047808562191161
12016;12016;1997-10-06;0.0079062122270849;0.79062122270849;4.055714774418246
12017;12017;1997-10-07;0.0106657516738657;1.06657516738657;4.066380526092112
12018;12018;1997-10-08;-0.0094841360638584;-0.94841360638584;4.056896390028253
12019;12019;1997-10-09;-0.0033120094083232;-0.33120094083232005;4.05358438061993
12020;12020;1997-10-10;-0.0037572453851222;-0.37572453851222;4.049827135234808
12021;12021;1997-10-13;0.0011575709020093;0.11575709020093;4.050984706136817
12022;12022;1997-10-14;0.0022493565901013;0.22493565901013;4.0532340627269186
12023;12023;1997-10-15;-0.0047108124307548;-0.47108124307548;4.048523250296164
12024;12024;1997-10-16;-0.0109008207675352;-1.09008207675352;4.0376224295286285
12025;12025;1997-10-17;-0.0116774716149992;-1.16774716149992;4.025944957913629
12026;12026;1997-10-20;0.0120542496176625;1.20542496176625;4.037999207531292
12027;12027;1997-10-21;0.0172939943181873;1.72939943181873;4.055293201849479
12028;12028;1997-10-22;-0.003905711424692;-0.3905711424692;4.051387490424787
12029;12029;1997-10-23;-0.0185501083750363;-1.85501083750363;4.032837382049751
12030;12030;1997-10-24;-0.0095649869910952;-0.95649869910952;4.0232723950586555
12031;12031;1997-10-27;-0.0711274734610532;-7.112747346105321;3.9521449215976023
12032;12032;1997-10-28;0.0498869160858115;4.98869160858115;4.002031837683414
12033;12033;1997-10-29;-0.0029223143697061;-0.29223143697061;3.9991095233137077
12034;12034;1997-10-30;-0.0169848724334258;-1.69848724334258;3.982124650880282
12035;12035;1997-10-31;0.0120333653225035;1.20333653225035;3.9941580162027854
12036;12036;1997-11-03;0.0262961458733848;2.6296145873384797;4.02045416207617
12037;12037;1997-11-04;0.0018832509888389;0.18832509888389;4.022337413065009
12038;12038;1997-11-05;0.0021236840919503;0.21236840919503;4.024461097156959
12039;12039;1997-11-06;-0.005029791602273;-0.5029791602273;4.019431305554686
12040;12040;1997-11-07;-0.011278375476885;-1.1278375476885;4.008152930077801
12041;12041;1997-11-10;-0.0069024042307042;-0.69024042307042;4.001250525847097
12042;12042;1997-11-11;0.0028727968016948;0.28727968016947997;4.004123322648792
12043;12043;1997-11-12;-0.0194788002055812;-1.94788002055812;3.9846445224432108
12044;12044;1997-11-13;0.0117414205424362;1.17414205424362;3.996385942985647
12045;12045;1997-11-14;0.012672191217133;1.2672191217133;4.00905813420278
12046;12046;1997-11-17;0.0190451848781947;1.90451848781947;4.028103319080975
12047;12047;1997-11-18;-0.0084588756884649;-0.8458875688464901;4.01964444339251
12048;12048;1997-11-19;0.0067558993072811;0.67558993072811;4.026400342699791
12049;12049;1997-11-20;0.0151191992549524;1.51191992549524;4.041519541954743
12050;12050;1997-11-21;0.0042766946567676;0.42766946567675995;4.045796236611511
12051;12051;1997-11-24;-0.0171963477598718;-1.7196347759871802;4.028599888851639
12052;12052;1997-11-25;0.0043742318948183;0.43742318948183;4.032974120746458
12053;12053;1997-11-26;0.0008620502310678;0.08620502310678001;4.0338361709775254
12054;12054;1997-11-28;0.0039432983003235;0.39432983003235;4.037779469277849
12055;12055;1997-12-01;0.0200714401752036;2.00714401752036;4.057850909453053
12056;12056;1997-12-02;-0.0031750413061857;-0.31750413061857;4.054675868146867
12057;12057;1997-12-03;0.0052247053245446;0.52247053245446;4.0599005734714115
12058;12058;1997-12-04;-0.0037644031052961;-0.37644031052960997;4.056136170366115
12059;12059;1997-12-05;0.0109256101149713;1.09256101149713;4.067061780481087
12060;12060;1997-12-08;-0.0014444229018826;-0.14444229018826;4.065617357579204
12061;12061;1997-12-09;-0.0067308334893603;-0.67308334893603;4.058886524089844
12062;12062;1997-12-10;-0.0061576503598725;-0.61576503598725;4.052728873729971
12063;12063;1997-12-11;-0.0154310171520926;-1.54310171520926;4.0372978565778785
12064;12064;1997-12-12;-0.0016244437042196;-0.16244437042196;4.035673412873659
12065;12065;1997-12-15;0.0104342601357219;1.04342601357219;4.046107673009381
12066;12066;1997-12-16;0.0048150562027879;0.48150562027879;4.050922729212169
12067;12067;1997-12-17;-0.0025858784740906;-0.25858784740906;4.048336850738078
12068;12068;1997-12-18;-0.0106620928219954;-1.06620928219954;4.037674757916083
12069;12069;1997-12-19;-0.0089586304529918;-0.89586304529918;4.028716127463091
12070;12070;1997-12-22;0.0072823849059675;0.72823849059675;4.0359985123690585
12071;12071;1997-12-23;-0.0153952490633262;-1.53952490633262;4.020603263305732
12072;12072;1997-12-24;-0.0068703015054225;-0.68703015054225;4.01373296180031
12073;12073;1997-12-26;0.0040232136396118;0.40232136396117996;4.017756175439922
12074;12074;1997-12-29;0.0178752400977658;1.7875240097765799;4.035631415537687
12075;12075;1997-12-30;0.0181796316099581;1.81796316099581;4.053811047147645
12076;12076;1997-12-31;-0.0004224389207827;-0.04224389207827;4.053388608226863
12077;12077;1998-01-02;0.0047392082089237;0.47392082089237003;4.058127816435786
12078;12078;1998-01-05;0.0020798313080439;0.20798313080439002;4.06020764774383
12079;12079;1998-01-06;-0.010794218839651;-1.0794218839651;4.049413428904179
12080;12080;1998-01-07;-0.0026727910920145;-0.26727910920145;4.046740637812165
12081;12081;1998-01-08;-0.0082810942232223;-0.82810942232223;4.038459543588942
12082;12082;1998-01-09;-0.0301125729770737;-3.01125729770737;4.008346970611869
12083;12083;1998-01-12;0.0123414923902958;1.23414923902958;4.020688463002164
12084;12084;1998-01-13;0.013651952215862;1.3651952215862;4.034340415218026
12085;12085;1998-01-14;0.0060940756007292;0.60940756007292;4.040434490818756
12086;12086;1998-01-15;-0.007555058090686;-0.7555058090686;4.03287943272807
12087;12087;1998-01-16;0.0112748862646246;1.12748862646246;4.044154318992694
12088;12088;1998-01-20;0.017617978539116;1.7617978539116002;4.06177229753181
12089;12089;1998-01-21;-0.0079921818080732;-0.79921818080732;4.053780115723737
12090;12090;1998-01-22;-0.0080358475669841;-0.8035847566984101;4.045744268156753
12091;12091;1998-01-23;-0.0056751853437147;-0.56751853437147;4.040069082813038
12092;12092;1998-01-26;-0.0006685835874966;-0.06685835874966001;4.0394004992255415
12093;12093;1998-01-27;0.0125341161281352;1.25341161281352;4.051934615353677
12094;12094;1998-01-28;0.00867212066139;0.867212066139;4.060606736015067
12095;12095;1998-01-29;0.0081815764471739;0.8181576447173899;4.068788312462241
12096;12096;1998-01-30;-0.0053006945354594;-0.5300694535459399;4.063487617926781
12097;12097;1998-02-02;0.0211862184637512;2.11862184637512;4.084673836390532
12098;12098;1998-02-03;0.0047128574707713;0.47128574707713006;4.089386693861304
12099;12099;1998-02-04;0.0008942560974194;0.08942560974194;4.090280949958723
12100;12100;1998-02-05;-0.0033426007492236;-0.33426007492236;4.0869383492094995
12101;12101;1998-02-06;0.0088493077488385;0.8849307748838501;4.095787656958338
12102;12102;1998-02-09;-0.0017003088218565;-0.17003088218565;4.0940873481364815
12103;12103;1998-02-10;0.0081488515958447;0.81488515958447;4.102236199732326
12104;12104;1998-02-11;0.000980863424945;0.0980863424945;4.103217063157271
12105;12105;1998-02-12;0.0040408096950788;0.40408096950788003;4.10725787285235
12106;12106;1998-02-13;-0.0039623655025486;-0.39623655025486;4.103295507349801
12107;12107;1998-02-17;0.002613979951489;0.2613979951489;4.1059094873012905
12108;12108;1998-02-18;0.009071275684855;0.9071275684854999;4.1149807629861455
12109;12109;1998-02-19;-0.0036886091130634;-0.36886091130634;4.111292153873082
12110;12110;1998-02-20;0.0057502808435785;0.57502808435785;4.1170424347166605
12111;12111;1998-02-23;0.0037928523240804;0.37928523240803996;4.120835287040741
12112;12112;1998-02-24;-0.0073282637901162;-0.73282637901162;4.113507023250625
12113;12113;1998-02-25;0.0119029160909143;1.19029160909143;4.125409939341539
12114;12114;1998-02-26;0.0055174194025911;0.55174194025911;4.13092735874413
12115;12115;1998-02-27;0.0006386261453243;0.06386261453243;4.131565984889455
12116;12116;1998-03-02;-0.0015641240980306;-0.15641240980306;4.130001860791424
12117;12117;1998-03-03;0.0041149059450251;0.41149059450251;4.134116766736449
12118;12118;1998-03-04;-0.0044681180902177;-0.44681180902177;4.129648648646231
12119;12119;1998-03-05;-0.0117942443925427;-1.17942443925427;4.117854404253689
12120;12120;1998-03-06;0.0197447436231073;1.9744743623107301;4.137599147876796
12121;12121;1998-03-09;-0.0032067219129938;-0.32067219129938;4.134392425963802
12122;12122;1998-03-10;0.0112825219460788;1.12825219460788;4.145674947909881
12123;12123;1998-03-11;0.0039573657720692;0.39573657720692;4.14963231368195
12124;12124;1998-03-12;0.0013562289499065;0.13562289499065;4.150988542631857
12125;12125;1998-03-13;-0.0012251959487246;-0.12251959487246;4.149763346683132
12126;12126;1998-03-16;0.0099261807009511;0.99261807009511;4.159689527384083
12127;12127;1998-03-17;0.0010926704695428;0.10926704695428001;4.160782197853626
12128;12128;1998-03-18;0.0046815776100395;0.46815776100395;4.165463775463666
12129;12129;1998-03-19;0.0038799732212417;0.38799732212417;4.169343748684907
12130;12130;1998-03-20;0.0086071561534799;0.86071561534799;4.177950904838387
12131;12131;1998-03-23;-0.0032897176566866;-0.32897176566866;4.174661187181701
12132;12132;1998-03-24;0.0091768540300138;0.91768540300138;4.183838041211715
12133;12133;1998-03-25;-0.0033701821809888;-0.33701821809888;4.180467859030726
12134;12134;1998-03-26;-0.0010260041369472;-0.10260041369471999;4.179441854893779
12135;12135;1998-03-27;-0.0048811775278192;-0.48811775278192004;4.174560677365959
12136;12136;1998-03-30;-0.0016810707004673;-0.16810707004673;4.172879606665492
12137;12137;1998-03-31;0.0074248402582233;0.74248402582233;4.180304446923715
12138;12138;1998-04-01;0.0057921551413038;0.57921551413038;4.186096602065019
12139;12139;1998-04-02;0.0106456428858008;1.06456428858008;4.19674224495082
12140;12140;1998-04-03;0.0023988320707468;0.23988320707468;4.199141077021567
12141;12141;1998-04-06;-0.0011763806799223;-0.11763806799222999;4.197964696341645
12142;12142;1998-04-07;-0.0106055022759923;-1.06055022759923;4.187359194065652
12143;12143;1998-04-08;-0.0071454941683324;-0.71454941683324;4.18021369989732
12144;12144;1998-04-09;0.0081543987346259;0.8154398734625901;4.188368098631946
12145;12145;1998-04-13;-0.0008828325769494;-0.08828325769494;4.187485266054996
12146;12146;1998-04-14;0.0054461806560022;0.54461806560022;4.192931446710999
12147;12147;1998-04-15;0.0031944852931795;0.31944852931795004;4.196125932004178
12148;12148;1998-04-16;-0.0100112639564607;-1.00112639564607;4.1861146680477175
12149;12149;1998-04-17;0.0130442408277531;1.3044240827753102;4.199158908875471
12150;12150;1998-04-20;0.0008280497471142;0.08280497471142;4.199986958622585
12151;12151;1998-04-21;0.002684082016632;0.2684082016632;4.202671040639217
12152;12152;1998-04-22;0.0034290107253491;0.34290107253491;4.206100051364566
12153;12153;1998-04-23;-0.0097418535043427;-0.9741853504342699;4.196358197860223
12154;12154;1998-04-24;-0.0104872224693722;-1.04872224693722;4.185870975390851
12155;12155;1998-04-27;-0.0194679818141719;-1.94679818141719;4.166402993576679
12156;12156;1998-04-28;-0.001317020874362;-0.13170208743620002;4.165085972702317
12157;12157;1998-04-29;0.0087259159891104;0.87259159891104;4.173811888691428
12158;12158;1998-04-30;0.015528083900997;1.5528083900997;4.189339972592425
12159;12159;1998-05-01;0.0082857936813542;0.82857936813542;4.197625766273779
12160;12160;1998-05-04;0.0009540015308537;0.09540015308537;4.198579767804633
12161;12161;1998-05-05;-0.0058724107304266;-0.58724107304266;4.192707357074206
12162;12162;1998-05-06;-0.0095297609097677;-0.95297609097677;4.183177596164438
12163;12163;1998-05-07;-0.008890751306672;-0.8890751306672001;4.174286844857766
12164;12164;1998-05-08;0.0118007249959238;1.18007249959238;4.18608756985369
12165;12165;1998-05-11;-0.0013545365309681;-0.13545365309680998;4.184733033322722
12166;12166;1998-05-12;0.0082342980233756;0.8234298023375599;4.192967331346098
12167;12167;1998-05-13;0.0027475872269402;0.27475872269401996;4.195714918573038
12168;12168;1998-05-14;-0.0013325912216721;-0.13325912216721;4.194382327351366
12169;12169;1998-05-15;-0.0077625070587616;-0.77625070587616;4.186619820292604
12170;12170;1998-05-18;-0.0026281057300057;-0.26281057300057;4.183991714562598
12171;12171;1998-05-19;0.0033404150129134;0.33404150129134;4.187332129575512
12172;12172;1998-05-20;0.0085615925263375;0.8561592526337499;4.195893722101849
12173;12173;1998-05-21;-0.0039576036376347;-0.39576036376347;4.1919361184642145
12174;12174;1998-05-22;-0.0037481732662616;-0.37481732662616;4.188187945197953
12175;12175;1998-05-26;-0.0149243193646624;-1.49243193646624;4.1732636258332905
12176;12176;1998-05-27;-0.0016375441052094;-0.16375441052094;4.171626081728081
12177;12177;1998-05-28;0.004904496579269;0.49044965792690004;4.17653057830735
12178;12178;1998-05-29;-0.0061962986395789;-0.61962986395789;4.170334279667771
12179;12179;1998-06-01;0.0001466990610641;0.01466990610641;4.170480978728835
12180;12180;1998-06-02;0.0020510867462206;0.20510867462206003;4.172532065475056
12181;12181;1998-06-03;-0.009641832305772;-0.9641832305771999;4.162890233169284
12182;12182;1998-06-04;0.0111134488997893;1.11134488997893;4.174003682069073
12183;12183;1998-06-05;0.0172323870059961;1.7232387005996102;4.191236069075069
12184;12184;1998-06-08;0.0016684635385919;0.16684635385919;4.192904532613661
12185;12185;1998-06-09;0.0024081537726079;0.24081537726079;4.195312686386269
12186;12186;1998-06-10;-0.0054960754363371;-0.54960754363371;4.189816610949932
12187;12187;1998-06-11;-0.0160413009181974;-1.60413009181974;4.1737753100317345
12188;12188;1998-06-12;0.0038843591358048;0.38843591358048;4.177659669167539
12189;12189;1998-06-15;-0.0200663545166053;-2.00663545166053;4.157593314650934
12190;12190;1998-06-16;0.0097755154481271;0.97755154481271;4.167368830099061
12191;12191;1998-06-17;0.0177887949861102;1.7788794986110201;4.185157625085171
12192;12192;1998-06-18;-0.0006686213873674;-0.06686213873674;4.184489003697804
12193;12193;1998-06-19;-0.0051834453315482;-0.51834453315482;4.179305558366256
12194;12194;1998-06-22;0.0023231404615096;0.23231404615096002;4.181628698827765
12195;12195;1998-06-23;0.0146491388809507;1.46491388809507;4.196277837708716
12196;12196;1998-06-24;0.0118898518212367;1.18898518212367;4.208167689529953
12197;12197;1998-06-25;-0.0031827801613495;-0.31827801613495;4.204984909368603
12198;12198;1998-06-26;0.0034651585489955;0.34651585489955;4.208450067917599
12199;12199;1998-06-29;0.0046573684786315;0.46573684786315;4.21310743639623
12200;12200;1998-06-30;-0.0040927423225563;-0.40927423225563003;4.209014694073674
12201;12201;1998-07-01;0.0128989633160526;1.28989633160526;4.2219136573897265
12202;12202;1998-07-02;-0.0018649535283197;-0.18649535283197;4.220048703861407
12203;12203;1998-07-06;0.0094715082453209;0.9471508245320901;4.229520212106728
12204;12204;1998-07-07;-0.002309632133719;-0.2309632133719;4.227210579973009
12205;12205;1998-07-08;0.0100989818463582;1.0098981846358202;4.237309561819367
12206;12206;1998-07-09;-0.006727034051952;-0.6727034051952;4.230582527767415
12207;12207;1998-07-10;0.00496787091026;0.49678709102600005;4.235550398677675
12208;12208;1998-07-13;0.0007383367192312;0.07383367192312;4.236288735396906
12209;12209;1998-07-14;0.0105773345746822;1.05773345746822;4.246866069971588
12210;12210;1998-07-15;-0.0023549651736827;-0.23549651736827;4.244511104797906
12211;12211;1998-07-16;0.0077835994200343;0.7783599420034301;4.25229470421794
12212;12212;1998-07-17;0.0023283964151064;0.23283964151064002;4.254623100633046
12213;12213;1998-07-20;-0.0022355063630747;-0.22355063630747;4.252387594269972
12214;12214;1998-07-21;-0.0162018473858705;-1.62018473858705;4.236185746884101
12215;12215;1998-07-22;-0.0008500870285486;-0.08500870285486001;4.2353356598555525
12216;12216;1998-07-23;-0.021122097560383;-2.1122097560383;4.2142135622951695
12217;12217;1998-07-24;0.0009208735187939;0.09208735187939;4.2151344358139635
12218;12218;1998-07-27;0.0056554109352706;0.5655410935270601;4.220789846749234
12219;12219;1998-07-28;-0.0149552338598076;-1.49552338598076;4.205834612889427
12220;12220;1998-07-29;-0.004460340462872;-0.44603404628720006;4.201374272426555
12221;12221;1998-07-30;0.0156429462096037;1.56429462096037;4.217017218636158
12222;12222;1998-07-31;-0.0196858364562971;-1.9685836456297099;4.197331382179861
12223;12223;1998-08-03;-0.0073710120130998;-0.7371012013099799;4.189960370166761
12224;12224;1998-08-04;-0.0369177559643923;-3.69177559643923;4.153042614202369
12225;12225;1998-08-05;0.0086462973124037;0.8646297312403701;4.161688911514773
12226;12226;1998-08-06;0.0075539043314281;0.7553904331428101;4.169242815846201
12227;12227;1998-08-07;-0.000165256901119;-0.0165256901119;4.169077558945082
12228;12228;1998-08-10;-0.0058086927037805;-0.58086927037805;4.163268866241301
12229;12229;1998-08-11;-0.0131593399729786;-1.3159339972978599;4.150109526268323
12230;12230;1998-08-12;0.0141559036230916;1.41559036230916;4.164265429891414
12231;12231;1998-08-13;-0.008623838932503;-0.8623838932503001;4.155641590958911
12232;12232;1998-08-14;-0.0113770805183924;-1.13770805183924;4.144264510440519
12233;12233;1998-08-17;0.0194935809715533;1.94935809715533;4.163758091412072
12234;12234;1998-08-18;0.0160469805610859;1.60469805610859;4.179805071973158
12235;12235;1998-08-19;-0.0028554096551687;-0.28554096551686997;4.176949662317989
12236;12236;1998-08-20;-0.0059005522682626;-0.59005522682626;4.171049110049727
12237;12237;1998-08-21;-0.0095359664483405;-0.95359664483405;4.161513143601386
12238;12238;1998-08-24;0.0063613089935925;0.63613089935925;4.167874452594979
12239;12239;1998-08-25;0.0043191104419086;0.43191104419086;4.172193563036887
12240;12240;1998-08-26;-0.0079558308605918;-0.7955830860591799;4.164237732176296
12241;12241;1998-08-27;-0.0391251407038631;-3.9125140703863104;4.1251125914724325
12242;12242;1998-08-28;-0.0149297136524149;-1.49297136524149;4.110182877820018
12243;12243;1998-08-31;-0.0704375746825106;-7.04375746825106;4.039745303137507
12244;12244;1998-09-01;0.0379027919916011;3.7902791991601097;4.077648095129108
12245;12245;1998-09-02;-0.0038090980072835;-0.38090980072835;4.0738389971218245
12246;12246;1998-09-03;-0.0083336046452959;-0.83336046452959;4.0655053924765285
12247;12247;1998-09-04;-0.0085576729529828;-0.8557672952982801;4.056947719523546
12248;12248;1998-09-08;0.049645967928619;4.9645967928619;4.106593687452165
12249;12249;1998-09-09;-0.0170081942672686;-1.7008194267268602;4.089585493184896
12250;12250;1998-09-10;-0.026189717519042;-2.6189717519042;4.063395775665854
12251;12251;1998-09-11;0.0290280489560191;2.90280489560191;4.092423824621873
12252;12252;1998-09-14;0.0202676900237799;2.02676900237799;4.112691514645653
12253;12253;1998-09-15;0.0077006116275466;0.77006116275466;4.1203921262732
12254;12254;1998-09-16;0.0074885868811049;0.7488586881104901;4.127880713154305
12255;12255;1998-09-17;-0.0257819258308309;-2.5781925830830903;4.102098787323474
12256;12256;1998-09-18;0.0011967200263276;0.11967200263275998;4.103295507349801
12257;12257;1998-09-21;0.0037182284561385;0.37182284561385;4.10701373580594
12258;12258;1998-09-22;0.0055904056383573;0.55904056383573;4.112604141444297
12259;12259;1998-09-23;0.0347981987944008;3.47981987944008;4.147402340238698
12260;12260;1998-09-24;-0.0221650622648859;-2.21650622648859;4.125237277973812
12261;12261;1998-09-25;0.0019449665558317;0.19449665558317;4.127182244529644
12262;12262;1998-09-28;0.0037640875906763;0.37640875906763;4.13094633212032
12263;12263;1998-09-29;0.0003147041381899;0.03147041381899;4.13126103625851
12264;12264;1998-09-30;-0.0309894543822375;-3.0989454382237502;4.100271581876273
12265;12265;1998-10-01;-0.0305704095440422;-3.05704095440422;4.0697011723322305
12266;12266;1998-10-02;0.0163000517610294;1.63000517610294;4.08600122409326
12267;12267;1998-10-05;-0.0141025441188507;-1.41025441188507;4.071898679974409
12268;12268;1998-10-06;-0.004023998486379;-0.4023998486379;4.06787468148803
12269;12269;1998-10-07;-0.014228488679989;-1.4228488679989;4.053646192808041
12270;12270;1998-10-08;-0.0116470665984068;-1.1647066598406801;4.041999126209634
12271;12271;1998-10-09;0.0256723922229849;2.56723922229849;4.067671518432619
12272;12272;1998-10-12;0.0134404997417477;1.34404997417477;4.081112018174367
12273;12273;1998-10-13;-0.0029209751062246;-0.29209751062246;4.078191043068142
12274;12274;1998-10-14;0.0107283736441497;1.07283736441497;4.088919416712292
12275;12275;1998-10-15;0.0408820221540411;4.08820221540411;4.129801438866333
12276;12276;1998-10-16;0.0084890584517944;0.8489058451794399;4.138290497318128
12277;12277;1998-10-19;0.0056352260298675;0.56352260298675;4.143925723347995
12278;12278;1998-10-20;0.0014485488725242;0.14485488725242002;4.145374272220519
12279;12279;1998-10-21;0.0056142704113373;0.56142704113373;4.150988542631857
12280;12280;1998-10-22;0.0079687034079523;0.7968703407952299;4.158957246039809
12281;12281;1998-10-23;-0.0072679620237012;-0.72679620237012;4.151689284016108
12282;12282;1998-10-26;0.001539813376354;0.1539813376354;4.153229097392462
12283;12283;1998-10-27;-0.0065305100847838;-0.65305100847838;4.146698587307678
12284;12284;1998-10-28;0.0025780096939902;0.25780096939902;4.149276597001668
12285;12285;1998-10-29;0.0165648376214538;1.65648376214538;4.165841434623122
12286;12286;1998-10-30;0.0116635849641513;1.16635849641513;4.177505019587273
12287;12287;1998-11-02;0.0116999998921941;1.1699999892194102;4.189205019479467
12288;12288;1998-11-03;-0.0006839420181963;-0.06839420181963;4.188521077461271
12289;12289;1998-11-04;0.0070240637250993;0.70240637250993;4.19554514118637
12290;12290;1998-11-05;0.013478381254723;1.3478381254723;4.209023522441093
12291;12291;1998-11-06;0.0062949435902535;0.62949435902535;4.215318466031347
12292;12292;1998-11-09;-0.0095192789891438;-0.95192789891438;4.205799187042203
12293;12293;1998-11-10;-0.0017179330257004;-0.17179330257004;4.2040812540165025
12294;12294;1998-11-11;-0.0064822757910825;-0.64822757910825;4.19759897822542
12295;12295;1998-11-12;-0.0029303534043245;-0.29303534043245;4.194668624821095
12296;12296;1998-11-13;0.007158802545093;0.7158802545093;4.201827427366188
12297;12297;1998-11-16;0.0089760675465271;0.89760675465271;4.2108034949127155
12298;12298;1998-11-17;0.0030326730810124;0.30326730810124;4.213836167993728
12299;12299;1998-11-18;0.0045188220927796;0.45188220927795997;4.218354990086508
12300;12300;1998-11-19;0.0070785551028853;0.70785551028853;4.225433545189393
12301;12301;1998-11-20;0.0094467957297164;0.94467957297164;4.234880340919109
12302;12302;1998-11-23;0.0209722214378214;2.09722214378214;4.255852562356931
12303;12303;1998-11-24;-0.0044028167511855;-0.44028167511855;4.251449745605745
12304;12304;1998-11-25;0.0032744621972398;0.32744621972398;4.254724207802985
12305;12305;1998-11-27;0.0045897534442946;0.45897534442946;4.25931396124728
12306;12306;1998-11-30;-0.0243649054043775;-2.43649054043775;4.234949055842902
12307;12307;1998-12-01;0.0099620080958589;0.9962008095858901;4.244911063938761
12308;12308;1998-12-02;-0.0034348871845102;-0.34348871845101997;4.241476176754251
12309;12309;1998-12-03;-0.0181878674326175;-1.8187867432617502;4.223288309321633
12310;12310;1998-12-04;0.0228642076453465;2.28642076453465;4.24615251696698
12311;12311;1998-12-07;0.0092707277586239;0.9270727758623899;4.255423244725604
12312;12312;1998-12-08;-0.0053353716290178;-0.53353716290178;4.250087873096586
12313;12313;1998-12-09;0.0017844410596357;0.17844410596357;4.251872314156222
12314;12314;1998-12-10;-0.0157294205530985;-1.5729420553098499;4.236142893603123
12315;12315;1998-12-11;0.0012352164246047;0.12352164246047001;4.237378110027728
12316;12316;1998-12-14;-0.0218931904240236;-2.18931904240236;4.215484919603704
12317;12317;1998-12-15;0.0187763539047063;1.8776353904706298;4.234261273508411
12318;12318;1998-12-16;-0.0007656801170989;-0.07656801170989;4.233495593391312
12319;12319;1998-12-17;0.0154065010243967;1.54065010243967;4.248902094415708
12320;12320;1998-12-18;0.0067990253250718;0.67990253250718;4.25570111974078
12321;12321;1998-12-21;0.0123889014924314;1.2388901492431401;4.268090021233212
12322;12322;1998-12-22;0.0006066963228086;0.06066963228086;4.26869671755602
12323;12323;1998-12-23;0.0205344088543242;2.05344088543242;4.289231126410344
12324;12324;1998-12-24;-0.0018494462646661;-0.18494462646661;4.287381680145678
12325;12325;1998-12-28;-0.0006363021039064;-0.06363021039064;4.286745378041772
12326;12326;1998-12-29;0.0132292843960506;1.32292843960506;4.299974662437823
12327;12327;1998-12-30;-0.0079879511051119;-0.79879511051119;4.291986711332711
12328;12328;1998-12-31;-0.0021941483251346;-0.21941483251346003;4.289792563007576
12329;12329;1999-01-04;-0.0009197007320009;-0.09197007320009;4.288872862275575
12330;12330;1999-01-05;0.0134905906803411;1.34905906803411;4.302363452955916
12331;12331;1999-01-06;0.0218988673037339;2.18988673037339;4.32426232025965
12332;12332;1999-01-07;-0.0020534343842202;-0.20534343842202002;4.32220888587543
12333;12333;1999-01-08;0.0042124739979927;0.42124739979927;4.3264213598734225
12334;12334;1999-01-11;-0.0088303792245643;-0.8830379224564301;4.317590980648858
12335;12335;1999-01-12;-0.0194702101675723;-1.9470210167572302;4.298120770481286
12336;12336;1999-01-13;-0.0041311067880718;-0.41311067880718005;4.293989663693214
12337;12337;1999-01-14;-0.0181564491444615;-1.81564491444615;4.2758332145487525
12338;12338;1999-01-15;0.0253083776932828;2.5308377693282798;4.301141592242035
12339;12339;1999-01-19;0.0070053026196275;0.70053026196275;4.308146894861663
12340;12340;1999-01-20;0.0036833001669291;0.36833001669291;4.311830195028592
12341;12341;1999-01-21;-0.0172250289737068;-1.72250289737068;4.294605166054885
12342;12342;1999-01-22;-0.0081046580164976;-0.8104658016497601;4.286500508038388
12343;12343;1999-01-25;0.0071488158340749;0.71488158340749;4.2936493238724625
12344;12344;1999-01-26;0.0147451912872301;1.47451912872301;4.3083945151596925
12345;12345;1999-01-27;-0.007325288516597;-0.7325288516596999;4.301069226643095
12346;12346;1999-01-28;0.0176999611204121;1.76999611204121;4.3187691877635075
12347;12347;1999-01-29;0.0112142345156228;1.12142345156228;4.32998342227913
12348;12348;1999-02-01;-0.0052024805201043;-0.52024805201043;4.324780941759026
12349;12349;1999-02-02;-0.0086864873419054;-0.86864873419054;4.3160944544171205
12350;12350;1999-02-03;0.0079556201664372;0.79556201664372;4.324050074583558
12351;12351;1999-02-04;-0.0187106393153975;-1.8710639315397501;4.30533943526816
12352;12352;1999-02-05;-0.0073074021743257;-0.73074021743257;4.298032033093834
12353;12353;1999-02-08;0.0035196949334519;0.35196949334519;4.301551728027286
12354;12354;1999-02-09;-0.0224651850136333;-2.24651850136333;4.279086543013653
12355;12355;1999-02-10;0.0060745886500672;0.6074588650067201;4.28516113166372
12356;12356;1999-02-11;0.0246138612481577;2.46138612481577;4.309774992911878
12357;12357;1999-02-12;-0.0192505118071802;-1.92505118071802;4.290524481104698
12358;12358;1999-02-16;0.0094984451986057;0.9498445198605701;4.300022926303304
12359;12359;1999-02-17;-0.0144695868336227;-1.44695868336227;4.285553339469681
12360;12360;1999-02-18;0.0107667280311734;1.07667280311734;4.296320067500854
12361;12361;1999-02-19;0.00156668071617;0.156668071617;4.297886748217024
12362;12362;1999-02-22;0.026218407512423;2.6218407512423;4.324105155729447
12363;12363;1999-02-23;-0.0007548881143879;-0.07548881143879;4.3233502676150595
12364;12364;1999-02-24;-0.0140777812296653;-1.40777812296653;4.309272486385394
12365;12365;1999-02-25;-0.0067162540929688;-0.67162540929688;4.302556232292425
12366;12366;1999-02-26;-0.0053879479324443;-0.53879479324443;4.297168284359981
12367;12367;1999-03-01;-0.0017538341759157;-0.17538341759157;4.295414450184065
12368;12368;1999-03-02;-0.0086609040142784;-0.86609040142784;4.286753546169787
12369;12369;1999-03-03;0.0017935363065948;0.17935363065948;4.288547082476382
12370;12370;1999-03-04;0.0153094838949395;1.53094838949395;4.303856566371321
12371;12371;1999-03-05;0.0228627712106819;2.28627712106819;4.326719337582003
12372;12372;1999-03-08;0.005675888225765;0.5675888225765;4.332395225807768
12373;12373;1999-03-09;-0.0022555600714584;-0.22555600714584;4.33013966573631
12374;12374;1999-03-10;0.0054545307874169;0.54545307874169;4.335594196523727
12375;12375;1999-03-11;0.008388522032475;0.8388522032475001;4.343982718556202
12376;12376;1999-03-12;-0.0023840799297829;-0.23840799297829;4.341598638626419
12377;12377;1999-03-15;0.0097393349099732;0.97393349099732;4.351337973536392
12378;12378;1999-03-16;-0.00067339421512;-0.067339421512;4.350664579321272
12379;12379;1999-03-17;-0.0065740649645418;-0.65740649645418;4.34409051435673
12380;12380;1999-03-18;0.0143288237696124;1.43288237696124;4.3584193381263425
12381;12381;1999-03-19;-0.013196724501193;-1.3196724501193;4.3452226136251495
12382;12382;1999-03-22;-0.0017563683265375;-0.17563683265375002;4.343466245298612
12383;12383;1999-03-23;-0.0272529182403201;-2.72529182403201;4.316213327058292
12384;12384;1999-03-24;0.0050973158053011;0.50973158053011;4.321310642863593
12385;12385;1999-03-25;0.0167284379737147;1.67284379737147;4.338039080837308
12386;12386;1999-03-26;-0.0055892316189973;-0.55892316189973;4.33244984921831
12387;12387;1999-03-29;0.0211117063347732;2.11117063347732;4.3535615555530836
12388;12388;1999-03-30;-0.007215912181052;-0.7215912181052;4.3463456433720316
12389;12389;1999-03-31;-0.0111167268000756;-1.11167268000756;4.335228916571956
12390;12390;1999-04-01;0.0056974725527112;0.56974725527112;4.340926389124667
12391;12391;1999-04-05;0.0209580909614031;2.09580909614031;4.36188448008607
12392;12392;1999-04-06;-0.0024478737106878;-0.24478737106878;4.359436606375382
12393;12393;1999-04-07;0.0068058852819072;0.68058852819072;4.36624249165729
12394;12394;1999-04-08;0.0127974766831471;1.27974766831471;4.379039968340437
12395;12395;1999-04-09;0.0032462587491668;0.32462587491668;4.382286227089604
12396;12396;1999-04-12;0.0075952378601424;0.7595237860142401;4.389881464949746
12397;12397;1999-04-13;-0.0065056325439991;-0.65056325439991;4.383375832405747
12398;12398;1999-04-14;-0.0159659331556474;-1.59659331556474;4.3674098992501
12399;12399;1999-04-15;-0.0042167951888281;-0.42167951888280997;4.3631931040612715
12400;12400;1999-04-16;-0.0029146081423379;-0.29146081423379;4.360278495918934
12401;12401;1999-04-19;-0.0226348529138765;-2.2634852913876498;4.337643643005057
12402;12402;1999-04-20;0.0128602037013259;1.28602037013259;4.350503846706383
12403;12403;1999-04-21;0.0226706631753224;2.26706631753224;4.373174509881705
12404;12404;1999-04-22;0.0168467486272483;1.68467486272483;4.390021258508954
12405;12405;1999-04-23;-0.0014508172216256;-0.14508172216256;4.388570441287328
12406;12406;1999-04-26;0.0023483206522039;0.23483206522039;4.390918761939532
12407;12407;1999-04-27;0.0020273030042838;0.20273030042838003;4.392946064943816
12408;12408;1999-04-28;-0.0087629781533138;-0.8762978153313801;4.384183086790502
12409;12409;1999-04-29;-0.0059991701229593;-0.59991701229593;4.378183916667543
12410;12410;1999-04-30;-0.0057131398158594;-0.57131398158594;4.372470776851683
12411;12411;1999-05-03;0.0144622033357384;1.44622033357384;4.386932980187422
12412;12412;1999-05-04;-0.016846785885468;-1.6846785885468;4.370086194301954
12413;12413;1999-05-05;0.0114284836767942;1.14284836767942;4.381514677978748
12414;12414;1999-05-06;-0.0113909100583678;-1.13909100583678;4.37012376792038
12415;12415;1999-05-07;0.0096748673171784;0.96748673171784;4.379798635237559
12416;12416;1999-05-10;-0.00350050699251;-0.350050699251;4.376298128245049
12417;12417;1999-05-11;0.0113580204044466;1.13580204044466;4.387656148649495
12418;12418;1999-05-12;0.0061700329555316;0.61700329555316;4.393826181605027
12419;12419;1999-05-13;0.0026066137583065;0.26066137583064997;4.396432795363333
12420;12420;1999-05-14;-0.0220016628501085;-2.20016628501085;4.374431132513225
12421;12421;1999-05-17;0.0012624267074716;0.12624267074716;4.3756935592206965
12422;12422;1999-05-18;-0.0046169051355651;-0.46169051355651003;4.371076654085131
12423;12423;1999-05-19;0.0081493116323265;0.8149311632326499;4.379225965717458
12424;12424;1999-05-20;-0.0040252781675613;-0.40252781675613003;4.3752006875498965
12425;12425;1999-05-21;-0.0063990724711615;-0.63990724711615;4.368801615078735
12426;12426;1999-05-24;-0.0179303645765243;-1.79303645765243;4.350871250502211
12427;12427;1999-05-25;-0.0171749263994654;-1.7174926399465398;4.333696324102745
12428;12428;1999-05-26;0.0157274215607766;1.57274215607766;4.349423745663522
12429;12429;1999-05-27;-0.0180580627897466;-1.80580627897466;4.331365682873775
12430;12430;1999-05-28;0.0158175615633214;1.58175615633214;4.347183244437097
12431;12431;1999-06-01;-0.0058395112743738;-0.58395112743738;4.341343733162723
12432;12432;1999-06-02;0.000424900828186;0.0424900828186;4.341768633990909
12433;12433;1999-06-03;0.003646373898789;0.3646373898789;4.345415007889698
12434;12434;1999-06-04;0.0214753946144297;2.14753946144297;4.3668904025041275
12435;12435;1999-06-07;0.0050859113029044;0.50859113029044;4.371976313807032
12436;12436;1999-06-08;-0.0129647641742325;-1.29647641742325;4.3590115496327995
12437;12437;1999-06-09;0.0009939863672761;0.09939863672761;4.360005536000076
12438;12438;1999-06-10;-0.0120698094122558;-1.2069809412255799;4.34793572658782
12439;12439;1999-06-11;-0.0070711425466809;-0.70711425466809;4.340864584041139
12440;12440;1999-06-14;0.0002782342213256;0.02782342213256;4.3411428182624645
12441;12441;1999-06-15;0.0055180043417744;0.5518004341774401;4.346660822604239
12442;12442;1999-06-16;0.02223099054026;2.223099054026;4.368891813144499
12443;12443;1999-06-17;0.0071078112634666;0.7107811263466599;4.3759996244079655
12444;12444;1999-06-18;0.0021917466380303;0.21917466380303002;4.378191371045996
12445;12445;1999-06-21;0.0045768283633789;0.45768283633789;4.382768199409375
12446;12446;1999-06-22;-0.0097733227616849;-0.97733227616849;4.37299487664769
12447;12447;1999-06-23;-0.002113158768453;-0.2113158768453;4.370881717879237
12448;12448;1999-06-24;-0.0130474279794823;-1.30474279794823;4.357834289899754
12449;12449;1999-06-25;-0.0003572435677074;-0.03572435677074;4.357477046332047
12450;12450;1999-06-28;0.0121210228502155;1.2121022850215502;4.3695980691822625
12451;12451;1999-06-29;0.014984606863691;1.4984606863691;4.384582676045953
12452;12452;1999-06-30;0.0156088058887365;1.5608805888736499;4.40019148193469
12453;12453;1999-07-01;0.005992021497053;0.5992021497053;4.406183503431743
12454;12454;1999-07-02;0.0074021579398069;0.74021579398069;4.41358566137155
12455;12455;1999-07-06;-0.0022307291108099;-0.22307291108099003;4.41135493226074
12456;12456;1999-07-07;0.0055603919551519;0.55603919551519;4.416915324215892
12457;12457;1999-07-08;-0.0010321122703533;-0.10321122703533;4.4158832119455385
12458;12458;1999-07-09;0.0063337844574737;0.63337844574737;4.422216996403012
12459;12459;1999-07-12;-0.0029832186160376;-0.29832186160376;4.419233777786975
12460;12460;1999-07-13;-0.00396748920208;-0.39674892020799996;4.415266288584895
12461;12461;1999-07-14;0.0033026037762118;0.33026037762118;4.418568892361106
12462;12462;1999-07-15;0.0081558907969654;0.81558907969654;4.426724783158072
12463;12463;1999-07-16;0.0064772068642451;0.64772068642451;4.433201990022317
12464;12464;1999-07-19;-0.0078757034994883;-0.7875703499488299;4.425326286522829
12465;12465;1999-07-20;-0.0219418430160578;-2.19418430160578;4.403384443506771
12466;12466;1999-07-21;0.0015890809710814;0.15890809710814;4.404973524477852
12467;12467;1999-07-22;-0.0133712427917647;-1.33712427917647;4.391602281686088
12468;12468;1999-07-23;-0.0029655382878486;-0.29655382878486003;4.388636743398239
12469;12469;1999-07-26;-0.0067881586989528;-0.67881586989528;4.381848584699286
12470;12470;1999-07-27;0.0111267702459852;1.11267702459852;4.392975354945271
12471;12471;1999-07-28;0.0018767108177941;0.18767108177941;4.394852065763065
12472;12472;1999-07-29;-0.018009446540181;-1.8009446540181;4.376842619222884
12473;12473;1999-07-30;-0.0092219460560381;-0.92219460560381;4.367620673166846
12474;12474;1999-08-02;-0.0005043131390038;-0.05043131390038;4.367116360027842
12475;12475;1999-08-03;-0.0044298075041533;-0.44298075041532997;4.362686552523689
12476;12476;1999-08-04;-0.0128260816771402;-1.28260816771402;4.349860470846549
12477;12477;1999-08-05;0.0063993172026384;0.6399317202638399;4.356259788049187
12478;12478;1999-08-06;-0.0102678193595116;-1.02678193595116;4.345991968689676
12479;12479;1999-08-09;-0.0019167855447861;-0.19167855447860999;4.34407518314489
12480;12480;1999-08-10;-0.0126938769787417;-1.26938769787417;4.331381306166148
12481;12481;1999-08-11;0.0158711363947033;1.5871136394703298;4.347252442560851
12482;12482;1999-08-12;-0.0028999169370349;-0.28999169370349;4.344352525623816
12483;12483;1999-08-13;0.022485195394756;2.2485195394756;4.366837721018572
12484;12484;1999-08-16;0.0023246382707879;0.23246382707879;4.36916235928936
12485;12485;1999-08-17;0.0100115708234032;1.00115708234032;4.3791739301127635
12486;12486;1999-08-18;-0.0084573294535541;-0.84573294535541;4.370716600659209
12487;12487;1999-08-19;-0.0069642622790011;-0.69642622790011;4.363752338380208
12488;12488;1999-08-20;0.0097888303178805;0.97888303178805;4.373541168698089
12489;12489;1999-08-23;0.0175098835369303;1.75098835369303;4.391051052235019
12490;12490;1999-08-24;0.0024084932522434;0.24084932522434;4.3934595454872625
12491;12491;1999-08-25;0.0133248650297952;1.3324865029795199;4.406784410517058
12492;12492;1999-08-26;-0.0144182311469381;-1.44182311469381;4.39236617937012
12493;12493;1999-08-27;-0.0101392531832323;-1.01392531832323;4.382226926186887
12494;12494;1999-08-30;-0.0181497257567118;-1.8149725756711799;4.3640772004301756
12495;12495;1999-08-31;-0.0027302580660322;-0.27302580660321996;4.361346942364143
12496;12496;1999-09-01;0.0080407693168718;0.80407693168718;4.369387711681015
12497;12497;1999-09-02;-0.0090258340981712;-0.90258340981712;4.360361877582844
12498;12498;1999-09-03;0.0284959631699184;2.8495963169918404;4.388857840752762
12499;12499;1999-09-07;-0.0050153846127498;-0.50153846127498;4.3838424561400124
12500;12500;1999-09-08;-0.0046759730849048;-0.46759730849048003;4.379166483055108
12501;12501;1999-09-09;0.002607919514185;0.2607919514185;4.381774402569293
12502;12502;1999-09-10;0.0029637114733303;0.29637114733303;4.384738114042623
12503;12503;1999-09-13;-0.0055865245252304;-0.55865245252304;4.3791515895173925
12504;12504;1999-09-14;-0.0058498207210249;-0.58498207210249;4.373301768796368
12505;12505;1999-09-15;-0.0138044945551279;-1.38044945551279;4.35949727424124
12506;12506;1999-09-16;0.000386890717321;0.0386890717321;4.359884164958561
12507;12507;1999-09-17;0.0127663392890929;1.27663392890929;4.372650504247654
12508;12508;1999-09-20;8.23564627241424e-05;0.00823564627241424;4.372732860710378
12509;12509;1999-09-21;-0.0211501716229332;-2.11501716229332;4.3515826890874445
12510;12510;1999-09-22;0.0022383151544538;0.22383151544538;4.353821004241898
12511;12511;1999-09-23;-0.0232360163617189;-2.32360163617189;4.330584987880179
12512;12512;1999-09-24;-0.0023849293900841;-0.23849293900841;4.328200058490095
12513;12513;1999-09-27;0.0046472873166321;0.46472873166321;4.332847345806727
12514;12514;1999-09-28;-0.0008654092675186;-0.08654092675186;4.331981936539209
12515;12515;1999-09-29;-0.0108447067400181;-1.08447067400181;4.321137229799191
12516;12516;1999-09-30;0.011242389328662;1.1242389328662001;4.3323796191278525
12517;12517;1999-10-01;7.80333026213498e-05;0.00780333026213498;4.332457652430474
12518;12518;1999-10-04;0.0168434317366977;1.6843431736697698;4.3493010841671715
12519;12519;1999-10-05;-0.0024942932480307;-0.24942932480307;4.346806790919141
12520;12520;1999-10-06;0.0183121500443457;1.83121500443457;4.3651189409634865
12521;12521;1999-10-07;-0.0058720497481692;-0.58720497481692;4.359246891215317
12522;12522;1999-10-08;0.0138527910005584;1.38527910005584;4.373099682215876
12523;12523;1999-10-11;-0.0006065063888867;-0.06065063888867;4.372493175826989
12524;12524;1999-10-12;-0.0167434644996245;-1.67434644996245;4.355749711327364
12525;12525;1999-10-13;-0.0211584086887751;-2.11584086887751;4.334591302638589
12526;12526;1999-10-14;-0.0016582563525338;-0.16582563525338;4.332933046286056
12527;12527;1999-10-15;-0.0284589950933896;-2.84589950933896;4.304474051192666
12528;12528;1999-10-18;0.005372680077027;0.5372680077027;4.309846731269693
12529;12529;1999-10-19;0.0057166397428964;0.57166397428964;4.31556337101259
12530;12530;1999-10-20;0.0220415533094984;2.20415533094984;4.337604924322088
12531;12531;1999-10-21;-0.0045238930119371;-0.45238930119371;4.333081031310151
12532;12532;1999-10-22;0.0139562997559963;1.39562997559963;4.347037331066147
12533;12533;1999-10-25;-0.0061804849108275;-0.6180484910827501;4.34085684615532
12534;12534;1999-10-26;-0.0091010442226071;-0.91010442226071;4.3317558019327125
12535;12535;1999-10-27;0.0114790776019058;1.14790776019058;4.343234879534618
12536;12536;1999-10-28;0.0346585523640171;3.46585523640171;4.377893431898635
12537;12537;1999-10-29;0.0151480240011344;1.51480240011344;4.39304145589977
12538;12538;1999-11-01;-0.0064850405529766;-0.6485040552976601;4.386556415346793
12539;12539;1999-11-02;-0.0047226850344479;-0.47226850344479;4.381833730312345
12540;12540;1999-11-03;0.0053207242064763;0.53207242064763;4.3871544545188215
12541;12541;1999-11-04;0.0056741732431628;0.56741732431628;4.392828627761984
12542;12542;1999-11-05;0.0055545887865848;0.55545887865848;4.398383216548569
12543;12543;1999-11-08;0.0049358947815711;0.49358947815711;4.40331911133014
12544;12544;1999-11-09;-0.0085549320991829;-0.8554932099182899;4.3947641792309575
12545;12545;1999-11-10;0.0059735180071909;0.59735180071909;4.4007376972381484
12546;12546;1999-11-11;0.0058078076412941;0.58078076412941;4.406545504879443
12547;12547;1999-11-12;0.0105131429253689;1.05131429253689;4.4170586478048115
12548;12548;1999-11-15;-0.0011969712090209;-0.11969712090209;4.4158616765957905
12549;12549;1999-11-16;0.0182490737344905;1.82490737344905;4.434110750330281
12550;12550;1999-11-17;-0.0066130320396045;-0.66130320396045;4.4274977182906765
12551;12551;1999-11-18;0.0100365700588307;1.00365700588307;4.437534288349507
12552;12552;1999-11-19;-0.0020653347847021;-0.20653347847021;4.435468953564805
12553;12553;1999-11-22;-0.0007457484654107;-0.07457484654107;4.434723205099394
12554;12554;1999-11-23;-0.0115375300409841;-1.15375300409841;4.42318567505841
12555;12555;1999-11-24;0.008817332494635;0.8817332494635001;4.432003007553045
12556;12556;1999-11-26;-0.000324636349644;-0.0324636349644;4.431678371203401
12557;12557;1999-11-29;-0.0062242684634279;-0.62242684634279;4.425454102739973
12558;12558;1999-11-30;-0.0135301892200719;-1.35301892200719;4.411923913519901
12559;12559;1999-12-01;0.0063230255444208;0.63230255444208;4.418246939064322
12560;12560;1999-12-02;0.008066332239756;0.8066332239756;4.426313271304078
12561;12561;1999-12-03;0.0170708630135517;1.70708630135517;4.44338413431763
12562;12562;1999-12-06;-0.0069803463979889;-0.69803463979889;4.436403787919641
12563;12563;1999-12-07;-0.0099982559279183;-0.99982559279183;4.426405531991723
12564;12564;1999-12-08;-0.0037610743810354;-0.37610743810353997;4.422644457610687
12565;12565;1999-12-09;0.0030085336047438;0.30085336047438;4.425652991215431
12566;12566;1999-12-10;0.0063218474526882;0.63218474526882;4.431974838668119
12567;12567;1999-12-13;-0.001285240934175;-0.12852409341749998;4.430689597733944
12568;12568;1999-12-14;-0.0085509814889217;-0.85509814889217;4.4221386162450225
12569;12569;1999-12-15;0.0072145968889936;0.7214596888993601;4.429353213134016
12570;12570;1999-12-16;0.0038487768883008;0.38487768883008;4.433201990022317
12571;12571;1999-12-17;0.0015846133543151;0.15846133543151;4.434786603376632
12572;12572;1999-12-20;-0.0020711093973666;-0.20711093973666;4.4327154939792655
12573;12573;1999-12-21;0.0107593394941397;1.07593394941397;4.443474833473405
12574;12574;1999-12-22;0.0018817879683483;0.18817879683483;4.4453566214417535
12575;12575;1999-12-23;0.0153467799874134;1.5346779987413401;4.460703401429167
12576;12576;1999-12-27;-0.0008506366788116;-0.08506366788116;4.459852764750355
12577;12577;1999-12-28;0.0003842909913478;0.03842909913478;4.460237055741703
12578;12578;1999-12-29;0.0039710348301813;0.39710348301813;4.464208090571884
12579;12579;1999-12-30;0.0006899140782188;0.06899140782188;4.464898004650103
12580;12580;1999-12-31;0.003258684044276;0.3258684044276;4.468156688694379
12581;12581;2000-01-03;-0.0095949944962683;-0.95949944962683;4.458561694198111
12582;12582;2000-01-04;-0.0390991755058661;-3.9099175505866097;4.419462518692245
12583;12583;2000-01-05;0.0019203376717689;0.19203376717689;4.421382856364014
12584;12584;2000-01-06;0.0009552218683284;0.09552218683284;4.422338078232342
12585;12585;2000-01-07;0.0267299500582903;2.67299500582903;4.4490680282906325
12586;12586;2000-01-10;0.0111278249512576;1.11278249512576;4.46019585324189
12587;12587;2000-01-11;-0.0131485767905737;-1.31485767905737;4.4470472764513165
12588;12588;2000-01-12;-0.0043960199610104;-0.43960199610104;4.442651256490306
12589;12589;2000-01-13;0.0120962453648144;1.20962453648144;4.45474750185512
12590;12590;2000-01-14;0.0106147630153357;1.06147630153357;4.465362264870456
12591;12591;2000-01-18;-0.0068555164525268;-0.68555164525268;4.458506748417929
12592;12592;2000-01-19;0.0005221563476185;0.052215634761850004;4.459028904765548
12593;12593;2000-01-20;-0.0071206124854228;-0.71206124854228;4.451908292280125
12594;12594;2000-01-21;-0.0029165681778993;-0.29165681778992997;4.448991724102226
12595;12595;2000-01-24;-0.0280225841963713;-2.80225841963713;4.420969139905854
12596;12596;2000-01-25;0.0060464836043179;0.6046483604317899;4.427015623510172
12597;12597;2000-01-26;-0.0042216194281481;-0.42216194281480995;4.422794004082024
12598;12598;2000-01-27;-0.0039462038619797;-0.39462038619797;4.418847800220044
12599;12599;2000-01-28;-0.0278408131523173;-2.78408131523173;4.391006987067727
12600;12600;2000-01-31;0.0249048507060516;2.49048507060516;4.415911837773779
12601;12601;2000-02-01;0.0105717406599295;1.05717406599295;4.426483578433708
12602;12602;2000-02-02;-0.0001135637232536;-0.011356372325360001;4.4263700147104545
12603;12603;2000-02-03;0.0111853479894206;1.11853479894206;4.437555362699875
12604;12604;2000-02-04;-0.0004211333263324;-0.04211333263324;4.437134229373543
12605;12605;2000-02-07;-9.12760966054194e-05;-0.009127609660541939;4.437042953276937
12606;12606;2000-02-08;0.0121984940430728;1.21984940430728;4.44924144732001
12607;12607;2000-02-09;-0.0210351172213956;-2.10351172213956;4.4282063300986145
12608;12608;2000-02-10;0.0036202427699052;0.36202427699052;4.43182657286852
12609;12609;2000-02-11;-0.0211922990350741;-2.11922990350741;4.410634273833446
12610;12610;2000-02-14;0.0020308866457527;0.20308866457527;4.412665160479198
12611;12611;2000-02-15;0.0086749479679468;0.86749479679468;4.421340108447145
12612;12612;2000-02-16;-0.0103093728998589;-1.03093728998589;4.411030735547286
12613;12613;2000-02-17;0.0004250582668916;0.042505826689159996;4.411455793814178
12614;12614;2000-02-18;-0.0308471031170301;-3.0847103117030104;4.380608690697148
12615;12615;2000-02-22;0.0045066733880707;0.45066733880707;4.385115364085219
12616;12616;2000-02-23;0.0062811387673313;0.62811387673313;4.39139650285255
12617;12617;2000-02-24;-0.0053497298041058;-0.5349729804105801;4.386046773048444
12618;12618;2000-02-25;-0.0149400898626793;-1.49400898626793;4.371106683185765
12619;12619;2000-02-28;0.0109570791371452;1.09570791371452;4.38206376232291
12620;12620;2000-02-29;0.0135350730091695;1.35350730091695;4.39559883533208
12621;12621;2000-03-01;0.0093021143939031;0.9302114393903099;4.404900949725983
12622;12622;2000-03-02;0.0018617285991711;0.18617285991711002;4.406762678325154
12623;12623;2000-03-03;0.0196428536665687;1.96428536665687;4.426405531991723
12624;12624;2000-03-06;-0.012776702246402;-1.2776702246402;4.413628829745321
12625;12625;2000-03-07;-0.0259652969933528;-2.59652969933528;4.387663532751968
12626;12626;2000-03-08;0.0081401285676214;0.81401285676214;4.395803661319589
12627;12627;2000-03-09;0.0252795702393538;2.5279570239353797;4.421083231558943
12628;12628;2000-03-10;-0.0047340548570584;-0.47340548570583996;4.4163491767018845
12629;12629;2000-03-13;-0.0082413051106229;-0.8241305110622901;4.408107871591262
12630;12630;2000-03-14;-0.017843727395368;-1.7843727395367999;4.390264144195894
12631;12631;2000-03-15;0.0239826203302149;2.39826203302149;4.4142467645261085
12632;12632;2000-03-16;0.0465457788100698;4.65457788100698;4.460792543336178
12633;12633;2000-03-17;0.0041054613139248;0.41054613139248;4.464898004650103
12634;12634;2000-03-20;-0.0053678305359019;-0.53678305359019;4.459530174114201
12635;12635;2000-03-21;0.0252445129215992;2.52445129215992;4.4847746870358005
12636;12636;2000-03-22;0.0045216289221823;0.45216289221823;4.489296315957983
12637;12637;2000-03-23;0.0176424980813241;1.76424980813241;4.506938814039307
12638;12638;2000-03-24;7.20077532259111e-05;0.0072007753225911105;4.507010821792533
12639;12639;2000-03-27;-0.0023596199245181;-0.23596199245181;4.504651201868015
12640;12640;2000-03-28;-0.0106413844867932;-1.06413844867932;4.4940098173812215
12641;12641;2000-03-29;0.0005238557931654;0.052385579316540004;4.494533673174387
12642;12642;2000-03-30;-0.0137498498944151;-1.37498498944151;4.480783823279972
12643;12643;2000-03-31;0.0071387626122696;0.71387626122696;4.487922585892242
12644;12644;2000-04-03;0.0049192258953869;0.49192258953869;4.4928418117876285
12645;12645;2000-04-04;-0.0074916144587611;-0.74916144587611;4.485350197328867
12646;12646;2000-04-05;-0.0049361188462473;-0.49361188462473005;4.48041407848262
12647;12647;2000-04-06;0.0093485637114563;0.9348563711456301;4.489762642194076
12648;12648;2000-04-07;0.0099480954482382;0.9948095448238201;4.499710737642315
12649;12649;2000-04-10;-0.0078721115529054;-0.78721115529054;4.491838626089409
12650;12650;2000-04-11;-0.0025756624571871;-0.25756624571871;4.489262963632222
12651;12651;2000-04-12;-0.0225229362578814;-2.25229362578814;4.466740027374341
12652;12652;2000-04-13;-0.0183381806962322;-1.83381806962322;4.448401846678109
12653;12653;2000-04-14;-0.0600450973852551;-6.00450973852551;4.3883567492928535
12654;12654;2000-04-17;0.0325481102239893;3.25481102239893;4.420904859516843
12655;12655;2000-04-18;0.0282602968467165;2.82602968467165;4.449165156363559
12656;12656;2000-04-19;-0.0098569079300938;-0.98569079300938;4.439308248433465
12657;12657;2000-04-20;0.0049406412674653;0.49406412674653;4.444248889700931
12658;12658;2000-04-24;-0.0032677406265211;-0.32677406265211;4.4409811490744096
12659;12659;2000-04-25;0.0327342935118935;3.2734293511893497;4.473715442586303
12660;12660;2000-04-26;-0.0111965391290507;-1.11965391290507;4.462518903457252
12661;12661;2000-04-27;0.0026863822317269;0.26863822317269;4.465205285688979
12662;12662;2000-04-28;-0.0085626105146152;-0.85626105146152;4.456642675174364
12663;12663;2000-05-01;0.0108331624298836;1.08331624298836;4.467475837604248
12664;12664;2000-05-02;-0.0150695315761418;-1.50695315761418;4.452406306028106
12665;12665;2000-05-03;-0.0218015008280936;-2.18015008280936;4.430604805200012
12666;12666;2000-05-04;-0.0039155279858835;-0.39155279858835;4.426689277214129
12667;12667;2000-05-05;0.0162272643851979;1.62272643851979;4.442916541599327
12668;12668;2000-05-08;-0.0059227006335937;-0.5922700633593699;4.436993840965733
12669;12669;2000-05-09;-0.0084829238621573;-0.84829238621573;4.4285109171035755
12670;12670;2000-05-10;-0.0208150541718206;-2.08150541718206;4.407695862931755
12671;12671;2000-05-11;0.017744106609447;1.7744106609447;4.425439969541202
12672;12672;2000-05-12;0.0092973247243772;0.92973247243772;4.434737294265579
12673;12673;2000-05-15;0.0218571371465348;2.18571371465348;4.456594431412114
12674;12674;2000-05-16;0.0093751055957493;0.93751055957493;4.465969537007863
12675;12675;2000-05-17;-0.0125197181027499;-1.25197181027499;4.4534498189051135
12676;12676;2000-05-18;-0.0073414896504084;-0.73414896504084;4.446108329254705
12677;12677;2000-05-19;-0.0212795009999462;-2.12795009999462;4.424828828254759
12678;12678;2000-05-22;-0.0044378366387167;-0.44378366387167;4.420390991616042
12679;12679;2000-05-23;-0.0193620840269411;-1.93620840269411;4.401028907589101
12680;12680;2000-05-24;0.0181691844772658;1.81691844772658;4.419198092066367
12681;12681;2000-05-25;-0.0126091131115249;-1.26091131115249;4.406588978954842
12682;12682;2000-05-26;-0.0025366559832669;-0.25366559832669;4.404052322971575
12683;12683;2000-05-30;0.0317330017802817;3.1733001780281698;4.435785324751857
12684;12684;2000-05-31;-0.0013014018807977;-0.13014018807977;4.434483922871059
12685;12685;2000-06-01;0.0196632698629609;1.9663269862960902;4.45414719273402
12686;12686;2000-06-02;0.0194464567746735;1.94464567746735;4.473593649508693
12687;12687;2000-06-05;-0.0065401690908153;-0.65401690908153;4.467053480417878
12688;12688;2000-06-06;-0.0066929933606347;-0.6692993360634699;4.460360487057243
12689;12689;2000-06-07;0.0092312680844886;0.92312680844886;4.469591755141732
12690;12690;2000-06-08;-0.0066074852002753;-0.66074852002753;4.462984269941456
12691;12691;2000-06-09;-0.0032344718552908;-0.32344718552908003;4.459749798086166
12692;12692;2000-06-12;-0.0075440521658363;-0.75440521658363;4.452205745920329
12693;12693;2000-06-13;0.0160802119409764;1.60802119409764;4.468285957861306
12694;12694;2000-06-14;0.000748371117373;0.07483711173730001;4.469034328978679
12695;12695;2000-06-15;0.0055538909623527;0.55538909623527;4.474588219941031
12696;12696;2000-06-16;-0.009697050551745;-0.9697050551745001;4.464891169389286
12697;12697;2000-06-19;0.0146013990900373;1.46013990900373;4.479492568479324
12698;12698;2000-06-20;-0.0067861292287796;-0.67861292287796;4.472706439250544
12699;12699;2000-06-21;0.0021522634073623;0.21522634073622998;4.474858702657906
12700;12700;2000-06-22;-0.0183881676271911;-1.83881676271911;4.456470535030715
12701;12701;2000-06-23;-0.0073955631578703;-0.73955631578703;4.449074971872845
12702;12702;2000-06-26;0.0095486272010791;0.95486272010791;4.458623599073924
12703;12703;2000-06-27;-0.0032761482525502;-0.32761482525502;4.455347450821374
12704;12704;2000-06-28;0.0029393158747588;0.29393158747588;4.4582867666961326
12705;12705;2000-06-29;-0.0085806741196607;-0.85806741196607;4.449706092576472
12706;12706;2000-06-30;0.0084294618462061;0.8429461846206099;4.458135554422678
12707;12707;2000-07-03;0.010218520949274;1.0218520949274;4.468354075371952
12708;12708;2000-07-05;-0.0159892964548867;-1.5989296454886701;4.452364778917065
12709;12709;2000-07-06;0.0071928822388613;0.71928822388613;4.459557661155927
12710;12710;2000-07-07;0.0151455454466936;1.51455454466936;4.47470320660262
12711;12711;2000-07-10;-0.0022203473501187;-0.22203473501187002;4.472482859252501
12712;12712;2000-07-11;0.0035582719769182;0.35582719769182;4.47604113122942
12713;12713;2000-07-12;0.0080974541590421;0.8097454159042099;4.484138585388462
12714;12714;2000-07-13;0.0019539360264584;0.19539360264584;4.48609252141492
12715;12715;2000-07-14;0.009408493229631;0.9408493229631001;4.495501014644551
12716;12716;2000-07-17;0.0003377024171156;0.03377024171156;4.495838717061667
12717;12717;2000-07-18;-0.0111510594579105;-1.1151059457910502;4.484687657603756
12718;12718;2000-07-19;-0.0079175257801633;-0.79175257801633;4.476770131823593
12719;12719;2000-07-20;0.0091418593339058;0.91418593339058;4.485911991157499
12720;12720;2000-07-21;-0.0103369509188882;-1.03369509188882;4.475575040238611
12721;12721;2000-07-24;-0.0107999080666978;-1.07999080666978;4.464775132171913
12722;12722;2000-07-25;0.0069280735300134;0.69280735300134;4.471703205701926
12723;12723;2000-07-26;-0.0150674224494605;-1.5067422449460501;4.456635783252466
12724;12724;2000-07-27;-0.001929711396996;-0.1929711396996;4.45470607185547
12725;12725;2000-07-28;-0.0207220352836304;-2.07220352836304;4.4339840365718395
12726;12726;2000-07-31;0.0076752503344748;0.76752503344748;4.441659286906314
12727;12727;2000-08-01;0.0050681164989523;0.50681164989523;4.446727403405267
12728;12728;2000-08-02;0.0004171127808145;0.04171127808145;4.447144516186081
12729;12729;2000-08-03;0.0095876635958918;0.9587663595891799;4.456732179781973
12730;12730;2000-08-04;0.0071137533173422;0.71137533173422;4.463845933099315
12731;12731;2000-08-07;0.0111411753139068;1.11411753139068;4.474987108413222
12732;12732;2000-08-08;0.0023497391105626;0.23497391105625998;4.477336847523785
12733;12733;2000-08-09;-0.0067193504103642;-0.67193504103642;4.4706174971134205
12734;12734;2000-08-10;-0.0086052209913827;-0.86052209913827;4.462012276122038
12735;12735;2000-08-11;0.0079056417080911;0.7905641708091099;4.469917917830129
12736;12736;2000-08-14;0.013309296031502;1.3309296031502;4.483227213861631
12737;12737;2000-08-15;-0.0047916951142594;-0.47916951142594;4.4784355187473714
12738;12738;2000-08-16;-0.0030901814931985;-0.30901814931985;4.475345337254173
12739;12739;2000-08-17;0.010900918736465;1.0900918736465002;4.486246255990638
12740;12740;2000-08-18;-0.0029118366380407;-0.29118366380406996;4.483334419352597
12741;12741;2000-08-21;0.0051885708319199;0.51885708319199;4.488522990184517
12742;12742;2000-08-22;-0.0009007009571098;-0.09007009571098;4.487622289227407
12743;12743;2000-08-23;0.0052195225602211;0.52195225602211;4.4928418117876285
12744;12744;2000-08-24;0.001552668263618;0.1552668263618;4.4943944800512465
12745;12745;2000-08-25;-0.0012340008689717;-0.12340008689717;4.493160479182275
12746;12746;2000-08-28;0.0050587189725463;0.50587189725463;4.498219198154821
12747;12747;2000-08-29;-0.0028109135422607;-0.28109135422607;4.4954082846125605
12748;12748;2000-08-30;-0.0048133992567294;-0.48133992567294004;4.490594885355831
12749;12749;2000-08-31;0.0099926254707005;0.9992625470700499;4.500587510826532
12750;12750;2000-09-01;0.0020339100462125;0.20339100462124998;4.502621420872744
12751;12751;2000-09-05;-0.0090428240486204;-0.90428240486204;4.493578596824124
12752;12752;2000-09-06;-0.0098889265737458;-0.98889265737458;4.483689670250378
12753;12753;2000-09-07;0.0068520015680286;0.68520015680286;4.490541671818407
12754;12754;2000-09-08;-0.0053453468927946;-0.53453468927946;4.485196324925612
12755;12755;2000-09-11;-0.0035123437336723;-0.35123437336722996;4.48168398119194
12756;12756;2000-09-12;-0.0048935865430639;-0.48935865430639003;4.476790394648876
12757;12757;2000-09-13;0.0019684147893261;0.19684147893261;4.478758809438202
12758;12758;2000-09-14;-0.0027244377259592;-0.27244377259592;4.476034371712243
12759;12759;2000-09-15;-0.0102217185782374;-1.02217185782374;4.465812653134005
12760;12760;2000-09-18;-0.0146378603166353;-1.46378603166353;4.45117479281737
12761;12761;2000-09-19;0.0105977860296651;1.05977860296651;4.461772578847035
12762;12762;2000-09-20;-0.0058807124789472;-0.58807124789472;4.455891866368088
12763;12763;2000-09-21;-0.0015790410696201;-0.15790410696201002;4.454312825298468
12764;12764;2000-09-22;-0.0002278151814323;-0.02278151814323;4.454085010117035
12765;12765;2000-09-25;-0.0067110922819173;-0.67110922819173;4.447373917835118
12766;12766;2000-09-26;-0.0082478334318851;-0.82478334318851;4.439126084403233
12767;12767;2000-09-27;-0.0004485384518693;-0.04485384518693;4.438677545951363
12768;12768;2000-09-28;0.0219916193903194;2.19916193903194;4.460669165341683
12769;12769;2000-09-29;-0.0150479754192059;-1.5047975419205901;4.445621189922477
12770;12770;2000-10-02;-0.0001949567325008;-0.01949567325008;4.445426233189976
12771;12771;2000-10-03;-0.0068257877273136;-0.68257877273136;4.438600445462662
12772;12772;2000-10-04;0.0054950083776255;0.54950083776255;4.444095453840288
12773;12773;2000-10-05;0.0013656262256596;0.13656262256596;4.4454610800659475
12774;12774;2000-10-06;-0.019183329320196;-1.9183329320196;4.426277750745752
12775;12775;2000-10-09;-0.0049519214913846;-0.49519214913846005;4.421325829254367
12776;12776;2000-10-10;-0.0107636318118045;-1.07636318118045;4.410562197442562
12777;12777;2000-10-11;-0.0163035829571507;-1.63035829571507;4.394258614485412
12778;12778;2000-10-12;-0.025840455476037;-2.5840455476037;4.368418159009375
12779;12779;2000-10-13;0.0328364076868271;3.28364076868271;4.401254566696202
12780;12780;2000-10-16;0.0003273811368895;0.03273811368895;4.401581947833091
12781;12781;2000-10-17;-0.0180949771500956;-1.8094977150095601;4.383486970682996
12782;12782;2000-10-18;-0.0058244405731846;-0.5824440573184599;4.377662530109811
12783;12783;2000-10-19;0.0341533619404633;3.4153361940463296;4.411815892050274
12784;12784;2000-10-20;0.0058657404361435;0.5865740436143501;4.417681632486418
12785;12785;2000-10-23;-0.0008235907278777;-0.08235907278777;4.41685804175854
12786;12786;2000-10-24;0.0016822134754326;0.16822134754326;4.418540255233973
12787;12787;2000-10-25;-0.0240544495864983;-2.40544495864983;4.3944858056474745
12788;12788;2000-10-26;-0.0003371386564205;-0.03371386564205;4.394148666991054
12789;12789;2000-10-27;0.0110350283187648;1.10350283187648;4.405183695309819
12790;12790;2000-10-30;0.0137355865932678;1.3735586593267801;4.4189192819030865
12791;12791;2000-10-31;0.0217401328746725;2.17401328746725;4.440659414777759
12792;12792;2000-11-01;-0.005739155318599;-0.5739155318599;4.43492025945916
12793;12793;2000-11-02;0.0049832533668565;0.49832533668565;4.4399035128260165
12794;12794;2000-11-03;-0.0011418560646863;-0.11418560646863;4.43876165676133
12795;12795;2000-11-06;0.0038476655280534;0.38476655280534;4.442609322289384
12796;12796;2000-11-07;-0.0002234213029623;-0.02234213029623;4.442385900986421
12797;12797;2000-11-08;-0.0159023225527131;-1.5902322552713102;4.426483578433708
12798;12798;2000-11-09;-0.0065067139151917;-0.65067139151917;4.4199768645185165
12799;12799;2000-11-10;-0.0247001372232827;-2.47001372232827;4.395276727295234
12800;12800;2000-11-13;-0.0108346072120389;-1.08346072120389;4.384442120083195
12801;12801;2000-11-14;0.0231813654081812;2.31813654081812;4.407623485491376
12802;12802;2000-11-15;0.0049482262963254;0.49482262963254;4.4125717117877015
12803;12803;2000-11-16;-0.012664390693395;-1.2664390693395;4.3999073210943065
12804;12804;2000-11-17;-0.0033576002254101;-0.33576002254101;4.396549720868896
12805;12805;2000-11-20;-0.0185221735281029;-1.85221735281029;4.3780275473407935
12806;12806;2000-11-21;0.0035167573808339;0.35167573808339003;4.381544304721627
12807;12807;2000-11-22;-0.0187216748479084;-1.87216748479084;4.362822629873719
12808;12808;2000-11-24;0.0145716450858959;1.45716450858959;4.377394274959615
12809;12809;2000-11-27;0.0053516640092627;0.53516640092627;4.382745938968878
12810;12810;2000-11-28;-0.0095939041175325;-0.95939041175325;4.373152034851345
12811;12811;2000-11-29;0.0043615038082194;0.43615038082194;4.3775135386595645
12812;12812;2000-11-30;-0.0203103116464289;-2.03103116464289;4.357203227013136
12813;12813;2000-12-01;0.0002129352427617;0.021293524276169998;4.357416162255897
12814;12814;2000-12-04;0.0073782557129993;0.73782557129993;4.364794417968897
12815;12815;2000-12-05;0.0381833369332147;3.81833369332147;4.402977754902111
12816;12816;2000-12-06;-0.018387672024021;-1.8387672024021002;4.38459008287809
12817;12817;2000-12-07;-0.0058700596166136;-0.58700596166136;4.378720023261477
12818;12818;2000-12-08;0.0194150545177214;1.9415054517721402;4.398135077779198
12819;12819;2000-12-11;0.0074979251068203;0.74979251068203;4.4056330028860184
12820;12820;2000-12-12;-0.0065566583294138;-0.65566583294138;4.399076344556605
12821;12821;2000-12-13;-0.0081943829460922;-0.8194382946092199;4.390881961610512
12822;12822;2000-12-14;-0.0141138960699747;-1.41138960699747;4.376768065540538
12823;12823;2000-12-15;-0.0216964118110923;-2.1696411811092298;4.355071653729445
12824;12824;2000-12-18;0.0080383036602134;0.80383036602134;4.363109957389659
12825;12825;2000-12-19;-0.0130426483605506;-1.30426483605506;4.350067309029108
12826;12826;2000-12-20;-0.0317961272943945;-3.1796127294394503;4.318271181734714
12827;12827;2000-12-21;0.0079697973429731;0.7969797342973101;4.326240979077687
12828;12828;2000-12-22;0.0240943508676423;2.40943508676423;4.350335329945329
12829;12829;2000-12-26;0.0070503892625337;0.7050389262533701;4.357385719207863
12830;12830;2000-12-27;0.0103855183689472;1.03855183689472;4.36777123757681
12831;12831;2000-12-28;0.0039802143086582;0.39802143086582;4.371751451885468
12832;12832;2000-12-29;-0.010502972420797;-1.0502972420797;4.361248479464671
12833;12833;2001-01-02;-0.0284323339312813;-2.8432333931281297;4.33281614553339
12834;12834;2001-01-03;0.0488840701445943;4.88840701445943;4.381700215677984
12835;12835;2001-01-04;-0.0106085465548205;-1.06085465548205;4.371091669123164
12836;12836;2001-01-05;-0.0265928378817248;-2.65928378817248;4.344498831241439
12837;12837;2001-01-08;-0.0019196532293692;-0.19196532293692;4.34257917801207
12838;12838;2001-01-09;0.0038049416522216;0.38049416522216;4.346384119664291
12839;12839;2001-01-10;0.0095407278773214;0.95407278773214;4.355924847541613
12840;12840;2001-01-11;0.0102648357824027;1.02648357824027;4.3661896833240155
12841;12841;2001-01-12;-0.0062523760051131;-0.6252376005113099;4.359937307318902
12842;12842;2001-01-16;0.0061243006907867;0.6124300690786699;4.366061608009689
12843;12843;2001-01-17;0.002123358933197;0.2123358933197;4.368184966942886
12844;12844;2001-01-18;0.0138193907766242;1.38193907766242;4.38200435771951
12845;12845;2001-01-19;-0.0040363643710383;-0.40363643710382996;4.377967993348472
12846;12846;2001-01-22;0.0002681013120469;0.026810131204690002;4.378236094660519
12847;12847;2001-01-23;0.0129473193160106;1.29473193160106;4.391183413976529
12848;12848;2001-01-24;0.0028627207097713;0.28627207097713;4.394046134686301
12849;12849;2001-01-25;-0.004989365854791;-0.4989365854791;4.38905676883151
12850;12850;2001-01-26;-0.0018876295296248;-0.18876295296248;4.387169139301885
12851;12851;2001-01-29;0.0067817002221701;0.67817002221701;4.393950839524055
12852;12852;2001-01-30;0.0069834360407972;0.69834360407972;4.400934275564852
12853;12853;2001-01-31;-0.0056355642944865;-0.56355642944865;4.395298711270366
12854;12854;2001-02-01;0.0054462741041732;0.54462741041732;4.400744985374539
12855;12855;2001-02-02;-0.0176284619076039;-1.76284619076039;4.383116523466935
12856;12856;2001-02-05;0.003580241821723;0.35802418217230003;4.386696765288658
12857;12857;2001-02-06;-0.0015148688855477;-0.15148688855477;4.38518189640311
12858;12858;2001-02-07;-0.0084436904347828;-0.84436904347828;4.376738205968327
12859;12859;2001-02-08;-0.0062541711457395;-0.62541711457395;4.370484034822588
12860;12860;2001-02-09;-0.0134252655657425;-1.3425265565742501;4.357058769256845
12861;12861;2001-02-12;0.0117578950583503;1.1757895058350298;4.3688166643151956
12862;12862;2001-02-13;-0.008689772761012;-0.8689772761012;4.3601268915541835
12863;12863;2001-02-14;-0.002186195151979;-0.2186195151979;4.3579406964022045
12864;12864;2001-02-15;0.0080907306226834;0.8090730622683401;4.366031427024888
12865;12865;2001-02-16;-0.0190862870462887;-1.90862870462887;4.346945139978599
12866;12866;2001-02-20;-0.0175089540802036;-1.75089540802036;4.329436185898396
12867;12867;2001-02-21;-0.0186808588950056;-1.8680858895005599;4.31075532700339
12868;12868;2001-02-22;-0.0019537375553184;-0.19537375553184;4.308801589448072
12869;12869;2001-02-23;-0.0055709248022992;-0.55709248022992;4.303230664645772
12870;12870;2001-02-26;0.0173387691471181;1.7338769147118098;4.32056943379289
12871;12871;2001-02-27;-0.0076893961239727;-0.76893961239727;4.312880037668918
12872;12872;2001-02-28;-0.0144124717186322;-1.44124717186322;4.298467565950285
12873;12873;2001-03-01;0.0010398635783275;0.10398635783275001;4.299507429528613
12874;12874;2001-03-02;-0.0056959816466193;-0.56959816466193;4.2938114478819935
12875;12875;2001-03-05;0.0058410320762432;0.58410320762432;4.299652479958237
12876;12876;2001-03-06;0.0099311211644428;0.9931121164442801;4.30958360112268
12877;12877;2001-03-07;0.0064316300351308;0.64316300351308;4.31601523115781
12878;12878;2001-03-08;0.0022559505769033;0.22559505769033;4.318271181734714
12879;12879;2001-03-09;-0.0250757250942897;-2.5075725094289703;4.293195456640424
12880;12880;2001-03-12;-0.0441407831410325;-4.41407831410325;4.2490546734993915
12881;12881;2001-03-13;0.0147196301417649;1.47196301417649;4.263774303641156
12882;12882;2001-03-14;-0.0261818928901088;-2.61818928901088;4.237592410751048
12883;12883;2001-03-15;0.0058541258099591;0.58541258099591;4.243446536561007
12884;12884;2001-03-16;-0.0198191833988597;-1.9819183398859699;4.223627353162147
12885;12885;2001-03-19;0.0174731363816214;1.7473136381621401;4.2411004895437685
12886;12886;2001-03-20;-0.0243720006425017;-2.43720006425017;4.216728488901267
12887;12887;2001-03-21;-0.0180862768501147;-1.80862768501147;4.198642212051152
12888;12888;2001-03-22;-0.0040719959280277;-0.40719959280277;4.194570216123124
12889;12889;2001-03-23;0.0197134959378582;1.9713495937858199;4.214283712060983
12890;12890;2001-03-26;0.0112192002412357;1.12192002412357;4.225502912302218
12891;12891;2001-03-27;0.0252534797705213;2.52534797705213;4.25075639207274
12892;12892;2001-03-28;-0.0247330086313511;-2.47330086313511;4.2260233834413885
12893;12893;2001-03-29;-0.004641061000516;-0.46410610005159997;4.221382322440872
12894;12894;2001-03-30;0.0107267092419834;1.0726709241983399;4.232109031682856
12895;12895;2001-04-02;-0.0125402400500052;-1.25402400500052;4.219568791632851
12896;12896;2001-04-03;-0.0349984748636958;-3.4998474863695797;4.184570316769155
12897;12897;2001-04-04;-0.0029053254178794;-0.29053254178794;4.181664991351275
12898;12898;2001-04-05;0.0427529125645716;4.275291256457161;4.224417903915847
12899;12899;2001-04-06;-0.0201859477687902;-2.01859477687902;4.204231956147057
12900;12900;2001-04-09;0.0080846257411515;0.8084625741151499;4.212316581888208
12901;12901;2001-04-10;0.0267062185343825;2.67062185343825;4.239022800422591
12902;12902;2001-04-11;-0.0021334215177297;-0.21334215177297003;4.236889378904861
12903;12903;2001-04-12;0.0149913932507966;1.4991393250796599;4.2518807721556575
12904;12904;2001-04-16;-0.0032328889375739;-0.32328889375739;4.248647883218084
12905;12905;2001-04-17;0.0102299484353221;1.02299484353221;4.258877831653406
12906;12906;2001-04-18;0.0381532246128193;3.81532246128193;4.297031056266225
12907;12907;2001-04-19;0.0124647215745988;1.24647215745988;4.309495777840824
12908;12908;2001-04-20;-0.0085794494528901;-0.85794494528901;4.300916328387934
12909;12909;2001-04-23;-0.0150934599623991;-1.50934599623991;4.285822868425535
12910;12910;2001-04-24;-0.0122360230967606;-1.22360230967606;4.273586845328774
12911;12911;2001-04-25;0.0158151693342212;1.58151693342212;4.289402014662995
12912;12912;2001-04-26;0.0046848542843021;0.46848542843020996;4.294086868947297
12913;12913;2001-04-27;0.0148983716886697;1.48983716886697;4.308985240635967
12914;12914;2001-04-30;-0.002869191690368;-0.2869191690368;4.306116048945599
12915;12915;2001-05-01;0.0134983413336904;1.34983413336904;4.319614390279289
12916;12916;2001-05-02;0.0007815026440551;0.07815026440551001;4.320395892923345
12917;12917;2001-05-03;-0.0149844004024962;-1.49844004024962;4.305411492520848
12918;12918;2001-05-04;0.0143371580416751;1.43371580416751;4.3197486505625236
12919;12919;2001-05-07;-0.0024504581263649;-0.24504581263648997;4.317298192436159
12920;12920;2001-05-08;-0.0018299604155211;-0.18299604155211;4.3154682320206375
12921;12921;2001-05-09;-0.0044978198497549;-0.44978198497549005;4.3109704121708825
12922;12922;2001-05-10;-0.0002867583714092;-0.02867583714092;4.310683653799473
12923;12923;2001-05-11;-0.0076054585184346;-0.76054585184346;4.303078195281039
12924;12924;2001-05-14;0.0026056399842353;0.26056399842353;4.305683835265274
12925;12925;2001-05-15;0.0004161906295543;0.04161906295543;4.306100025894828
12926;12926;2001-05-16;0.0280555247225012;2.80555247225012;4.3341555506173295
12927;12927;2001-05-17;0.0027200539232108;0.27200539232108;4.33687560454054
12928;12928;2001-05-18;0.0026894325853472;0.26894325853472;4.339565037125888
12929;12929;2001-05-21;0.0160246639946893;1.60246639946893;4.355589701120577
12930;12930;2001-05-22;-0.0026313323813935;-0.26313323813934997;4.352958368739183
12931;12931;2001-05-23;-0.0156481955786871;-1.5648195578687099;4.337310173160496
12932;12932;2001-05-24;0.0031910513803694;0.31910513803694;4.340501224540866
12933;12933;2001-05-25;-0.0118863103555533;-1.18863103555533;4.328614914185312
12934;12934;2001-05-29;-0.0078245999685941;-0.78245999685941;4.320790314216718
12935;12935;2001-05-30;-0.0157793568302562;-1.57793568302562;4.305010957386462
12936;12936;2001-05-31;0.0061823674714363;0.61823674714363;4.311193324857898
12937;12937;2001-06-01;0.0038546578962428;0.38546578962428;4.315047982754141
12938;12938;2001-06-04;0.0050953444201713;0.5095344420171299;4.320143327174312
12939;12939;2001-06-05;0.0129065111528144;1.2906511152814402;4.333049838327127
12940;12940;2001-06-06;-0.0106046710705172;-1.06046710705172;4.3224451672566095
12941;12941;2001-06-07;0.0054416775314223;0.54416775314223;4.327886844788032
12942;12942;2001-06-08;-0.0094417523091072;-0.94417523091072;4.318445092478925
12943;12943;2001-06-11;-0.00839105969371;-0.839105969371;4.310054032785215
12944;12944;2001-06-12;0.0011632044504512;0.11632044504511999;4.311217237235666
12945;12945;2001-06-13;-0.0114117639349898;-1.1411763934989798;4.299805473300676
12946;12946;2001-06-14;-0.0176565595252418;-1.76565595252418;4.282148913775434
12947;12947;2001-06-15;-0.0045271149035217;-0.45271149035216995;4.2776217988719125
12948;12948;2001-06-18;-0.0048951355633777;-0.48951355633776994;4.272726663308535
12949;12949;2001-06-19;0.0034282436233557;0.34282436233557;4.2761549069318905
12950;12950;2001-06-20;0.00867105027727;0.867105027727;4.2848259572091605
12951;12951;2001-06-21;0.0113001256865033;1.13001256865033;4.296126082895664
12952;12952;2001-06-22;-0.0094949628242977;-0.94949628242977;4.286631120071366
12953;12953;2001-06-25;-0.0055238587500845;-0.55238587500845;4.2811072613212815
12954;12954;2001-06-26;-0.0015110426061602;-0.15110426061602;4.279596218715121
12955;12955;2001-06-27;-0.0046873747514286;-0.46873747514286;4.274908843963693
12956;12956;2001-06-28;0.0124156946056582;1.24156946056582;4.287324538569351
12957;12957;2001-06-29;-0.0014853188773837;-0.14853188773837;4.285839219691967
12958;12958;2001-07-02;0.0100280927486072;1.00280927486072;4.295867312440574
12959;12959;2001-07-03;-0.0018372031953726;-0.18372031953726;4.294030109245202
12960;12960;2001-07-05;-0.0123977814522647;-1.23977814522647;4.281632327792937
12961;12961;2001-07-06;-0.0237787515910624;-2.37787515910624;4.2578535762018745
12962;12962;2001-07-09;0.0068554431443281;0.6855443144328099;4.264709019346203
12963;12963;2001-07-10;-0.0145026350991815;-1.45026350991815;4.250206384247021
12964;12964;2001-07-11;-0.0011347470904841;-0.11347470904841;4.249071637156537
12965;12965;2001-07-12;0.0234149842801612;2.34149842801612;4.272486621436698
12966;12966;2001-07-13;0.0062216361837643;0.62216361837643;4.278708257620463
12967;12967;2001-07-16;-0.0109425340951175;-1.09425340951175;4.267765723525345
12968;12968;2001-07-17;0.0099219152695457;0.99219152695457;4.277687638794891
12969;12969;2001-07-18;-0.0055570444367072;-0.5557044436707199;4.272130594358184
12970;12970;2001-07-19;0.0060345818485885;0.6034581848588499;4.278165176206772
12971;12971;2001-07-20;-0.00343798151943;-0.343798151943;4.274727194687342
12972;12972;2001-07-23;-0.0165040691821092;-1.65040691821092;4.258223125505233
12973;12973;2001-07-24;-0.0164054710952648;-1.64054710952648;4.241817654409968
12974;12974;2001-07-25;0.0159519464513833;1.59519464513833;4.2577696008613515
12975;12975;2001-07-26;0.0103953136486847;1.0395313648684699;4.268164914510036
12976;12976;2001-07-27;0.0023994963251192;0.23994963251191997;4.2705644108351555
12977;12977;2001-07-30;-0.0010786247121714;-0.10786247121714;4.269485786122984
12978;12978;2001-07-31;0.0055551917672431;0.55551917672431;4.275040977890227
12979;12979;2001-08-01;0.0038729048015069;0.38729048015069;4.278913882691734
12980;12980;2001-08-02;0.0039561634516545;0.39561634516544997;4.282870046143389
12981;12981;2001-08-03;-0.0052564895071984;-0.52564895071984;4.27761355663619
12982;12982;2001-08-06;-0.0114874742971551;-1.14874742971551;4.266126082339035
12983;12983;2001-08-07;0.0032600773970976;0.32600773970976;4.269386159736133
12984;12984;2001-08-08;-0.0174800148563152;-1.7480014856315202;4.251906144879817
12985;12985;2001-08-09;-8.44754423852123e-05;-0.00844754423852123;4.251821669437432
12986;12986;2001-08-10;0.0056707331807617;0.56707331807617;4.257492402618194
12987;12987;2001-08-13;0.0009490058999093;0.09490058999093;4.258441408518103
12988;12988;2001-08-14;-0.0038351776292042;-0.38351776292042;4.254606230888899
12989;12989;2001-08-15;-0.007366528713538;-0.7366528713538;4.247239702175361
12990;12990;2001-08-16;0.0030851783326006;0.30851783326006;4.250324880507962
12991;12991;2001-08-17;-0.0168034427413186;-1.68034427413186;4.233521437766643
12992;12992;2001-08-20;0.0080913648726497;0.8091364872649699;4.241612802639293
12993;12993;2001-08-21;-0.0121530297473278;-1.21530297473278;4.229459772891965
12994;12994;2001-08-22;0.0069320459635173;0.69320459635173;4.236391818855482
12995;12995;2001-08-23;-0.0027671178311266;-0.27671178311266004;4.233624701024356
12996;12996;2001-08-24;0.019463667844045;1.9463667844045;4.253088368868401
12997;12997;2001-08-27;-0.0048390570150127;-0.48390570150127;4.248249311853388
12998;12998;2001-08-28;-0.0151237983122767;-1.51237983122767;4.233125513541111
12999;12999;2001-08-29;-0.0112118561513848;-1.12118561513848;4.2219136573897265
13000;13000;2001-08-30;-0.0171501525179378;-1.7150152517937798;4.204763504871789
13001;13001;2001-08-31;0.0040218448280295;0.40218448280295;4.208785349699818
13002;13002;2001-09-04;-0.0005647557013359;-0.056475570133589996;4.208220593998482
13003;13003;2001-09-05;-0.0010597092294304;-0.10597092294304;4.207160884769052
13004;13004;2001-09-06;-0.0226447395249103;-2.26447395249103;4.1845161452441415
13005;13005;2001-09-07;-0.0188128736303579;-1.8812873630357898;4.165703271613784
13006;13006;2001-09-10;0.0062066468562749;0.62066468562749;4.1719099184700585
13007;13007;2001-09-17;-0.0504679561196451;-5.04679561196451;4.1214419623504135
13008;13008;2001-09-18;-0.0058218854872791;-0.5821885487279099;4.115620076863134
13009;13009;2001-09-19;-0.0162437087894025;-1.62437087894025;4.099376368073732
13010;13010;2001-09-20;-0.0315525202024602;-3.1552520202460204;4.067823847871272
13011;13011;2001-09-21;-0.019217743655144;-1.9217743655144;4.048606104216128
13012;13012;2001-09-24;0.0382425923289258;3.8242592328925804;4.0868486965450534
13013;13013;2001-09-25;0.0087512790961543;0.8751279096154301;4.095599975641208
13014;13014;2001-09-26;-0.0051800404097495;-0.51800404097495;4.090419935231458
13015;13015;2001-09-27;0.0114236250429514;1.14236250429514;4.10184356027441
13016;13016;2001-09-28;0.0216851563139597;2.16851563139597;4.123528716588369
13017;13017;2001-10-01;-0.0022985376834681;-0.22985376834681;4.121230178904901
13018;13018;2001-10-02;0.0122304307177696;1.22304307177696;4.133460609622671
13019;13019;2001-10-03;0.0197312621794987;1.97312621794987;4.15319187180217
13020;13020;2001-10-04;-0.0024744506632759;-0.24744506632759;4.150717421138894
13021;13021;2001-10-05;0.0016347428377718;0.16347428377718;4.152352163976666
13022;13022;2001-10-08;-0.0083794476917828;-0.83794476917828;4.143972716284883
13023;13023;2001-10-09;-0.0053699336363646;-0.53699336363646;4.138602782648518
13024;13024;2001-10-10;0.0226791182049402;2.2679118204940196;4.161281900853458
13025;13025;2001-10-11;0.0150938531480582;1.50938531480582;4.1763757540015165
13026;13026;2001-10-12;-0.005280796705704;-0.5280796705704001;4.1710949572958125
13027;13027;2001-10-15;-0.001531006012156;-0.1531006012156;4.169563951283656
13028;13028;2001-10-16;0.0069120182063926;0.69120182063926;4.176475969490049
13029;13029;2001-10-17;-0.0188084187303659;-1.88084187303659;4.157667550759683
13030;13030;2001-10-18;-0.0079042040765511;-0.79042040765511;4.149763346683132
13031;13031;2001-10-19;0.0045469643853604;0.45469643853604;4.1543103110684925
13032;13032;2001-10-22;0.0151802820487612;1.51802820487612;4.169490593117254
13033;13033;2001-10-23;-0.0047087427440999;-0.47087427440998997;4.164781850373154
13034;13034;2001-10-24;0.000387028460274;0.0387028460274;4.165168878833428
13035;13035;2001-10-25;0.0136277070829838;1.36277070829838;4.178796585916412
13036;13036;2001-10-26;0.0041003541827411;0.41003541827410994;4.182896940099153
13037;13037;2001-10-29;-0.0241065455676086;-2.4106545567608597;4.158790394531544
13038;13038;2001-10-30;-0.0173149602586307;-1.73149602586307;4.141475434272913
13039;13039;2001-10-31;-9.44531171764851e-06;-0.000944531171764851;4.141465988961196
13040;13040;2001-11-01;0.0226887607694897;2.26887607694897;4.1641547497306854
13041;13041;2001-11-02;0.0028554112379621;0.28554112379621;4.167010160968648
13042;13042;2001-11-05;0.0142831012047244;1.42831012047244;4.181293262173372
13043;13043;2001-11-06;0.0144216563996658;1.44216563996658;4.195714918573038
13044;13044;2001-11-07;-0.0027386160453115;-0.27386160453115;4.192976302527726
13045;13045;2001-11-08;0.002452618012998;0.2452618012998;4.195428920540724
13046;13046;2001-11-09;0.0015811870302151;0.15811870302151;4.197010107570939
13047;13047;2001-11-12;-0.0017690236064016;-0.17690236064016;4.195241083964538
13048;13048;2001-11-13;0.0183932063955208;1.8393206395520798;4.2136342903600585
13049;13049;2001-11-14;0.0018594006741823;0.18594006741823;4.215493691034241
13050;13050;2001-11-15;0.0009021691668014;0.09021691668014001;4.216395860201042
13051;13051;2001-11-16;-0.003147866790945;-0.31478667909450003;4.213247993410097
13052;13052;2001-11-19;0.0108399369956977;1.0839936995697699;4.224087930405795
13053;13053;2001-11-20;-0.0073244007222204;-0.73244007222204;4.216763529683575
13054;13054;2001-11-21;-0.0049392823501852;-0.49392823501852;4.211824247333389
13055;13055;2001-11-23;0.0116378961464676;1.1637896146467601;4.223462143479857
13056;13056;2001-11-26;0.006135906838379;0.6135906838378999;4.229598050318236
13057;13057;2001-11-27;-0.0068663629133807;-0.68663629133807;4.222731687404855
13058;13058;2001-11-28;-0.0184200077396905;-1.8420007739690498;4.204311679665165
13059;13059;2001-11-29;0.0102965851590184;1.0296585159018399;4.214608264824183
13060;13060;2001-11-30;-0.0006579957969883;-0.06579957969883;4.213950269027195
13061;13061;2001-12-03;-0.0084164923695579;-0.84164923695579;4.205533776657637
13062;13062;2001-12-04;0.0131008375884587;1.31008375884587;4.2186346142460955
13063;13063;2001-12-05;0.0220728368047505;2.20728368047505;4.240707451050846
13064;13064;2001-12-06;-0.0027808099947099;-0.27808099947098996;4.237926641056136
13065;13065;2001-12-07;-0.0075599216752406;-0.7559921675240601;4.230366719380895
13066;13066;2001-12-10;-0.0159951928134507;-1.59951928134507;4.214371526567445
13067;13067;2001-12-11;-0.0027847848934508;-0.27847848934508;4.211586741673994
13068;13068;2001-12-12;0.0002726114159079;0.02726114159079;4.211859353089902
13069;13069;2001-12-13;-0.015679765838188;-1.5679765838188;4.196179587251714
13070;13070;2001-12-14;0.0033088196790034;0.33088196790034;4.199488406930717
13071;13071;2001-12-17;0.0099848172728798;0.99848172728798;4.209473224203597
13072;13072;2001-12-18;0.0075178275901191;0.7517827590119099;4.216991051793716
13073;13073;2001-12-19;0.005792882180148;0.5792882180148;4.222783933973864
13074;13074;2001-12-20;-0.0084124074064195;-0.8412407406419501;4.214371526567445
13075;13075;2001-12-21;0.0043416712402084;0.43416712402084;4.218713197807653
13076;13076;2001-12-24;-0.0002096412351741;-0.020964123517409998;4.218503556572479
13077;13077;2001-12-26;0.0041150274377335;0.41150274377335;4.222618584010212
13078;13078;2001-12-27;0.0067288439448187;0.67288439448187;4.229347427955031
13079;13079;2001-12-28;0.0033561405511903;0.33561405511903003;4.2327035685062215
13080;13080;2001-12-31;-0.0112080027667822;-1.12080027667822;4.221495565739439
13081;13081;2002-01-02;0.0057236834143816;0.57236834143816;4.227219249153821
13082;13082;2002-01-03;0.0091382100155348;0.91382100155348;4.236357459169356
13083;13083;2002-01-04;0.0061939216296877;0.61939216296877;4.242551380799044
13084;13084;2002-01-07;-0.0065200837796357;-0.65200837796357;4.236031297019408
13085;13085;2002-01-08;-0.0035948215897976;-0.35948215897976;4.23243647542961
13086;13086;2002-01-09;-0.0048102915110419;-0.48102915110419003;4.227626183918568
13087;13087;2002-01-10;0.0012199162827455;0.12199162827454998;4.228846100201314
13088;13088;2002-01-11;-0.0095129817430343;-0.9512981743034299;4.219333118458279
13089;13089;2002-01-14;-0.0062959143947738;-0.62959143947738;4.213037204063506
13090;13090;2002-01-15;0.0068107652619113;0.68107652619113;4.219847969325417
13091;13091;2002-01-16;-0.0163785203075033;-1.6378520307503301;4.203469449017914
13092;13092;2002-01-17;0.0099805008958116;0.99805008958116;4.213449949913725
13093;13093;2002-01-18;-0.0099716234371642;-0.99716234371642;4.203478326476561
13094;13094;2002-01-22;-0.0073612275533099;-0.73612275533099;4.196117098923251
13095;13095;2002-01-23;0.0078932859385076;0.7893285938507599;4.204010384861759
13096;13096;2002-01-24;0.0035127383569948;0.35127383569948;4.2075231232187535
13097;13097;2002-01-25;0.0009976075776174;0.09976075776174001;4.208520730796371
13098;13098;2002-01-28;-0.0001941191455383;-0.01941191455383;4.208326611650833
13099;13099;2002-01-29;-0.0290301470430752;-2.90301470430752;4.1792964646077575
13100;13100;2002-01-30;0.0116791796632789;1.16791796632789;4.190975644271036
13101;13101;2002-01-31;0.0148235427711665;1.48235427711665;4.205799187042203
13102;13102;2002-02-01;-0.0071035641879442;-0.71035641879442;4.198695622854259
13103;13103;2002-02-04;-0.0250482376535253;-2.5048237653525303;4.173647385200733
13104;13104;2002-02-05;-0.0040466999721191;-0.40466999721190994;4.169600685228614
13105;13105;2002-02-06;-0.0059902825145767;-0.59902825145767;4.1636104027140375
13106;13106;2002-02-07;-0.0030873036396634;-0.30873036396634;4.160523099074374
13107;13107;2002-02-08;0.0147493949641131;1.47493949641131;4.175272494038487
13108;13108;2002-02-11;0.0142383126229868;1.42383126229868;4.189510806661474
13109;13109;2002-02-12;-0.004000961540564;-0.4000961540564;4.18550984512091
13110;13110;2002-02-13;0.0098922284567653;0.9892228456765301;4.195402073577675
13111;13111;2002-02-14;-0.0018165902910887;-0.18165902910887002;4.193585483286586
13112;13112;2002-02-15;-0.0110778341547411;-1.10778341547411;4.182507649131845
13113;13113;2002-02-19;-0.0190541968317568;-1.9054196831756802;4.163453452300089
13114;13114;2002-02-20;0.0134232796535967;1.34232796535967;4.176876731953685
13115;13115;2002-02-21;-0.01563187098209;-1.563187098209;4.161244860971595
13116;13116;2002-02-22;0.0081906264905891;0.81906264905891;4.169435487462184
13117;13117;2002-02-25;0.0178155533127242;1.78155533127242;4.187251040774909
13118;13118;2002-02-26;-4.51133703904816e-05;-0.0045113370390481595;4.187205927404518
13119;13119;2002-02-27;0.0004596196085939;0.04596196085939;4.187665547013112
13120;13120;2002-02-28;-0.0028512213621727;-0.28512213621727;4.184814325650939
13121;13121;2002-03-01;0.0223819367597216;2.23819367597216;4.207196262410661
13122;13122;2002-03-04;0.0193038405993891;1.93038405993891;4.22650010301005
13123;13123;2002-03-05;-0.0066956928588934;-0.66956928588934;4.2198044101511565
13124;13124;2002-03-06;0.0144053188090671;1.44053188090671;4.234209728960224
13125;13125;2002-03-07;-0.0045080094677425;-0.45080094677425;4.229701719492481
13126;13126;2002-03-08;0.0058315902406826;0.58315902406826;4.235533309733164
13127;13127;2002-03-11;0.0033867833837781;0.33867833837781;4.238920093116942
13128;13128;2002-03-12;-0.0022966914759399;-0.22966914759399;4.236623401641002
13129;13129;2002-03-13;-0.0099066542714236;-0.99066542714236;4.226716747369578
13130;13130;2002-03-14;-0.0009101585694812;-0.09101585694812;4.225806588800097
13131;13131;2002-03-15;0.011314362322798;1.1314362322798;4.237120951122895
13132;13132;2002-03-18;-0.000523208282507;-0.0523208282507;4.236597742840388
13133;13133;2002-03-19;0.0040584940129493;0.40584940129492997;4.240656236853337
13134;13134;2002-03-20;-0.0158822900431028;-1.58822900431028;4.2247739468102345
13135;13135;2002-03-21;0.0015094648953368;0.15094648953368;4.226283411705571
13136;13136;2002-03-22;-0.0042479640095107;-0.42479640095107;4.222035447696061
13137;13137;2002-03-25;-0.0147596977329121;-1.47596977329121;4.207275749963149
13138;13138;2002-03-26;0.0058316864330816;0.58316864330816;4.21310743639623
13139;13139;2002-03-27;0.0053349048325444;0.53349048325444;4.218442341228775
13140;13140;2002-03-28;0.0024520918193262;0.24520918193262;4.220894433048101
13141;13141;2002-04-01;-0.0007410653497617;-0.07410653497617001;4.220153367698339
13142;13142;2002-04-02;-0.0085666260243453;-0.85666260243453;4.211586741673994
13143;13143;2002-04-03;-0.0100435701474453;-1.00435701474453;4.2015431715265485
13144;13144;2002-04-04;0.0008348584283872;0.08348584283872;4.202378029954936
13145;13145;2002-04-05;-0.0032102061624392;-0.32102061624392;4.1991678237924965
13146;13146;2002-04-08;0.0022776132641704;0.22776132641704;4.201445437056667
13147;13147;2002-04-09;-0.0066783031833441;-0.6678303183344101;4.194767133873323
13148;13148;2002-04-10;0.0112709381106013;1.12709381106013;4.206038071983924
13149;13149;2002-04-11;-0.023974391934642;-2.3974391934642;4.182063680049282
13150;13150;2002-04-12;0.0066104626523682;0.6610462652368201;4.18867414270165
13151;13151;2002-04-15;-0.0076437972910268;-0.7643797291026799;4.1810303454106235
13152;13152;2002-04-16;0.0231483858173354;2.31483858173354;4.204178731227959
13153;13153;2002-04-17;-0.0020404622506813;-0.20404622506813003;4.2021382689772775
13154;13154;2002-04-18;-0.0014218590458829;-0.14218590458829;4.2007164099313945
13155;13155;2002-04-19;0.0006223867089234;0.062238670892339996;4.201338796640318
13156;13156;2002-04-22;-0.0155310672231694;-1.5531067223169401;4.1858077294171485
13157;13157;2002-04-23;-0.0062206161849909;-0.62206161849909;4.179587113232158
13158;13158;2002-04-24;-0.0071281885029517;-0.71281885029517;4.172458924729206
13159;13159;2002-04-25;-0.0015197474373618;-0.15197474373618;4.170939177291844
13160;13160;2002-04-26;-0.0139867899838837;-1.39867899838837;4.15695238730796
13161;13161;2002-04-29;-0.0101505659843708;-1.01505659843708;4.1468018213235895
13162;13162;2002-04-30;0.0107079567242083;1.07079567242083;4.157509778047798
13163;13163;2002-05-01;0.0088195128137078;0.88195128137078;4.166329290861506
13164;13164;2002-05-02;-0.0017502394888131;-0.17502394888131;4.164579051372693
13165;13165;2002-05-03;-0.0103152499382491;-1.03152499382491;4.1542638014344435
13166;13166;2002-05-06;-0.0195293437307722;-1.9529343730772202;4.134734457703671
13167;13167;2002-05-07;-0.0030255131620293;-0.30255131620293;4.131708944541642
13168;13168;2002-05-08;0.0368177490173327;3.68177490173327;4.168526693558975
13169;13169;2002-05-09;-0.0146542787860149;-1.46542787860149;4.15387241477296
13170;13170;2002-05-10;-0.0169365138578454;-1.6936513857845399;4.136935900915114
13171;13171;2002-05-13;0.0183800516418184;1.8380051641818398;4.155315952556933
13172;13172;2002-05-14;0.0209230863482297;2.09230863482297;4.1762390389051625
13173;13173;2002-05-15;-0.005675600101533;-0.5675600101533;4.1705634388036295
13174;13174;2002-05-16;0.0065409580870454;0.65409580870454;4.177104396890675
13175;13175;2002-05-17;0.0075834093201443;0.75834093201443;4.184687806210819
13176;13176;2002-05-20;-0.0133821982733426;-1.33821982733426;4.171305607937477
13177;13177;2002-05-21;-0.0110510572718558;-1.10510572718558;4.160254550665621
13178;13178;2002-05-22;0.0056697274824308;0.56697274824308;4.165924278148052
13179;13179;2002-05-23;0.0101324087256103;1.01324087256103;4.176056686873662
13180;13180;2002-05-24;-0.0121602769448437;-1.21602769448437;4.163896409928818
13181;13181;2002-05-28;-0.0085897728555011;-0.85897728555011;4.155306637073317
13182;13182;2002-05-29;-0.0064326452509142;-0.64326452509142;4.148873991822403
13183;13183;2002-05-30;-0.0028138383392271;-0.28138383392271;4.146060153483176
13184;13184;2002-05-31;0.0023266554664997;0.23266554664997;4.148386808949676
13185;13185;2002-06-03;-0.0251077892339096;-2.51077892339096;4.123279019715766
13186;13186;2002-06-04;9.5004732685311e-06;0.0009500473268531101;4.123288520189035
13187;13187;2002-06-05;0.0088110463927995;0.8811046392799501;4.132099566581834
13188;13188;2002-06-06;-0.0199617022549896;-1.99617022549896;4.1121378643268445
13189;13189;2002-06-07;-0.0015753498777506;-0.15753498777506;4.110562514449094
13190;13190;2002-06-10;0.0031190889171668;0.31190889171668;4.113681603366261
13191;13191;2002-06-11;-0.0167686548356922;-1.67686548356922;4.096912948530568
13192;13192;2002-06-12;0.00654918022959;0.6549180229589999;4.1034621287601585
13193;13193;2002-06-13;-0.0105429161888777;-1.05429161888777;4.092919212571281
13194;13194;2002-06-14;-0.0022708695960007;-0.22708695960007003;4.09064834297528
13195;13195;2002-06-17;0.0282875447122049;2.82875447122049;4.118935887687485
13196;13196;2002-06-18;0.000935673915781;0.0935673915781;4.119871561603266
13197;13197;2002-06-19;-0.0166741258969756;-1.66741258969756;4.10319743570629
13198;13198;2002-06-20;-0.0135225348716608;-1.35225348716608;4.08967490083463
13199;13199;2002-06-21;-0.0171896637354623;-1.71896637354623;4.072485237099167
13200;13200;2002-06-24;0.0036127273561472;0.36127273561472;4.076097964455315
13201;13201;2002-06-25;-0.0168425871379139;-1.6842587137913902;4.059255377317401
13202;13202;2002-06-26;-0.0026773633488632;-0.26773633488632;4.0565780139685375
13203;13203;2002-06-27;0.0174225432816515;1.74225432816515;4.074000557250189
13204;13204;2002-06-28;-0.0008280985606887;-0.08280985606887;4.0731724586895
13205;13205;2002-07-01;-0.0216197411781751;-2.1619741178175103;4.051552717511325
13206;13206;2002-07-02;-0.0214539113737189;-2.14539113737189;4.030098806137606
13207;13207;2002-07-03;0.0062037157947774;0.62037157947774;4.036302521932384
13208;13208;2002-07-05;0.0360715154239237;3.60715154239237;4.072374037356307
13209;13209;2002-07-08;-0.0122585336217531;-1.22585336217531;4.060115503734554
13210;13210;2002-07-09;-0.0250296389998397;-2.50296389998397;4.0350858647347145
13211;13211;2002-07-10;-0.0345521438798659;-3.45521438798659;4.000533720854849
13212;13212;2002-07-11;0.0074682398881291;0.74682398881291;4.008001960742978
13213;13213;2002-07-12;-0.0064692018683931;-0.6469201868393101;4.001532758874585
13214;13214;2002-07-15;-0.0037622883090273;-0.37622883090273;3.9977704705655572
13215;13215;2002-07-16;-0.0186824624278925;-1.86824624278925;3.9790880081376647
13216;13216;2002-07-17;0.0056447659612324;0.56447659612324;3.984732774098897
13217;13217;2002-07-18;-0.0273903678474925;-2.73903678474925;3.9573424062514047
13218;13218;2002-07-19;-0.0391072820440375;-3.91072820440375;3.918235124207367
13219;13219;2002-07-22;-0.0334644135835189;-3.34644135835189;3.8847707106238483
13220;13220;2002-07-23;-0.0273887654618958;-2.7388765461895797;3.8573819451619524
13221;13221;2002-07-24;0.055744300730721;5.5744300730721;3.9131262458926734
13222;13222;2002-07-25;-0.0056476837604657;-0.5647683760465699;3.9074785621322077
13223;13223;2002-07-26;0.016742769355143;1.6742769355143;3.9242213314873506
13224;13224;2002-07-29;0.0526665757866391;5.26665757866391;3.9768879072739898
13225;13225;2002-07-30;0.0042403594477775;0.42403594477775;3.9811282667217673
13226;13226;2002-07-31;0.0097443075730989;0.97443075730989;3.9908725742948663
13227;13227;2002-08-01;-0.0300198712128248;-3.00198712128248;3.9608527030820415
13228;13228;2002-08-02;-0.0233528634425531;-2.33528634425531;3.9374998396394885
13229;13229;2002-08-05;-0.0348979570367076;-3.4897957036707603;3.902601882602781
13230;13230;2002-08-06;0.0294797329483156;2.9479732948315602;3.9320816155510965
13231;13231;2002-08-07;0.0198124507414477;1.98124507414477;3.951894066292544
13232;13232;2002-08-08;0.0321984030646307;3.2198403064630696;3.984092469357175
13233;13233;2002-08-09;0.0035058664817544;0.35058664817544;3.9875983358389293
13234;13234;2002-08-12;-0.0053409089374048;-0.53409089374048;3.9822574269015245
13235;13235;2002-08-13;-0.0219134678323014;-2.19134678323014;3.960343959069223
13236;13236;2002-08-14;0.0392659199342393;3.92659199342393;3.9996098790034624
13237;13237;2002-08-15;0.0114928314248886;1.14928314248886;4.011102710428351
13238;13238;2002-08-16;-0.0015922155724439;-0.15922155724439;4.009510494855907
13239;13239;2002-08-19;0.0233374163329749;2.3337416332974903;4.032847911188882
13240;13240;2002-08-20;-0.0140564870642823;-1.40564870642823;4.0187914241246
13241;13241;2002-08-21;0.0126459766337854;1.26459766337854;4.031437400758385
13242;13242;2002-08-22;0.0139537916920975;1.39537916920975;4.045391192450483
13243;13243;2002-08-23;-0.0229475145707294;-2.29475145707294;4.022443677879753
13244;13244;2002-08-26;0.007507436228809;0.7507436228809;4.029951114108562
13245;13245;2002-08-27;-0.0139477660322447;-1.39477660322447;4.0160033480763175
13246;13246;2002-08-28;-0.0182982419299922;-1.82982419299922;3.9977051061463253
13247;13247;2002-08-29;-7.62740587170185e-05;-0.007627405871701851;3.9976288320876083
13248;13248;2002-08-30;-0.0018867002763469;-0.18867002763469;3.9957421318112614
13249;13249;2002-09-03;-0.0424233934121601;-4.24233934121601;3.9533187383991013
13250;13250;2002-09-04;0.0173650405842025;1.73650405842025;3.970683778983304
13251;13251;2002-09-05;-0.016078876892041;-1.6078876892040999;3.954604902091263
13252;13252;2002-09-06;0.0166607078038332;1.6660707803833201;3.971265609895096
13253;13253;2002-09-09;0.0100620133182066;1.00620133182066;3.9813276232133026
13254;13254;2002-09-10;0.0073046931859597;0.73046931859597;3.9886323163992623
13255;13255;2002-09-11;-0.0001429388170057;-0.01429388170057;3.9884893775822565
13256;13256;2002-09-12;-0.0250965532762457;-2.50965532762457;3.963392824306011
13257;13257;2002-09-13;0.0032644734372846;0.32644734372846;3.9666572977432955
13258;13258;2002-09-16;0.0014486731439928;0.14486731439928;3.9681059708872883
13259;13259;2002-09-17;-0.0199255790839894;-1.9925579083989402;3.948180391803299
13260;13260;2002-09-18;-0.0046586940127308;-0.46586940127307996;3.943521697790568
13261;13261;2002-09-19;-0.0305258636366297;-3.05258636366297;3.9129958341539384
13262;13262;2002-09-20;0.0024515861335681;0.24515861335681002;3.9154474202875065
13263;13263;2002-09-23;-0.0139244372756533;-1.39244372756533;3.901522983011853
13264;13264;2002-09-24;-0.0174355551307883;-1.7435555130788298;3.884087427881065
13265;13265;2002-09-25;0.0245589311590679;2.45589311590679;3.908646359040133
13266;13266;2002-09-26;0.0180459858919964;1.8045985891996401;3.926692344932129
13267;13267;2002-09-27;-0.0327910125618729;-3.27910125618729;3.8939013323702563
13268;13268;2002-09-30;-0.0147203410775978;-1.4720341077597798;3.8791809912926585
13269;13269;2002-10-01;0.0392428181499822;3.9242818149982197;3.9184238094426407
13270;13270;2002-10-02;-0.0238700460279775;-2.38700460279775;3.894553763414663
13271;13271;2002-10-03;-0.0108813736317464;-1.08813736317464;3.883672389782917
13272;13272;2002-10-04;-0.0226865603643089;-2.26865603643089;3.860985829418608
13273;13273;2002-10-07;-0.0192961072049949;-1.92961072049949;3.841689722213613
13274;13274;2002-10-08;0.0167571890630871;1.6757189063087101;3.8584469112767
13275;13275;2002-10-09;-0.0276661328556731;-2.7666132855673102;3.830780778421027
13276;13276;2002-10-10;0.0343683053749126;3.4368305374912604;3.8651490837959397
13277;13277;2002-10-11;0.0383151527542767;3.83151527542767;3.9034642365502163
13278;13278;2002-10-14;0.0072998188693143;0.72998188693143;3.9107640554195306
13279;13279;2002-10-15;0.0462493593810196;4.62493593810196;3.9570134148005502
13280;13280;2002-10-16;-0.024408403552564;-2.4408403552564;3.9326050112479862
13281;13281;2002-10-17;0.0220567486918162;2.2056748691816197;3.9546617599398024
13282;13282;2002-10-18;0.0058857420411655;0.58857420411655;3.960547501980968
13283;13283;2002-10-21;0.0171854127964988;1.7185412796498802;3.9777329147774667
13284;13284;2002-10-22;-0.0106823800580287;-1.06823800580287;3.967050534719438
13285;13285;2002-10-23;0.0066954759898072;0.66954759898072;3.9737460107092453
13286;13286;2002-10-24;-0.0153378787001746;-1.53378787001746;3.9584081320090707
13287;13287;2002-10-25;0.0170214752458646;1.7021475245864601;3.9754296072549353
13288;13288;2002-10-28;-0.0083004302134401;-0.83004302134401;3.967129177041495
13289;13289;2002-10-29;-0.0091176970595441;-0.91176970595441;3.958011479981951
13290;13290;2002-10-30;0.0096567854185982;0.96567854185982;3.9676682654005493
13291;13291;2002-10-31;-0.0055728773599952;-0.55728773599952;3.962095388040554
13292;13292;2002-11-01;0.0170148410857713;1.70148410857713;3.9791102291263254
13293;13293;2002-11-04;0.0081688545385141;0.81688545385141;3.9872790836648395
13294;13294;2002-11-05;0.0077204798969621;0.77204798969621;3.9949995635618016
13295;13295;2002-11-06;0.0091020881087402;0.9102088108740201;4.004101651670542
13296;13296;2002-11-07;-0.0231174004978776;-2.31174004978776;3.9809842511726643
13297;13297;2002-11-08;-0.0088017458700271;-0.88017458700271;3.972182505302637
13298;13298;2002-11-11;-0.0209501974231623;-2.09501974231623;3.951232307879475
13299;13299;2002-11-12;0.0076856227720814;0.76856227720814;3.9589179306515563
13300;13300;2002-11-13;-0.00047577202593;-0.047577202593;3.958442158625626
13301;13301;2002-11-14;0.0243351950580566;2.43351950580566;3.982777353683683
13302;13302;2002-11-15;0.0061297770750705;0.6129777075070499;3.9889071307587534
13303;13303;2002-11-18;-0.0104631208714991;-1.0463120871499099;3.978444009887254
13304;13304;2002-11-19;-0.0040287128669076;-0.40287128669076;3.9744152970203466
13305;13305;2002-11-20;0.0192287442096832;1.92287442096832;3.99364404123003
13306;13306;2002-11-21;0.0212247585753449;2.12247585753449;4.014868799805375
13307;13307;2002-11-22;-0.0034436603093821;-0.34436603093821;4.0114251394959926
13308;13308;2002-11-25;0.0024900540081214;0.24900540081214;4.013915193504114
13309;13309;2002-11-26;-0.0211904895499231;-2.11904895499231;3.992724703954191
13310;13310;2002-11-27;0.0276016583913057;2.76016583913057;4.020326362345497
13311;13311;2002-11-29;-0.0027304030546142;-0.27304030546142;4.017595959290882
13312;13312;2002-12-02;-0.0019028559485541;-0.19028559485541;4.015693103342328
13313;13313;2002-12-03;-0.0148552048155342;-1.48552048155342;4.000837898526794
13314;13314;2002-12-04;-0.0034487672100933;-0.34487672100933003;3.9973891313167007
13315;13315;2002-12-05;-0.0120936154802616;-1.20936154802616;3.985295515836439
13316;13316;2002-12-06;0.0062459567023669;0.62459567023669;3.991541472538806
13317;13317;2002-12-09;-0.0224259967571774;-2.24259967571774;3.9691154757816287
13318;13318;2002-12-10;0.013860904835366;1.3860904835366001;3.9829763806169947
13319;13319;2002-12-11;0.0005637307231891;0.05637307231891;3.983540111340184
13320;13320;2002-12-12;-0.0037419695894112;-0.37419695894112;3.9797981417507726
13321;13321;2002-12-13;-0.0135117987229698;-1.3511798722969801;3.966286343027803
13322;13322;2002-12-16;0.0232470899079207;2.32470899079207;3.9895334329357235
13323;13323;2002-12-17;-0.0081726216498792;-0.81726216498792;3.9813608112858443
13324;13324;2002-12-18;-0.0132323751582071;-1.32323751582071;3.968128436127637
13325;13325;2002-12-19;-0.0077392648404277;-0.77392648404277;3.9603891712872095
13326;13326;2002-12-20;0.0129327030300557;1.2932703030055699;3.973321874317265
13327;13327;2002-12-23;0.0018068811439127;0.18068811439127;3.975128755461178
13328;13328;2002-12-24;-0.0054865451101768;-0.5486545110176799;3.969642210351001
13329;13329;2002-12-26;-0.0031535302329537;-0.31535302329537;3.9664886801180472
13330;13330;2002-12-27;-0.0161583847435951;-1.61583847435951;3.950330295374452
13331;13331;2002-12-30;0.0045475501769161;0.45475501769161;3.9548778455513682
13332;13332;2002-12-31;0.000488846701856;0.0488846701856;3.9553666922532242
13333;13333;2003-01-02;0.0326607797837442;3.2660779783744203;3.9880274720369684
13334;13334;2003-01-03;-0.0004841517974485;-0.048415179744850004;3.98754332023952
13335;13335;2003-01-06;0.0222255367447985;2.22255367447985;4.009768856984318
13336;13336;2003-01-07;-0.006566129393664;-0.6566129393664;4.003202727590654
13337;13337;2003-01-08;-0.0141857186066936;-1.41857186066936;3.9890170089839607
13338;13338;2003-01-09;0.0192006050961169;1.92006050961169;4.008217614080078
13339;13339;2003-01-10;0.0;0.0;4.008217614080078
13340;13340;2003-01-13;-0.0014132873090133;-0.14132873090133;4.006804326771064
13341;13341;2003-01-14;0.0058129287104504;0.58129287104504;4.012617255481515
13342;13342;2003-01-15;-0.0145309305379424;-1.45309305379424;3.9980863249435723
13343;13343;2003-01-16;-0.0039501967589785;-0.39501967589785003;3.9941361281845937
13344;13344;2003-01-17;-0.0141161649497938;-1.41161649497938;3.9800199632348
13345;13345;2003-01-21;-0.0158269021892652;-1.5826902189265202;3.9641930610455347
13346;13346;2003-01-22;-0.0104872025434055;-1.04872025434055;3.953705858502129
13347;13347;2003-01-23;0.0101717385342432;1.01717385342432;3.9638775970363724
13348;13348;2003-01-24;-0.0296692533531227;-2.96692533531227;3.93420834368325
13349;13349;2003-01-27;-0.0162917839249186;-1.6291783924918601;3.917916559758331
13350;13350;2003-01-28;0.0129660299650878;1.29660299650878;3.930882589723419
13351;13351;2003-01-29;0.0067560848135919;0.67560848135919;3.937638674537011
13352;13352;2003-01-30;-0.0231143667410914;-2.31143667410914;3.9145243077959195
13353;13353;2003-01-31;0.013044896853315;1.3044896853315;3.9275692046492345
13354;13354;2003-02-03;0.0053845597502597;0.5384559750259701;3.9329537643994943
13355;13355;2003-02-04;-0.0141879500097781;-1.41879500097781;3.918765814389716
13356;13356;2003-02-05;-0.0054498446068898;-0.54498446068898;3.9133159697828264
13357;13357;2003-02-06;-0.0064695158694281;-0.64695158694281;3.9068464539133982
13358;13358;2003-02-07;-0.010144971252747;-1.0144971252747;3.896701482660651
13359;13359;2003-02-10;0.0075405531240768;0.75405531240768;3.904242035784728
13360;13360;2003-02-11;-0.0081312975497045;-0.8131297549704499;3.8961107382350235
13361;13361;2003-02-12;-0.0127681164725049;-1.27681164725049;3.8833426217625187
13362;13362;2003-02-13;-0.0016014159586443;-0.16014159586443;3.8817412058038743
13363;13363;2003-02-14;0.0212081350100739;2.12081350100739;3.902949340813948
13364;13364;2003-02-18;0.0193118560205425;1.9311856020542502;3.9222611968344907
13365;13365;2003-02-19;-0.0071213860387082;-0.7121386038708201;3.9151398107957824
13366;13366;2003-02-20;-0.0095469585985625;-0.9546958598562499;3.90559285219722
13367;13367;2003-02-21;0.0131375583594977;1.3137558359497699;3.9187304105567176
13368;13368;2003-02-24;-0.0185517336028793;-1.85517336028793;3.9001786769538382
13369;13369;2003-02-25;0.0071687347831899;0.71687347831899;3.907347411737028
13370;13370;2003-02-26;-0.0132285546494941;-1.32285546494941;3.894118857087534
13371;13371;2003-02-27;0.0116890633739466;1.16890633739466;3.9058079204614806
13372;13372;2003-02-28;0.0046114544376738;0.46114544376738;3.9104193748991545
13373;13373;2003-03-03;-0.0075658800448854;-0.75658800448854;3.902853494854269
13374;13374;2003-03-04;-0.0154759342861892;-1.54759342861892;3.88737756056808
13375;13375;2003-03-05;0.0095167152793775;0.95167152793775;3.8968942758474574
13376;13376;2003-03-06;-0.00938291968128;-0.938291968128;3.8875113561661774
13377;13377;2003-03-07;0.0082254614751944;0.8225461475194399;3.895736817641372
13378;13378;2003-03-10;-0.0261692122199415;-2.61692122199415;3.8695676054214303
13379;13379;2003-03-11;-0.0083944756041241;-0.83944756041241;3.861173129817306
13380;13380;2003-03-12;0.004311775539417;0.4311775539417;3.8654849053567233
13381;13381;2003-03-13;0.0338767079843585;3.3876707984358503;3.899361613341082
13382;13382;2003-03-14;0.0016454731623971;0.16454731623971;3.901007086503479
13383;13383;2003-03-17;0.0348135554757674;3.48135554757674;3.9358206419792463
13384;13384;2003-03-18;0.0042331191582434;0.42331191582433997;3.9400537611374897
13385;13385;2003-03-19;0.0086988636358116;0.8698863635811601;3.9487526247733014
13386;13386;2003-03-20;0.0018860066483217;0.18860066483217;3.950638631421623
13387;13387;2003-03-21;0.0227166977254862;2.27166977254862;3.9733553291471093
13388;13388;2003-03-24;-0.0358670720056375;-3.5867072005637497;3.9374882571414718
13389;13389;2003-03-25;0.0120877739729641;1.20877739729641;3.949576031114436
13390;13390;2003-03-26;-0.0054909353861951;-0.54909353861951;3.9440850957282407
13391;13391;2003-03-27;-0.0016451158733712;-0.16451158733711999;3.9424399798548695
13392;13392;2003-03-28;-0.0057967390665174;-0.57967390665174;3.936643240788352
13393;13393;2003-03-31;-0.0179010284216989;-1.7901028421698901;3.918742212366653
13394;13394;2003-04-01;0.0120704911568472;1.2070491156847198;3.9308127035235003
13395;13395;2003-04-02;0.0257807790387314;2.57807790387314;3.9565934825622318
13396;13396;2003-04-03;-0.0050644680004605;-0.5064468000460499;3.951529014561771
13397;13397;2003-04-04;0.0027345359903403;0.27345359903403;3.9542635505521115
13398;13398;2003-04-07;0.0012281435481282;0.12281435481282;3.95549169410024
13399;13399;2003-04-08;-0.0018655407203738;-0.18655407203738;3.953626153379866
13400;13400;2003-04-09;-0.0141034605740709;-1.41034605740709;3.939522692805795
13401;13401;2003-04-10;0.0064343264021804;0.64343264021804;3.9459570192079756
13402;13402;2003-04-11;-0.0037704127598656;-0.37704127598656;3.94218660644811
13403;13403;2003-04-14;0.0193102124093114;1.93102124093114;3.9614968188574213
13404;13404;2003-04-15;0.0062836832836445;0.62836832836445;3.967780502141066
13405;13405;2003-04-16;-0.0123115601096364;-1.23115601096364;3.9554689420314295
13406;13406;2003-04-17;0.015416286320618;1.5416286320618;3.9708852283520475
13407;13407;2003-04-21;-0.0017585306602905;-0.17585306602905;3.969126697691757
13408;13408;2003-04-22;0.0214716019192789;2.14716019192789;3.990598299611036
13409;13409;2003-04-23;0.0083589502574126;0.8358950257412601;3.9989572498684485
13410;13410;2003-04-24;-0.0082931196666553;-0.82931196666553;3.990664130201793
13411;13411;2003-04-25;-0.0139431230303515;-1.39431230303515;3.9767210071714416
13412;13412;2003-04-28;0.0176775521406931;1.7677552140693098;3.9943985593121347
13413;13413;2003-04-29;0.0032738967972632;0.32738967972632;3.997672456109398
13414;13414;2003-04-30;-0.001002904000634;-0.1002904000634;3.996669552108764
13415;13415;2003-05-01;-0.0006764000321251;-0.06764000321251;3.9959931520766387
13416;13416;2003-05-02;0.0149268133560181;1.4926813356018098;4.010919965432657
13417;13417;2003-05-05;-0.003802624372291;-0.38026243722909997;4.007117341060366
13418;13418;2003-05-06;0.0084259281564076;0.8425928156407599;4.015543269216773
13419;13419;2003-05-07;-0.0051180308975373;-0.51180308975373;4.010425238319236
13420;13420;2003-05-08;-0.0101087681372301;-1.01087681372301;4.000316470182006
13421;13421;2003-05-09;0.0141773910722058;1.41773910722058;4.014493861254212
13422;13422;2003-05-12;0.0124567889121829;1.2456788912182901;4.026950650166395
13423;13423;2003-05-13;-0.0029776244868626;-0.29776244868626;4.023973025679532
13424;13424;2003-05-14;-0.003210027281244;-0.3210027281244;4.020762998398288
13425;13425;2003-05-15;0.0078368904533512;0.78368904533512;4.028599888851639
13426;13426;2003-05-16;-0.0025066460888227;-0.25066460888227;4.026093242762816
13427;13427;2003-05-19;-0.0252336013282255;-2.52336013282255;4.000859641434591
13428;13428;2003-05-20;-0.0011301712694402;-0.11301712694402001;3.9997294701651507
13429;13429;2003-05-21;0.0040040235509639;0.40040235509639;4.003733493716115
13430;13430;2003-05-22;0.0091091640980653;0.91091640980653;4.01284265781418
13431;13431;2003-05-23;0.0014476258629478;0.14476258629478;4.014290283677128
13432;13432;2003-05-27;0.0193777055769138;1.93777055769138;4.033667989254042
13433;13433;2003-05-28;0.0018270504843664;0.18270504843664;4.035495039738408
13434;13434;2003-05-29;-0.0037627153338624;-0.37627153338624003;4.031732324404546
13435;13435;2003-05-30;0.0145829397540522;1.45829397540522;4.046315264158598
13436;13436;2003-06-02;0.0035325744963152;0.35325744963152;4.049847838654913
13437;13437;2003-06-03;0.004704529563269;0.4704529563269;4.054552368218182
13438;13438;2003-06-04;0.0149966975356133;1.49966975356133;4.069549065753796
13439;13439;2003-06-05;0.0039466398692091;0.39466398692091;4.073495705623005
13440;13440;2003-06-06;-0.0024065990379806;-0.24065990379806002;4.071089106585024
13441;13441;2003-06-09;-0.0120489080265296;-1.2048908026529601;4.0590401985584945
13442;13442;2003-06-10;0.0090883634883658;0.9088363488365799;4.06812856204686
13443;13443;2003-06-11;0.01275285954193;1.275285954193;4.08088142158879
13444;13444;2003-06-12;0.0010320994560046;0.10320994560046;4.081913521044795
13445;13445;2003-06-13;-0.0099642768797085;-0.99642768797085;4.071949244165086
13446;13446;2003-06-16;0.022138103971395;2.2138103971395;4.0940873481364815
13447;13447;2003-06-17;0.0009097933942729;0.09097933942729;4.0949971415307544
13448;13448;2003-06-18;-0.0015530568226109;-0.15530568226108998;4.0934440847081435
13449;13449;2003-06-19;-0.0153535452842171;-1.5353545284217098;4.078090539423926
13450;13450;2003-06-20;0.0009947699442571;0.09947699442571;4.079085309368184
13451;13451;2003-06-23;-0.0142113085233113;-1.42113085233113;4.064874000844872
13452;13452;2003-06-24;0.0018421522545901;0.18421522545901;4.066716153099462
13453;13453;2003-06-25;-0.0083011804421806;-0.8301180442180599;4.058414972657282
13454;13454;2003-06-26;0.0107081598013927;1.07081598013927;4.0691231324586745
13455;13455;2003-06-27;-0.0097858481152961;-0.9785848115296101;4.059337284343378
13456;13456;2003-06-30;-0.001763422194144;-0.1763422194144;4.057573862149234
13457;13457;2003-07-01;0.0079926090306292;0.79926090306292;4.065566471179864
13458;13458;2003-07-02;0.0115685379902972;1.15685379902972;4.077135009170161
13459;13459;2003-07-03;-0.0081336051230591;-0.81336051230591;4.069001404047102
13460;13460;2003-07-07;0.0188134617000113;1.8813461700011298;4.087814865747113
13461;13461;2003-07-08;0.0033992101180908;0.33992101180907996;4.091214075865204
13462;13462;2003-07-09;-0.0056018701879603;-0.5601870187960301;4.0856122056772435
13463;13463;2003-07-10;-0.0135719014353874;-1.3571901435387401;4.072040304241856
13464;13464;2003-07-11;0.0095026010219028;0.95026010219028;4.081542905263759
13465;13465;2003-07-14;0.0057142712931641;0.5714271293164099;4.087257176556923
13466;13466;2003-07-15;-0.0034326595413416;-0.34326595413416;4.083824517015581
13467;13467;2003-07-16;-0.0063474008361064;-0.6347400836106399;4.077477116179475
13468;13468;2003-07-17;-0.0125114718845225;-1.25114718845225;4.064965644294952
13469;13469;2003-07-18;0.0117365738762025;1.17365738762025;4.076702218171155
13470;13470;2003-07-21;-0.0147255556609291;-1.47255556609291;4.061976662510226
13471;13471;2003-07-22;0.0094666930937572;0.94666930937572;4.071443355603983
13472;13472;2003-07-23;0.0005058885611033;0.050588856110330004;4.071949244165086
13473;13473;2003-07-24;-0.0071160320166434;-0.71160320166434;4.064833212148443
13474;13474;2003-07-25;0.0172505310586448;1.72505310586448;4.082083743207088
13475;13475;2003-07-28;-0.0021651702383209;-0.21651702383209;4.079918572968767
13476;13476;2003-07-29;-0.0072917946426409;-0.72917946426409;4.072626778326126
13477;13477;2003-07-30;-0.0018110751094671;-0.18110751094671;4.070815703216659
13478;13478;2003-07-31;0.0028516633917794;0.28516633917794;4.073667366608438
13479;13479;2003-08-01;-0.0103123777443379;-1.03123777443379;4.0633549888641
13480;13480;2003-08-04;0.0027203519201961;0.27203519201961;4.066075340784296
13481;13481;2003-08-05;-0.0178213030964987;-1.7821303096498702;4.048254037687798
13482;13482;2003-08-06;0.0016765452169318;0.16765452169318;4.04993058290473
13483;13483;2003-08-07;0.0072532545031061;0.72532545031061;4.057183837407836
13484;13484;2003-08-08;0.003555892645167;0.3555892645167;4.060739730053003
13485;13485;2003-08-11;0.0030640720101358;0.30640720101358;4.063803802063139
13486;13486;2003-08-12;0.0099039329078962;0.99039329078962;4.073707734971035
13487;13487;2003-08-13;-0.0064019779063819;-0.6401977906381899;4.067305757064653
13488;13488;2003-08-14;0.0065635582315737;0.65635582315737;4.073869315296227
13489;13489;2003-08-15;0.0001614926467183;0.01614926467183;4.074030807942945
13490;13490;2003-08-18;0.0091137704323509;0.9113770432350901;4.083144578375296
13491;13491;2003-08-19;0.0026072629330755;0.26072629330755;4.0857518413083715
13492;13492;2003-08-20;-0.0020472761120187;-0.20472761120187;4.083704565196353
13493;13493;2003-08-21;0.0029647420989675;0.29647420989675;4.08666930729532
13494;13494;2003-08-22;-0.0102288809271744;-1.02288809271744;4.076440426368146
13495;13495;2003-08-25;0.0006543525588273;0.06543525588273001;4.077094778926973
13496;13496;2003-08-26;0.0030344650572473;0.30344650572473;4.080129243984221
13497;13497;2003-08-27;6.01930266883599e-05;0.00601930266883599;4.080189437010909
13498;13498;2003-08-28;0.0060511869155917;0.60511869155917;4.086240623926501
13499;13499;2003-08-29;0.0051420984126799;0.51420984126799;4.091382722339181
13500;13500;2003-09-02;0.0137735970575736;1.37735970575736;4.105156319396754
13501;13501;2003-09-03;0.0041791922984;0.41791922984;4.109335511695154
13502;13502;2003-09-04;0.001655066005429;0.1655066005429;4.1109905777005835
13503;13503;2003-09-05;-0.0064214961311286;-0.64214961311286;4.104569081569455
13504;13504;2003-09-08;0.0099853241464726;0.99853241464726;4.114554405715928
13505;13505;2003-09-09;-0.0082441490756179;-0.82441490756179;4.10631025664031
13506;13506;2003-09-10;-0.0120448439401732;-1.20448439401732;4.094265412700136
13507;13507;2003-09-11;0.005425842320931;0.5425842320931;4.099691255021067
13508;13508;2003-09-12;0.0021719592951816;0.21719592951816;4.101863214316249
13509;13509;2003-09-15;-0.0037571912504121;-0.37571912504120997;4.098106023065837
13510;13510;2003-09-16;0.0141969366987471;1.41969366987471;4.112302959764584
13511;13511;2003-09-17;-0.0032598592917558;-0.32598592917558;4.109043100472828
13512;13512;2003-09-18;0.0131782648177579;1.31782648177579;4.122221365290586
13513;13513;2003-09-19;-0.0031600186151914;-0.31600186151914;4.1190613466753945
13514;13514;2003-09-22;-0.013093199239063;-1.3093199239063;4.105968147436331
13515;13515;2003-09-23;0.0060531138751827;0.6053113875182701;4.112021261311514
13516;13516;2003-09-24;-0.0192803531972352;-1.92803531972352;4.092740908114279
13517;13517;2003-09-25;-0.0060716008189585;-0.60716008189585;4.08666930729532
13518;13518;2003-09-26;-0.0064196808807048;-0.64196808807048;4.0802496264146155
13519;13519;2003-09-29;0.0097134589552583;0.9713458955258301;4.089963085369874
13520;13520;2003-09-30;-0.010596634636558;-1.0596634636558;4.079366450733316
13521;13521;2003-10-01;0.0220941477689358;2.20941477689358;4.101460598502252
13522;13522;2003-10-02;0.001981907616396;0.1981907616396;4.103442506118648
13523;13523;2003-10-03;0.0093752533290931;0.9375253329093101;4.112817759447741
13524;13524;2003-10-06;0.004360049639958;0.4360049639958;4.117177809087699
13525;13525;2003-10-07;0.0047261122466668;0.47261122466668;4.121903921334366
13526;13526;2003-10-08;-0.0052772836073167;-0.5277283607316701;4.116626637727049
13527;13527;2003-10-09;0.0047767782936363;0.47767782936363;4.121403416020685
13528;13528;2003-10-10;-0.0006451504587907;-0.06451504587907;4.120758265561895
13529;13529;2003-10-13;0.0069980912335436;0.69980912335436;4.127756356795438
13530;13530;2003-10-14;0.0039430497345671;0.39430497345671006;4.1316994065300054
13531;13531;2003-10-15;-0.0025950955419711;-0.25950955419710997;4.129104310988034
13532;13532;2003-10-16;0.0031570883845528;0.31570883845527997;4.132261399372587
13533;13533;2003-10-17;-0.0102901759970644;-1.02901759970644;4.121971223375523
13534;13534;2003-10-20;0.0051440689248352;0.51440689248352;4.127115292300358
13535;13535;2003-10-21;0.0012914035270528;0.12914035270528001;4.128406695827411
13536;13536;2003-10-22;-0.0150938324630081;-1.50938324630081;4.113312863364403
13537;13537;2003-10-23;0.0033040923721134;0.33040923721134;4.116616955736516
13538;13538;2003-10-24;-0.0047123110381805;-0.47123110381805;4.111904644698336
13539;13539;2003-10-27;0.0021552705940868;0.21552705940868;4.114059915292422
13540;13540;2003-10-28;0.0150730828531191;1.50730828531191;4.129132998145542
13541;13541;2003-10-29;0.0012601519495429;0.12601519495429;4.130393150095085
13542;13542;2003-10-30;-0.0011169606099832;-0.11169606099832;4.129276189485101
13543;13543;2003-10-31;0.0035945217127446;0.35945217127446;4.132870711197846
13544;13544;2003-11-03;0.0078778820534957;0.7877882053495701;4.140748593251342
13545;13545;2003-11-04;-0.0054633491905971;-0.54633491905971;4.135285244060745
13546;13546;2003-11-05;-0.0013680761443648;-0.13680761443648;4.13391716791638
13547;13547;2003-11-06;0.0059150918776298;0.59150918776298;4.13983225979401
13548;13548;2003-11-07;-0.004585031172196;-0.4585031172196;4.135247228621814
13549;13549;2003-11-10;-0.0058086323112949;-0.58086323112949;4.129438596310519
13550;13550;2003-11-11;-0.000515875424873;-0.0515875424873;4.128922720885646
13551;13551;2003-11-12;0.0113630818791366;1.1363081879136598;4.140285802764782
13552;13552;2003-11-13;-0.0001133664596606;-0.01133664596606;4.1401724363051216
13553;13553;2003-11-14;-0.00764439501134;-0.764439501134;4.1325280412937815
13554;13554;2003-11-17;-0.0064183938055713;-0.6418393805571301;4.12610964748821
13555;13555;2003-11-18;-0.0091251688337941;-0.91251688337941;4.116984478654416
13556;13556;2003-11-19;0.0079842060090493;0.7984206009049301;4.1249686846634654
13557;13557;2003-11-20;-0.0084678117718288;-0.8467811771828799;4.116500872891637
13558;13558;2003-11-21;0.0015756988351425;0.15756988351425;4.118076571726779
13559;13559;2003-11-24;0.0160971656866336;1.60971656866336;4.134173737413413
13560;13560;2003-11-25;0.0017189793497873;0.17189793497873002;4.1358927167632
13561;13561;2003-11-26;0.0043174329478974;0.43174329478974;4.1402101497110975
13562;13562;2003-11-28;-0.000236222344494;-0.0236222344494;4.139973927366603
13563;13563;2003-12-01;0.011201481863016;1.1201481863016;4.151175409229619
13564;13564;2003-12-02;-0.0032760215530567;-0.32760215530567;4.147899387676563
13565;13565;2003-12-03;-0.0017735383841968;-0.17735383841968;4.146125849292366
13566;13566;2003-12-04;0.004675677767544;0.46756777675440003;4.15080152705991
13567;13567;2003-12-05;-0.0077139027149799;-0.77139027149799;4.14308762434493
13568;13568;2003-12-08;0.0073212724436704;0.73212724436704;4.1504088967886
13569;13569;2003-12-09;-0.0085655186416788;-0.85655186416788;4.1418433781469215
13570;13570;2003-12-10;-0.0010664298374143;-0.10664298374143;4.140776948309507
13571;13571;2003-12-11;0.0114164881429426;1.14164881429426;4.15219343645245
13572;13572;2003-12-12;0.0027315411048229;0.27315411048229;4.154924977557273
13573;13573;2003-12-15;-0.0056951258378603;-0.56951258378603;4.149229851719412
13574;13574;2003-12-16;0.0066163596156574;0.66163596156574;4.15584621133507
13575;13575;2003-12-17;0.0012548511919501;0.12548511919501001;4.15710106252702
13576;13576;2003-12-18;0.0117287287835746;1.17287287835746;4.1688297913105945
13577;13577;2003-12-19;-0.0004775557330845;-0.047755573308450004;4.16835223557751
13578;13578;2003-12-22;0.0039236455260418;0.39236455260418;4.172275881103552
13579;13579;2003-12-23;0.0028141958625562;0.28141958625561997;4.175090076966108
13580;13580;2003-12-24;-0.0018081527319866;-0.18081527319866;4.1732819242341215
13581;13581;2003-12-26;0.0016895301625599;0.16895301625599002;4.174971454396681
13582;13582;2003-12-29;0.0123245868507507;1.2324586850750698;4.187296041247432
13583;13583;2003-12-30;0.0001442328496317;0.01442328496317;4.187440274097064
13584;13584;2003-12-31;0.0020526384522492;0.20526384522492003;4.189492912549313
13585;13585;2004-01-02;-0.0030986008964584;-0.30986008964584;4.186394311652855
13586;13586;2004-01-05;0.0123191510002796;1.23191510002796;4.198713462653134
13587;13587;2004-01-06;0.001291312746229;0.1291312746229;4.200004775399363
13588;13588;2004-01-07;0.0023643673236684;0.23643673236683999;4.202369142723032
13589;13589;2004-01-08;0.0049508242382883;0.49508242382883;4.20731996696132
13590;13590;2004-01-09;-0.008927336016633;-0.8927336016633;4.198392630944687
13591;13591;2004-01-12;0.0047752693649298;0.47752693649298006;4.203167900309617
13592;13592;2004-01-13;-0.0053459258104622;-0.53459258104622;4.1978219744991545
13593;13593;2004-01-14;0.0082603692420146;0.8260369242014599;4.206082343741169
13594;13594;2004-01-15;0.0013524701437432;0.13524701437432;4.2074348138849125
13595;13595;2004-01-16;0.0068488981760701;0.6848898176070101;4.214283712060983
13596;13596;2004-01-20;-0.0009303397591633;-0.09303397591633;4.213353372301819
13597;13597;2004-01-21;0.0077414781734548;0.77414781734548;4.221094850475274
13598;13598;2004-01-22;-0.0032118358379129;-0.32118358379129003;4.217883014637361
13599;13599;2004-01-23;-0.0020913614861859;-0.20913614861859;4.215791653151175
13600;13600;2004-01-26;0.0120336036991393;1.2033603699139301;4.2278252568503145
13601;13601;2004-01-27;-0.0098459935400434;-0.98459935400434;4.217979263310271
13602;13602;2004-01-28;-0.0137030643717377;-1.37030643717377;4.204276198938533
13603;13603;2004-01-29;0.0049766123838548;0.49766123838548004;4.209252811322388
13604;13604;2004-01-30;-0.0026310516609413;-0.26310516609413;4.206621759661447
13605;13605;2004-02-02;0.0036445709204517;0.36445709204516996;4.210266330581899
13606;13606;2004-02-03;0.0006780455303188;0.06780455303188;4.210944376112217
13607;13607;2004-02-04;-0.0084065013364744;-0.8406501336474401;4.202537874775743
13608;13608;2004-02-05;0.0018357832603976;0.18357832603976001;4.204373658036141
13609;13609;2004-02-06;0.012477361910177;1.2477361910177;4.216851019946318
13610;13610;2004-02-09;-0.002584764150245;-0.2584764150245;4.214266255796073
13611;13611;2004-02-10;0.0050145419837486;0.5014541983748599;4.219280797779821
13612;13612;2004-02-11;0.0106109368260423;1.06109368260423;4.2298917346058635
13613;13613;2004-02-12;-0.0048920816153952;-0.48920816153951996;4.224999652990468
13614;13614;2004-02-13;-0.005483168833881;-0.5483168833881;4.219516484156587
13615;13615;2004-02-17;0.0097099345158886;0.9709934515888601;4.229226418672476
13616;13616;2004-02-18;-0.00447854330565;-0.447854330565;4.224747875366826
13617;13617;2004-02-19;-0.0041410545932416;-0.41410545932416;4.220606820773584
13618;13618;2004-02-20;-0.0025751695191802;-0.25751695191802;4.218031651254404
13619;13619;2004-02-23;-0.002730731235327;-0.2730731235327;4.215300920019077
13620;13620;2004-02-24;-0.0016666296590184;-0.16666296590184;4.2136342903600585
13621;13621;2004-02-25;0.0040127601024453;0.40127601024453;4.217647050462504
13622;13622;2004-02-26;0.0010836327146766;0.10836327146765999;4.2187306831771805
13623;13623;2004-02-27;2.61213619481282e-05;0.00261213619481282;4.218756804539129
13624;13624;2004-03-01;0.0095876109138153;0.95876109138153;4.228344415452944
13625;13625;2004-03-02;-0.0059607868736479;-0.59607868736479;4.222383628579296
13626;13626;2004-03-03;0.0016782124912833;0.16782124912833;4.224061841070579
13627;13627;2004-03-04;0.0033305603101982;0.33305603101981995;4.2273924013807775
13628;13628;2004-03-05;0.0017216461340687;0.17216461340687;4.229114047514846
13629;13629;2004-03-08;-0.0083852771805643;-0.83852771805643;4.220728770334282
13630;13630;2004-03-09;-0.0057872817717186;-0.57872817717186;4.214941488562563
13631;13631;2004-03-10;-0.0147409711185587;-1.47409711185587;4.200200517444005
13632;13632;2004-03-11;-0.0153409704027805;-1.53409704027805;4.184859547041224
13633;13633;2004-03-12;0.012382511370979;1.2382511370979;4.197242058412203
13634;13634;2004-03-15;-0.0144537553158806;-1.44537553158806;4.182788303096323
13635;13635;2004-03-16;0.0056067221620468;0.56067221620468;4.1883950252583695
13636;13636;2004-03-17;0.0116809037290793;1.16809037290793;4.200075928987449
13637;13637;2004-03-18;-0.0012733834899334;-0.12733834899333998;4.198802545497515
13638;13638;2004-03-19;-0.0112360997002678;-1.1236099700267799;4.1875664457972475
13639;13639;2004-03-22;-0.013042208336203;-1.3042208336203;4.1745242374610445
13640;13640;2004-03-23;-0.0013246609528838;-0.13246609528838;4.173199576508161
13641;13641;2004-03-24;-0.0023978587337598;-0.23978587337598;4.170801717774401
13642;13642;2004-03-25;0.01623287042956;1.6232870429559998;4.187034588203961
13643;13643;2004-03-26;-0.0010191742904979;-0.10191742904979;4.186015413913463
13644;13644;2004-03-29;0.0129207966536313;1.2920796653631301;4.198936210567094
13645;13645;2004-03-30;0.0040276466743014;0.40276466743013994;4.202963857241396
13646;13646;2004-03-31;-0.0007012564705917;-0.07012564705917;4.202262600770804
13647;13647;2004-04-01;0.0052782054604207;0.52782054604207;4.207540806231225
13648;13648;2004-04-02;0.0084785902357884;0.84785902357884;4.216019396467013
13649;13649;2004-04-05;0.0076426505375897;0.76426505375897;4.223662047004603
13650;13650;2004-04-06;-0.002096734200065;-0.2096734200065;4.221565312804538
13651;13651;2004-04-07;-0.0066675985451309;-0.66675985451309;4.214897714259407
13652;13652;2004-04-08;-0.0010615462656788;-0.10615462656788;4.213836167993728
13653;13653;2004-04-12;0.0051477056445641;0.51477056445641;4.218983873638292
13654;13654;2004-04-13;-0.0138573690277894;-1.3857369027789401;4.205126504610503
13655;13655;2004-04-14;-0.0011249924853009;-0.11249924853009;4.204001512125202
13656;13656;2004-04-15;0.0005936367288628;0.05936367288628;4.2045951488540645
13657;13657;2004-04-16;0.0050984396596085;0.50984396596085;4.209693588513673
13658;13658;2004-04-19;0.0010658431674324;0.10658431674324001;4.2107594316811054
13659;13659;2004-04-20;-0.0156792541427349;-1.56792541427349;4.195080177538371
13660;13660;2004-04-21;0.0052982338390474;0.52982338390474;4.200378411377418
13661;13661;2004-04-22;0.0139931151900266;1.3993115190026602;4.214371526567445
13662;13662;2004-04-23;0.0005875143150557;0.058751431505569995;4.2149590408825
13663;13663;2004-04-26;-0.0044548908662775;-0.44548908662775;4.210504150016223
13664;13664;2004-04-27;0.0022694508290079;0.22694508290079002;4.212773600845231
13665;13665;2004-04-28;-0.013890789123403;-1.3890789123403;4.198882811721828
13666;13666;2004-04-29;-0.0076197827096002;-0.76197827096002;4.1912630290122275
13667;13667;2004-04-30;-0.0059337428547632;-0.59337428547632;4.185329286157464
13668;13668;2004-05-03;0.0091604259973525;0.91604259973525;4.194489712154817
13669;13669;2004-05-04;0.0018417726517343;0.18417726517343;4.196331484806551
13670;13670;2004-05-05;0.0017669877436343;0.17669877436343;4.1980984725501855
13671;13671;2004-05-06;-0.0067456945390507;-0.67456945390507;4.191352778011135
13672;13672;2004-05-07;-0.0138205377008429;-1.38205377008429;4.177532240310292
13673;13673;2004-05-10;-0.0105956250957391;-1.05956250957391;4.166936615214553
13674;13674;2004-05-11;0.0076331999908179;0.76331999908179;4.174569815205371
13675;13675;2004-05-12;0.0016692236997917;0.16692236997916998;4.1762390389051625
13676;13676;2004-05-13;-0.0007659027155293;-0.07659027155293001;4.175473136189633
13677;13677;2004-05-14;-0.0006751302969378;-0.06751302969378;4.174798005892695
13678;13678;2004-05-17;-0.0106432561620098;-1.06432561620098;4.1641547497306854
13679;13679;2004-05-18;0.0067935985530986;0.6793598553098601;4.170948348283784
13680;13680;2004-05-19;-0.0025777232960839;-0.25777232960839;4.1683706249877
13681;13681;2004-05-20;0.0004682437523699;0.04682437523699;4.16883886874007
13682;13682;2004-05-21;0.0040042367098127;0.40042367098127;4.172843105449883
13683;13683;2004-05-24;0.001690270183559;0.1690270183559;4.174533375633442
13684;13684;2004-05-25;0.015975285487694;1.5975285487693998;4.190508661121136
13685;13685;2004-05-26;0.0016964999499631;0.16964999499630998;4.192205161071099
13686;13686;2004-05-27;0.0056703768617358;0.5670376861735801;4.197875537932835
13687;13687;2004-05-28;-0.0005352236365601;-0.05352236365601;4.197340314296275
13688;13688;2004-06-01;0.0004638044928011;0.04638044928011;4.197804118789076
13689;13689;2004-06-02;0.0033746412337007;0.33746412337007003;4.201178760022777
13690;13690;2004-06-03;-0.0074499481191594;-0.74499481191594;4.193728811903617
13691;13691;2004-06-04;0.0052341509144113;0.52341509144113;4.198962962818029
13692;13692;2004-06-07;0.0158383135566673;1.5838313556667298;4.214801276374696
13693;13693;2004-06-08;0.0015421101141042;0.15421101141042;4.2163433864888
13694;13694;2004-06-09;-0.0095448714336949;-0.9544871433694899;4.206798515055105
13695;13695;2004-06-10;0.0045330487407175;0.45330487407175;4.211331563795823
13696;13696;2004-06-14;-0.0098861267391559;-0.98861267391559;4.201445437056667
13697;13697;2004-06-15;0.0059540076251671;0.59540076251671;4.207399444681834
13698;13698;2004-06-16;0.0013683525070069;0.13683525070069;4.208767797188841
13699;13699;2004-06-17;-0.0013329833039286;-0.13329833039286;4.2074348138849125
13700;13700;2004-06-18;0.0026200978431685;0.26200978431685;4.210054911728081
13701;13701;2004-06-21;-0.0041671619784544;-0.41671619784544;4.2058877497496265
13702;13702;2004-06-22;0.0036295943952504;0.36295943952504;4.209517344144877
13703;13703;2004-06-23;0.0084706687443283;0.8470668744328299;4.217988012889205
13704;13704;2004-06-24;-0.0029850943080678;-0.29850943080678;4.2150029185811375
13705;13705;2004-06-25;-0.0054679266521739;-0.54679266521739;4.2095349919289635
13706;13706;2004-06-28;-0.0009525421931382;-0.09525421931382;4.208582449735825
13707;13707;2004-06-29;0.0025114904626093;0.25114904626093004;4.211093940198435
13708;13708;2004-06-30;0.0040754853595217;0.40754853595217;4.215169425557956
13709;13709;2004-07-01;-0.0104857162558556;-1.04857162558556;4.204683709302101
13710;13710;2004-07-02;-0.0031583262753107;-0.31583262753107;4.20152538302679
13711;13711;2004-07-06;-0.0081817774827044;-0.81817774827044;4.193343605544086
13712;13712;2004-07-07;0.0018974784204521;0.18974784204521;4.195241083964538
13713;13713;2004-07-08;-0.0082785833976881;-0.8278583397688101;4.18696250056685
13714;13714;2004-07-09;0.0033305225633206;0.33305225633206;4.19029302313017
13715;13715;2004-07-12;0.0013828528001544;0.13828528001544;4.191675875930325
13716;13716;2004-07-13;0.0007087172727908;0.07087172727908;4.192384593203116
13717;13717;2004-07-14;-0.0032965336063757;-0.32965336063757;4.18908805959674
13718;13718;2004-07-15;-0.0043099123497487;-0.43099123497487;4.184778147246991
13719;13719;2004-07-16;-0.0048004929926044;-0.48004929926044;4.179977654254387
13720;13720;2004-07-19;-0.0004449831760648;-0.04449831760648;4.179532671078322
13721;13721;2004-07-20;0.0070330895052848;0.7033089505284801;4.186565760583607
13722;13722;2004-07-21;-0.0134301250593714;-1.34301250593714;4.173135635524235
13723;13723;2004-07-22;0.0027022739924671;0.27022739924671;4.175837909516702
13724;13724;2004-07-23;-0.0097479658257366;-0.97479658257366;4.166089943690966
13725;13725;2004-07-26;-0.0019628947411982;-0.19628947411981998;4.1641270489497675
13726;13726;2004-07-27;0.0098766331193056;0.9876633119305599;4.174003682069073
13727;13727;2004-07-28;0.0005388316532606;0.05388316532606;4.174542513722334
13728;13728;2004-07-29;0.0045631700433288;0.45631700433287997;4.179105683765663
13729;13729;2004-07-30;0.0011715070570872;0.11715070570872;4.18027719082275
13730;13730;2004-08-02;0.0044377515392088;0.44377515392088;4.184714942361959
13731;13731;2004-08-03;-0.0062820519253872;-0.62820519253872;4.1784328904365715
13732;13732;2004-08-04;-0.0009643146659019;-0.09643146659019;4.1774685757706695
13733;13733;2004-08-05;-0.0164550196009143;-1.6455019600914298;4.161013556169755
13734;13734;2004-08-06;-0.0156017662091763;-1.56017662091763;4.145411789960579
13735;13735;2004-08-09;0.0011741555968782;0.11741555968782;4.146585945557457
13736;13736;2004-08-10;0.012890469720781;1.2890469720781002;4.159476415278238
13737;13737;2004-08-11;-0.0030164814363198;-0.30164814363198;4.156459933841918
13738;13738;2004-08-12;-0.0117438857456644;-1.1743885745664402;4.144716048096254
13739;13739;2004-08-13;0.0014756082042977;0.14756082042977;4.146191656300552
13740;13740;2004-08-16;0.0135626776029847;1.35626776029847;4.159754333903536
13741;13741;2004-08-17;0.0021933745449738;0.21933745449738;4.16194770844851
13742;13742;2004-08-18;0.0123665562714619;1.2366556271461902;4.174314264719972
13743;13743;2004-08-19;-0.0036041604663923;-0.36041604663923;4.17071010425358
13744;13744;2004-08-20;0.0065035497572756;0.65035497572756;4.177213654010855
13745;13745;2004-08-23;-0.0024338074515073;-0.24338074515073;4.174779846559348
13746;13746;2004-08-24;0.0004652529669746;0.04652529669746;4.175245099526323
13747;13747;2004-08-25;0.0079686225815276;0.79686225815276;4.18321372210785
13748;13748;2004-08-26;0.0001176489259924;0.01176489259924;4.183331371033843
13749;13749;2004-08-27;0.0024222547538927;0.24222547538927;4.1857536257877355
13750;13750;2004-08-30;-0.0078118279449359;-0.78118279449359;4.1779417978427995
13751;13751;2004-08-31;0.0046201308181403;0.46201308181403006;4.18256192866094
13752;13752;2004-09-01;0.0015112497339204;0.15112497339204;4.18407317839486
13753;13753;2004-09-02;0.0111501137034251;1.1150113703425102;4.1952232920982855
13754;13754;2004-09-03;-0.0041937155343836;-0.41937155343835997;4.191029576563902
13755;13755;2004-09-07;0.006863815803829;0.6863815803829001;4.197893392367731
13756;13756;2004-09-08;-0.0044959820858423;-0.44959820858423;4.1933974102818885
13757;13757;2004-09-09;0.0018884260205753;0.18884260205753;4.195285836302464
13758;13758;2004-09-10;0.0049413995912441;0.49413995912440994;4.200227235893708
13759;13759;2004-09-13;0.0016889973597846;0.16889973597846;4.201916233253493
13760;13760;2004-09-14;0.0022270134165944;0.22270134165944;4.204143246670087
13761;13761;2004-09-15;-0.0070796410551885;-0.70796410551885;4.197063605614899
13762;13762;2004-09-16;0.0027898292121042;0.27898292121042;4.199853434827003
13763;13763;2004-09-17;0.0044848536709265;0.44848536709264997;4.2043382884979295
13764;13764;2004-09-20;-0.0056426656436707;-0.56426656436707;4.198695622854259
13765;13765;2004-09-21;0.0063070144666941;0.63070144666941;4.205002637320953
13766;13766;2004-09-22;-0.0140358717413074;-1.40358717413074;4.190966765579645
13767;13767;2004-09-23;-0.0046807116287555;-0.46807116287554995;4.18628605395089
13768;13768;2004-09-24;0.0015776642340421;0.15776642340421002;4.187863718184932
13769;13769;2004-09-27;-0.00595400717651;-0.595400717651;4.181909711008422
13770;13770;2004-09-28;0.0059090322430419;0.59090322430419;4.187818743251464
13771;13771;2004-09-29;0.0042609395120196;0.42609395120196003;4.192079682763484
13772;13772;2004-09-30;-0.0001974477210895;-0.01974477210895;4.191882235042394
13773;13773;2004-10-01;0.0150665732328168;1.50665732328168;4.206948808275211
13774;13774;2004-10-04;0.0032382721224424;0.32382721224424;4.210187080397653
13775;13775;2004-10-05;-0.0006080796721663;-0.06080796721663;4.209579000725487
13776;13776;2004-10-06;0.0066505574760755;0.66505574760755;4.2162295582015625
13777;13777;2004-10-07;-0.0100322262042125;-1.00322262042125;4.20619733199735
13778;13778;2004-10-08;-0.0075551199461978;-0.7555119946197799;4.198642212051152
13779;13779;2004-10-11;0.0020030898517022;0.20030898517022;4.2006453019028545
13780;13780;2004-10-12;-0.0022705155901929;-0.22705155901929;4.1983747863126615
13781;13781;2004-10-13;-0.0073272335627923;-0.7327233562792299;4.191047552749869
13782;13782;2004-10-14;-0.0093462701921831;-0.9346270192183099;4.181701282557686
13783;13783;2004-10-15;0.0044403728613362;0.44403728613362;4.186141655419022
13784;13784;2004-10-18;0.0052380793830302;0.52380793830302;4.1913797348020525
13785;13785;2004-10-19;-0.0097328900011026;-0.97328900011026;4.18164684480095
13786;13786;2004-10-20;0.0003897375969934;0.03897375969934;4.182036582397943
13787;13787;2004-10-21;0.0025608737107054;0.25608737107053997;4.184597456108649
13788;13788;2004-10-22;-0.0097629089452979;-0.97629089452979;4.174834547163351
13789;13789;2004-10-25;-0.0008581820381756;-0.08581820381756;4.173976365125175
13790;13790;2004-10-26;0.0147697419353232;1.47697419353232;4.188746107060498
13791;13791;2004-10-27;0.0127970644660502;1.27970644660502;4.2015431715265485
13792;13792;2004-10-28;0.0018109742273804;0.18109742273804;4.203354145753929
13793;13793;2004-10-29;0.0024450412882739;0.24450412882739003;4.205799187042203
13794;13794;2004-11-01;0.0002743023274041;0.02743023274041;4.206073489369607
13795;13795;2004-11-02;4.42701893179631e-05;0.00442701893179631;4.206117759558925
13796;13796;2004-11-03;0.0111181673962095;1.11181673962095;4.2172359269551345
13797;13797;2004-11-04;0.0160273580858457;1.60273580858457;4.23326328504098
13798;13798;2004-11-05;0.0038662497726145;0.38662497726145;4.237129534813595
13799;13799;2004-11-08;-0.0010982377941868;-0.10982377941868;4.236031297019408
13800;13800;2004-11-09;-0.0006956371638553;-0.06956371638553001;4.2353356598555525
13801;13801;2004-11-10;-0.0010055239632329;-0.10055239632329001;4.2343301358923195
13802;13802;2004-11-11;0.0090481623781597;0.90481623781597;4.243378298270479
13803;13803;2004-11-12;0.0090684683062214;0.90684683062214;4.252446766576701
13804;13804;2004-11-15;-0.000304043942191;-0.0304043942191;4.25214272263451
13805;13805;2004-11-16;-0.0071040164132831;-0.71040164132831;4.2450387062212265
13806;13806;2004-11-17;0.0055230223187789;0.55230223187789;4.2505617285400055
13807;13807;2004-11-18;0.0013613316948824;0.13613316948824;4.251923060234888
13808;13808;2004-11-19;-0.0112241622177605;-1.12241622177605;4.240698898017127
13809;13809;2004-11-22;0.0058784314051552;0.58784314051552;4.246577329422283
13810;13810;2004-11-23;-0.000254907450083;-0.0254907450083;4.2463224219722
13811;13811;2004-11-24;0.0040870613555732;0.40870613555732;4.250409483327773
13812;13812;2004-11-26;0.0007528423828668;0.07528423828668;4.25116232571064
13813;13813;2004-11-29;-0.0034559101757922;-0.34559101757922;4.247706415534847
13814;13814;2004-11-30;-0.0040384516799996;-0.40384516799996;4.243667963854848
13815;13815;2004-12-01;0.0148405595675127;1.48405595675127;4.2585085234223605
13816;13816;2004-12-02;-0.0008733585989038;-0.08733585989038;4.257635164823457
13817;13817;2004-12-03;0.0007055116815832;0.07055116815832;4.25834067650504
13818;13818;2004-12-06;-0.0007726852287923;-0.07726852287923;4.257567991276248
13819;13819;2004-12-07;-0.0111351152223982;-1.11351152223982;4.2464328760538494
13820;13820;2004-12-08;0.0048647594862769;0.48647594862768995;4.251297635540126
13821;13821;2004-12-09;0.005421425868878;0.5421425868877999;4.2567190614090045
13822;13822;2004-12-10;-0.0010432182847948;-0.10432182847948;4.25567584312421
13823;13823;2004-12-13;0.0089497754590217;0.8949775459021699;4.264625618583231
13824;13824;2004-12-14;0.0039132718436327;0.39132718436326996;4.268538890426864
13825;13825;2004-12-15;0.0019426065826877;0.19426065826877;4.270481497009552
13826;13826;2004-12-16;-0.0020839218899775;-0.20839218899775;4.268397575119574
13827;13827;2004-12-17;-0.0075164888367167;-0.75164888367167;4.260881086282858
13828;13828;2004-12-20;0.000376811444867;0.0376811444867;4.261257897727725
13829;13829;2004-12-21;0.0089996250204817;0.8999625020481701;4.2702575227482065
13830;13830;2004-12-22;0.0034119793398499;0.34119793398499;4.273669502088056
13831;13831;2004-12-23;0.0004629160816156;0.04629160816156;4.274132418169672
13832;13832;2004-12-27;-0.0043145847717616;-0.43145847717616;4.26981783339791
13833;13833;2004-12-28;0.0071285290696465;0.71285290696465;4.276946362467557
13834;13834;2004-12-29;-7.42384603258373e-05;-0.00742384603258373;4.276872124007231
13835;13835;2004-12-30;8.24870210607287e-05;0.00824870210607287;4.276954611028292
13836;13836;2004-12-31;-0.0013440736705785;-0.13440736705785;4.275610537357713
13837;13837;2005-01-03;-0.0081525621384654;-0.8152562138465399;4.267457975219248
13838;13838;2005-01-04;-0.0117400041945519;-1.17400041945519;4.255717971024696
13839;13839;2005-01-05;-0.0036344395359444;-0.36344395359444004;4.2520835314887515
13840;13840;2005-01-06;0.0034997273833381;0.34997273833381004;4.25558325887209
13841;13841;2005-01-07;-0.0014321963220327;-0.14321963220327;4.254151062550057
13842;13842;2005-01-10;0.0034169287261907;0.34169287261907;4.257567991276248
13843;13843;2005-01-11;-0.0061182456705024;-0.61182456705024;4.251449745605745
13844;13844;2005-01-12;0.0039734991198585;0.39734991198585;4.255423244725604
13845;13845;2005-01-13;-0.0086675809953504;-0.86675809953504;4.246755663730253
13846;13846;2005-01-14;0.0059866045736392;0.59866045736392;4.2527422683038925
13847;13847;2005-01-18;0.0096282701377683;0.96282701377683;4.262370538441661
13848;13848;2005-01-19;-0.0095354224929016;-0.95354224929016;4.252835115948759
13849;13849;2005-01-20;-0.0078134419366593;-0.78134419366593;4.2450216740121
13850;13850;2005-01-21;-0.0064354792679273;-0.64354792679273;4.2385861947441725
13851;13851;2005-01-24;-0.0035340229512765;-0.35340229512765;4.235052171792896
13852;13852;2005-01-25;0.0039963296978271;0.39963296978270996;4.239048501490723
13853;13853;2005-01-26;0.0048324195405209;0.48324195405209;4.243880921031244
13854;13854;2005-01-27;0.0004088383882532;0.04088383882532;4.244289759419497
13855;13855;2005-01-28;-0.0027196831251732;-0.27196831251732;4.241570076294324
13856;13856;2005-01-31;0.0084246937197773;0.8424693719777301;4.249994770014101
13857;13857;2005-02-01;0.0068672666107385;0.68672666107385;4.25686203662484
13858;13858;2005-02-02;0.003172928910299;0.3172928910299;4.260034965535139
13859;13859;2005-02-03;-0.0027694648690879;-0.27694648690879;4.257265500666051
13860;13860;2005-02-04;0.0109825199609679;1.09825199609679;4.268248020627019
13861;13861;2005-02-07;-0.0010895586897605;-0.10895586897605;4.2671584619372585
13862;13862;2005-02-08;0.0004825900004421;0.04825900004421;4.267641051937701
13863;13863;2005-02-09;-0.0086122587970534;-0.86122587970534;4.259028793140647
13864;13864;2005-02-10;0.0042026181570786;0.42026181570786003;4.263231411297726
13865;13865;2005-02-11;0.006901750151969;0.6901750151968999;4.270133161449695
13866;13866;2005-02-14;0.0006966509734258;0.06966509734258;4.270829812423121
13867;13867;2005-02-15;0.0032943338738107;0.32943338738107;4.2741241462969315
13868;13868;2005-02-16;0.0001817596689468;0.018175966894680002;4.274305905965878
13869;13869;2005-02-17;-0.0079549222193255;-0.79549222193255;4.266350983746553
13870;13870;2005-02-18;0.0006992898974473;0.06992898974473;4.267050273644
13871;13871;2005-02-22;-0.014611960280889;-1.4611960280889;4.252438313363111
13872;13872;2005-02-23;0.005591700128936;0.5591700128936;4.258030013492047
13873;13873;2005-02-24;0.0078627774384543;0.78627774384543;4.2658927909305016
13874;13874;2005-02-25;0.009263777648738;0.9263777648738;4.27515656857924
13875;13875;2005-02-28;-0.0064349005619099;-0.64349005619099;4.26872166801733
13876;13876;2005-03-01;0.0056421274456219;0.56421274456219;4.274363795462952
13877;13877;2005-03-02;-0.0002727365148462;-0.02727365148462;4.274091058948105
13878;13878;2005-03-03;0.0003222532194229;0.03222532194229;4.274413312167528
13879;13879;2005-03-04;0.0095783615257758;0.95783615257758;4.283991673693304
13880;13880;2005-03-07;0.0026068698481198;0.26068698481198;4.286598543541424
13881;13881;2005-03-08;-0.0048103406223276;-0.48103406223275996;4.281788202919096
13882;13882;2005-03-09;-0.0102373453651881;-1.02373453651881;4.271550857553908
13883;13883;2005-03-10;0.0018540973508036;0.18540973508036;4.273404954904712
13884;13884;2005-03-11;-0.0076121481466806;-0.76121481466806;4.265792806758031
13885;13885;2005-03-14;0.0056088660919444;0.56088660919444;4.271401672849976
13886;13886;2005-03-15;-0.0075522538851249;-0.75522538851249;4.263849418964851
13887;13887;2005-03-16;-0.008114700469453;-0.8114700469453;4.255734718495398
13888;13888;2005-03-17;0.0017996330636016;0.17996330636016;4.257534351558999
13889;13889;2005-03-18;-0.0004705629859413;-0.04705629859413;4.257063788573058
13890;13890;2005-03-21;-0.0049464335054709;-0.49464335054708997;4.252117355067587
13891;13891;2005-03-22;-0.0102485459051298;-1.02485459051298;4.241868809162457
13892;13892;2005-03-23;0.0006996451190577;0.06996451190577001;4.242568454281515
13893;13893;2005-03-24;-0.000947106421556;-0.0947106421556;4.241621347859959
13894;13894;2005-03-28;0.0024384928406675;0.24384928406675;4.2440598407006265
13895;13895;2005-03-29;-0.0076251792298744;-0.76251792298744;4.236434661470752
13896;13896;2005-03-30;0.0136786298809524;1.36786298809524;4.250113291351704
13897;13897;2005-03-31;-0.0006943844478835;-0.06943844478835;4.249418906903821
13898;13898;2005-04-01;-0.0065178810548403;-0.65178810548403;4.2429010258489805
13899;13899;2005-04-04;0.0027244771704602;0.27244771704602;4.245625503019441
13900;13900;2005-04-05;0.0044708431827924;0.44708431827923995;4.250096346202233
13901;13901;2005-04-06;0.0022658867119318;0.22658867119318;4.252362232914165
13902;13902;2005-04-07;0.005953233606232;0.5953233606232;4.258315466520397
13903;13903;2005-04-08;-0.0083800149322481;-0.83800149322481;4.249935451588149
13904;13904;2005-04-11;8.47439722395649e-06;0.000847439722395649;4.249943925985373
13905;13905;2005-04-12;0.0055298849471956;0.55298849471956;4.2554738109325685
13906;13906;2005-04-13;-0.0118313257562006;-1.1831325756200601;4.243642485176368
13907;13907;2005-04-14;-0.0100521340618682;-1.00521340618682;4.2335903511145
13908;13908;2005-04-15;-0.0168618622132328;-1.68618622132328;4.216728488901267
13909;13909;2005-04-18;0.0029362819634561;0.29362819634561;4.219664770864723
13910;13910;2005-04-19;0.0059162929651384;0.59162929651384;4.225581063829861
13911;13911;2005-04-20;-0.013343569803137;-1.3343569803136999;4.212237494026724
13912;13912;2005-04-21;0.0195439866548481;1.9543986654848098;4.231781480681573
13913;13913;2005-04-22;-0.0067731393222461;-0.67731393222461;4.2250083413593265
13914;13914;2005-04-25;0.0086249734188532;0.86249734188532;4.23363331477818
13915;13915;2005-04-26;-0.0088767488546928;-0.88767488546928;4.224756565923487
13916;13916;2005-04-27;0.0039424965409855;0.39424965409854995;4.2286990624644725
13917;13917;2005-04-28;-0.0114456234155993;-1.14456234155993;4.217253439048873
13918;13918;2005-04-29;0.0118519565604451;1.18519565604451;4.229105395609318
13919;13919;2005-05-02;0.0045795984127972;0.45795984127972;4.2336849940221155
13920;13920;2005-05-03;-0.0008522164536941;-0.08522164536941;4.232832777568421
13921;13921;2005-05-04;0.0123930511610517;1.23930511610517;4.245225828729473
13922;13922;2005-05-05;-0.0025721128891635;-0.25721128891635;4.2426537158403095
13923;13923;2005-05-06;-0.0010921843510756;-0.10921843510755999;4.241561531489234
13924;13924;2005-05-09;0.0063739659713375;0.63739659713375;4.247935497460571
13925;13925;2005-05-10;-0.0107631507675849;-1.07631507675849;4.2371723466929865
13926;13926;2005-05-11;0.0041842796923514;0.41842796923514003;4.241356626385338
13927;13927;2005-05-12;-0.0100838884151795;-1.0083888415179498;4.2312727379701585
13928;13928;2005-05-13;-0.0045905786236151;-0.45905786236151;4.226682159346543
13929;13929;2005-05-16;0.0100355985937641;1.0035598593764101;4.2367177579403075
13930;13930;2005-05-17;0.0069332551303054;0.69332551303054;4.243651013070613
13931;13931;2005-05-18;0.0099688956775603;0.99688956775603;4.253619908748173
13932;13932;2005-05-19;0.0046451350566529;0.46451350566529004;4.258265043804826
13933;13933;2005-05-20;-0.0015123152417224;-0.15123152417224;4.256752728563104
13934;13934;2005-05-23;0.0038436362207896;0.38436362207895997;4.260596364783893
13935;13935;2005-05-24;0.0001758518939904;0.01758518939904;4.260772216677884
13936;13936;2005-05-25;-0.0034058756413628;-0.34058756413628;4.257366341036521
13937;13937;2005-05-26;0.0063745310229252;0.6374531022925201;4.263740872059446
13938;13938;2005-05-27;0.0009681472867564;0.09681472867564;4.264709019346203
13939;13939;2005-05-31;-0.0060913796057864;-0.60913796057864;4.258617639740416
13940;13940;2005-06-01;0.008956805972871;0.8956805972871;4.267574445713287
13941;13941;2005-06-02;0.0017203905256746;0.17203905256746;4.269294836238962
13942;13942;2005-06-03;-0.0068908195364292;-0.68908195364292;4.262404016702533
13943;13943;2005-06-06;0.0012450148306388;0.12450148306388;4.263649031533172
13944;13944;2005-06-07;-0.0002087883168906;-0.02087883168906;4.263440243216281
13945;13945;2005-06-08;-0.0021655875830175;-0.21655875830174998;4.2612746556332635
13946;13946;2005-06-09;0.0052262681521693;0.52262681521693;4.266500923785433
13947;13947;2005-06-10;-0.0023509989438093;-0.23509989438092999;4.2641499248416235
13948;13948;2005-06-13;0.0022593091342315;0.22593091342315003;4.266409233975855
13949;13949;2005-06-14;0.0025700097112961;0.25700097112961;4.268979243687151
13950;13950;2005-06-15;0.0022152534156365;0.22152534156365;4.271194497102788
13951;13951;2005-06-16;0.0036235263472876;0.36235263472876;4.274818023450075
13952;13952;2005-06-17;0.0049425124443702;0.49425124443702;4.279760535894446
13953;13953;2005-06-20;-0.0007069164410919;-0.07069164410919;4.279053619453354
13954;13954;2005-06-21;-0.0020496206639153;-0.20496206639153003;4.277003998789438
13955;13955;2005-06-22;0.000222468477502;0.0222468477502;4.2772264672669404
13956;13956;2005-06-23;-0.0108921565721447;-1.08921565721447;4.266334310694796
13957;13957;2005-06-24;-0.0076579685229738;-0.76579685229738;4.258676342171822
13958;13958;2005-06-27;-0.0007387985205387;-0.07387985205387;4.257937543651283
13959;13959;2005-06-28;0.0090960685962775;0.90960685962775;4.267033612247561
13960;13960;2005-06-29;-0.0014324610855016;-0.14324610855016;4.265601151162059
13961;13961;2005-06-30;-0.0071262358320529;-0.7126235832052901;4.258474915330006
13962;13962;2005-07-01;0.002607113758513;0.2607113758513;4.261082029088519
13963;13963;2005-07-05;0.0087938529494096;0.8793852949409601;4.269875882037929
13964;13964;2005-07-06;-0.0083753343111094;-0.83753343111094;4.261500547726819
13965;13965;2005-07-07;0.0024490498977112;0.24490498977112002;4.2639495976245305
13966;13966;2005-07-08;0.0116113816055528;1.16113816055528;4.275560979230083
13967;13967;2005-07-11;0.0062353315422569;0.62353315422569;4.28179631077234
13968;13968;2005-07-12;0.0022689749141564;0.22689749141563997;4.284065285686497
13969;13969;2005-07-13;0.0008833188061565;0.08833188061564999;4.284948604492653
13970;13970;2005-07-14;0.0026206024075099;0.26206024075099;4.287569206900163
13971;13971;2005-07-15;0.0011571321395607;0.11571321395607;4.288726339039724
13972;13972;2005-07-18;-0.0055450531939014;-0.5545053193901399;4.2831812858458225
13973;13973;2005-07-19;0.0067088912334885;0.67088912334885;4.289890177079311
13974;13974;2005-07-20;0.0047473057231295;0.47473057231295;4.2946374828024405
13975;13975;2005-07-21;-0.0066280638004681;-0.66280638004681;4.288009419001972
13976;13976;2005-07-22;0.0053968195205271;0.5396819520527101;4.2934062385225
13977;13977;2005-07-25;-0.0037763523674199;-0.37763523674198995;4.28962988615508
13978;13978;2005-07-26;0.0017315780306939;0.17315780306939;4.291361464185774
13979;13979;2005-07-27;0.0045625029679285;0.45625029679285;4.295923967153702
13980;13980;2005-07-28;0.0055875203096524;0.5587520309652401;4.301511487463355
13981;13981;2005-07-29;-0.0077000395813611;-0.77000395813611;4.2938114478819935
13982;13982;2005-08-01;0.0009474856133033;0.09474856133033001;4.294758933495297
13983;13983;2005-08-02;0.0070741373567919;0.70741373567919;4.301833070852089
13984;13984;2005-08-03;0.0007392405705788;0.07392405705788;4.302572311422668
13985;13985;2005-08-04;-0.0074006173644969;-0.74006173644969;4.295171694058171
13986;13986;2005-08-05;-0.0076676796621209;-0.76676796621209;4.28750401439605
13987;13987;2005-08-08;-0.0026862410749455;-0.26862410749455;4.284817773321104
13988;13988;2005-08-09;0.006722344610071;0.6722344610070999;4.291540117931175
13989;13989;2005-08-10;-0.0018288896350862;-0.18288896350862;4.289711228296089
13990;13990;2005-08-11;0.0070371306925549;0.7037130692554899;4.296748358988644
13991;13991;2005-08-12;-0.0060125323156485;-0.60125323156485;4.290735826672996
13992;13992;2005-08-15;0.0028243629318351;0.28243629318351;4.293560189604831
13993;13993;2005-08-16;-0.0118458665508321;-1.18458665508321;4.281714323053999
13994;13994;2005-08-17;0.0007378516441889;0.07378516441889;4.282452174698188
13995;13995;2005-08-18;-0.0010002788523726;-0.10002788523726001;4.281451895845815
13996;13996;2005-08-19;0.0005658199339677;0.05658199339677;4.282017715779783
13997;13997;2005-08-22;0.0016547771067605;0.16547771067605;4.283672492886543
13998;13998;2005-08-23;-0.0033944034130355;-0.33944034130355;4.280278089473508
13999;13999;2005-08-24;-0.0065920361852587;-0.65920361852587;4.273686053288249
14000;14000;2005-08-25;0.0022956863579102;0.22956863579102002;4.275981739646159
14001;14001;2005-08-26;-0.0060145863265539;-0.60145863265539;4.269967153319605
14002;14002;2005-08-29;0.0059403768537222;0.59403768537222;4.275907530173328
14003;14003;2005-08-30;-0.0031974339517919;-0.31974339517919;4.272710096221536
14004;14004;2005-08-31;0.0098158038785305;0.98158038785305;4.282525900100066
14005;14005;2005-09-01;0.0010319831542986;0.10319831542986;4.283557883254365
14006;14006;2005-09-02;-0.0029266551363766;-0.29266551363765997;4.280631228117988
14007;14007;2005-09-06;0.0125398820999036;1.2539882099903599;4.293171110217892
14008;14008;2005-09-07;0.0024050785963156;0.24050785963156;4.295576188814207
14009;14009;2005-09-08;-0.0038005588182583;-0.38005588182583;4.291775629995949
14010;14010;2005-09-09;0.0079331923694212;0.79331923694212;4.29970882236537
14011;14011;2005-09-12;-0.0007412620486917;-0.07412620486917;4.298967560316679
14012;14012;2005-09-13;-0.0075736743889613;-0.75736743889613;4.291393885927717
14013;14013;2005-09-14;-0.0032866794621915;-0.32866794621915;4.288107206465526
14014;14014;2005-09-15;0.0004643352712268;0.04643352712268;4.2885715417367525
14015;14015;2005-09-16;0.0082575816325967;0.8257581632596701;4.296829123369349
14016;14016;2005-09-19;-0.0055813909148714;-0.55813909148714;4.291247732454478
14017;14017;2005-09-20;-0.0078945214648378;-0.78945214648378;4.28335321098964
14018;14018;2005-09-21;-0.0091629940889754;-0.91629940889754;4.2741902169006645
14019;14019;2005-09-22;0.0036456718387096;0.36456718387096;4.277835888739374
14020;14020;2005-09-23;0.0005514969752855;0.05514969752855;4.27838738571466
14021;14021;2005-09-26;0.000279701508945;0.0279701508945;4.278667087223605
14022;14022;2005-09-27;2.47021124755165e-05;0.0024702112475516497;4.27869178933608
14023;14023;2005-09-28;0.001011268898929;0.10112688989290002;4.279703058235009
14024;14024;2005-09-29;0.0088278173813671;0.8827817381367099;4.2885308756163765
14025;14025;2005-09-30;0.0009200159803013;0.09200159803013;4.289450891596678
14026;14026;2005-10-03;-0.0017186723009201;-0.17186723009201;4.287732219295758
14027;14027;2005-10-04;-0.0100198533589886;-1.00198533589886;4.277712365936769
14028;14028;2005-10-05;-0.0149990418851305;-1.49990418851305;4.262713324051639
14029;14029;2005-10-06;-0.0041040855215026;-0.41040855215026;4.258609238530136
14030;14030;2005-10-07;0.0036944437148127;0.36944437148126996;4.262303682244949
14031;14031;2005-10-10;-0.0071920083352772;-0.71920083352772;4.2551116739096715
14032;14032;2005-10-11;-0.0020739920180377;-0.20739920180377;4.253037681891634
14033;14033;2005-10-12;-0.0060866123873948;-0.60866123873948;4.246951069504239
14034;14034;2005-10-13;-0.0007135960013195;-0.07135960013195;4.246237473502919
14035;14035;2005-10-14;0.0082338953750813;0.82338953750813;4.254471368878001
14036;14036;2005-10-17;0.0029705703456395;0.29705703456395;4.25744193922364
14037;14037;2005-10-18;-0.0101003806392743;-1.01003806392743;4.247341558584366
14038;14038;2005-10-19;0.0148450384576941;1.48450384576941;4.26218659704206
14039;14039;2005-10-20;-0.0151336417269832;-1.51336417269832;4.247052955315077
14040;14040;2005-10-21;0.001518558518172;0.15185585181720002;4.248571513833249
14041;14041;2005-10-24;0.0166378691284015;1.6637869128401501;4.26520938296165
14042;14042;2005-10-25;-0.0023706695364724;-0.23706695364724;4.262838713425178
14043;14043;2005-10-26;-0.0043217879463695;-0.43217879463694997;4.2585169254788084
14044;14044;2005-10-27;-0.0105304826211468;-1.05304826211468;4.247986442857662
14045;14045;2005-10-28;0.0164138859023009;1.64138859023009;4.2644003287599626
14046;14046;2005-10-31;0.0071505287939457;0.71505287939457;4.271550857553908
14047;14047;2005-11-01;-0.0035273112133031;-0.35273112133031;4.268023546340605
14048;14048;2005-11-02;0.0099276104917533;0.9927610491753299;4.2779511568323585
14049;14049;2005-11-03;0.0042550941962664;0.42550941962664;4.282206251028625
14050;14050;2005-11-04;0.0001639897085805;0.01639897085805;4.2823702407372055
14051;14051;2005-11-07;0.0021859186494168;0.21859186494168;4.284556159386622
14052;14052;2005-11-08;-0.00345711244357;-0.345711244357;4.281099046943052
14053;14053;2005-11-09;0.0016890986522302;0.16890986522301998;4.2827881455952825
14054;14054;2005-11-10;0.0084107976728695;0.8410797672869501;4.291198943268152
14055;14055;2005-11-11;0.003049879155653;0.3049879155653;4.294248822423805
14056;14056;2005-11-14;-0.0007777750322315;-0.07777750322315;4.293471047391574
14057;14057;2005-11-15;-0.003857449823891;-0.3857449823891;4.289613597567683
14058;14058;2005-11-16;0.0017884186067096;0.17884186067096;4.291402016174392
14059;14059;2005-11-17;0.0093695439732188;0.93695439732188;4.300771560147611
14060;14060;2005-11-18;0.0043916707599471;0.43916707599471005;4.305163230907558
14061;14061;2005-11-21;0.0052574156784892;0.52574156784892;4.3104206465860475
14062;14062;2005-11-22;0.0050713950156859;0.50713950156859;4.3154920416017335
14063;14063;2005-11-23;0.0034667881207113;0.34667881207113;4.318958829722445
14064;14064;2005-11-25;0.0020837899259733;0.20837899259733;4.321042619648418
14065;14065;2005-11-28;-0.0085442151388592;-0.8544215138859199;4.312498404509559
14066;14066;2005-11-29;1.5920062085506e-05;0.0015920062085506;4.312514324571644
14067;14067;2005-11-30;-0.0063822536323421;-0.63822536323421;4.306132070939302
14068;14068;2005-12-01;0.0120838046180207;1.2083804618020701;4.318215875557323
14069;14069;2005-12-02;0.0003240731325915;0.03240731325915;4.3185399486899145
14070;14070;2005-12-05;-0.0023662764969749;-0.23662764969749;4.31617367219294
14071;14071;2005-12-06;0.001274836998288;0.12748369982879998;4.317448509191228
14072;14072;2005-12-07;-0.00502165305799;-0.502165305799;4.3124268561332375
14073;14073;2005-12-08;-0.0012175896266279;-0.12175896266279;4.3112092665066095
14074;14074;2005-12-09;0.0028069476286116;0.28069476286116;4.314016214135221
14075;14075;2005-12-12;0.0008413834764056;0.08413834764056;4.314857597611627
14076;14076;2005-12-13;0.0055382953117177;0.55382953117177;4.320395892923345
14077;14077;2005-12-14;0.0041807781702356;0.41807781702356006;4.32457667109358
14078;14078;2005-12-15;-0.0014153111628054;-0.14153111628054;4.323161359930775
14079;14079;2005-12-16;-0.0028523457923741;-0.28523457923741;4.320309014138401
14080;14080;2005-12-19;-0.0058561301476043;-0.5856130147604299;4.314452883990796
14081;14081;2005-12-20;-0.0002381776012878;-0.02381776012878;4.314214706389508
14082;14082;2005-12-21;0.0025135054382285;0.25135054382285;4.316728211827737
14083;14083;2005-12-22;0.0042118951743637;0.42118951743637;4.320940107002101
14084;14084;2005-12-23;0.0004257673128806;0.04257673128806;4.321365874314981
14085;14085;2005-12-27;-0.0095993091380064;-0.95993091380064;4.311766565176975
14086;14086;2005-12-28;0.0012963762616609;0.12963762616609;4.313062941438636
14087;14087;2005-12-29;-0.0029849698144541;-0.29849698144541004;4.310077971624182
14088;14088;2005-12-30;-0.0048987034497223;-0.48987034497223003;4.305179268174459
14089;14089;2006-01-03;0.0162969645269104;1.6296964526910402;4.32147623270137
14090;14090;2006-01-04;0.0036659642998717;0.36659642998716996;4.325142197001242
14091;14091;2006-01-05;1.57200408841263e-05;0.00157200408841263;4.325157917042126
14092;14092;2006-01-06;0.0093555186185945;0.93555186185945;4.33451343566072
14093;14093;2006-01-09;0.0036496958089848;0.36496958089848;4.338163131469705
14094;14094;2006-01-10;-0.0003566756164099;-0.03566756164099;4.337806455853295
14095;14095;2006-01-11;0.0034754980152973;0.34754980152973;4.3412819538685925
14096;14096;2006-01-12;-0.0062940047826272;-0.6294004782627199;4.334987949085965
14097;14097;2006-01-13;0.0012044482477353;0.12044482477353001;4.336192397333701
14098;14098;2006-01-17;-0.0036412085396024;-0.36412085396024;4.332551188794098
14099;14099;2006-01-18;-0.0039049429822064;-0.39049429822064;4.328646245811892
14100;14100;2006-01-19;0.0055482529884871;0.55482529884871;4.334194498800379
14101;14101;2006-01-20;-0.0184963225471479;-1.8496322547147899;4.315698176253231
14102;14102;2006-01-23;0.0018452837237319;0.18452837237319;4.317543459976963
14103;14103;2006-01-24;0.0024025483626584;0.24025483626584;4.319946008339621
14104;14104;2006-01-25;-0.0017222177056091;-0.17222177056091;4.318223790634012
14105;14105;2006-01-26;0.0072089072639922;0.72089072639922;4.325432697898004
14106;14106;2006-01-27;0.007734014646699;0.7734014646699;4.3331667125447035
14107;14107;2006-01-30;0.0011444310706041;0.11444310706041;4.334311143615308
14108;14108;2006-01-31;-0.0039839798259215;-0.39839798259215;4.330327163789386
14109;14109;2006-02-01;0.001857536476642;0.1857536476642;4.332184700266028
14110;14110;2006-02-02;-0.00910200568293;-0.9102005682930001;4.323082694583098
14111;14111;2006-02-03;-0.005373019836619;-0.5373019836619001;4.317709674746479
14112;14112;2006-02-06;0.000782895578486;0.0782895578486;4.318492570324965
14113;14113;2006-02-07;-0.0081276666172529;-0.81276666172529;4.310364903707712
14114;14114;2006-02-08;0.0086255616427291;0.8625561642729099;4.318990465350441
14115;14115;2006-02-09;-0.0014785902764682;-0.14785902764682;4.317511875073973
14116;14116;2006-02-10;0.002536747865089;0.25367478650889996;4.320048622939062
14117;14117;2006-02-13;-0.0032650225979891;-0.32650225979891;4.316783600341073
14118;14118;2006-02-14;0.0099828230896257;0.99828230896257;4.326766423430699
14119;14119;2006-02-15;0.0034982766845832;0.34982766845832;4.330264700115282
14120;14120;2006-02-16;0.0073014086299618;0.7301408629961801;4.337566108745244
14121;14121;2006-02-17;-0.0016611029148458;-0.16611029148458;4.335905005830398
14122;14122;2006-02-21;-0.0032758929869638;-0.32758929869638;4.332629112843434
14123;14123;2006-02-22;0.0074853901762113;0.74853901762113;4.340114503019645
14124;14124;2006-02-23;-0.003782279640581;-0.3782279640581;4.336332223379064
14125;14125;2006-02-24;0.0012727009430237;0.12727009430237;4.337604924322088
14126;14126;2006-02-27;0.0036306214803039;0.36306214803039;4.341235545802392
14127;14127;2006-02-28;-0.0104553270271914;-1.0455327027191401;4.3307802187752005
14128;14128;2006-03-01;0.0082273926520963;0.82273926520963;4.339007611427297
14129;14129;2006-03-02;-0.0016276482219996;-0.16276482219996;4.337379963205297
14130;14130;2006-03-03;-0.0014827337328418;-0.14827337328418;4.335897229472455
14131;14131;2006-03-06;-0.0069928213224184;-0.69928213224184;4.328904408150037
14132;14132;2006-03-07;-0.0018636454343701;-0.18636454343701;4.327040762715667
14133;14133;2006-03-08;0.0020278872604775;0.20278872604775003;4.329068649976144
14134;14134;2006-03-09;-0.0048927773303564;-0.48927773303564004;4.324175872645788
14135;14135;2006-03-10;0.0071976219046847;0.71976219046847;4.331373494550473
14136;14136;2006-03-13;0.0021125777756179;0.21125777756178998;4.333486072326091
14137;14137;2006-03-14;0.0103424561240866;1.03424561240866;4.343828528450177
14138;14138;2006-03-15;0.0042607563016146;0.42607563016146;4.348089284751792
14139;14139;2006-03-16;0.0017711860947571;0.17711860947571;4.349860470846549
14140;14140;2006-03-17;0.0014698454233101;0.14698454233101002;4.351330316269859
14141;14141;2006-03-20;-0.0016613862227954;-0.16613862227954;4.349668930047064
14142;14142;2006-03-21;-0.0060331013626617;-0.60331013626617;4.343635828684402
14143;14143;2006-03-22;0.0060025150294054;0.60025150294054;4.349638343713807
14144;14144;2006-03-23;-0.0025856322875981;-0.25856322875980997;4.347052711426209
14145;14145;2006-03-24;0.0009827975716056;0.09827975716055999;4.348035508997815
14146;14146;2006-03-27;-0.0010289385931949;-0.10289385931949;4.34700657040462
14147;14147;2006-03-28;-0.0064589988180889;-0.64589988180889;4.340547571586531
14148;14148;2006-03-29;0.007441936121264;0.7441936121264;4.347989507707795
14149;14149;2006-03-30;-0.0020283318529941;-0.20283318529940997;4.345961175854801
14150;14150;2006-03-31;-0.0041462535203429;-0.41462535203428996;4.341814922334458
14151;14151;2006-04-03;0.0022679738332529;0.22679738332528998;4.344082896167711
14152;14152;2006-04-04;0.0062371980087752;0.62371980087752;4.350320094176486
14153;14153;2006-04-05;0.0043018414124018;0.43018414124018;4.354621935588888
14154;14154;2006-04-06;-0.001923239473804;-0.19232394738039998;4.352698696115084
14155;14155;2006-04-07;-0.0103973529113004;-1.03973529113004;4.342301343203784
14156;14156;2006-04-10;0.0008641537211691;0.08641537211691;4.343165496924953
14157;14157;2006-04-11;-0.0077811542606767;-0.77811542606767;4.335384342664276
14158;14158;2006-04-12;0.0012040666820389;0.12040666820389;4.336588409346315
14159;14159;2006-04-13;0.0007760240055754;0.07760240055754;4.33736443335189
14160;14160;2006-04-17;-0.0029443506847579;-0.29443506847579004;4.334420082667132
14161;14161;2006-04-18;0.0169332044614796;1.69332044614796;4.351353287128612
14162;14162;2006-04-19;0.0020250769495699;0.20250769495699;4.353378364078182
14163;14163;2006-04-20;0.0011672487992626;0.11672487992626;4.354545612877445
14164;14164;2006-04-21;-0.0001372091789262;-0.013720917892620001;4.3544084036985184
14165;14165;2006-04-24;-0.0024204456233807;-0.24204456233807;4.351987958075138
14166;14166;2006-04-25;-0.0048815125086259;-0.48815125086259004;4.347106445566512
14167;14167;2006-04-26;0.0028153703395466;0.28153703395465995;4.349921815906058
14168;14168;2006-04-27;0.0032961580448578;0.32961580448578004;4.353217973950916
14169;14169;2006-04-28;0.0006793144750254;0.06793144750254;4.353897288425942
14170;14170;2006-05-01;-0.0041440873997036;-0.41440873997036004;4.349753201026238
14171;14171;2006-05-02;0.0061259130618971;0.6125913061897099;4.355879114088135
14172;14172;2006-05-03;-0.0038835037805276;-0.38835037805276;4.351995610307608
14173;14173;2006-05-04;0.0031522330264204;0.31522330264204;4.355147843334028
14174;14174;2006-05-05;0.0102426662994715;1.0242666299471501;4.3653905096334995
14175;14175;2006-05-08;-0.0008300390465612;-0.08300390465612;4.364560470586938
14176;14176;2006-05-09;0.0003622771502556;0.03622771502556;4.364922747737194
14177;14177;2006-05-10;-0.0017296436759224;-0.17296436759224;4.3631931040612715
14178;14178;2006-05-11;-0.0128806749494901;-1.2880674949490099;4.350312429111781
14179;14179;2006-05-12;-0.0113048176844845;-1.13048176844845;4.339007611427297
14180;14180;2006-05-15;0.0025215309659145;0.25215309659145;4.341529142393211
14181;14181;2006-05-16;-0.0018712313149542;-0.18712313149542;4.339657911078257
14182;14182;2006-05-17;-0.0169844941677715;-1.69844941677715;4.322673416910486
14183;14183;2006-05-18;-0.0067215498590922;-0.6721549859092201;4.315951867051393
14184;14184;2006-05-19;0.004128357058696;0.41283570586960006;4.3200802241100895
14185;14185;2006-05-22;-0.0039224146205425;-0.39224146205425003;4.316157809489547
14186;14186;2006-05-23;-0.0043594774251314;-0.43594774251314;4.3117983320644155
14187;14187;2006-05-24;0.0015824030318532;0.15824030318532;4.313380735096269
14188;14188;2006-05-25;0.0113059406330516;1.1305940633051599;4.32468667572932
14189;14189;2006-05-26;0.005703043133292;0.5703043133292001;4.330389718862612
14190;14190;2006-05-30;-0.0159765596101735;-1.59765596101735;4.314413159252439
14191;14191;2006-05-31;0.0080792002629062;0.80792002629062;4.322492359515345
14192;14192;2006-06-01;0.0122233272769936;1.22233272769936;4.334715686792339
14193;14193;2006-06-02;0.00195033342938;0.19503334293799998;4.336666020221719
14194;14194;2006-06-05;-0.0179600222971876;-1.7960022297187601;4.318705997924531
14195;14195;2006-06-06;-0.0011387769337272;-0.11387769337272;4.317567220990804
14196;14196;2006-06-07;-0.0061110920342564;-0.61110920342564;4.311456128956547
14197;14197;2006-06-08;0.0014160490057717;0.14160490057716998;4.312872177962319
14198;14198;2006-06-09;-0.0044856560627097;-0.44856560627097;4.308386521899609
14199;14199;2006-06-12;-0.0119372179581383;-1.19372179581383;4.296449303941471
14200;14200;2006-06-13;-0.0111738459340129;-1.11738459340129;4.285275458007458
14201;14201;2006-06-14;0.0051758850633385;0.51758850633385;4.290451343070797
14202;14202;2006-06-15;0.0210127546473835;2.10127546473835;4.31146409771818
14203;14203;2006-06-16;-0.0036846513478616;-0.36846513478616;4.3077794463703185
14204;14204;2006-06-19;-0.0091586073232976;-0.91586073232976;4.298620839047021
14205;14205;2006-06-20;-8.07176695882816e-06;-0.000807176695882816;4.298612767280062
14206;14206;2006-06-21;0.0096938201016367;0.96938201016367;4.308306587381699
14207;14207;2006-06-22;-0.0052846429281139;-0.52846429281139;4.303021944453585
14208;14208;2006-06-23;-0.0008834794443188;-0.08834794443188;4.302138465009266
14209;14209;2006-06-26;0.0048576553455239;0.48576553455239;4.30699612035479
14210;14210;2006-06-27;-0.0091255275921522;-0.91255275921522;4.297870592762638
14211;14211;2006-06-28;0.0054724497863798;0.5472449786379799;4.303343042549018
14212;14212;2006-06-29;0.0213357690930982;2.13357690930982;4.324678811642116
14213;14213;2006-06-30;-0.0020998596482249;-0.20998596482249;4.322578951993891
14214;14214;2006-07-03;0.0078341285187253;0.78341285187253;4.330413080512616
14215;14215;2006-07-05;-0.0072752522617562;-0.72752522617562;4.32313782825086
14216;14216;2006-07-06;0.0024911089251702;0.24911089251702;4.32562893717603
14217;14217;2006-07-07;-0.0067728339484247;-0.67728339484247;4.318856103227605
14218;14218;2006-07-10;0.0014687079018669;0.14687079018669;4.320324811129472
14219;14219;2006-07-11;0.004008311599029;0.40083115990289997;4.324333122728501
14220;14220;2006-07-12;-0.0109285275028554;-1.09285275028554;4.313404595225646
14221;14221;2006-07-13;-0.0130515487607079;-1.30515487607079;4.300353046464938
14222;14222;2006-07-14;-0.0049063056757461;-0.49063056757461004;4.295446740789192
14223;14223;2006-07-17;-0.0013841973811832;-0.13841973811832;4.294062543408009
14224;14224;2006-07-18;0.0019179766123809;0.19179766123809;4.2959805200203895
14225;14225;2006-07-19;0.0183850649379114;1.8385064937911402;4.314365584958301
14226;14226;2006-07-20;-0.008513649777992;-0.8513649777992001;4.305851935180309
14227;14227;2006-07-21;-0.0071020583111582;-0.71020583111582;4.2987498768691506
14228;14228;2006-07-24;0.0164884547879014;1.64884547879014;4.315238331657052
14229;14229;2006-07-25;0.0063009160803542;0.63009160803542;4.321539247737406
14230;14230;2006-07-26;-0.0003783429501194;-0.037834295011939995;4.321160904787287
14231;14231;2006-07-27;-0.0041081374346099;-0.41081374346099;4.317052767352677
14232;14232;2006-07-28;0.0120785164702113;1.20785164702113;4.329131283822888
14233;14233;2006-07-31;-0.0014793424284436;-0.14793424284436002;4.3276519413944445
14234;14234;2006-08-01;-0.0045062369286581;-0.45062369286581005;4.323145704465786
14235;14235;2006-08-02;0.0050935348504763;0.50935348504763;4.328239239316263
14236;14236;2006-08-03;0.0022363916765373;0.22363916765373001;4.3304756309928
14237;14237;2006-08-04;-0.0007110676438131;-0.07110676438131;4.329764563348987
14238;14238;2006-08-07;-0.0028100075966497;-0.28100075966497;4.326954555752337
14239;14239;2006-08-08;-0.0033683729953555;-0.33683729953554997;4.323586182756982
14240;14240;2006-08-09;-0.0043587708080528;-0.43587708080528;4.319227411948929
14241;14241;2006-08-10;0.0046183393171821;0.46183393171821;4.323845751266111
14242;14242;2006-08-11;-0.0039944658513979;-0.39944658513979003;4.319851285414713
14243;14243;2006-08-14;0.001159763461354;0.1159763461354;4.321011048876067
14244;14244;2006-08-15;0.0136035174636522;1.3603517463652202;4.334614566339719
14245;14245;2006-08-16;0.0076327838974004;0.76327838974004;4.34224735023712
14246;14246;2006-08-17;0.0015811782130574;0.15811782130574;4.343828528450177
14247;14247;2006-08-18;0.0037080633508379;0.37080633508379;4.347536591801015
14248;14248;2006-08-21;-0.0036772040059416;-0.36772040059416;4.3438593877950735
14249;14249;2006-08-22;0.0010013527701637;0.10013527701637;4.344860740565237
14250;14250;2006-08-23;-0.0044987603077295;-0.44987603077295;4.340361980257508
14251;14251;2006-08-24;0.0023715806035697;0.23715806035697;4.3427335608610775
14252;14252;2006-08-25;-0.0007487741242036;-0.07487741242036;4.341984786736874
14253;14253;2006-08-28;0.0051524164191407;0.5152416419140701;4.347137203156015
14254;14254;2006-08-29;0.0019186056431896;0.19186056431896;4.349055808799204
14255;14255;2006-08-30;0.0008353350475012;0.08353350475012;4.349891143846706
14256;14256;2006-08-31;-0.001188145913022;-0.11881459130220001;4.3487029979336835
14257;14257;2006-09-01;0.0054994643953154;0.54994643953154;4.354202462328999
14258;14258;2006-09-05;0.0017071407066913;0.17071407066913;4.35590960303569
14259;14259;2006-09-06;-0.0099407286910073;-0.9940728691007299;4.345968874344683
14260;14260;2006-09-07;-0.0048105847954076;-0.48105847954076;4.341158289549275
14261;14261;2006-09-08;0.003779516465495;0.3779516465495;4.34493780601477
14262;14262;2006-09-11;0.0004772018749275;0.04772018749275;4.345415007889698
14263;14263;2006-09-12;0.0103042096147172;1.0304209614717201;4.355719217504415
14264;14264;2006-09-13;0.0038539091542357;0.38539091542357;4.359573126658651
14265;14265;2006-09-14;-0.0013589062140022;-0.13589062140022;4.358214220444649
14266;14266;2006-09-15;0.0025645551656898;0.25645551656898;4.360778775610338
14267;14267;2006-09-18;0.0011511641123336;0.11511641123336;4.361929939722672
14268;14268;2006-09-19;-0.0026830485073547;-0.26830485073547;4.359246891215317
14269;14269;2006-09-20;0.0057060709857612;0.57060709857612;4.3649529622010785
14270;14270;2006-09-21;-0.0054101204332752;-0.54101204332752;4.359542841767803
14271;14271;2006-09-22;-0.0024688462738948;-0.24688462738948;4.357073995493908
14272;14272;2006-09-25;0.0087765104516917;0.8776510451691699;4.3658505059456
14273;14273;2006-09-26;0.0074961151314143;0.7496115131414299;4.373346621077014
14274;14274;2006-09-27;0.0001795700658098;0.01795700658098;4.373526191142824
14275;14275;2006-09-28;0.0017118783496537;0.17118783496537002;4.375238069492478
14276;14276;2006-09-29;-0.0022656719128191;-0.22656719128191002;4.372972397579659
14277;14277;2006-10-02;-0.0033968847043217;-0.33968847043217;4.369575512875337
14278;14278;2006-10-03;0.0020935009294778;0.20935009294778;4.371669013804815
14279;14279;2006-10-04;0.0119883017136537;1.19883017136537;4.383657315518469
14280;14280;2006-10-05;0.0022342228313769;0.22342228313769003;4.385891538349846
14281;14281;2006-10-06;-0.0026860987396011;-0.26860987396011;4.3832054396102444
14282;14282;2006-10-09;0.0007925696183797;0.07925696183797;4.383998009228624
14283;14283;2006-10-10;0.002041367769328;0.2041367769328;4.386039376997952
14284;14284;2006-10-11;-0.002567236384424;-0.2567236384424;4.383472140613528
14285;14285;2006-10-12;0.0094958693484645;0.9495869348464501;4.392968009961993
14286;14286;2006-10-13;0.0020451465283066;0.20451465283066;4.3950131564902994
14287;14287;2006-10-16;0.0025158817460235;0.25158817460235;4.397529038236323
14288;14288;2006-10-17;-0.0036661644892124;-0.36661644892124;4.393862873747111
14289;14289;2006-10-18;0.0012821218579057;0.12821218579057;4.395144995605016
14290;14290;2006-10-19;0.0008488942061584;0.08488942061584;4.395993889811175
14291;14291;2006-10-20;0.0011990343726733;0.11990343726733001;4.397192924183848
14292;14292;2006-10-23;0.0061334564933153;0.61334564933153;4.403326380677163
14293;14293;2006-10-24;0.0002613890493634;0.026138904936339996;4.403587769726527
14294;14294;2006-10-25;0.0035077337329676;0.35077337329676;4.4070955034594945
14295;14295;2006-10-26;0.0049507445546437;0.49507445546437;4.412046248014138
14296;14296;2006-10-27;-0.0084875476670216;-0.8487547667021599;4.403558700347117
14297;14297;2006-10-30;0.0004283340687036;0.04283340687036;4.40398703441582
14298;14298;2006-10-31;7.1752296140204e-06;0.0007175229614020401;4.403994209645434
14299;14299;2006-11-01;-0.007378623661518;-0.7378623661518;4.396615585983916
14300;14300;2006-11-02;-0.0003437420253602;-0.03437420253602;4.396271843958556
14301;14301;2006-11-03;-0.0022257092722552;-0.22257092722552;4.394046134686301
14302;14302;2006-11-06;0.0112825746857919;1.1282574685791902;4.4053287093720925
14303;14303;2006-11-07;0.0022152436866997;0.22152436866997002;4.407543953058792
14304;14304;2006-11-08;0.0020805083540764;0.20805083540764002;4.409624461412869
14305;14305;2006-11-09;-0.0053472497268671;-0.5347249726867099;4.404277211686002
14306;14306;2006-11-10;0.001862888386892;0.18628883868920001;4.406140100072894
14307;14307;2006-11-13;0.002545833259532;0.2545833259532;4.408685933332426
14308;14308;2006-11-14;0.0063362828836224;0.6336282883622399;4.415022216216048
14309;14309;2006-11-15;0.0024015977616924;0.24015977616923997;4.417423813977741
14310;14310;2006-11-16;0.0022816087043242;0.22816087043242;4.419705422682065
14311;14311;2006-11-17;0.0010281768728592;0.10281768728592;4.420733599554924
14312;14312;2006-11-20;-0.0004996616531416;-0.04996616531416;4.4202339379017825
14313;14313;2006-11-21;0.001648094198833;0.1648094198833;4.421882032100616
14314;14314;2006-11-22;0.0023353686222442;0.23353686222442002;4.42421740072286
14315;14315;2006-11-24;-0.0036622355910793;-0.36622355910793;4.4205551651317805
14316;14316;2006-11-27;-0.0136477898022651;-1.36477898022651;4.406907375329515
14317;14317;2006-11-28;0.003438472345481;0.3438472345481;4.410345847674996
14318;14318;2006-11-29;0.0091594992708445;0.9159499270844499;4.419505346945841
14319;14319;2006-11-30;0.000821414209315;0.08214142093150001;4.420326761155156
14320;14320;2006-12-01;-0.0028026958565456;-0.28026958565456;4.41752406529861
14321;14321;2006-12-04;0.0088459494118442;0.88459494118442;4.4263700147104545
14322;14322;2006-12-05;0.0039945199437943;0.39945199437942996;4.430364534654249
14323;14323;2006-12-06;-0.0013155656945276;-0.13155656945276;4.429048968959721
14324;14324;2006-12-07;-0.0039784498734318;-0.39784498734318;4.425070519086289
14325;14325;2006-12-08;0.0018103017552313;0.18103017552313;4.426880820841521
14326;14326;2006-12-11;0.0022672408073543;0.22672408073543;4.429148061648875
14327;14327;2006-12-12;-0.001047921889179;-0.1047921889179;4.428100139759696
14328;14328;2006-12-13;0.0011681674443879;0.11681674443879;4.429268307204084
14329;14329;2006-12-14;0.0086519222280969;0.86519222280969;4.437920229432181
14330;14330;2006-12-15;0.0011217748090928;0.11217748090928;4.439042004241274
14331;14331;2006-12-18;-0.0032355689519141;-0.32355689519141;4.43580643528936
14332;14332;2006-12-19;0.0021559254346916;0.21559254346916;4.437962360724051
14333;14333;2006-12-20;-0.0014180158389232;-0.14180158389232;4.436544344885128
14334;14334;2006-12-21;-0.0036807168345447;-0.36807168345447;4.432863628050583
14335;14335;2006-12-22;-0.0053304325083187;-0.53304325083187;4.4275331955422645
14336;14336;2006-12-26;0.0043428301679222;0.43428301679222003;4.431876025710187
14337;14337;2006-12-27;0.0069907815174277;0.69907815174277;4.4388668072276145
14338;14338;2006-12-28;-0.0014798769976085;-0.14798769976085;4.437386930230006
14339;14339;2006-12-29;-0.0045233021794226;-0.45233021794225997;4.432863628050583
14340;14340;2007-01-03;-0.0011993884714156;-0.11993884714155999;4.431664239579168
14341;14341;2007-01-04;0.0012275323316108;0.12275323316108;4.4328917719107785
14342;14342;2007-01-05;-0.0061031679148237;-0.61031679148237;4.426788603995955
14343;14343;2007-01-08;0.0022178571603435;0.22178571603435;4.429006461156298
14344;14344;2007-01-09;-0.0005168098755081;-0.05168098755080999;4.42848965128079
14345;14345;2007-01-10;0.0019384723489537;0.19384723489537;4.430428123629744
14346;14346;2007-01-11;0.0063198611335497;0.63198611335497;4.436747984763294
14347;14347;2007-01-12;0.0048414269684471;0.48414269684470995;4.441589411731741
14348;14348;2007-01-16;0.0008174609107856;0.08174609107856;4.442406872642526
14349;14349;2007-01-17;-0.000894337211144;-0.0894337211144;4.441512535431382
14350;14350;2007-01-18;-0.0029751613760016;-0.29751613760016;4.438537374055381
14351;14351;2007-01-19;0.002891281636403;0.28912816364030003;4.441428655691784
14352;14352;2007-01-22;-0.005291886487571;-0.5291886487571;4.436136769204213
14353;14353;2007-01-23;0.0035357070684458;0.35357070684458003;4.4396724762726585
14354;14354;2007-01-24;0.0084655366739001;0.84655366739001;4.448138012946559
14355;14355;2007-01-25;-0.0113337881028741;-1.13337881028741;4.4368042248436845
14356;14356;2007-01-26;-0.0012086590413824;-0.12086590413824;4.435595565802302
14357;14357;2007-01-29;-0.0010975510973096;-0.10975510973096;4.434498014704992
14358;14358;2007-01-30;0.0057554984878276;0.5755498487827599;4.44025351319282
14359;14359;2007-01-31;0.0065712458809459;0.6571245880945901;4.446824759073766
14360;14360;2007-02-01;0.005339451405832;0.5339451405832;4.452164210479598
14361;14361;2007-02-02;0.0016930167758815;0.16930167758815;4.4538572272554795
14362;14362;2007-02-05;-0.000967075207189;-0.0967075207189;4.45289015204829
14363;14363;2007-02-06;0.00069776409899;0.069776409899;4.4535879161472804
14364;14364;2007-02-07;0.0013940692701961;0.13940692701961;4.454981985417477
14365;14365;2007-02-08;-0.0011799630489219;-0.11799630489219;4.453802022368555
14366;14366;2007-02-09;-0.0071023761113719;-0.71023761113719;4.446699646257183
14367;14367;2007-02-12;-0.0032667124621514;-0.32667124621514;4.443432933795031
14368;14368;2007-02-13;0.0075687749769546;0.75687749769546;4.451001708771986
14369;14369;2007-02-14;0.0076150120189471;0.76150120189471;4.458616720790933
14370;14370;2007-02-15;0.0010370556602126;0.10370556602125999;4.4596537764511455
14371;14371;2007-02-16;-0.0008721616823308;-0.08721616823308;4.458781614768815
14372;14372;2007-02-20;0.0028402780243777;0.28402780243777;4.461621892793192
14373;14373;2007-02-21;-0.0014054380891899;-0.14054380891899;4.460216454704002
14374;14374;2007-02-22;-0.0008579243533004;-0.08579243533004001;4.459358530350702
14375;14375;2007-02-23;-0.0035700393171946;-0.35700393171946;4.455788491033507
14376;14376;2007-02-26;-0.0012548930406461;-0.12548930406461;4.454533597992861
14377;14377;2007-02-27;-0.0353426608069203;-3.53426608069203;4.419190937185941
14378;14378;2007-02-28;0.0055454847919351;0.55454847919351;4.424736421977876
14379;14379;2007-03-01;-0.0025978057328535;-0.25978057328535;4.4221386162450225
14380;14380;2007-03-02;-0.0114682618293003;-1.1468261829300301;4.410670354415722
14381;14381;2007-03-05;-0.009452209639547;-0.9452209639547;4.401218144776175
14382;14382;2007-03-06;0.0153747806743985;1.53747806743985;4.416592925450574
14383;14383;2007-03-07;-0.0024683141447514;-0.24683141447514;4.414124611305822
14384;14384;2007-03-08;0.007101347768283;0.7101347768283;4.421225959074105
14385;14385;2007-03-09;0.0006773921502318;0.06773921502317999;4.421903351224337
14386;14386;2007-03-12;0.0026766987887798;0.26766987887798;4.424580050013117
14387;14387;2007-03-13;-0.0205785759265096;-2.05785759265096;4.404001474086607
14388;14388;2007-03-14;0.0066688803291148;0.66688803291148;4.410670354415722
14389;14389;2007-03-15;0.0036769797068592;0.36769797068592003;4.414347334122581
14390;14390;2007-03-16;-0.0038356556119092;-0.38356556119092;4.410511678510672
14391;14391;2007-03-19;0.0108355694564022;1.08355694564022;4.421347247967074
14392;14392;2007-03-20;0.0063134813338239;0.63134813338239;4.427660729300898
14393;14393;2007-03-21;0.0169366434473561;1.6936643447356101;4.444597372748254
14394;14394;2007-03-22;-0.0003484830473237;-0.03484830473237;4.444248889700931
14395;14395;2007-03-23;0.0010937914015265;0.10937914015265;4.445342681102457
14396;14396;2007-03-26;0.0009674347706676;0.09674347706676001;4.446310115873125
14397;14397;2007-03-27;-0.0062035606148462;-0.6203560614846201;4.440106555258279
14398;14398;2007-03-28;-0.0079976849001575;-0.79976849001575;4.432108870358121
14399;14399;2007-03-29;0.003732748638745;0.37327486387450004;4.435841618996866
14400;14400;2007-03-30;-0.0011746852762479;-0.11746852762479;4.434666933720618
14401;14401;2007-04-02;0.0025936972348983;0.25936972348983;4.4372606309555165
14402;14402;2007-04-03;0.0092373072778837;0.9237307277883701;4.4464979382334
14403;14403;2007-04-04;0.0011121983334758;0.11121983334758;4.447610136566876
14404;14404;2007-04-05;0.0030453142141446;0.30453142141446;4.450655450781021
14405;14405;2007-04-09;0.0005885499614013;0.05885499614013;4.451244000742422
14406;14406;2007-04-10;0.0026132265130574;0.26132265130574;4.4538572272554795
14407;14407;2007-04-11;-0.0065945252366379;-0.6594525236637899;4.4472627020188416
14408;14408;2007-04-12;0.0061871168862719;0.61871168862719;4.4534498189051135
14409;14409;2007-04-13;0.0034819313316116;0.34819313316115996;4.456931750236725
14410;14410;2007-04-16;0.0105985425509116;1.05985425509116;4.467530292787637
14411;14411;2007-04-17;0.0021430128301611;0.21430128301611;4.469673305617798
14412;14412;2007-04-18;0.0006929531095627;0.06929531095627;4.470366258727361
14413;14413;2007-04-19;-0.0012027739764901;-0.12027739764901;4.4691634847508706
14414;14414;2007-04-20;0.0092180872579676;0.92180872579676;4.478381572008838
14415;14415;2007-04-23;-0.0023066445541326;-0.23066445541326;4.476074927454706
14416;14416;2007-04-24;-0.00035120586619;-0.035120586619;4.4757237215885155
14417;14417;2007-04-25;0.0100880338606553;1.00880338606553;4.485811755449171
14418;14418;2007-04-26;-0.0007827245431881;-0.07827245431881;4.485029030905983
14419;14419;2007-04-27;-0.0001205051691055;-0.01205051691055;4.484908525736877
14420;14420;2007-04-30;-0.0078617485946441;-0.78617485946441;4.477046777142233
14421;14421;2007-05-01;0.002647688182007;0.2647688182007;4.47969446532424
14422;14422;2007-05-02;0.0064515884594209;0.64515884594209;4.486146053783661
14423;14423;2007-05-03;0.0043157518168577;0.43157518168577;4.4904618056005186
14424;14424;2007-05-04;0.0021475867637983;0.21475867637983;4.492609392364317
14425;14425;2007-05-07;0.0025604372264878;0.25604372264878;4.495169829590805
14426;14426;2007-05-08;-0.0011666506881935;-0.11666506881935;4.494003178902611
14427;14427;2007-05-09;0.0032182162778546;0.32182162778546;4.497221395180466
14428;14428;2007-05-10;-0.0140545816494528;-1.40545816494528;4.483166813531013
14429;14429;2007-05-11;0.0095953155384087;0.95953155384087;4.492762129069422
14430;14430;2007-05-14;-0.0017945847288851;-0.17945847288851;4.490967544340537
14431;14431;2007-05-15;-0.0013048345399893;-0.13048345399893;4.489662709800547
14432;14432;2007-05-16;0.0085895433073774;0.85895433073774;4.498252253107925
14433;14433;2007-05-17;-0.000918444403875;-0.0918444403875;4.49733380870405
14434;14434;2007-05-18;0.0065887242141631;0.65887242141631;4.503922532918213
14435;14435;2007-05-21;0.0015420552088709;0.15420552088709;4.505464588127084
14436;14436;2007-05-22;-0.0006427749018182;-0.06427749018182;4.5048218132252655
14437;14437;2007-05-23;-0.001207961009217;-0.1207961009217;4.5036138522160485
14438;14438;2007-05-24;-0.0097499403024645;-0.97499403024645;4.493863911913584
14439;14439;2007-05-25;0.0054378681698024;0.54378681698024;4.499301780083386
14440;14440;2007-05-29;0.0015689723358445;0.15689723358445;4.500870752419231
14441;14441;2007-05-30;0.0079519075983833;0.7951907598383301;4.508822660017614
14442;14442;2007-05-31;0.0002548409790064;0.025484097900639997;4.509077500996621
14443;14443;2007-06-01;0.0037300634535455;0.37300634535454996;4.512807564450166
14444;14444;2007-06-04;0.001846899899097;0.18468998990969998;4.514654464349263
14445;14445;2007-06-05;-0.0053614164227351;-0.53614164227351;4.509293047926528
14446;14446;2007-06-06;-0.0089032590528708;-0.89032590528708;4.500389788873657
14447;14447;2007-06-07;-0.0177259614236105;-1.77259614236105;4.482663827450047
14448;14448;2007-06-08;0.0113062366649208;1.13062366649208;4.493970064114968
14449;14449;2007-06-11;0.0009612542423589;0.09612542423589;4.4949313183573265
14450;14450;2007-06-12;-0.0107391776165171;-1.07391776165171;4.484192140740809
14451;14451;2007-06-13;0.0150700958976122;1.5070095897612201;4.499262236638422
14452;14452;2007-06-14;0.0048047422580674;0.48047422580674;4.504066978896489
14453;14453;2007-06-15;0.006505555218701;0.6505555218701;4.51057253411519
14454;14454;2007-06-18;-0.0012141053917744;-0.12141053917744;4.509358428723416
14455;14455;2007-06-19;0.0017292781860556;0.17292781860556;4.511087706909471
14456;14456;2007-06-20;-0.013694428150961;-1.3694428150961;4.49739327875851
14457;14457;2007-06-21;0.0061613920559056;0.61613920559056;4.503554670814416
14458;14458;2007-06-22;-0.0129796892901757;-1.29796892901757;4.49057498152424
14459;14459;2007-06-25;-0.0032130607392915;-0.32130607392915;4.487361920784949
14460;14460;2007-06-26;-0.0032434498708893;-0.32434498708893;4.484118470914059
14461;14461;2007-06-27;0.0089689962075816;0.89689962075816;4.493087467121641
14462;14462;2007-06-28;-0.0004183230852454;-0.04183230852454;4.4926691440363955
14463;14463;2007-06-29;-0.0015685865574619;-0.15685865574619;4.4911005574789336
14464;14464;2007-07-02;0.0106393647725671;1.0639364772567101;4.501739922251501
14465;14465;2007-07-03;0.0035738571773844;0.35738571773843997;4.505313779428885
14466;14466;2007-07-05;0.0003475292364498;0.034752923644980005;4.505661308665335
14467;14467;2007-07-06;0.0032985507274156;0.32985507274156;4.508959859392751
14468;14468;2007-07-09;0.0009209024213037;0.09209024213037;4.509880761814054
14469;14469;2007-07-10;-0.014287025073374;-1.4287025073374;4.49559373674068
14470;14470;2007-07-11;0.005705104474579;0.5705104474579;4.5012988412152595
14471;14471;2007-07-12;0.0188757072451908;1.88757072451908;4.52017454846045
14472;14472;2007-07-13;0.0030966085488026;0.30966085488026;4.523271157009253
14473;14473;2007-07-16;-0.0019213163664275;-0.19213163664275001;4.521349840642825
14474;14474;2007-07-17;-9.68249917816522e-05;-0.00968249917816522;4.521253015651044
14475;14475;2007-07-18;-0.0020674596997638;-0.20674596997638;4.51918555595128
14476;14476;2007-07-19;0.0044590939417235;0.44590939417235004;4.523644649893003
14477;14477;2007-07-20;-0.0122961534850088;-1.2296153485008798;4.511348496407995
14478;14478;2007-07-23;0.004857468374217;0.48574683742169994;4.516205964782212
14479;14479;2007-07-24;-0.0200031613134613;-2.00031613134613;4.4962028034687505
14480;14480;2007-07-25;0.004654762071933;0.4654762071933;4.5008575655406835
14481;14481;2007-07-26;-0.023615148557985;-2.3615148557985;4.4772424169826985
14482;14482;2007-07-27;-0.016120829479302;-1.6120829479302001;4.4611215875033965
14483;14483;2007-07-30;0.0102017913066215;1.0201791306621502;4.471323378810018
14484;14484;2007-07-31;-0.0127272924647706;-1.27272924647706;4.458596086345247
14485;14485;2007-08-01;0.0072165667887578;0.72165667887578;4.465812653134005
14486;14486;2007-08-02;0.0043498164086974;0.43498164086974;4.470162469542703
14487;14487;2007-08-03;-0.0269457880164303;-2.69457880164303;4.443216681526272
14488;14488;2007-08-06;0.0238640799186447;2.38640799186447;4.467080761444917
14489;14489;2007-08-07;0.0061404746596069;0.61404746596069;4.473221236104524
14490;14490;2007-08-08;0.0139737525902346;1.39737525902346;4.487194988694759
14491;14491;2007-08-09;-0.03009806642741;-3.0098066427409997;4.457096922267349
14492;14492;2007-08-10;0.0003784658431715;0.037846584317149996;4.45747538811052
14493;14493;2007-08-13;-0.0004954110702071;-0.04954110702071;4.456979977040313
14494;14494;2007-08-14;-0.0183233955804401;-1.83233955804401;4.438656581459873
14495;14495;2007-08-15;-0.0140054583279019;-1.40054583279019;4.424651123131971
14496;14496;2007-08-16;0.0032435214382138;0.32435214382138;4.427894644570185
14497;14497;2007-08-17;0.024269565909413;2.4269565909413;4.452164210479598
14498;14498;2007-08-20;-0.0002696824154408;-0.02696824154408;4.451894528064157
14499;14499;2007-08-21;0.001085465075703;0.10854650757029999;4.45297999313986
14500;14500;2007-08-22;0.0116448207641202;1.16448207641202;4.46462481390398
14501;14501;2007-08-23;-0.0010728915963493;-0.10728915963493;4.463551922307631
14502;14502;2007-08-24;0.0114690179710468;1.14690179710468;4.475020940278678
14503;14503;2007-08-27;-0.0085399518764948;-0.8539951876494801;4.466480988402183
14504;14504;2007-08-28;-0.023752943098998;-2.3752943098998;4.442728045303185
14505;14505;2007-08-29;0.0216850513864655;2.16850513864655;4.4644130966896505
14506;14506;2007-08-30;-0.0041897746972452;-0.41897746972452005;4.460223321992405
14507;14507;2007-08-31;0.0111543028906604;1.11543028906604;4.471377624883066
14508;14508;2007-09-04;0.0104138092727721;1.0413809272772099;4.481791434155838
14509;14509;2007-09-05;-0.0115677737105786;-1.15677737105786;4.470223660445259
14510;14510;2007-09-06;0.0042428726764942;0.42428726764942;4.4744665331217535
14511;14511;2007-09-07;-0.0170530370774884;-1.7053037077488402;4.457413496044265
14512;14512;2007-09-10;-0.0012736241287942;-0.12736241287942;4.456139871915471
14513;14513;2007-09-11;0.0135402363541388;1.3540236354138802;4.46968010826961
14514;14514;2007-09-12;4.76165874498946e-05;0.00476165874498946;4.4697277248570595
14515;14515;2007-09-13;0.0083843157619201;0.83843157619201;4.47811204061898
14516;14516;2007-09-14;0.000202175733424;0.0202175733424;4.478314216352404
14517;14517;2007-09-17;-0.005133569272119;-0.5133569272119001;4.473180647080285
14518;14518;2007-09-18;0.0287895817258725;2.8789581725872497;4.501970228806157
14519;14519;2007-09-19;0.0060679597654163;0.60679597654163;4.5080381885715735
14520;14520;2007-09-20;-0.0067459382810959;-0.67459382810959;4.5012922502904775
14521;14521;2007-09-21;0.0045984643357455;0.45984643357455;4.505890714626223
14522;14522;2007-09-24;-0.0052703080792158;-0.52703080792158;4.500620406547007
14523;14523;2007-09-25;-0.0003426881685948;-0.03426881685948;4.500277718378412
14524;14524;2007-09-26;0.005396714626972;0.5396714626972;4.505674433005384
14525;14525;2007-09-27;0.0038994821098565;0.38994821098564997;4.509573915115241
14526;14526;2007-09-28;-0.0030279998103779;-0.30279998103779004;4.506545915304863
14527;14527;2007-10-01;0.0132021598414251;1.3202159841425098;4.519748075146288
14528;14528;2007-10-02;-0.0002650793372076;-0.026507933720759998;4.5194829958090805
14529;14529;2007-10-03;-0.004562248496323;-0.4562248496323;4.5149207473127575
14530;14530;2007-10-04;0.0021087267357371;0.21087267357371;4.517029474048495
14531;14531;2007-10-05;0.0095148812283723;0.9514881228372299;4.526544355276867
14532;14532;2007-10-08;-0.0032216981444923;-0.32216981444923;4.523322657132375
14533;14533;2007-10-09;0.0080636464298624;0.80636464298624;4.531386303562237
14534;14534;2007-10-10;-0.0017137974947401;-0.17137974947401;4.529672506067497
14535;14535;2007-10-11;-0.0051718095996014;-0.51718095996014;4.5245006964678955
14536;14536;2007-10-12;0.0047429593363528;0.47429593363528005;4.529243655804248
14537;14537;2007-10-15;-0.00841673245512;-0.8416732455120001;4.520826923349128
14538;14538;2007-10-16;-0.0065948672138525;-0.65948672138525;4.514232056135276
14539;14539;2007-10-17;0.001759846795502;0.1759846795502;4.515991902930778
14540;14540;2007-10-18;-0.0007529461887338;-0.07529461887338;4.515238956742044
14541;14541;2007-10-19;-0.025949311293501;-2.5949311293501;4.489289645448543
14542;14542;2007-10-22;0.0037911764047748;0.37911764047748;4.493080821853318
14543;14543;2007-10-23;0.008764339586536;0.8764339586536;4.501845161439854
14544;14544;2007-10-24;-0.0024444075433027;-0.24444075433027002;4.499400753896551
14545;14545;2007-10-25;-0.0009767949519581;-0.09767949519581;4.498423958944593
14546;14546;2007-10-26;0.01369345695608;1.369345695608;4.512117415900673
14547;14547;2007-10-29;0.0037057709727514;0.37057709727514;4.515823186873424
14548;14548;2007-10-30;-0.0064843716789768;-0.64843716789768;4.509338815194448
14549;14549;2007-10-31;0.0119206611262213;1.19206611262213;4.521259476320669
14550;14550;2007-11-01;-0.0267788890347616;-2.67788890347616;4.494480587285907
14551;14551;2007-11-02;0.0008018866759273;0.08018866759273001;4.495282473961835
14552;14552;2007-11-05;-0.0049670931263889;-0.49670931263889;4.490315380835446
14553;14553;2007-11-06;0.0119772051663798;1.19772051663798;4.5022925860018255
14554;14554;2007-11-07;-0.029809726749324;-2.9809726749324;4.472482859252501
14555;14555;2007-11-08;-0.0005761780776056;-0.05761780776056;4.471906681174896
14556;14556;2007-11-09;-0.0143900622480899;-1.4390062248089899;4.457516618926806
14557;14557;2007-11-12;-0.0100384522732844;-1.00384522732844;4.4474781666535215
14558;14558;2007-11-13;0.0286777843029586;2.86777843029586;4.47615595095648
14559;14559;2007-11-14;-0.0070944778965875;-0.70944778965875;4.4690614730598925
14560;14560;2007-11-15;-0.0133004887971184;-1.33004887971184;4.455760984262774
14561;14561;2007-11-16;0.0052166804766491;0.52166804766491;4.460977664739423
14562;14562;2007-11-19;-0.0176144815928989;-1.76144815928989;4.443363183146524
14563;14563;2007-11-20;0.0044761635525354;0.44761635525354004;4.44783934669906
14564;14564;2007-11-21;-0.0160550776140784;-1.6055077614078401;4.431784269084981
14565;14565;2007-11-23;0.0167494256728196;1.67494256728196;4.448533694757801
14566;14566;2007-11-26;-0.0235129662210323;-2.35129662210323;4.425020728536769
14567;14567;2007-11-27;0.0148197950173214;1.48197950173214;4.43984052355409
14568;14568;2007-11-28;0.0281596240471256;2.8159624047125598;4.468000147601216
14569;14569;2007-11-29;0.0004763613081655;0.04763613081655;4.468476508909381
14570;14570;2007-11-30;0.0077401849421088;0.77401849421088;4.47621669385149
14571;14571;2007-12-03;-0.0059047360890618;-0.5904736089061801;4.470311957762428
14572;14572;2007-12-04;-0.0065617378521096;-0.6561737852109599;4.4637502199103185
14573;14573;2007-12-05;0.0150759152461228;1.50759152461228;4.478826135156441
14574;14574;2007-12-06;0.0149249724706717;1.49249724706717;4.493751107627113
14575;14575;2007-12-07;-0.0017795037896393;-0.17795037896392998;4.491971603837474
14576;14576;2007-12-10;0.0074818942678192;0.74818942678192;4.499453498105293
14577;14577;2007-12-11;-0.0255958716918698;-2.55958716918698;4.473857626413423
14578;14578;2007-12-12;0.0060318794265823;0.6031879426582301;4.4798895058400054
14579;14579;2007-12-13;0.001223575278705;0.1223575278705;4.4811130811187105
14580;14580;2007-12-14;-0.013841622648072;-1.3841622648072;4.467271458470639
14581;14581;2007-12-17;-0.0151348546362806;-1.5134854636280601;4.452136603834358
14582;14582;2007-12-18;0.0062601594280202;0.62601594280202;4.458396763262378
14583;14583;2007-12-19;-0.0013617564904766;-0.13617564904766;4.457035006771902
14584;14584;2007-12-20;0.0048882361109861;0.48882361109861006;4.461923242882888
14585;14585;2007-12-21;0.0165324227879804;1.65324227879804;4.478455665670868
14586;14586;2007-12-24;0.0080445602281562;0.80445602281562;4.486500225899024
14587;14587;2007-12-26;0.0008083090280237;0.08083090280237;4.487308534927048
14588;14588;2007-12-27;-0.0143852629171581;-1.4385262917158101;4.47292327200989
14589;14589;2007-12-28;0.0015026400859614;0.15026400859614;4.474425912095851
14590;14590;2007-12-31;-0.0068751683919758;-0.68751683919758;4.4675507437038755
14591;14591;2008-01-02;-0.0145430828887374;-1.45430828887374;4.453007660815138
14592;14592;2008-01-03;0.0;0.0;4.453007660815138
14593;14593;2008-01-04;-0.0248579700167744;-2.48579700167744;4.428149690798364
14594;14594;2008-01-07;0.0032180753528434;0.32180753528434;4.431367766151207
14595;14595;2008-01-08;-0.0185227579589267;-1.8522757958926699;4.4128450081922805
14596;14596;2008-01-09;0.0135321102172785;1.3532110217278501;4.426377118409559
14597;14597;2008-01-10;0.0079167117754588;0.7916711775458799;4.434293830185018
14598;14598;2008-01-11;-0.0136886509554852;-1.36886509554852;4.420605179229533
14599;14599;2008-01-14;0.0108119763143026;1.08119763143026;4.431417155543835
14600;14600;2008-01-15;-0.0252409007192655;-2.52409007192655;4.40617625482457
14601;14601;2008-01-16;-0.0056278857224905;-0.56278857224905;4.400548369102079
14602;14602;2008-01-17;-0.0295241764197485;-2.95241764197485;4.371024192682331
14603;14603;2008-01-18;-0.0060637696361487;-0.6063769636148699;4.364960423046182
14604;14604;2008-01-22;-0.0111470570811019;-1.1147057081101899;4.35381336596508
14605;14605;2008-01-23;0.021215529973901;2.1215529973900997;4.375028895938981
14606;14606;2008-01-24;0.0100124377344279;1.00124377344279;4.385041333673409
14607;14607;2008-01-25;-0.0159992390586847;-1.5999239058684702;4.369042094614724
14608;14608;2008-01-28;0.0173961307208534;1.73961307208534;4.386438225335578
14609;14609;2008-01-29;0.0061408806066385;0.61408806066385;4.392579105942216
14610;14610;2008-01-30;-0.0047753785353785;-0.47753785353784994;4.387803727406838
14611;14611;2008-01-31;0.0166331524548324;1.6633152454832398;4.40443687986167
14612;14612;2008-02-01;0.0121632190818932;1.21632190818932;4.416600098943563
14613;14613;2008-02-04;-0.0105179902679815;-1.0517990267981498;4.406082108675582
14614;14614;2008-02-05;-0.032518472942983;-3.2518472942982997;4.373563635732599
14615;14615;2008-02-06;-0.0076528497818326;-0.76528497818326;4.365910785950766
14616;14616;2008-02-07;0.0078548426347575;0.7854842634757501;4.373765628585524
14617;14617;2008-02-08;-0.0042125801343191;-0.42125801343191;4.369553048451205
14618;14618;2008-02-11;0.0058717268413204;0.58717268413204;4.375424775292525
14619;14619;2008-02-12;0.0072396270325656;0.72396270325656;4.382664402325091
14620;14620;2008-02-13;0.0135123583447569;1.35123583447569;4.396176760669848
14621;14621;2008-02-14;-0.0135123583447569;-1.35123583447569;4.382664402325091
14622;14622;2008-02-15;0.0008373974666984;0.08373974666984;4.383501799791789
14623;14623;2008-02-19;-0.0008966759468584;-0.08966759468584;4.382605123844931
14624;14624;2008-02-20;0.0083062779900817;0.83062779900817;4.390911401835012
14625;14625;2008-02-21;-0.0129508645303282;-1.2950864530328199;4.377960537304684
14626;14626;2008-02-22;0.0078497204904257;0.7849720490425699;4.38581025779511
14627;14627;2008-02-25;0.0137181461912217;1.37181461912217;4.399528403986332
14628;14628;2008-02-26;0.0068940915725326;0.68940915725326;4.406422495558864
14629;14629;2008-02-27;-0.0009198670648471;-0.09198670648471;4.405502628494017
14630;14630;2008-02-28;-0.0089820931187505;-0.89820931187505;4.3965205353752665
14631;14631;2008-02-29;-0.0274633951426537;-2.74633951426537;4.369057140232613
14632;14632;2008-03-03;0.0005334102372067;0.053341023720670004;4.36959055046982
14633;14633;2008-03-04;-0.0034535855601962;-0.34535855601962;4.366136964909623
14634;14634;2008-03-05;0.0052246551804477;0.52246551804477;4.371361620090071
14635;14635;2008-03-06;-0.022259858258133;-2.2259858258133;4.349101761831938
14636;14636;2008-03-07;-0.0084459284333835;-0.8445928433383499;4.3406558333985545
14637;14637;2008-03-10;-0.0155842857940858;-1.55842857940858;4.325071547604469
14638;14638;2008-03-11;0.0364571323918295;3.64571323918295;4.361528679996298
14639;14639;2008-03-12;-0.0090362776877714;-0.9036277687771399;4.352492402308527
14640;14640;2008-03-13;0.0051138227095561;0.5113822709556101;4.357606225018083
14641;14641;2008-03-14;-0.0210022737622388;-2.1002273762238803;4.336603951255844
14642;14642;2008-03-17;-0.0089990540322055;-0.89990540322055;4.3276048972236385
14643;14643;2008-03-18;0.041534895928538;4.1534895928538;4.3691397931521765
14644;14644;2008-03-19;-0.0245869964078409;-2.45869964078409;4.344552796744336
14645;14645;2008-03-20;0.0236622862583094;2.36622862583094;4.368215083002645
14646;14646;2008-03-24;0.0152052424957416;1.52052424957416;4.383420325498387
14647;14647;2008-03-25;0.0023012474726691;0.23012474726690998;4.385721572971056
14648;14648;2008-03-26;-0.0088044048780231;-0.88044048780231;4.3769171680930326
14649;14649;2008-03-27;-0.011526658459533;-1.1526658459533001;4.3653905096334995
14650;14650;2008-03-28;-0.0079819574824782;-0.7981957482478199;4.357408552151021
14651;14651;2008-03-31;0.0056711350371614;0.56711350371614;4.363079687188183
14652;14652;2008-04-01;0.0352670924773024;3.5267092477302397;4.398346779665485
14653;14653;2008-04-02;-0.0019359433594656;-0.19359433594656;4.3964108363060195
14654;14654;2008-04-03;0.0013007922960479;0.13007922960479001;4.397711628602067
14655;14655;2008-04-04;0.0007956791225964;0.07956791225964001;4.398507307724664
14656;14656;2008-04-07;0.0015603807484341;0.15603807484341;4.400067688473098
14657;14657;2008-04-08;-0.0051130829274717;-0.5113082927471699;4.394954605545626
14658;14658;2008-04-09;-0.0081249910270431;-0.81249910270431;4.386829614518583
14659;14659;2008-04-10;0.0044640734402881;0.44640734402881;4.391293687958871
14660;14660;2008-04-11;-0.0205845976068595;-2.05845976068595;4.370709090352012
14661;14661;2008-04-14;-0.0033895229385745;-0.33895229385745;4.367319567413437
14662;14662;2008-04-15;0.0045893296210515;0.45893296210515;4.371908897034489
14663;14663;2008-04-16;0.0224376484246429;2.24376484246429;4.394346545459132
14664;14664;2008-04-17;0.000622720845369;0.062272084536899995;4.394969266304501
14665;14665;2008-04-18;0.0179764532693234;1.79764532693234;4.412945719573824
14666;14666;2008-04-21;-0.0015547327227478;-0.15547327227478;4.411390986851076
14667;14667;2008-04-22;-0.0088492736378187;-0.88492736378187;4.402541713213258
14668;14668;2008-04-23;0.0028957213478113;0.28957213478113003;4.405437434561069
14669;14669;2008-04-24;0.0064216144826732;0.64216144826732;4.411859049043742
14670;14670;2008-04-25;0.0064737368654181;0.64737368654181;4.41833278590916
14671;14671;2008-04-28;-0.0010521551036788;-0.10521551036788;4.4172806308054815
14672;14672;2008-04-29;-0.0038962734637531;-0.38962734637531;4.413384357341728
14673;14673;2008-04-30;-0.0038537179863347;-0.38537179863347;4.409530639355394
14674;14674;2008-05-01;0.016995468401257;1.6995468401257;4.426526107756651
14675;14675;2008-05-02;0.0032303750170896;0.32303750170896;4.42975648277374
14676;14676;2008-05-05;-0.004543891484098;-0.4543891484098;4.425212591289642
14677;14677;2008-05-06;0.0076228060877525;0.76228060877525;4.432835397377395
14678;14678;2008-05-07;-0.0182798531152004;-1.82798531152004;4.414555544262194
14679;14679;2008-05-08;0.0036628357410659;0.36628357410659;4.41821838000326
14680;14680;2008-05-09;-0.0067481660836854;-0.67481660836854;4.411470213919575
14681;14681;2008-05-12;0.0109604924673654;1.0960492467365401;4.42243070638694
14682;14682;2008-05-13;-0.0003847453574916;-0.03847453574916;4.422045961029449
14683;14683;2008-05-14;0.0039975831976102;0.39975831976102;4.426043544227059
14684;14684;2008-05-15;0.010528841120542;1.0528841120542;4.436572385347601
14685;14685;2008-05-16;0.0012496175956977;0.12496175956976999;4.437822002943299
14686;14686;2008-05-19;0.0008976424059623;0.08976424059623;4.438719645349261
14687;14687;2008-05-20;-0.0093168569105568;-0.93168569105568;4.429402788438704
14688;14688;2008-05-21;-0.0161837861981757;-1.61837861981757;4.413219002240528
14689;14689;2008-05-22;0.0026139595950969;0.26139595950969;4.415832961835625
14690;14690;2008-05-23;-0.0132984342815874;-1.3298434281587401;4.402534527554038
14691;14691;2008-05-27;0.0068228926009226;0.6822892600922601;4.409357420154961
14692;14692;2008-05-28;0.0039550587467873;0.39550587467873005;4.413312478901748
14693;14693;2008-05-29;0.0053207569246289;0.53207569246289;4.418633235826377
14694;14694;2008-05-30;0.0015150182904095;0.15150182904095;4.4201482541167865
14695;14695;2008-06-02;-0.0105598229989941;-1.05598229989941;4.409588431117792
14696;14696;2008-06-03;-0.005804642474577;-0.5804642474577;4.403783788643215
14697;14697;2008-06-04;-0.000326749556665;-0.0326749556665;4.40345703908655
14698;14698;2008-06-05;0.0193085355013674;1.93085355013674;4.422765574587918
14699;14699;2008-06-06;-0.0313763379285117;-3.13763379285117;4.391389236659406
14700;14700;2008-06-09;0.0007933736143019;0.07933736143019;4.392182610273708
14701;14701;2008-06-10;-0.0024410489731776;-0.24410489731776;4.38974156130053
14702;14702;2008-06-11;-0.017038680897091;-1.7038680897090999;4.372702880403439
14703;14703;2008-06-12;0.0032743323798056;0.32743323798056;4.375977212783245
14704;14704;2008-06-13;0.0149341890517674;1.49341890517674;4.390911401835012
14705;14705;2008-06-16;8.08670033718428e-05;0.00808670033718428;4.390992268838384
14706;14706;2008-06-17;-0.0067943625179705;-0.67943625179705;4.384197906320414
14707;14707;2008-06-18;-0.0097592914016102;-0.97592914016102;4.3744386149188035
14708;14708;2008-06-19;0.0037453017487392;0.37453017487392;4.378183916667543
14709;14709;2008-06-20;-0.0187169296144543;-1.87169296144543;4.359466987053088
14710;14710;2008-06-23;5.3071210983191e-05;0.0053071210983191;4.359520058264072
14711;14711;2008-06-24;-0.0028188105425694;-0.28188105425694;4.356701247721502
14712;14712;2008-06-25;0.0058264008077415;0.58264008077415;4.362527648529244
14713;14713;2008-06-26;-0.0298050153578444;-2.98050153578444;4.332722633171399
14714;14714;2008-06-27;-0.0037243557246418;-0.37243557246418;4.3289982774467575
14715;14715;2008-06-30;0.0012664226685243;0.12664226685243002;4.330264700115282
14716;14716;2008-07-01;0.003828625513309;0.38286255133089997;4.334093325628591
14717;14717;2008-07-02;-0.0183713444757503;-1.8371344475750302;4.315721981152841
14718;14718;2008-07-03;0.0010933237047829;0.10933237047829;4.316815304857624
14719;14719;2008-07-07;-0.0084207896979311;-0.8420789697931099;4.3083945151596925
14720;14720;2008-07-08;0.0169361191670419;1.69361191670419;4.325330634326734
14721;14721;2008-07-09;-0.0230395566162516;-2.30395566162516;4.302291077710483
14722;14722;2008-07-10;0.006965436918402;0.6965436918401999;4.309256514628885
14723;14723;2008-07-11;-0.0111518958216612;-1.11518958216612;4.298104618807224
14724;14724;2008-07-14;-0.0090688571680219;-0.90688571680219;4.289035761639202
14725;14725;2008-07-15;-0.0109611114950159;-1.09611114950159;4.278074650144186
14726;14726;2008-07-16;0.0247546047403171;2.47546047403171;4.302829254884503
14727;14727;2008-07-17;0.0119409814258686;1.19409814258686;4.3147702363103715
14728;14728;2008-07-18;0.0002856866342311;0.02856866342311;4.315055922944603
14729;14729;2008-07-21;-0.0005395797974596;-0.05395797974596;4.314516343147143
14730;14730;2008-07-22;0.0134018560870155;1.34018560870155;4.327918199234158
14731;14731;2008-07-23;0.0040559303798772;0.40559303798772;4.331974129614036
14732;14732;2008-07-24;-0.02339598669887;-2.339598669887;4.308578142915166
14733;14733;2008-07-25;0.0041588482825423;0.41588482825423;4.312736991197708
14734;14734;2008-07-28;-0.0187716545983667;-1.8771654598366698;4.293965336599341
14735;14735;2008-07-29;0.0230874307533355;2.3087430753335503;4.317052767352677
14736;14736;2008-07-30;0.0165345395984913;1.6534539598491298;4.333587306951168
14737;14737;2008-07-31;-0.0132309033771962;-1.32309033771962;4.320356403573972
14738;14738;2008-08-01;-0.0055940121277657;-0.55940121277657;4.314762391446206
14739;14739;2008-08-04;-0.0090065237395951;-0.9006523739595099;4.305755867706611
14740;14740;2008-08-05;0.0283140871410641;2.83140871410641;4.334069954847675
14741;14741;2008-08-06;0.0033487357516008;0.33487357516008;4.337418690599276
14742;14742;2008-08-07;-0.0180964966146835;-1.80964966146835;4.3193221939845925
14743;14743;2008-08-08;0.0236118675749699;2.36118675749699;4.342934061559562
14744;14744;2008-08-11;0.0069187406984161;0.6918740698416099;4.3498528022579785
14745;14745;2008-08-12;-0.0121238680414617;-1.21238680414617;4.337728934216517
14746;14746;2008-08-13;-0.0029199220207543;-0.29199220207543;4.3348090121957625
14747;14747;2008-08-14;0.0055066124134723;0.55066124134723;4.340315624609235
14748;14748;2008-08-15;0.0040676494471823;0.40676494471823005;4.344383274056417
14749;14749;2008-08-18;-0.0152129412927025;-1.52129412927025;4.329170332763715
14750;14750;2008-08-19;-0.0093585582108524;-0.9358558210852399;4.319811774552862
14751;14751;2008-08-20;0.0061782074285137;0.61782074285137;4.325989981981376
14752;14752;2008-08-21;0.0024918571250447;0.24918571250447;4.328481839106421
14753;14753;2008-08-22;0.0112689372994357;1.12689372994357;4.3397507764058565
14754;14754;2008-08-25;-0.0198205702530663;-1.9820570253066299;4.31993020615279
14755;14755;2008-08-26;0.0036795944714418;0.36795944714418;4.323609800624232
14756;14756;2008-08-27;0.0079509608031216;0.7950960803121601;4.331560761427354
14757;14757;2008-08-28;0.0147311069066687;1.4731106906668698;4.346291868334022
14758;14758;2008-08-29;-0.0138187055436507;-1.38187055436507;4.332473162790372
14759;14759;2008-09-02;-0.0041009116025039;-0.41009116025038994;4.328372251187868
14760;14760;2008-09-03;-0.0020371524777838;-0.20371524777838;4.326335098710084
14761;14761;2008-09-04;-0.0303788573994099;-3.03788573994099;4.295956241310674
14762;14762;2008-09-05;0.004420978155796;0.44209781557960004;4.30037721946647
14763;14763;2008-09-08;0.0203026606368546;2.03026606368546;4.320679880103325
14764;14764;2008-09-09;-0.0347344857776859;-3.4734485777685897;4.285945394325639
14765;14765;2008-09-10;0.0061305916296703;0.61305916296703;4.292075985955309
14766;14766;2008-09-11;0.0137119378260619;1.37119378260619;4.305787923781371
14767;14767;2008-09-12;0.0021192866074644;0.21192866074644;4.307907210388835
14768;14768;2008-09-15;-0.0482829846858506;-4.82829846858506;4.259624225702985
14769;14769;2008-09-16;0.017371525757083;1.7371525757083;4.276995751460068
14770;14770;2008-09-17;-0.0482880327090527;-4.82880327090527;4.228707718751015
14771;14771;2008-09-18;0.0424288062073401;4.24288062073401;4.271136524958355
14772;14772;2008-09-19;0.0394673777399142;3.9467377739914196;4.310603902698269
14773;14773;2008-09-22;-0.0389868043085846;-3.89868043085846;4.271617098389685
14774;14774;2008-09-23;-0.0157561116312053;-1.5756111631205298;4.25586098675848
14775;14775;2008-09-24;-0.0019796863650061;-0.19796863650061;4.2538813003934735
14776;14776;2008-09-25;0.0194658103739611;1.94658103739611;4.273347110767435
14777;14777;2008-09-26;0.0033767217166875;0.33767217166875;4.276723832484122
14778;14778;2008-09-29;-0.0921895926824616;-9.21895926824616;4.1845342398016605
14779;14779;2008-09-30;0.0527581576529794;5.27581576529794;4.23729239745464
14780;14780;2008-10-01;-0.0045543434882775;-0.45543434882774997;4.232738053966362
14781;14781;2008-10-02;-0.0411249493348764;-4.11249493348764;4.191613104631486
14782;14782;2008-10-03;-0.0135985659523525;-1.3598565952352502;4.178014538679133
14783;14783;2008-10-06;-0.0392792689474684;-3.92792689474684;4.138735269731665
14784;14784;2008-10-07;-0.0591077919851264;-5.91077919851264;4.079627477746539
14785;14785;2008-10-08;-0.0113974069031491;-1.1397406903149099;4.06823007084339
14786;14786;2008-10-09;-0.0792240627662419;-7.92240627662419;3.9890060080771477
14787;14787;2008-10-10;-0.011828976240742;-1.1828976240742;3.9771770318364057
14788;14788;2008-10-13;0.109571967677871;10.9571967677871;4.086748999514277
14789;14789;2008-10-14;-0.0053363499913743;-0.5336349991374301;4.081412649522902
14790;14790;2008-10-15;-0.0946951249598742;-9.46951249598742;3.986717524563028
14791;14791;2008-10-16;0.0416288224743084;4.16288224743084;4.028346347037337
14792;14792;2008-10-17;-0.0062322060551807;-0.62322060551807;4.022114140982156
14793;14793;2008-10-20;0.0465828766849175;4.65828766849175;4.068697017667073
14794;14794;2008-10-21;-0.0312839918990973;-3.12839918990973;4.037413025767976
14795;14795;2008-10-22;-0.0629530802356726;-6.2953080235672605;3.9744599455323035
14796;14796;2008-10-23;0.0125548977897267;1.25548977897267;3.9870148433220303
14797;14797;2008-10-24;-0.0351207770294861;-3.51207770294861;3.951894066292544
14798;14798;2008-10-27;-0.0322797897489293;-3.2279789748929297;3.919614276543615
14799;14799;2008-10-28;0.102457358617304;10.2457358617304;4.022071635160919
14800;14800;2008-10-29;-0.0111409072713213;-1.11409072713213;4.010930727889598
14801;14801;2008-10-30;0.0254766502324637;2.54766502324637;4.036407378122061
14802;14802;2008-10-31;0.0152485457471148;1.52485457471148;4.051655923869176
14803;14803;2008-11-03;-0.0025322480807981;-0.25322480807981;4.049123675788378
14804;14804;2008-11-04;0.0400144782431386;4.00144782431386;4.089138154031517
14805;14805;2008-11-05;-0.0541152584391771;-5.41152584391771;4.0350228955923395
14806;14806;2008-11-06;-0.0515712086420006;-5.15712086420006;3.983451686950339
14807;14807;2008-11-07;0.0284461815908461;2.84461815908461;4.011897868541185
14808;14808;2008-11-10;-0.0127338959053622;-1.27338959053622;3.999163972635823
14809;14809;2008-11-11;-0.0222872005129924;-2.22872005129924;3.9768767721228304
14810;14810;2008-11-12;-0.053288865472509;-5.3288865472509;3.9235879066503214
14811;14811;2008-11-13;0.0669225905167732;6.69225905167732;3.9905104971670946
14812;14812;2008-11-14;-0.0425934906221732;-4.25934906221732;3.9479170065449214
14813;14813;2008-11-17;-0.0261493499622869;-2.6149349962286896;3.9217676565826345
14814;14814;2008-11-18;0.009790290349037;0.9790290349037001;3.9315579469316715
14815;14815;2008-11-19;-0.0631054959591921;-6.31054959591921;3.8684524509724794
14816;14816;2008-11-20;-0.0694818458880215;-6.9481845888021505;3.798970605084458
14817;14817;2008-11-21;0.0613280013306214;6.13280013306214;3.8602986064150793
14818;14818;2008-11-24;0.0627142317038336;6.271423170383359;3.923012838118913
14819;14819;2008-11-25;0.0065294135058069;0.65294135058069;3.92954225162472
14820;14820;2008-11-26;0.034718401377587;3.4718401377587;3.964260653002307
14821;14821;2008-11-28;0.0095969132920545;0.9596913292054501;3.9738575662943614
14822;14822;2008-12-01;-0.0935365213431991;-9.35365213431991;3.8803210449511623
14823;14823;2008-12-02;0.0391636644629507;3.91636644629507;3.919484709414113
14824;14824;2008-12-03;0.0255080471306171;2.55080471306171;3.94499275654473
14825;14825;2008-12-04;-0.0297464991534344;-2.97464991534344;3.9152462573912956
14826;14826;2008-12-05;0.0358490902202151;3.5849090220215105;3.9510953476115107
14827;14827;2008-12-08;0.0376688836092862;3.7668883609286197;3.988764231220797
14828;14828;2008-12-09;-0.0233889441476451;-2.33889441476451;3.965375287073152
14829;14829;2008-12-10;0.0118240071437743;1.18240071437743;3.977199294216926
14830;14830;2008-12-11;-0.028938762069683;-2.8938762069683;3.948260532147243
14831;14831;2008-12-12;0.0070038305322333;0.7003830532233299;3.9552643626794763
14832;14832;2008-12-15;-0.0127668302519286;-1.27668302519286;3.9424975324275477
14833;14833;2008-12-16;0.0500848165169145;5.00848165169145;3.9925823489444623
14834;14834;2008-12-17;-0.009639170271317;-0.9639170271317001;3.9829431786731453
14835;14835;2008-12-18;-0.0213898235637293;-2.13898235637293;3.961553355109416
14836;14836;2008-12-19;0.0029325924490546;0.29325924490545996;3.9644859475584706
14837;14837;2008-12-22;-0.0184715766838766;-1.84715766838766;3.946014370874594
14838;14838;2008-12-23;-0.0097649852861216;-0.97649852861216;3.9362493855884724
14839;14839;2008-12-24;0.0057644960482852;0.5764496048285199;3.9420138816367576
14840;14840;2008-12-26;0.0053418823348678;0.53418823348678;3.9473557639716255
14841;14841;2008-12-29;-0.0038801176623461;-0.38801176623461;3.9434756463092793
14842;14842;2008-12-30;0.024114019154613;2.4114019154613;3.9675896654638922
14843;14843;2008-12-31;0.0140590477654765;1.40590477654765;3.9816487132293688
14844;14844;2009-01-02;0.0311188164766465;3.1118816476646503;4.012767529706015
14845;14845;2009-01-05;-0.0046792888930058;-0.46792888930057996;4.008088240813009
14846;14846;2009-01-06;0.0077867374154916;0.7786737415491599;4.015874978228501
14847;14847;2009-01-07;-0.0304691204557725;-3.04691204557725;3.9854058577727285
14848;14848;2009-01-08;0.0033913156334062;0.33913156334062;3.9887971734061347
14849;14849;2009-01-09;-0.0215332133128845;-2.15332133128845;3.96726396009325
14850;14850;2009-01-12;-0.0228225878244084;-2.2822587824408402;3.944441372268842
14851;14851;2009-01-13;0.0017565149150851;0.17565149150851;3.946197887183927
14852;14852;2009-01-14;-0.0340324645978924;-3.4032464597892402;3.9121654225860345
14853;14853;2009-01-15;0.0013282990282466;0.13282990282466;3.913493721614281
14854;14854;2009-01-16;0.0075331316963058;0.7533131696305799;3.921026853310587
14855;14855;2009-01-20;-0.0542620141173771;-5.4262014117377095;3.86676483919321
14856;14856;2009-01-21;0.0425720574215678;4.2572057421567795;3.9093368966147777
14857;14857;2009-01-22;-0.0152784461619406;-1.52784461619406;3.894058450452837
14858;14858;2009-01-23;0.0053632500342422;0.5363250034242201;3.8994217004870793
14859;14859;2009-01-26;0.0055378500161431;0.55378500161431;3.9049595505032224
14860;14860;2009-01-27;0.0108663299543723;1.08663299543723;3.9158258804575947
14861;14861;2009-01-28;0.0330068388156581;3.30068388156581;3.948832719273253
14862;14862;2009-01-29;-0.0336810642160428;-3.36810642160428;3.91515165505721
14863;14863;2009-01-30;-0.0230528212847645;-2.30528212847645;3.8920988337724456
14864;14864;2009-02-02;-0.0005329106515361;-0.05329106515361;3.8915659231209094
14865;14865;2009-02-03;0.0157099392572118;1.57099392572118;3.907275862378121
14866;14866;2009-02-04;-0.0075176982825535;-0.75176982825535;3.8997581640955676
14867;14867;2009-02-05;0.0162331896535264;1.62331896535264;3.915991353749094
14868;14868;2009-02-06;0.026540681922576;2.6540681922576;3.94253203567167
14869;14869;2009-02-09;0.0014840916467253;0.14840916467253;3.9440161273183953
14870;14870;2009-02-10;-0.0503686700730261;-5.03686700730261;3.893647457245369
14871;14871;2009-02-11;0.0079234771170089;0.7923477117008901;3.901570934362378
14872;14872;2009-02-12;0.0017376551105243;0.17376551105243002;3.9033085894729025
14873;14873;2009-02-13;-0.0100480076858052;-1.00480076858052;3.8932605817870973
14874;14874;2009-02-17;-0.0466294998790584;-4.66294998790584;3.846631081908039
14875;14875;2009-02-18;-0.0009508174781371;-0.09508174781371;3.8456802644299017
14876;14876;2009-02-19;-0.0120968975791254;-1.2096897579125399;3.8335833668507764
14877;14877;2009-02-20;-0.0114785914280864;-1.14785914280864;3.82210477542269
14878;14878;2009-02-23;-0.0353153178799461;-3.53153178799461;3.786789457542744
14879;14879;2009-02-24;0.0393200497973139;3.93200497973139;3.8261095073400577
14880;14880;2009-02-25;-0.0107150264339682;-1.07150264339682;3.8153944809060896
14881;14881;2009-02-26;-0.0159056764237766;-1.59056764237766;3.799488804482313
14882;14882;2009-02-27;-0.0238464838543342;-2.3846483854334197;3.7756423206279788
14883;14883;2009-03-02;-0.0477418894103172;-4.77418894103172;3.7279004312176616
14884;14884;2009-03-03;-0.0064273777047487;-0.64273777047487;3.721473053512913
14885;14885;2009-03-04;0.0234753582745517;2.34753582745517;3.7449484117874645
14886;14886;2009-03-05;-0.0434633017179884;-4.34633017179884;3.701485110069476
14887;14887;2009-03-06;0.0012153142641482;0.12153142641482;3.7027004243336243
14888;14888;2009-03-09;-0.0100742457406087;-1.00742457406087;3.6926261785930157
14889;14889;2009-03-10;0.0617186333331183;6.17186333331183;3.754344811926134
14890;14890;2009-03-11;0.0024428296730807;0.24428296730807003;3.7567876415992147
14891;14891;2009-03-12;0.0399210750436207;3.9921075043620697;3.7967087166428355
14892;14892;2009-03-13;0.0077092355948869;0.7709235594886901;3.8044179522377224
14893;14893;2009-03-16;-0.0035221203682862;-0.35221203682861996;3.800895831869436
14894;14894;2009-03-17;0.0316342588360552;3.1634258836055205;3.8325300907054913
14895;14895;2009-03-18;0.0206433924487781;2.06433924487781;3.8531734831542694
14896;14896;2009-03-19;-0.013064128555369;-1.3064128555369001;3.8401093545989005
14897;14897;2009-03-20;-0.0199674289518876;-1.9967428951887598;3.820141925647013
14898;14898;2009-03-23;0.0683663875024916;6.83663875024916;3.8885083131495044
14899;14899;2009-03-24;-0.0206263613511473;-2.06263613511473;3.867881951798357
14900;14900;2009-03-25;0.0095803325343757;0.9580332534375701;3.877462284332733
14901;14901;2009-03-26;0.0230526016737294;2.30526016737294;3.9005148860064622
14902;14902;2009-03-27;-0.0205247175047596;-2.05247175047596;3.8799901685017026
14903;14903;2009-03-30;-0.0354393232638124;-3.5439323263812397;3.8445508452378903
14904;14904;2009-03-31;0.013044168607852;1.3044168607852;3.857595013845742
14905;14905;2009-04-01;0.016421043215848;1.6421043215848;3.8740160570615902
14906;14906;2009-04-02;0.0283222262125245;2.83222262125245;3.9023382832741147
14907;14907;2009-04-03;0.009684722154021;0.9684722154021;3.9120230054281357
14908;14908;2009-04-06;-0.0083672761777355;-0.83672761777355;3.9036557292504
14909;14909;2009-04-07;-0.024143668502739;-2.4143668502739;3.879512060747661
14910;14910;2009-04-08;0.0117145566578376;1.17145566578376;3.891226617405499
14911;14911;2009-04-09;0.0373470913112142;3.73470913112142;3.928573708716713
14912;14912;2009-04-13;0.0025301647948374;0.25301647948374;3.9311038735115504
14913;14913;2009-04-14;-0.0202685166790708;-2.02685166790708;3.9108353568324796
14914;14914;2009-04-15;0.0124709309068631;1.24709309068631;3.9233062877393428
14915;14915;2009-04-16;0.0154193092069468;1.54193092069468;3.9387255969462895
14916;14916;2009-04-17;0.0049570544634329;0.49570544634329006;3.9436826514097225
14917;14917;2009-04-20;-0.0437322091954568;-4.3732209195456795;3.8999504422142657
14918;14918;2009-04-21;0.0210293836881039;2.1029383688103898;3.9209798259023696
14919;14919;2009-04-22;-0.0077113198743612;-0.77113198743612;3.9132685060280084
14920;14920;2009-04-23;0.0098734429258131;0.98734429258131;3.9231419489538215
14921;14921;2009-04-24;0.0166578333737339;1.66578333737339;3.9397997823275555
14922;14922;2009-04-27;-0.0101175866845882;-1.01175866845882;3.9296821956429673
14923;14923;2009-04-28;-0.0027442980821801;-0.27442980821801;3.926937897560787
14924;14924;2009-04-29;0.0213798542985861;2.13798542985861;3.9483177518593733
14925;14925;2009-04-30;-0.0009505191174259;-0.09505191174258999;3.9473672327419473
14926;14926;2009-05-01;0.0053818803542533;0.53818803542533;3.9527491130962007
14927;14927;2009-05-04;0.0333072427952121;3.3307242795212098;3.986056355891413
14928;14928;2009-05-05;-0.0037989289898883;-0.37989289898883;3.9822574269015245
14929;14929;2009-05-06;0.017254617777497;1.7254617777497;3.9995120446790215
14930;14930;2009-05-07;-0.0132903382754623;-1.32903382754623;3.986221706403559
14931;14931;2009-05-08;0.0237839014872199;2.37839014872199;4.010005607890779
14932;14932;2009-05-11;-0.0217471899560744;-2.17471899560744;3.9882584179347047
14933;14933;2009-05-12;-0.0009793342698651;-0.09793342698651;3.9872790836648395
14934;14934;2009-05-13;-0.027263198890811;-2.7263198890811;3.9600158847740285
14935;14935;2009-05-14;0.0102984315280912;1.0298431528091199;3.9703143163021197
14936;14936;2009-05-15;-0.0114756764082955;-1.14756764082955;3.9588386398938242
14937;14937;2009-05-18;0.0299365948938579;2.99365948938579;3.988775234787682
14938;14938;2009-05-19;-0.0017383459208879;-0.17383459208879;3.987036888866794
14939;14939;2009-05-20;-0.0051446724884955;-0.51446724884955;3.9818922163782986
14940;14940;2009-05-21;-0.016899558460068;-1.6899558460068;3.9649926579182306
14941;14941;2009-05-22;-0.0014983324070323;-0.14983324070323;3.9634943255111983
14942;14942;2009-05-26;0.0259622075014638;2.59622075014638;3.989456533012662
14943;14943;2009-05-27;-0.019153424181412;-1.9153424181411998;3.97030310883125
14944;14944;2009-05-28;0.0153012545732159;1.53012545732159;3.985604363404466
14945;14945;2009-05-29;0.013483446369416;1.3483446369416;3.999087809773882
14946;14946;2009-06-01;0.0254899433546445;2.54899433546445;4.0245777531285265
14947;14947;2009-06-02;0.0019813368509522;0.19813368509522;4.026559089979479
14948;14948;2009-06-03;-0.0138344652510858;-1.3834465251085801;4.012724624728393
14949;14949;2009-06-04;0.0114182199196389;1.14182199196389;4.024142844648032
14950;14950;2009-06-05;-0.0025178573640873;-0.25178573640873;4.0216249872839445
14951;14951;2009-06-08;-0.0010110652338424;-0.10110652338424;4.020613922050102
14952;14952;2009-06-09;0.0034970597308516;0.34970597308516;4.024110981780954
14953;14953;2009-06-10;-0.0034864021648823;-0.34864021648823;4.020624579616071
14954;14954;2009-06-11;0.0060932980624999;0.60932980624999;4.026717877678571
14955;14955;2009-06-12;0.0013960205050507;0.13960205050507;4.028113898183622
14956;14956;2009-06-15;-0.0240555909611047;-2.40555909611047;4.004058307222517
14957;14957;2009-06-16;-0.012801901023745;-1.2801901023745;3.9912564061987723
14958;14958;2009-06-17;-0.001382523762289;-0.1382523762289;3.989873882436483
14959;14959;2009-06-18;0.0083758148472536;0.83758148472536;3.998249697283737
14960;14960;2009-06-19;0.0031093578420158;0.31093578420158;4.001359055125753
14961;14961;2009-06-22;-0.031078363852612;-3.1078363852612;3.9702806912731408
14962;14962;2009-06-23;0.0023040689927249;0.23040689927249;3.9725847602658657
14963;14963;2009-06-24;0.006503247871799;0.6503247871799;3.9790880081376647
14964;14964;2009-06-25;0.0212175847428711;2.12175847428711;4.000305592880536
14965;14965;2009-06-26;-0.0014789210538932;-0.14789210538932002;3.9988266718266425
14966;14966;2009-06-29;0.0090242967863307;0.90242967863307;4.007850968612973
14967;14967;2009-06-30;-0.008567351480301;-0.8567351480301;3.999283617132672
14968;14968;2009-07-01;0.0043524448790206;0.43524448790206;4.003636062011693
14969;14969;2009-07-02;-0.0295776846284292;-2.95776846284292;3.9740583773832636
14970;14970;2009-07-06;0.0025624623343629;0.25624623343629;3.9766208397176266
14971;14971;2009-07-07;-0.0198797860301791;-1.9879786030179099;3.9567410536874474
14972;14972;2009-07-08;-0.0016699303291227;-0.16699303291227;3.9550711233583247
14973;14973;2009-07-09;0.0035409459277806;0.35409459277806;3.9586120692861053
14974;14974;2009-07-10;-0.0040299383116968;-0.40299383116967996;3.9545821309744085
14975;14975;2009-07-13;0.0246279488736949;2.46279488736949;3.9792100798481034
14976;14976;2009-07-14;0.0053019831658875;0.5301983165887499;3.984512063013991
14977;14977;2009-07-15;0.0291994350631661;2.91994350631661;4.013711498077157
14978;14978;2009-07-16;0.0086046340949463;0.8604634094946301;4.0223161321721035
14979;14979;2009-07-17;-0.0003827347594533;-0.03827347594533;4.02193339741265
14980;14980;2009-07-20;0.0113667024613227;1.13667024613227;4.033300099873973
14981;14981;2009-07-21;0.003620714305101;0.3620714305101;4.036920814179074
14982;14982;2009-07-22;-0.0005344196219585;-0.05344196219585;4.036386394557115
14983;14983;2009-07-23;0.023022599536132;2.3022599536132002;4.059408994093247
14984;14984;2009-07-24;0.0030375437108238;0.30375437108238;4.062446537804071
14985;14985;2009-07-27;0.0029773892167321;0.29773892167321003;4.065423927020803
14986;14986;2009-07-28;-0.0026098475570757;-0.26098475570757;4.0628140794637275
14987;14987;2009-07-29;-0.0045734063319233;-0.45734063319233;4.058240673131804
14988;14988;2009-07-30;0.0118253846127718;1.18253846127718;4.070066057744576
14989;14989;2009-07-31;0.0007395086090902;0.07395086090902;4.070805566353666
14990;14990;2009-08-03;0.015225608418854;1.5225608418854;4.08603117477252
14991;14991;2009-08-04;0.0030075698934908;0.30075698934907996;4.089038744666011
14992;14992;2009-08-05;-0.0029178439093611;-0.29178439093611;4.08612090075665
14993;14993;2009-08-06;-0.0056405330403555;-0.56405330403555;4.080480367716294
14994;14994;2009-08-07;0.0133497001584706;1.33497001584706;4.093830067874765
14995;14995;2009-08-10;-0.003350555849849;-0.3350555849849;4.090479512024916
14996;14996;2009-08-11;-0.0127409356041577;-1.27409356041577;4.077738576420758
14997;14997;2009-08-12;0.011459230815313;1.1459230815313;4.089197807236071
14998;14998;2009-08-13;0.0068564498944301;0.68564498944301;4.096054257130501
14999;14999;2009-08-14;-0.0085679493704784;-0.8567949370478399;4.087486307760023
15000;15000;2009-08-17;-0.0245599614715646;-2.45599614715646;4.062926346288458
15001;15001;2009-08-18;0.0100945339631151;1.00945339631151;4.0730208802515735
15002;15002;2009-08-19;0.0068374833836788;0.68374833836788;4.079858363635252
15003;15003;2009-08-20;0.0108892278403427;1.08892278403427;4.090747591475595
15004;15004;2009-08-21;0.0184514799559539;1.84514799559539;4.109199071431549
15005;15005;2009-08-24;-0.0005459463150421;-0.05459463150421;4.108653125116507
15006;15006;2009-08-25;0.0023666641002222;0.23666641002222;4.111019789216729
15007;15007;2009-08-26;0.0001167198416709;0.01167198416709;4.1111365090584
15008;15008;2009-08-27;0.0027778999309093;0.27778999309093;4.113914408989309
15009;15009;2009-08-28;-0.0019903069967774;-0.19903069967774;4.111924101992532
15010;15010;2009-08-31;-0.008109198936137;-0.8109198936136999;4.103814903056395
15011;15011;2009-09-01;-0.0223722262293844;-2.23722262293844;4.0814426768270105
15012;15012;2009-09-02;-0.0033018843183532;-0.33018843183532;4.078140792508657
15013;15013;2009-09-03;0.0084985822173235;0.84985822173235;4.086639374725981
15014;15014;2009-09-04;0.0130322435343979;1.30322435343979;4.099671618260379
15015;15015;2009-09-08;0.0088060465800783;0.8806046580078299;4.108477664840457
15016;15016;2009-09-09;0.007752258569182;0.7752258569182;4.116229923409639
15017;15017;2009-09-10;0.0103682932267617;1.03682932267617;4.126598216636401
15018;15018;2009-09-11;-0.0013513397748328;-0.13513397748328;4.125246876861568
15019;15019;2009-09-14;0.0063191080278866;0.63191080278866;4.131565984889455
15020;15020;2009-09-15;0.0031304364307338;0.31304364307338;4.134696421320188
15021;15021;2009-09-16;0.0152073081704103;1.5207308170410299;4.149903729490599
15022;15022;2009-09-17;-0.0030643294448369;-0.30643294448369;4.146839400045762
15023;15023;2009-09-18;0.0026338679749633;0.26338679749633;4.149473268020725
15024;15024;2009-09-21;-0.0034131145375493;-0.34131145375493;4.146060153483176
15025;15025;2009-09-22;0.00655334858937;0.655334858937;4.152613502072546
15026;15026;2009-09-23;-0.0101195583959148;-1.01195583959148;4.142493943676631
15027;15027;2009-09-24;-0.0095565483638386;-0.95565483638386;4.132937395312792
15028;15028;2009-09-25;-0.0061093604330819;-0.61093604330819;4.12682803487971
15029;15029;2009-09-28;0.017652852996382;1.7652852996382;4.144480887876092
15030;15030;2009-09-29;-0.0022320655333913;-0.22320655333913;4.142248822342701
15031;15031;2009-09-30;-0.0033338518554746;-0.33338518554746;4.138914970487226
15032;15032;2009-10-01;-0.0260972110394855;-2.60972110394855;4.112817759447741
15033;15033;2009-10-02;-0.0045157056504612;-0.45157056504612;4.10830205379728
15034;15034;2009-10-05;0.0147654539594306;1.4765453959430601;4.12306750775671
15035;15035;2009-10-06;0.0136124157904565;1.36124157904565;4.136679923547167
15036;15036;2009-10-07;0.0027079362273445;0.27079362273445;4.139387859774511
15037;15037;2009-10-08;0.0074421454884605;0.74421454884605;4.146830005262972
15038;15038;2009-10-09;0.005624810764778;0.5624810764778;4.15245481602775
15039;15039;2009-10-12;0.0043767774098144;0.43767774098144;4.156831593437564
15040;15040;2009-10-13;-0.002791504631868;-0.2791504631868;4.154040088805696
15041;15041;2009-10-14;0.0173937438660525;1.73937438660525;4.171433832671749
15042;15042;2009-10-15;0.0041488502576196;0.41488502576196;4.1755826829293685
15043;15043;2009-10-16;-0.0081310235730445;-0.81310235730445;4.167451659356324
15044;15044;2009-10-19;0.0093613663100899;0.9361366310089899;4.176813025666414
15045;15045;2009-10-20;-0.0062586486510163;-0.62586486510163;4.170554377015398
15046;15046;2009-10-21;-0.0088932346724215;-0.8893234672421501;4.161661142342976
15047;15047;2009-10-22;0.0105873745769909;1.05873745769909;4.172248516919967
15048;15048;2009-10-23;-0.012253314804954;-1.2253314804954;4.159995202115013
15049;15049;2009-10-26;-0.0117865149910621;-1.17865149910621;4.148208687123951
15050;15050;2009-10-27;-0.0033233071245586;-0.33233071245586;4.144885379999392
15051;15051;2009-10-28;-0.0197343858638721;-1.97343858638721;4.12515099413552
15052;15052;2009-10-29;0.0222701238918095;2.22701238918095;4.14742111802733
15053;15053;2009-10-30;-0.0284660280775499;-2.8466028077549903;4.11895508994978
15054;15054;2009-11-02;0.0064356536954512;0.64356536954512;4.125390743645231
15055;15055;2009-11-03;0.0024230640290552;0.24230640290552;4.127813807674286
15056;15056;2009-11-04;0.0010420774133868;0.10420774133868001;4.128855885087673
15057;15057;2009-11-05;0.0190528873304814;1.90528873304814;4.1479087724181545
15058;15058;2009-11-06;0.0025001243704458;0.25001243704458004;4.1504088967886
15059;15059;2009-11-09;0.021995084704507;2.1995084704507;4.172403981493107
15060;15060;2009-11-10;-6.39918769227421e-05;-0.006399187692274209;4.172339989616185
15061;15061;2009-11-11;0.0050193577946169;0.50193577946169;4.1773593474108015
15062;15062;2009-11-12;-0.0103123594880037;-1.03123594880037;4.167046987922798
15063;15063;2009-11-13;0.0057228870433192;0.57228870433192;4.172769874966117
15064;15064;2009-11-16;0.0143639771521151;1.43639771521151;4.187133852118232
15065;15065;2009-11-17;0.0009189834963425;0.09189834963425;4.188052835614575
15066;15066;2009-11-18;-0.0004683503690561;-0.04683503690561;4.187584485245519
15067;15067;2009-11-19;-0.0135168062447102;-1.35168062447102;4.174067679000808
15068;15068;2009-11-20;-0.003220101720653;-0.32201017206529997;4.170847577280155
15069;15069;2009-11-23;0.013523913615094;1.3523913615094;4.184371490895249
15070;15070;2009-11-24;-0.0005334496835347;-0.053344968353469996;4.183838041211715
15071;15071;2009-11-25;0.0044940073602477;0.44940073602477;4.188332048571962
15072;15072;2009-11-27;-0.0173837002881783;-1.7383700288178299;4.170948348283784
15073;15073;2009-11-30;0.0037858187517532;0.37858187517532;4.174734167035537
15074;15074;2009-12-01;0.0120029021643955;1.20029021643955;4.186737069199933
15075;15075;2009-12-02;0.000342640104594;0.034264010459399995;4.187079709304527
15076;15076;2009-12-03;-0.0084375972310208;-0.8437597231020799;4.178642112073506
15077;15077;2009-12-04;0.0054943117807404;0.5494311780740401;4.1841364238542464
15078;15078;2009-12-07;-0.0024714325029711;-0.24714325029711;4.181664991351275
15079;15079;2009-12-08;-0.0103044924415601;-1.03044924415601;4.171360498909715
15080;15080;2009-12-09;0.0036656456111945;0.36656456111945;4.17502614452091
15081;15081;2009-12-10;0.0058227205520289;0.58227205520289;4.180848865072939
15082;15082;2009-12-11;0.003676327490889;0.36763274908890003;4.184525192563828
15083;15083;2009-12-14;0.0069352960540678;0.69352960540678;4.191460488617896
15084;15084;2009-12-15;-0.005562408260558;-0.5562408260558;4.185898080357338
15085;15085;2009-12-16;0.0011275940946138;0.11275940946138001;4.187025674451951
15086;15086;2009-12-17;-0.0118809138485352;-1.18809138485352;4.175144760603416
15087;15087;2009-12-18;0.0058129523600563;0.5812952360056299;4.1809577129634725
15088;15088;2009-12-21;0.0104489770052236;1.0448977005223599;4.191406689968696
15089;15089;2009-12-22;0.0035572137643837;0.35572137643837;4.19496390373308
15090;15090;2009-12-23;0.0022960204279201;0.22960204279201002;4.197259924161
15091;15091;2009-12-24;0.0052424068952543;0.52424068952543;4.202502331056254
15092;15092;2009-12-28;0.0011534154347216;0.11534154347216;4.203655746490976
15093;15093;2009-12-29;-0.0014020339779854;-0.14020339779854;4.202253712512991
15094;15094;2009-12-30;0.0001954106784003;0.01954106784003;4.202449123191391
15095;15095;2009-12-31;-0.0101004355411893;-1.0100435541189299;4.192348687650202
15096;15096;2010-01-04;0.015916081588939;1.5916081588939;4.208264769239141
15097;15097;2010-01-05;0.0031108325860671;0.31108325860671;4.211375601825208
15098;15098;2010-01-06;0.0005453717845442;0.05453717845442;4.211920973609752
15099;15099;2010-01-07;0.0039932176896577;0.39932176896577004;4.21591419129941
15100;15100;2010-01-08;0.002877583021533;0.2877583021533;4.218791774320943
15101;15101;2010-01-11;0.0017452316292985;0.17452316292984998;4.220537005950241
15102;15102;2010-01-12;-0.0094254457689801;-0.94254457689801;4.211111560181261
15103;15103;2010-01-13;0.0082914563243834;0.8291456324383399;4.219403016505645
15104;15104;2010-01-14;0.0024234862235292;0.24234862235291998;4.221826502729174
15105;15105;2010-01-15;-0.0108821266169565;-1.08821266169565;4.210944376112217
15106;15106;2010-01-19;0.0124221510615365;1.24221510615365;4.223366527173754
15107;15107;2010-01-20;-0.0106543862492527;-1.06543862492527;4.212712140924501
15108;15108;2010-01-21;-0.0191266576379148;-1.91266576379148;4.193585483286586
15109;15109;2010-01-22;-0.0223897789955867;-2.23897789955867;4.171195704291
15110;15110;2010-01-25;0.0045875585684411;0.45875585684411;4.175783262859441
15111;15111;2010-01-26;-0.0042120575270345;-0.42120575270345;4.171571205332406
15112;15112;2010-01-27;0.0048682828185393;0.48682828185393;4.176439488150946
15113;15113;2010-01-28;-0.0118881258080155;-1.18881258080155;4.16455136234293
15114;15114;2010-01-29;-0.0098777988853724;-0.9877798885372401;4.154673563457558
15115;15115;2010-02-01;0.0141653052825124;1.41653052825124;4.16883886874007
15116;15116;2010-02-02;0.0128895205561932;1.2889520556193201;4.181728389296263
15117;15117;2010-02-03;-0.0054893503911008;-0.54893503911008;4.1762390389051625
15118;15118;2010-02-04;-0.0316358561099444;-3.16358561099444;4.144603182795218
15119;15119;2010-02-05;0.0028929303104892;0.28929303104892;4.147496113105707
15120;15120;2010-02-08;-0.0089028029411348;-0.89028029411348;4.138593310164572
15121;15121;2010-02-09;0.0129558424332483;1.2955842433248301;4.151549152597821
15122;15122;2010-02-10;-0.0022350697561659;-0.22350697561659;4.149314082841655
15123;15123;2010-02-11;0.0096338825006627;0.96338825006627;4.158947965342318
15124;15124;2010-02-12;-0.002748366177296;-0.2748366177296;4.156199599165022
15125;15125;2010-02-16;0.0178406532113087;1.7840653211308701;4.17404025237633
15126;15126;2010-02-17;0.0042290049169064;0.42290049169064003;4.178269257293237
15127;15127;2010-02-18;0.0065631575206328;0.65631575206328;4.18483241481387
15128;15128;2010-02-19;0.0021842349128959;0.21842349128959002;4.187016649726766
15129;15129;2010-02-22;-0.0010464049626977;-0.10464049626976998;4.185970244764068
15130;15130;2010-02-23;-0.0121766447784486;-1.21766447784486;4.173793599985619
15131;15131;2010-02-24;0.0096735191068537;0.96735191068537;4.183467119092473
15132;15132;2010-02-25;-0.0020832087091404;-0.20832087091404;4.181383910383333
15133;15133;2010-02-26;0.00140439271299;0.140439271299;4.182788303096323
15134;15134;2010-03-01;0.0101072576918231;1.01072576918231;4.192895560788146
15135;15135;2010-03-02;0.0023277313101397;0.23277313101396999;4.1952232920982855
15136;15136;2010-03-03;0.0004291091022654;0.04291091022654;4.195652401200551
15137;15137;2010-03-04;0.0037291563998014;0.37291563998014;4.199381557600352
15138;15138;2010-03-05;0.0139102823862975;1.3910282386297501;4.21329183998665
15139;15139;2010-03-08;-0.0001756112812367;-0.01756112812367;4.213116228705413
15140;15140;2010-03-09;0.0017112718732645;0.17112718732645002;4.214827500578678
15141;15141;2010-03-10;0.0045143547480428;0.45143547480428003;4.219341855326721
15142;15142;2010-03-11;0.0040333744166218;0.40333744166218;4.2233752297433425
15143;15143;2010-03-12;-0.0002173695701364;-0.02173695701364;4.223157860173206
15144;15144;2010-03-15;0.0004520930309555;0.04520930309555;4.2236099532041615
15145;15145;2010-03-16;0.0077490148333501;0.77490148333501;4.231358968037512
15146;15146;2010-03-17;0.0058047953322519;0.58047953322519;4.237163763369764
15147;15147;2010-03-18;-0.0003258992271897;-0.03258992271897;4.236837864142574
15148;15148;2010-03-19;-0.0050994267616859;-0.50994267616859;4.231738437380888
15149;15149;2010-03-22;0.0050823598046321;0.5082359804632101;4.23682079718552
15150;15150;2010-03-23;0.0071453774829048;0.71453774829048;4.243966174668425
15151;15151;2010-03-24;-0.0055084476796292;-0.55084476796292;4.238457726988796
15152;15152;2010-03-25;-0.0017056217396715;-0.17056217396715;4.236752105249124
15153;15153;2010-03-26;0.0007374511721245;0.07374511721245;4.237489556421249
15154;15154;2010-03-29;0.0056671464118132;0.5667146411813201;4.243156702833062
15155;15155;2010-03-30;4.26586094119941e-05;0.00426586094119941;4.243199361442474
15156;15156;2010-03-31;-0.0032782424703752;-0.32782424703752;4.239921118972099
15157;15157;2010-04-01;0.0073864541098087;0.73864541098087;4.247307573081907
15158;15158;2010-04-05;0.0078967287494986;0.78967287494986;4.255204301831406
15159;15159;2010-04-06;0.0016828788759246;0.16828788759246;4.256887180707331
15160;15160;2010-04-07;-0.0058940427710698;-0.5894042771069801;4.250993137936261
15161;15161;2010-04-08;0.0033686612337993;0.33686612337993;4.25436179917006
15162;15162;2010-04-09;0.0066616685411258;0.66616685411258;4.261023467711186
15163;15163;2010-04-12;0.001765050563482;0.1765050563482;4.262788518274668
15164;15164;2010-04-13;0.0006851665751632;0.06851665751632;4.263473684849831
15165;15165;2010-04-14;0.0110883626143403;1.10883626143403;4.274562047464172
15166;15166;2010-04-15;0.0008421843783272;0.08421843783272;4.275404231842499
15167;15167;2010-04-16;-0.0162579823653806;-1.62579823653806;4.259146249477118
15168;15168;2010-04-19;0.0045111410326628;0.45111410326628004;4.263657390509781
15169;15169;2010-04-20;0.0080260453909399;0.8026045390939899;4.271683435900721
15170;15170;2010-04-21;-0.0010195168178786;-0.10195168178786;4.270663919082843
15171;15171;2010-04-22;0.0022613210252107;0.22613210252107;4.272925240108053
15172;15172;2010-04-23;0.0070982673940882;0.70982673940882;4.2800235075021416
15173;15173;2010-04-26;-0.0043057039694041;-0.43057039694041;4.2757178035327374
15174;15174;2010-04-27;-0.0236596402677067;-2.36596402677067;4.252058163265031
15175;15175;2010-04-28;0.0064419580302876;0.64419580302876;4.258500121295318
15176;15176;2010-04-29;0.0128601803303772;1.28601803303772;4.271360301625696
15177;15177;2010-04-30;-0.0167878102361989;-1.6787810236198901;4.254572491389497
15178;15178;2010-05-03;0.0130352579905457;1.3035257990545701;4.267607749380042
15179;15179;2010-05-04;-0.0241271997995494;-2.41271997995494;4.243480549580493
15180;15180;2010-05-05;-0.0066083422541094;-0.66083422541094;4.236872207326384
15181;15181;2010-05-06;-0.0328884409104759;-3.28884409104759;4.203983766415908
15182;15182;2010-05-07;-0.0154266457083896;-1.54266457083896;4.188557120707518
15183;15183;2010-05-10;0.0430347036359366;4.30347036359366;4.231591824343455
15184;15184;2010-05-11;-0.0034030755683529;-0.34030755683529;4.228188748775102
15185;15185;2010-05-12;0.0136459925025747;1.36459925025747;4.2418347412776765
15186;15186;2010-05-13;-0.0122195002868901;-1.22195002868901;4.229615240990786
15187;15187;2010-05-14;-0.0189789807824319;-1.89789807824319;4.2106362602083545
15188;15188;2010-05-17;0.001108753009162;0.1108753009162;4.2117450132175165
15189;15189;2010-05-18;-0.0142976312743288;-1.42976312743288;4.197447381943188
15190;15190;2010-05-19;-0.0051434688592246;-0.51434688592246;4.192303913083963
15191;15191;2010-05-20;-0.0397557958242247;-3.97557958242247;4.152548117259738
15192;15192;2010-05-21;0.0149126320445241;1.49126320445241;4.167460749304262
15193;15193;2010-05-24;-0.0129920463358486;-1.2992046335848602;4.154468702968414
15194;15194;2010-05-25;0.0003538748738991;0.03538748738991;4.154822577842313
15195;15195;2010-05-26;-0.005677078578179;-0.5677078578179;4.149145499264134
15196;15196;2010-05-27;0.0323473122979099;3.2347312297909903;4.181492811562044
15197;15197;2010-05-28;-0.0124518928786399;-1.2451892878639899;4.169040918683404
15198;15198;2010-06-01;-0.0173143531012858;-1.73143531012858;4.151726565582118
15199;15199;2010-06-02;0.0255144281566615;2.55144281566615;4.1772409937387796
15200;15200;2010-06-03;0.0040431918271632;0.40431918271631995;4.181284185565943
15201;15201;2010-06-04;-0.0350174419301954;-3.5017441930195403;4.146266743635747
15202;15202;2010-06-07;-0.0136244659931517;-1.36244659931517;4.132642277642596
15203;15203;2010-06-08;0.0109162673609076;1.0916267360907599;4.143558545003503
15204;15204;2010-06-09;-0.0059593971267073;-0.59593971267073;4.137599147876796
15205;15205;2010-06-10;0.0290798462163266;2.90798462163266;4.166678994093123
15206;15206;2010-06-11;0.004370115956604;0.4370115956604;4.171049110049727
15207;15207;2010-06-14;-0.0018062942035257;-0.18062942035256999;4.169242815846201
15208;15208;2010-06-15;0.0232224500706355;2.32224500706355;4.192465265916836
15209;15209;2010-06-16;-0.0005560892491915;-0.055608924919149996;4.191909176667645
15210;15210;2010-06-17;0.0012821860718013;0.12821860718013;4.193191362739446
15211;15211;2010-06-18;0.0013162644041857;0.13162644041857;4.194507627143632
15212;15212;2010-06-21;-0.0038642983075254;-0.38642983075254;4.1906433288361065
15213;15213;2010-06-22;-0.0162012245616934;-1.62012245616934;4.174442104274413
15214;15214;2010-06-23;-0.0029899396892005;-0.29899396892005004;4.1714521645852125
15215;15215;2010-06-24;-0.016946283526087;-1.6946283526087;4.1545058810591255
15216;15216;2010-06-25;0.0028552825275811;0.28552825275811;4.157361163586707
15217;15217;2010-06-28;-0.0020360100973242;-0.20360100973241999;4.1553251534893825
15218;15218;2010-06-29;-0.0315082302982983;-3.15082302982983;4.123816923191084
15219;15219;2010-06-30;-0.0101644536876053;-1.01644536876053;4.113652469503479
15220;15220;2010-07-01;-0.003245713483948;-0.3245713483948;4.110406756019531
15221;15221;2010-07-02;-0.0046732717280955;-0.46732717280955005;4.105733484291435
15222;15222;2010-07-06;0.0053447263704793;0.53447263704793;4.111078210661915
15223;15223;2010-07-07;0.0308500230552067;3.08500230552067;4.141928233717121
15224;15224;2010-07-08;0.0093686545095534;0.93686545095534;4.151296888226675
15225;15225;2010-07-09;0.0071780638246092;0.71780638246092;4.158474952051284
15226;15226;2010-07-12;0.0007326335479724;0.07326335479724;4.1592075855992565
15227;15227;2010-07-13;0.0152618228996202;1.52618228996202;4.174469408498877
15228;15228;2010-07-14;-0.0001551437789046;-0.01551437789046;4.174314264719972
15229;15229;2010-07-15;0.0011953880789734;0.11953880789734;4.1755096527989455
15230;15230;2010-07-16;-0.0292429091631981;-2.92429091631981;4.146266743635747
15231;15231;2010-07-19;0.0059640694778613;0.59640694778613;4.152230813113609
15232;15232;2010-07-20;0.0113518737363592;1.13518737363592;4.163582686849968
15233;15233;2010-07-21;-0.0129026989816561;-1.29026989816561;4.150679987868312
15234;15234;2010-07-22;0.0222636877044327;2.22636877044327;4.1729436755727445
15235;15235;2010-07-23;0.0081864199713832;0.81864199713832;4.181130095544128
15236;15236;2010-07-26;0.0111379090898875;1.1137909089887499;4.192268004634015
15237;15237;2010-07-27;-0.0010499083563972;-0.10499083563971999;4.191218096277618
15238;15238;2010-07-28;-0.0069460326936585;-0.69460326936585;4.184272063583959
15239;15239;2010-07-29;-0.0041672925959721;-0.41672925959721;4.180104770987987
15240;15240;2010-07-30;6.34978415838816e-05;0.006349784158388159;4.180168268829571
15241;15241;2010-08-02;0.0217835280930325;2.17835280930325;4.201951796922604
15242;15242;2010-08-03;-0.0048078942732887;-0.48078942732887;4.197143902649315
15243;15243;2010-08-04;0.0060328777963274;0.6032877796327399;4.203176780445642
15244;15244;2010-08-05;-0.0012693292744439;-0.12693292744439;4.2019074511711985
15245;15245;2010-08-06;-0.0037109156138122;-0.37109156138121996;4.198196535557386
15246;15246;2010-08-09;0.005468086738551;0.5468086738551;4.203664622295937
15247;15247;2010-08-10;-0.0059852811861294;-0.5985281186129401;4.197679341109808
15248;15248;2010-08-11;-0.0285834060878463;-2.85834060878463;4.169095935021962
15249;15249;2010-08-12;-0.0053932669970029;-0.53932669970029;4.163702668024959
15250;15250;2010-08-13;-0.0040316903877526;-0.40316903877526;4.159670977637206
15251;15251;2010-08-16;0.0001204513972803;0.012045139728029999;4.159791429034486
15252;15252;2010-08-17;0.0121184894355721;1.21184894355721;4.1719099184700585
15253;15253;2010-08-18;0.0014816803789212;0.14816803789212;4.17339159884898
15254;15254;2010-08-19;-0.0170804355837246;-1.7080435583724602;4.156311163265255
15255;15255;2010-08-20;-0.0036697544109412;-0.36697544109412;4.152641408854314
15256;15256;2010-08-23;-0.0040484907448545;-0.40484907448545004;4.148592918109459
15257;15257;2010-08-24;-0.0146187681440244;-1.46187681440244;4.133974149965435
15258;15258;2010-08-25;0.0032839447512262;0.32839447512262004;4.137258094716661
15259;15259;2010-08-26;-0.0077144662455834;-0.77144662455834;4.129543628471078
15260;15260;2010-08-27;0.0164507102885798;1.64507102885798;4.145994338759658
15261;15261;2010-08-30;-0.014828611229734;-1.4828611229734;4.131165727529924
15262;15262;2010-08-31;0.0003907179842386;0.03907179842386;4.131556445514162
15263;15263;2010-09-01;0.0290777363810122;2.90777363810122;4.160634181895174
15264;15264;2010-09-02;0.0090398534244284;0.9039853424428399;4.169674035319603
15265;15265;2010-09-03;0.0131323936255203;1.31323936255203;4.182806428945123
15266;15266;2010-09-07;-0.0115374914603938;-1.15374914603938;4.171268937484729
15267;15267;2010-09-08;0.0064180592196869;0.64180592196869;4.177686996704416
15268;15268;2010-09-09;0.004820652427429;0.4820652427429;4.182507649131845
15269;15269;2010-09-10;0.0048515449338069;0.48515449338069;4.187359194065652
15270;15270;2010-09-13;0.0110691260791667;1.10691260791667;4.198428320144819
15271;15271;2010-09-14;-0.0007133731911981;-0.07133731911981;4.197714946953621
15272;15272;2010-09-15;0.0035348831760044;0.35348831760043997;4.201249830129625
15273;15273;2010-09-16;-0.0003644099586885;-0.03644099586885;4.200885420170937
15274;15274;2010-09-17;0.0008265144343413;0.08265144343413;4.201711934605278
15275;15275;2010-09-20;0.0150952877846136;1.50952877846136;4.216807222389892
15276;15276;2010-09-21;-0.0025673134358754;-0.25673134358754;4.214239908954016
15277;15277;2010-09-22;-0.0048371727957148;-0.48371727957148003;4.209402736158301
15278;15278;2010-09-23;-0.0083662399647295;-0.83662399647295;4.201036496193572
15279;15279;2010-09-24;0.0209729156440357;2.0972915644035703;4.2220094118376075
15280;15280;2010-09-27;-0.0056835533868655;-0.56835533868655;4.216325858450742
15281;15281;2010-09-28;0.0048386607434149;0.48386607434149;4.221164519194157
15282;15282;2010-09-29;-0.0025911131428735;-0.25911131428734996;4.218573406051283
15283;15283;2010-09-30;-0.003088486447579;-0.3088486447579;4.215484919603704
15284;15284;2010-10-01;0.0044067143060306;0.44067143060306;4.219891633909735
15285;15285;2010-10-04;-0.0080673865763456;-0.8067386576345601;4.211824247333389
15286;15286;2010-10-05;0.0206467227682605;2.06467227682605;4.23247097010165
15287;15287;2010-10-06;-0.0006722302036621;-0.06722302036621;4.231798739897988
15288;15288;2010-10-07;-0.0016478754869249;-0.16478754869249;4.230150864411063
15289;15289;2010-10-08;0.0061036124651092;0.6103612465109199;4.236254476876172
15290;15290;2010-10-11;0.000145826380506;0.0145826380506;4.236400303256678
15291;15291;2010-10-12;0.0038114843129237;0.38114843129236997;4.240211787569602
15292;15292;2010-10-13;0.0070957855123055;0.70957855123055;4.247307573081907
15293;15293;2010-10-14;-0.0036480321897745;-0.36480321897745;4.243659540892133
15294;15294;2010-10-15;0.0020254321817851;0.20254321817851;4.245684973073918
15295;15295;2010-10-18;0.0072176350888568;0.7217635088856801;4.252902608162775
15296;15296;2010-10-19;-0.0160046444369542;-1.60046444369542;4.236897963725821
15297;15297;2010-10-20;0.0104690830152396;1.04690830152396;4.2473670467410605
15298;15298;2010-10-21;0.0017723371049607;0.17723371049607;4.249139383846021
15299;15299;2010-10-22;0.0023864085394871;0.23864085394870999;4.251525792385508
15300;15300;2010-10-25;0.0021446700942648;0.21446700942648;4.253670462479773
15301;15301;2010-10-26;1.68855375761723e-05;0.00168855375761723;4.253687348017349
15302;15302;2010-10-27;-0.0026942100810885;-0.26942100810885;4.250993137936261
15303;15303;2010-10-28;0.0011242171313261;0.11242171313261;4.252117355067587
15304;15304;2010-10-29;-0.0004393833647071;-0.04393833647071;4.25167797170288
15305;15305;2010-11-01;0.0009460856181213;0.09460856181213;4.252624057321001
15306;15306;2010-11-02;0.0077293357235666;0.77293357235666;4.260353393044568
15307;15307;2010-11-03;0.0036713067380409;0.36713067380409004;4.264024699782609
15308;15308;2010-11-04;0.0190993046901946;1.90993046901946;4.283124004472803
15309;15309;2010-11-05;0.003915079058685;0.3915079058685;4.287039083531488
15310;15310;2010-11-08;-0.0021232101606365;-0.21232101606365;4.284915873370852
15311;15311;2010-11-09;-0.0080848948819021;-0.80848948819021;4.27683097848895
15312;15312;2010-11-10;0.0043665339722505;0.43665339722505003;4.2811975124612
15313;15313;2010-11-11;-0.0042511499936432;-0.42511499936432;4.276946362467557
15314;15314;2010-11-12;-0.0118787661411339;-1.18787661411339;4.265067596326423
15315;15315;2010-11-15;-0.0012181773615722;-0.12181773615722001;4.263849418964851
15316;15316;2010-11-16;-0.0163381572621963;-1.6338157262196298;4.2475112617026545
15317;15317;2010-11-17;0.0002121403759556;0.02121403759556;4.24772340207861
15318;15318;2010-11-18;0.0152405830517095;1.52405830517095;4.26296398513032
15319;15319;2010-11-19;0.0025371518606762;0.25371518606762;4.265501136990996
15320;15320;2010-11-22;-0.0015766083443393;-0.15766083443393;4.2639245286466565
15321;15321;2010-11-23;-0.0143870321375594;-1.4387032137559401;4.249537496509097
15322;15322;2010-11-24;0.0148127162611447;1.48127162611447;4.264350212770242
15323;15323;2010-11-26;-0.0074965921178886;-0.74965921178886;4.256853620652353
15324;15324;2010-11-29;-0.0013798097197845;-0.13798097197845;4.2554738109325685
15325;15325;2010-11-30;-0.0060887156619005;-0.60887156619005;4.249385095270668
15326;15326;2010-12-01;0.021386621877868;2.1386621877868;4.270771717148536
15327;15327;2010-12-02;0.0127371001572589;1.27371001572589;4.283508817305795
15328;15328;2010-12-03;0.0025998543104188;0.25998543104188;4.286108671616214
15329;15329;2010-12-06;-0.001299082250143;-0.1299082250143;4.284809589366071
15330;15330;2010-12-07;0.0005149476802683;0.05149476802683;4.285324537046339
15331;15331;2010-12-08;0.0036949255109153;0.36949255109153;4.289019462557254
15332;15332;2010-12-09;0.0038353838087088;0.38353838087088;4.292854846365963
15333;15333;2010-12-10;0.0059837034105463;0.59837034105463;4.29883854977651
15334;15334;2010-12-13;4.83195346570042e-05;0.00483195346570042;4.298886869311167
15335;15335;2010-12-14;0.0009105417790191;0.09105417790191;4.299797411090186
15336;15336;2010-12-15;-0.0051356175395431;-0.51356175395431;4.294661793550643
15337;15337;2010-12-16;0.0061660459894703;0.61660459894703;4.300827839540113
15338;15338;2010-12-17;0.0008364544097272;0.08364544097272;4.30166429394984
15339;15339;2010-12-20;0.0025451115611439;0.25451115611439;4.304209405510984
15340;15340;2010-12-21;0.0060119942236749;0.60119942236749;4.310221399734659
15341;15341;2010-12-22;0.0033738574382473;0.33738574382473;4.313595257172906
15342;15342;2010-12-23;-0.0016456815473651;-0.16456815473651001;4.311949575625541
15343;15343;2010-12-27;0.0006125092021305;0.061250920213049995;4.312562084827672
15344;15344;2010-12-28;0.0007710268310745;0.07710268310745;4.313333111658746
15345;15345;2010-12-29;0.0010086360887768;0.10086360887767999;4.314341747747523
15346;15346;2010-12-30;-0.001509357367599;-0.15093573675990002;4.312832390379924
15347;15347;2010-12-31;-0.0001908074663052;-0.01908074663052;4.312641582913619
15348;15348;2011-01-03;0.0112512937760823;1.12512937760823;4.323892876689701
15349;15349;2011-01-04;-0.0013139246958102;-0.13139246958102;4.322578951993891
15350;15350;2011-01-05;0.0049946765278594;0.49946765278594;4.32757362852175
15351;15351;2011-01-06;-0.0021252143638266;-0.21252143638266002;4.325448414157924
15352;15352;2011-01-07;-0.0018464860941307;-0.18464860941307001;4.323601928063793
15353;15353;2011-01-10;-0.0013772751808192;-0.13772751808192;4.322224652882974
15354;15354;2011-01-11;0.0037182058906095;0.37182058906095;4.325942858773583
15355;15355;2011-01-12;0.0089672542152499;0.89672542152499;4.334910112988833
15356;15356;2011-01-13;-0.0017122111064917;-0.17122111064917;4.333197901882341
15357;15357;2011-01-14;0.0073574099835012;0.7357409983501201;4.340555311865843
15358;15358;2011-01-18;0.001375464809378;0.1375464809378;4.341930776675221
15359;15359;2011-01-19;-0.010167166112689;-1.0167166112689001;4.331763610562532
15360;15360;2011-01-20;-0.0012957982634258;-0.12957982634258;4.330467812299106
15361;15361;2011-01-21;0.0024106377438339;0.24106377438339;4.33287845004294
15362;15362;2011-01-24;0.0058193150511556;0.58193150511556;4.338697765094095
15363;15363;2011-01-25;0.0002634278582904;0.02634278582904;4.338961192952386
15364;15364;2011-01-26;0.0042120240149845;0.42120240149844995;4.3431732169673705
15365;15365;2011-01-27;0.0022417909223273;0.22417909223273;4.345415007889698
15366;15366;2011-01-28;-0.0180138052353058;-1.80138052353058;4.327401202654392
15367;15367;2011-01-31;0.0076333497009804;0.76333497009804;4.335034552355372
15368;15368;2011-02-01;0.0165557920663701;1.65557920663701;4.3515903444217425
15369;15369;2011-02-02;-0.0027262306244413;-0.27262306244413;4.348864113797301
15370;15370;2011-02-03;0.0023514328345664;0.23514328345664;4.351215546631868
15371;15371;2011-02-04;0.0028801106565756;0.28801106565755996;4.354095657288443
15372;15372;2011-02-07;0.0062207825656521;0.62207825656521;4.3603164398540954
15373;15373;2011-02-08;0.0041760200273062;0.41760200273062;4.364492459881402
15374;15374;2011-02-09;-0.0027896527708506;-0.27896527708506;4.361702807110551
15375;15375;2011-02-10;0.0007492120301266;0.07492120301266;4.362452019140678
15376;15376;2011-02-11;0.0054922612790147;0.5492261279014701;4.367944280419692
15377;15377;2011-02-14;0.002382084738632;0.23820847386320002;4.370326365158324
15378;15378;2011-02-15;-0.0032401542981315;-0.32401542981314996;4.367086210860193
15379;15379;2011-02-16;0.0062379383060529;0.62379383060529;4.373324149166246
15380;15380;2011-02-17;0.0030709713123418;0.30709713123418;4.376395120478588
15381;15381;2011-02-18;0.0019228726808897;0.19228726808897;4.378317993159477
15382;15382;2011-02-22;-0.0207422054038009;-2.07422054038009;4.3575757877556764
15383;15383;2011-02-23;-0.0061307150183838;-0.61307150183838;4.351445072737293
15384;15384;2011-02-24;-0.0009948713275136;-0.09948713275136001;4.350450201409779
15385;15385;2011-02-25;0.0104952479370892;1.04952479370892;4.360945449346868
15386;15386;2011-02-28;0.0055456800861275;0.55456800861275;4.366491129432996
15387;15387;2011-03-01;-0.0158648620566035;-1.58648620566035;4.350626267376392
15388;15388;2011-03-02;0.0016138976208992;0.16138976208992;4.3522401649972915
15389;15389;2011-03-03;0.0170724351127749;1.7072435112774902;4.369312600110066
15390;15390;2011-03-04;-0.0074053903258315;-0.74053903258315;4.361907209784235
15391;15391;2011-03-07;-0.0083762148534116;-0.83762148534116;4.353530994930823
15392;15392;2011-03-08;0.0088831612220436;0.88831612220436;4.362414156152867
15393;15393;2011-03-09;-0.0013626308191776;-0.13626308191776;4.361051525333689
15394;15394;2011-03-10;-0.0190512811028922;-1.9051281102892201;4.342000244230797
15395;15395;2011-03-11;0.0070555645684073;0.70555645684073;4.349055808799204
15396;15396;2011-03-14;-0.006067696457972;-0.6067696457971999;4.342988112341232
15397;15397;2011-03-15;-0.0112635447574503;-1.1263544757450301;4.331724567583782
15398;15398;2011-03-16;-0.0196874817647164;-1.9687481764716401;4.312037085819066
15399;15399;2011-03-17;0.0133092663717145;1.3309266371714499;4.32534635219078
15400;15400;2011-03-18;0.0043009393983268;0.43009393983267996;4.329647291589107
15401;15401;2011-03-21;0.014874667971581;1.4874667971581002;4.344521959560688
15402;15402;2011-03-22;-0.0035568850689822;-0.35568850689821996;4.340965074491706
15403;15403;2011-03-23;0.0029097418480219;0.29097418480219;4.343874816339728
15404;15404;2011-03-24;0.0092973933464417;0.9297393346441699;4.35317220968617
15405;15405;2011-03-25;0.0031561512702138;0.31561512702138;4.356328360956383
15406;15406;2011-03-28;-0.0027516189402838;-0.27516189402838;4.3535767420161
15407;15407;2011-03-29;0.0070352396094755;0.70352396094755;4.360611981625575
15408;15408;2011-03-30;0.0066624631105831;0.66624631105831;4.367274444736158
15409;15409;2011-03-31;-0.0018311773226757;-0.18311773226757;4.365443267413482
15410;15410;2011-04-01;0.004950712850845;0.4950712850845;4.3703939802643275
15411;15411;2011-04-04;0.0003451502277895;0.03451502277895;4.370739130492117
15412;15412;2011-04-05;-0.0001800712816715;-0.01800712816715;4.3705590592104455
15413;15413;2011-04-06;0.0021812966234175;0.21812966234175;4.372740355833863
15414;15414;2011-04-07;-0.0015211624766697;-0.15211624766697;4.371219193357193
15415;15415;2011-04-08;-0.0040124831355568;-0.40124831355568;4.3672067102216365
15416;15416;2011-04-11;-0.0027972882853877;-0.27972882853876996;4.364409421936249
15417;15417;2011-04-12;-0.0078070956296461;-0.78070956296461;4.356602326306603
15418;15418;2011-04-13;0.0001902174903367;0.01902174903367;4.3567925437969395
15419;15419;2011-04-14;8.36735841609482e-05;0.00836735841609482;4.3568762173811
15420;15420;2011-04-15;0.0039177286880143;0.39177286880143;4.360793946069115
15421;15421;2011-04-18;-0.0110789976782506;-1.10789976782506;4.349714948390864
15422;15422;2011-04-19;0.0057148098594499;0.57148098594499;4.355429758250314
15423;15423;2011-04-20;0.0134244349573631;1.3424434957363098;4.368854193207677
15424;15424;2011-04-21;0.0052629088515416;0.52629088515416;4.374117102059219
15425;15425;2011-04-25;-0.0015939396377202;-0.15939396377202;4.372523162421499
15426;15426;2011-04-26;0.0089395076162261;0.8939507616226101;4.381462670037725
15427;15427;2011-04-27;0.0062303978412492;0.62303978412492;4.387693067878974
15428;15428;2011-04-28;0.0035491182594338;0.35491182594338;4.391242186138408
15429;15429;2011-04-29;0.0022980198287507;0.22980198287507;4.393540205967159
15430;15430;2011-05-02;-0.0017542486331336;-0.17542486331336;4.391785957334025
15431;15431;2011-05-03;-0.003385026675529;-0.33850266755290004;4.388400930658496
15432;15432;2011-05-04;-0.006878914380997;-0.6878914380997;4.381522016277499
15433;15433;2011-05-05;-0.0091112166560121;-0.9111216656012101;4.372410799621487
15434;15434;2011-05-06;0.0038126425574951;0.38126425574951;4.376223442178982
15435;15435;2011-05-09;0.0045338701837529;0.45338701837529;4.380757312362735
15436;15436;2011-05-10;0.0080416159236875;0.80416159236875;4.388798928286422
15437;15437;2011-05-11;-0.0111736895962347;-1.11736895962347;4.377625238690188
15438;15438;2011-05-12;0.0048834934058961;0.48834934058961;4.382508732096084
15439;15439;2011-05-13;-0.0081000463880087;-0.8100046388008699;4.374408685708075
15440;15440;2011-05-16;-0.006223718765189;-0.6223718765189;4.368184966942886
15441;15441;2011-05-17;-0.0003686290993476;-0.03686290993476;4.367816337843538
15442;15442;2011-05-18;0.0087652725520266;0.8765272552026601;4.376581610395565
15443;15443;2011-05-19;0.0021755726817325;0.21755726817325;4.3787571830772976
15444;15444;2011-05-20;-0.0077179745692088;-0.77179745692088;4.371039208508089
15445;15445;2011-05-23;-0.011997265281523;-1.1997265281523;4.359041943226566
15446;15446;2011-05-24;-0.0008277227819171;-0.08277227819171;4.358214220444649
15447;15447;2011-05-25;0.0031781136070359;0.31781136070359;4.3613923340516845
15448;15448;2011-05-26;0.0039453222364294;0.39453222364294;4.365337656288114
15449;15449;2011-05-27;0.0040726159362778;0.40726159362778;4.369410272224392
15450;15450;2011-05-31;0.0105370144175314;1.0537014417531398;4.379947286641923
15451;15451;2011-06-01;-0.0230482254421238;-2.30482254421238;4.356899061199799
15452;15452;2011-06-02;-0.0012255865542156;-0.12255865542156;4.355673474645584
15453;15453;2011-06-03;-0.0097814924939756;-0.9781492493975599;4.345891982151608
15454;15454;2011-06-06;-0.0108185158329981;-1.08185158329981;4.33507346631861
15455;15455;2011-06-07;-0.00095686540135;-0.095686540135;4.33411660091726
15456;15456;2011-06-08;-0.0041956637879536;-0.41956637879535996;4.329920937129306
15457;15457;2011-06-09;0.0073504090114999;0.73504090114999;4.337271346140806
15458;15458;2011-06-10;-0.014078483250656;-1.4078483250656;4.32319286289015
15459;15459;2011-06-13;0.0006685328853119;0.06685328853118999;4.323861395775462
15460;15460;2011-06-14;0.0125329134371137;1.2532913437113702;4.336394309212576
15461;15461;2011-06-15;-0.0175855693730487;-1.7585569373048697;4.318808739839527
15462;15462;2011-06-16;0.0017527982098029;0.17527982098029;4.32056153804933
15463;15463;2011-06-17;0.0030403900144628;0.30403900144628;4.323601928063793
15464;15464;2011-06-20;0.0053806888151486;0.53806888151486;4.328982616878942
15465;15465;2011-06-21;0.0133341796982984;1.33341796982984;4.34231679657724
15466;15466;2011-06-22;-0.0064894599330971;-0.64894599330971;4.335827336644143
15467;15467;2011-06-23;-0.0028319931313287;-0.28319931313287;4.332995343512814
15468;15468;2011-06-24;-0.0117950773123585;-1.17950773123585;4.321200266200456
15469;15469;2011-06-27;0.009142537114692;0.9142537114692;4.330342803315148
15470;15470;2011-06-28;0.0128612924547111;1.28612924547111;4.343204095769859
15471;15471;2011-06-29;0.0082486333552998;0.82486333552998;4.351452729125159
15472;15472;2011-06-30;0.0100683719988064;1.00683719988064;4.361521101123965
15473;15473;2011-07-01;0.0143068688806984;1.43068688806984;4.375827970004663
15474;15474;2011-07-05;-0.0013370724983081;-0.13370724983081;4.374490897506355
15475;15475;2011-07-06;0.0010010579536912;0.10010579536912001;4.375491955460046
15476;15476;2011-07-07;0.0103995828897991;1.03995828897991;4.385891538349846
15477;15477;2011-07-08;-0.0069854581984181;-0.69854581984181;4.3789060801514275
15478;15478;2011-07-11;-0.018256167242102;-1.8256167242102;4.3606499129093255
15479;15479;2011-07-12;-0.0044433693845871;-0.44433693845871;4.356206543524738
15480;15480;2011-07-13;0.0031010270667923;0.31010270667923;4.359307570591531
15481;15481;2011-07-14;-0.0067387826841622;-0.67387826841622;4.3525687879073685
15482;15482;2011-07-15;0.0055390558969321;0.55390558969321;4.358107843804301
15483;15483;2011-07-18;-0.0081631181176824;-0.8163118117682401;4.349944725686618
15484;15484;2011-07-19;0.0161771496047294;1.61771496047294;4.3661218752913475
15485;15485;2011-07-20;-0.0006710579185602;-0.06710579185602;4.365450817372787
15486;15486;2011-07-21;0.0134552627786402;1.34552627786402;4.3789060801514275
15487;15487;2011-07-22;0.0009074397337185;0.09074397337185;4.379813519885146
15488;15488;2011-07-25;-0.0056589953556187;-0.56589953556187;4.374154524529527
15489;15489;2011-07-26;-0.0041134205834678;-0.41134205834677995;4.370041103946059
15490;15490;2011-07-27;-0.0205177242328665;-2.0517724232866503;4.349523379713193
15491;15491;2011-07-28;-0.0032392073828786;-0.32392073828786;4.346284172330314
15492;15492;2011-07-29;-0.0064714275589485;-0.64714275589485;4.339812744771366
15493;15493;2011-08-01;-0.0041408609521722;-0.41408609521722;4.335671883819193
15494;15494;2011-08-02;-0.0258889087378966;-2.58889087378966;4.309782975081297
15495;15495;2011-08-03;0.0050031459582315;0.50031459582315;4.314786121039528
15496;15496;2011-08-04;-0.0490016554271833;-4.90016554271833;4.265784465612345
15497;15497;2011-08-05;-0.0005750826506947;-0.05750826506947;4.26520938296165
15498;15498;2011-08-08;-0.0689583694345011;-6.895836943450109;4.196251013527149
15499;15499;2011-08-09;0.0463174407543656;4.6317440754365595;4.242568454281515
15500;15500;2011-08-10;-0.0451567965651609;-4.51567965651609;4.197411657716354
15501;15501;2011-08-11;0.0452505944544548;4.52505944544548;4.242662252170809
15502;15502;2011-08-12;0.005247875112099;0.5247875112099;4.247910127282908
15503;15503;2011-08-15;0.0215507274368214;2.15507274368214;4.269460854719729
15504;15504;2011-08-16;-0.0097862747865376;-0.97862747865376;4.259674579933192
15505;15505;2011-08-17;0.0009469382377833;0.09469382377833001;4.260621518170975
15506;15506;2011-08-18;-0.0456185995898375;-4.56185995898375;4.2150029185811375
15507;15507;2011-08-19;-0.0151227560294362;-1.51227560294362;4.199880162551701
15508;15508;2011-08-22;0.0002580078802436;0.025800788024359998;4.200138170431945
15509;15509;2011-08-23;0.0337102489999168;3.37102489999168;4.233848419431862
15510;15510;2011-08-24;0.0130346513639337;1.30346513639337;4.246883070795795
15511;15511;2011-08-25;-0.0156879346852277;-1.5687934685227702;4.231195136110568
15512;15512;2011-08-26;0.0150084180166195;1.50084180166195;4.246203554127187
15513;15513;2011-08-29;0.0278875048209182;2.7887504820918196;4.274091058948105
15514;15514;2011-08-30;0.0023442751140505;0.23442751140505003;4.276435334062156
15515;15515;2011-08-31;0.0049099089554109;0.49099089554109;4.281345243017567
15516;15516;2011-09-01;-0.0119424610353267;-1.19424610353267;4.26940278198224
15517;15517;2011-09-02;-0.025607017084277;-2.5607017084277;4.243795764897963
15518;15518;2011-09-06;-0.0074640769116296;-0.74640769116296;4.2363316879863335
15519;15519;2011-09-07;0.0282438250625177;2.82438250625177;4.264575513048851
15520;15520;2011-09-08;-0.0106688906386889;-1.0668890638688902;4.253906622410162
15521;15521;2011-09-09;-0.0270685625679219;-2.7068562567921903;4.22683805984224
15522;15522;2011-09-12;0.0069415689914427;0.69415689914427;4.233779628833683
15523;15523;2011-09-13;0.009078725677134;0.9078725677134;4.242858354510817
15524;15524;2011-09-14;0.0133897608613243;1.33897608613243;4.256248115372141
15525;15525;2011-09-15;0.0170410461841648;1.7041046184164799;4.273289161556306
15526;15526;2011-09-16;0.0056904760454381;0.56904760454381;4.278979637601744
15527;15527;2011-09-19;-0.0098509487315903;-0.9850948731590301;4.269128688870154
15528;15528;2011-09-20;-0.0016623864524758;-0.16623864524758;4.267466302417678
15529;15529;2011-09-21;-0.0298309950357503;-2.9830995035750303;4.237635307381928
15530;15530;2011-09-22;-0.0324024566004537;-3.2402456600453697;4.205232850781474
15531;15531;2011-09-23;0.0060635887241771;0.60635887241771;4.211296439505651
15532;15532;2011-09-26;0.0230680208948169;2.30680208948169;4.234364460400468
15533;15533;2011-09-27;0.0106316656047891;1.06316656047891;4.244996126005257
15534;15534;2011-09-28;-0.0209081955994623;-2.09081955994623;4.224087930405795
15535;15535;2011-09-29;0.0080814857255964;0.80814857255964;4.232169416131391
15536;15536;2011-09-30;-0.0252912740737035;-2.5291274073703502;4.206878142057688
15537;15537;2011-10-03;-0.0288636033785545;-2.8863603378554497;4.178014538679133
15538;15538;2011-10-04;0.0222393064046686;2.22393064046686;4.200253845083802
15539;15539;2011-10-05;0.0177079188389317;1.7707918838931702;4.217961763922734
15540;15540;2011-10-06;0.0181381689808147;1.81381689808147;4.2360999329035485
15541;15541;2011-10-07;-0.0081968113883661;-0.81968113883661;4.227903121515182
15542;15542;2011-10-10;0.0335556441594189;3.3555644159418896;4.261458765674601
15543;15543;2011-10-11;0.0005438552907532;0.05438552907532;4.2620026209653545
15544;15544;2011-10-12;0.0097470469899159;0.97470469899159;4.2717496679552704
15545;15545;2011-10-13;-0.0029781025444206;-0.29781025444206;4.26877156541085
15546;15546;2011-10-14;0.0172309489071045;1.72309489071045;4.286002514317954
15547;15547;2011-10-17;-0.0195599378475508;-1.95599378475508;4.2664425764704035
15548;15548;2011-10-18;0.0202130497687039;2.02130497687039;4.286655626239107
15549;15549;2011-10-19;-0.0127298187858012;-1.2729818785801201;4.273925807453306
15550;15550;2011-10-20;0.0045438400134845;0.45438400134845003;4.278469647466791
15551;15551;2011-10-21;0.0186340672031751;1.86340672031751;4.297103714669966
15552;15552;2011-10-24;0.0127908063564579;1.27908063564579;4.309894521026424
15553;15553;2011-10-25;-0.0202483457356237;-2.02483457356237;4.2896461752908
15554;15554;2011-10-26;0.0104814304042433;1.04814304042433;4.300127605695043
15555;15555;2011-10-27;0.0337165913080133;3.37165913080133;4.333844197003057
15556;15556;2011-10-28;0.000389153528487;0.0389153528487;4.334233350531544
15557;15557;2011-10-31;-0.0250486166156643;-2.50486166156643;4.309184733915879
15558;15558;2011-11-01;-0.0283400600024164;-2.83400600024164;4.280844673913463
15559;15559;2011-11-02;0.0159763632135936;1.59763632135936;4.2968210371270565
15560;15560;2011-11-03;0.0186076072070964;1.8607607207096402;4.315428644334153
15561;15561;2011-11-04;-0.0062998195829013;-0.62998195829013;4.309128824751252
15562;15562;2011-11-07;0.0062760084922768;0.62760084922768;4.315404833243528
15563;15563;2011-11-08;0.0116673104575096;1.1667310457509599;4.327072143701038
15564;15564;2011-11-09;-0.0373853468049665;-3.73853468049665;4.2896867968960715
15565;15565;2011-11-10;0.008587200623956;0.8587200623956;4.2982739975200275
15566;15566;2011-11-11;0.0192932234707763;1.9293223470776302;4.317567220990804
15567;15567;2011-11-14;-0.0095960372523373;-0.95960372523373;4.307971183738466
15568;15568;2011-11-15;0.0048055988374446;0.48055988374446;4.312776782575911
15569;15569;2011-11-16;-0.0167557988102081;-1.67557988102081;4.296020983765703
15570;15570;2011-11-17;-0.0169426717460741;-1.69426717460741;4.279078312019629
15571;15571;2011-11-18;-0.0003947569274433;-0.03947569274433;4.278683555092186
15572;15572;2011-11-21;-0.0188245711572623;-1.88245711572623;4.259858983934923
15573;15573;2011-11-22;-0.0041494385166895;-0.41494385166895004;4.255709545418234
15574;15574;2011-11-23;-0.0223429704597846;-2.23429704597846;4.233366574958449
15575;15575;2011-11-25;-0.0026891191992559;-0.26891191992559005;4.230677455759193
15576;15576;2011-11-28;0.0288210791355352;2.88210791355352;4.259498534894728
15577;15577;2011-11-29;0.0022112064853692;0.22112064853691998;4.2617097413800975
15578;15578;2011-11-30;0.0424034387262529;4.24034387262529;4.30411318010635
15579;15579;2011-12-01;-0.0019104696719143;-0.19104696719143;4.302202710434436
15580;15580;2011-12-02;-0.0002410155679788;-0.02410155679788;4.301961694866457
15581;15581;2011-12-05;0.0102344634943536;1.02344634943536;4.312196158360811
15582;15582;2011-12-06;0.0011051381859319;0.11051381859319;4.313301296546743
15583;15583;2011-12-07;0.0020163207326184;0.20163207326184;4.315317617279361
15584;15584;2011-12-08;-0.0213684988013423;-2.13684988013423;4.293949118478019
15585;15585;2011-12-09;0.0167424122479796;1.6742412247979601;4.3106915307259985
15586;15586;2011-12-12;-0.0150263863410247;-1.50263863410247;4.295665144384974
15587;15587;2011-12-13;-0.0087239536428285;-0.87239536428285;4.286941190742145
15588;15588;2011-12-14;-0.0114132513532486;-1.14132513532486;4.275527939388897
15589;15589;2011-12-15;0.0032378530966177;0.32378530966177;4.2787657924855145
15590;15590;2011-12-16;0.0032109889545743;0.32109889545743;4.281976781440089
15591;15591;2011-12-19;-0.0118021979677119;-1.18021979677119;4.270174583472377
15592;15592;2011-12-20;0.0293892957258874;2.9389295725887403;4.299563879198264
15593;15593;2011-12-21;0.0019476082650902;0.19476082650902;4.301511487463355
15594;15594;2011-12-22;0.0082315769311307;0.82315769311307;4.309743064394485
15595;15595;2011-12-23;0.0089944807398856;0.89944807398856;4.318737545134371
15596;15596;2011-12-27;7.91050906894242e-05;0.00791050906894242;4.3188166502250604
15597;15597;2011-12-28;-0.0125565062036017;-1.25565062036017;4.306260144021459
15598;15598;2011-12-29;0.0106501725530839;1.0650172553083899;4.316910316574543
15599;15599;2011-12-30;-0.0043005707819512;-0.43005707819512;4.312609745792591
15600;15600;2012-01-03;0.015355483659043;1.5355483659043;4.327965229451634
15601;15601;2012-01-04;0.0001879061608853;0.018790616088530002;4.32815313561252
15602;15602;2012-01-05;0.0029393928520526;0.29393928520525997;4.3310925284645725
15603;15603;2012-01-06;-0.0025401850017328;-0.25401850017328;4.32855234346284
15604;15604;2012-01-09;0.0022590439104783;0.22590439104783;4.330811387373318
15605;15605;2012-01-10;0.0088465237049391;0.88465237049391;4.339657911078257
15606;15606;2012-01-11;0.0003095490242825;0.03095490242825;4.33996746010254
15607;15607;2012-01-12;0.0023338831012438;0.23338831012438;4.342301343203784
15608;15608;2012-01-13;-0.0049602043084782;-0.49602043084782;4.337341138895305
15609;15609;2012-01-17;0.0035466576710563;0.35466576710562997;4.340887796566362
15610;15610;2012-01-18;0.0110466890401675;1.1046689040167499;4.351934485606529
15611;15611;2012-01-19;0.0049265017650261;0.49265017650261006;4.356860987371555
15612;15612;2012-01-20;0.0006692358823752;0.06692358823752001;4.357530223253931
15613;15613;2012-01-23;0.0004712318329511;0.04712318329511;4.358001455086882
15614;15614;2012-01-24;-0.0010263441401843;-0.10263441401842999;4.356975110946697
15615;15615;2012-01-25;0.0086416953385155;0.86416953385155;4.365616806285213
15616;15616;2012-01-26;-0.0057705083751002;-0.57705083751002;4.359846297910113
15617;15617;2012-01-27;-0.0015941478060836;-0.15941478060836;4.358252150104029
15618;15618;2012-01-30;-0.0025253088662982;-0.25253088662982;4.355726841237731
15619;15619;2012-01-31;-0.0004570514434938;-0.04570514434938;4.355269789794237
15620;15620;2012-02-01;0.0088602377468864;0.88602377468864;4.3641300275411234
15621;15621;2012-02-02;0.0010945476478099;0.10945476478099;4.365224575188933
15622;15622;2012-02-03;0.014499725687382;1.4499725687382;4.379724300876315
15623;15623;2012-02-06;-0.0004239637463347;-0.04239637463347;4.379300337129981
15624;15624;2012-02-07;0.0020213376937432;0.20213376937431998;4.381321674823724
15625;15625;2012-02-08;0.002157880852029;0.2157880852029;4.383479555675753
15626;15626;2012-02-09;0.0014730249524497;0.14730249524497;4.384952580628203
15627;15627;2012-02-10;-0.0069101222546406;-0.6910122254640599;4.378042458373562
15628;15628;2012-02-13;0.0067770234114208;0.6777023411420801;4.384819481784983
15629;15629;2012-02-14;-0.0009399653506934;-0.09399653506934;4.383879516434289
15630;15630;2012-02-15;-0.0053977478851887;-0.53977478851887;4.378481768549101
15631;15631;2012-02-16;0.0109653661362268;1.09653661362268;4.389447134685327
15632;15632;2012-02-17;0.0023461755846048;0.23461755846048002;4.391793310269932
15633;15633;2012-02-21;0.000719664147935;0.07196641479350001;4.392512974417867
15634;15634;2012-02-22;-0.0033456975903778;-0.33456975903777997;4.389167276827489
15635;15635;2012-02-23;0.0042629033587964;0.42629033587964;4.393430180186286
15636;15636;2012-02-24;0.0016708409580585;0.16708409580584999;4.395101021144344
15637;15637;2012-02-27;0.0013536428548794;0.13536428548794;4.396454663999224
15638;15638;2012-02-28;0.0033507135715842;0.33507135715842;4.399805377570808
15639;15639;2012-02-29;-0.0047482427559506;-0.47482427559505996;4.3950571348148575
15640;15640;2012-03-01;0.0061391564636395;0.61391564636395;4.401196291278497
15641;15641;2012-03-02;-0.003251035073065;-0.3251035073065;4.397945256205432
15642;15642;2012-03-05;-0.0038772006284668;-0.38772006284668;4.394068055576965
15643;15643;2012-03-06;-0.015489506349164;-1.5489506349164;4.378578549227801
15644;15644;2012-03-07;0.0068769220713349;0.68769220713349;4.385455471299136
15645;15645;2012-03-08;0.0097700489565335;0.97700489565335;4.39522552025567
15646;15646;2012-03-09;0.003624673066799;0.3624673066799;4.398850193322469
15647;15647;2012-03-12;0.000160448003327;0.016044800332699997;4.399010641325796
15648;15648;2012-03-13;0.0179691328362557;1.79691328362557;4.416979774162051
15649;15649;2012-03-14;-0.0011969781783962;-0.11969781783962;4.415782795983655
15650;15650;2012-03-15;0.0059494662096941;0.59494662096941;4.421732262193349
15651;15651;2012-03-16;0.0011187722204368;0.11187722204368;4.422851034413786
15652;15652;2012-03-19;0.0039659714751243;0.39659714751242997;4.4268170058889105
15653;15653;2012-03-20;-0.0030050284008842;-0.30050284008842;4.423811977488026
15654;15654;2012-03-21;-0.0018729499866818;-0.18729499866818;4.421939027501344
15655;15655;2012-03-22;-0.0072326346906486;-0.7232634690648599;4.414706392810696
15656;15656;2012-03-23;0.0031040359690734;0.31040359690734;4.417810428779769
15657;15657;2012-03-26;0.0137903003811832;1.37903003811832;4.4316007291609525
15658;15658;2012-03-27;-0.002820749587852;-0.2820749587852;4.4287799795731
15659;15659;2012-03-28;-0.0049537590596102;-0.49537590596102;4.42382622051349
15660;15660;2012-03-29;-0.0016092241104779;-0.16092241104779;4.422216996403012
15661;15661;2012-03-30;0.0036916140439577;0.36916140439577;4.42590861044697
15662;15662;2012-04-02;0.0074766258661602;0.74766258661602;4.43338523631313
15663;15663;2012-04-03;-0.0039966116931848;-0.39966116931848;4.429388624619945
15664;15664;2012-04-04;-0.0102549268907746;-1.0254926890774598;4.419133697729171
15665;15665;2012-04-05;-0.000629240236214;-0.0629240236214;4.418504457492957
15666;15666;2012-04-09;-0.0114234380847753;-1.1423438084775301;4.4070810194081815
15667;15667;2012-04-10;-0.0172290250205762;-1.7229025020576199;4.389851994387605
15668;15668;2012-04-11;0.0074212897135268;0.7421289713526801;4.397273284101132
15669;15669;2012-04-12;0.0136853149819896;1.36853149819896;4.410958599083122
15670;15670;2012-04-13;-0.0125534667456888;-1.25534667456888;4.398405132337433
15671;15671;2012-04-16;-0.000503727622279;-0.0503727622279;4.397901404715154
15672;15672;2012-04-17;0.0153679791555561;1.53679791555561;4.41326938387071
15673;15673;2012-04-18;-0.0040635332944765;-0.40635332944765;4.4092058505762335
15674;15674;2012-04-19;-0.0059520756912947;-0.5952075691294699;4.403253774884939
15675;15675;2012-04-20;0.0011685823662634;0.11685823662634001;4.404422357251202
15676;15676;2012-04-23;-0.008443113184728;-0.8443113184728;4.395979244066474
15677;15677;2012-04-24;0.0036730201552117;0.36730201552117003;4.399652264221686
15678;15678;2012-04-25;0.0135523423902342;1.35523423902342;4.41320460661192
15679;15679;2012-04-26;0.0066579520908032;0.66579520908032;4.419862558702723
15680;15680;2012-04-27;0.0024114140133342;0.24114140133342;4.422273972716058
15681;15681;2012-04-30;-0.0038910621533947;-0.38910621533947;4.418382910562663
15682;15682;2012-05-01;0.0056424356426054;0.56424356426054;4.424025346205268
15683;15683;2012-05-02;-0.0024998050813396;-0.24998050813396;4.421525541123929
15684;15684;2012-05-03;-0.0076883516009314;-0.76883516009314;4.413837189522997
15685;15685;2012-05-04;-0.0162789952114322;-1.62789952114322;4.397558194311565
15686;15686;2012-05-07;0.0003505192405333;0.035051924053330005;4.3979087135520984
15687;15687;2012-05-08;-0.0042878528773444;-0.42878528773444;4.393620860674754
15688;15688;2012-05-09;-0.0067248277898492;-0.67248277898492;4.386896032884905
15689;15689;2012-05-10;0.0025142472741679;0.25142472741679;4.389410280159073
15690;15690;2012-05-11;-0.0033930909019277;-0.33930909019277;4.386017189257145
15691;15691;2012-05-14;-0.01117507305272;-1.117507305272;4.374842116204425
15692;15692;2012-05-15;-0.0057624087209209;-0.5762408720920901;4.369079707483504
15693;15693;2012-05-16;-0.0044135436641754;-0.44135436641754;4.3646661638193285
15694;15694;2012-05-17;-0.0151657978047659;-1.51657978047659;4.349500366014563
15695;15695;2012-05-18;-0.0074152013281212;-0.74152013281212;4.342085164686441
15696;15696;2012-05-21;0.015908683988533;1.5908683988533;4.357993848674974
15697;15697;2012-05-22;0.0004862190622452;0.04862190622452;4.3584800677372195
15698;15698;2012-05-23;0.0016922701589781;0.16922701589781;4.360172337896198
15699;15699;2012-05-24;0.0013790806440274;0.13790806440274;4.361551418540225
15700;15700;2012-05-25;-0.0021679811409836;-0.21679811409836;4.3593834373992415
15701;15701;2012-05-29;0.0110180555392203;1.10180555392203;4.370401492938462
15702;15702;2012-05-30;-0.0144386295659409;-1.44386295659409;4.355962863372521
15703;15703;2012-05-31;-0.0022792608816786;-0.22792608816785997;4.353683602490842
15704;15704;2012-06-01;-0.0249512954215287;-2.49512954215287;4.328732307069314
15705;15705;2012-06-04;0.0001095484700419;0.010954847004190001;4.3288418555393555
15706;15706;2012-06-05;0.0057105143682081;0.57105143682081;4.334552369907564
15707;15707;2012-06-06;0.0227877761371547;2.27877761371547;4.357340146044718
15708;15708;2012-06-07;-0.0001064704275073;-0.01064704275073;4.357233675617211
15709;15709;2012-06-08;0.0080814208426769;0.80814208426769;4.365315096459888
15710;15710;2012-06-11;-0.0127004234590169;-1.27004234590169;4.352614673000871
15711;15711;2012-06-12;0.0115833898986972;1.15833898986972;4.364198062899568
15712;15712;2012-06-13;-0.0070480302002762;-0.7048030200276201;4.357150032699292
15713;15713;2012-06-14;0.0107565928722817;1.07565928722817;4.367906625571574
15714;15714;2012-06-15;0.0102847454744222;1.02847454744222;4.378191371045996
15715;15715;2012-06-18;0.0014437036043633;0.14437036043633;4.379635074650359
15716;15716;2012-06-19;0.0097678342931919;0.97678342931919;4.389402908943551
15717;15717;2012-06-20;-0.001687780467253;-0.1687780467253;4.387715128476298
15718;15718;2012-06-21;-0.0225132077068944;-2.25132077068944;4.365201920769404
15719;15719;2012-06-22;0.0071489894088037;0.71489894088037;4.372350910178207
15720;15720;2012-06-25;-0.0160835025157402;-1.60835025157402;4.356267407662467
15721;15721;2012-06-26;0.0047613677574815;0.47613677574815;4.361028775419949
15722;15722;2012-06-27;0.0089447819080685;0.89447819080685;4.369973557328017
15723;15723;2012-06-28;-0.0021120287036859;-0.21120287036859;4.367861528624331
15724;15724;2012-06-29;0.0246147936500325;2.46147936500325;4.392476322274364
15725;15725;2012-07-02;0.0024562924622602;0.24562924622601998;4.394932614736624
15726;15726;2012-07-03;0.0062127717379372;0.6212771737937199;4.401145386474561
15727;15727;2012-07-05;-0.0046980419474618;-0.46980419474618;4.3964473445270995
15728;15728;2012-07-06;-0.0094774184022128;-0.94774184022128;4.386969926124887
15729;15729;2012-07-09;-0.0016401763376867;-0.16401763376866998;4.3853297497872
15730;15730;2012-07-10;-0.0081591216144971;-0.8159121614497101;4.377170628172703
15731;15731;2012-07-11;-1.49240384228477e-05;-0.0014924038422847701;4.37715570413428
15732;15732;2012-07-12;-0.0049995740487389;-0.49995740487388995;4.372156130085541
15733;15733;2012-07-13;0.0163627588531714;1.63627588531714;4.388518888938712
15734;15734;2012-07-16;-0.0023169954130954;-0.23169954130953999;4.386201893525617
15735;15735;2012-07-17;0.0073823555902983;0.73823555902983;4.393584249115915
15736;15736;2012-07-18;0.0066582750737236;0.66582750737236;4.400242524189639
15737;15737;2012-07-19;0.0027134156350374;0.27134156350374;4.402955939824676
15738;15738;2012-07-20;-0.0101126208363018;-1.01126208363018;4.392843318988374
15739;15739;2012-07-23;-0.0089489785247538;-0.8948978524753799;4.383894340463621
15740;15740;2012-07-24;-0.0090820502359578;-0.9082050235957799;4.374812290227663
15741;15741;2012-07-25;-0.0003139107628991;-0.03139107628991;4.374498379464764
15742;15742;2012-07-26;0.0164056629468412;1.64056629468412;4.390904042411605
15743;15743;2012-07-27;0.0189008143599869;1.89008143599869;4.409804856771592
15744;15744;2012-07-30;-0.0004834765347405;-0.048347653474050005;4.409321380236851
15745;15745;2012-07-31;-0.0043261730998596;-0.43261730998596;4.4049952071369916
15746;15746;2012-08-01;-0.0029041929023545;-0.29041929023545;4.402091014234637
15747;15747;2012-08-02;-0.0075319634139576;-0.75319634139576;4.394559050820679
15748;15748;2012-08-03;0.0188612880168071;1.88612880168071;4.413420338837486
15749;15749;2012-08-06;0.0023265605563453;0.23265605563453;4.415746899393832
15750;15750;2012-08-07;0.0050937633742744;0.50937633742744;4.420840662768106
15751;15751;2012-08-08;0.0006206337236971;0.06206337236971;4.421461296491803
15752;15752;2012-08-09;0.0004135999059773;0.041359990597730004;4.421874896397781
15753;15753;2012-08-10;0.0021860504612263;0.21860504612263;4.424060946859007
15754;15754;2012-08-13;-0.0012526852452188;-0.12526852452188;4.422808261613788
15755;15755;2012-08-14;-0.0001281541557442;-0.012815415574419998;4.422680107458044
15756;15756;2012-08-15;0.0011389912123345;0.11389912123345;4.4238190986703785
15757;15757;2012-08-16;0.0070754207643011;0.7075420764301099;4.43089451943468
15758;15758;2012-08-17;0.001870383447196;0.1870383447196;4.432764902881876
15759;15759;2012-08-20;-2.11748443135207e-05;-0.00211748443135207;4.432743728037562
15760;15760;2012-08-21;-0.0035036668583812;-0.35036668583812;4.429240061179181
15761;15761;2012-08-22;0.0002263774189454;0.02263774189454;4.429466438598126
15762;15762;2012-08-23;-0.0081049994709143;-0.81049994709143;4.421361439127212
15763;15763;2012-08-24;0.0064339884653126;0.64339884653126;4.427795427592525
15764;15764;2012-08-27;-0.0004891347915982;-0.04891347915982;4.427306292800926
15765;15765;2012-08-28;-0.000808508632808;-0.0808508632808;4.426497784168118
15766;15766;2012-08-29;0.0008439926761756;0.08439926761756;4.427341776844294
15767;15767;2012-08-30;-0.007836429898453;-0.7836429898453;4.419505346945841
15768;15768;2012-08-31;0.0050604700637109;0.50604700637109;4.424565817009552
15769;15769;2012-09-04;-0.0011666395729665;-0.11666395729665;4.423399177436585
15770;15770;2012-09-05;-0.0010682316535977;-0.10682316535977;4.422330945782988
15771;15771;2012-09-06;0.0202295368196461;2.02295368196461;4.442560482602634
15772;15772;2012-09-07;0.0040417951088036;0.40417951088035997;4.446602277711437
15773;15773;2012-09-10;-0.0061668057309534;-0.6166805730953401;4.440435471980484
15774;15774;2012-09-11;0.0031300524231063;0.31300524231063;4.44356552440359
15775;15775;2012-09-12;0.0020905056020046;0.20905056020046;4.445656030005595
15776;15776;2012-09-13;0.0161781717105187;1.61781717105187;4.461834201716114
15777;15777;2012-09-14;0.0039511357731383;0.39511357731382996;4.465785337489252
15778;15778;2012-09-17;-0.0031295834580902;-0.31295834580902;4.462655754031162
15779;15779;2012-09-18;-0.0012805950521706;-0.12805950521706;4.461375158978991
15780;15780;2012-09-19;0.0011848520600921;0.11848520600921;4.462560011039083
15781;15781;2012-09-20;-0.0005408799499573;-0.05408799499573;4.462019131089126
15782;15782;2012-09-21;-7.53222997937897e-05;-0.00753222997937897;4.461943808789332
15783;15783;2012-09-24;-0.0022351495444947;-0.22351495444946998;4.459708659244837
15784;15784;2012-09-25;-0.0105573895352329;-1.05573895352329;4.4491512697096045
15785;15785;2012-09-26;-0.0057532535380593;-0.57532535380593;4.443398016171545
15786;15786;2012-09-27;0.0096027276237853;0.96027276237853;4.4530007437953305
15787;15787;2012-09-28;-0.0044878079126844;-0.44878079126844;4.448512935882646
15788;15788;2012-10-01;0.0026479974677808;0.26479974677808;4.451160933350427
15789;15789;2012-10-02;0.0008719068895199;0.08719068895199;4.452032840239947
15790;15790;2012-10-03;0.0036178571315055;0.36178571315055;4.4556506973714525
15791;15791;2012-10-04;0.007148821609892;0.7148821609892;4.4627995189813445
15792;15792;2012-10-05;-0.0003216406028796;-0.032164060287960004;4.462477878378465
15793;15793;2012-10-08;-0.003462723964799;-0.3462723964799;4.459015154413666
15794;15794;2012-10-09;-0.0099401825408209;-0.9940182540820901;4.449074971872845
15795;15795;2012-10-10;-0.0062072549577108;-0.62072549577108;4.442867716915134
15796;15796;2012-10-11;0.0001953702788073;0.01953702788073;4.443063087193941
15797;15797;2012-10-12;-0.0029705449556427;-0.29705449556427;4.440092542238299
15798;15798;2012-10-15;0.00804547070826;0.804547070826;4.448138012946559
15799;15799;2012-10-16;0.0102175557733855;1.02175557733855;4.458355568719944
15800;15800;2012-10-17;0.0041086059653698;0.41086059653698004;4.462464174685314
15801;15801;2012-10-18;-0.0024467196305995;-0.24467196305995;4.4600174550547145
15802;15802;2012-10-19;-0.016710145006793;-1.6710145006793;4.4433073100479215
15803;15803;2012-10-22;0.0004394857604062;0.043948576040620004;4.443746795808328
15804;15804;2012-10-23;-0.0145492350179213;-1.45492350179213;4.429197560790406
15805;15805;2012-10-24;-0.003090152234801;-0.30901522348009997;4.426107408555605
15806;15806;2012-10-25;0.0029910651585014;0.29910651585014003;4.429098473714107
15807;15807;2012-10-26;-0.0007292480664755;-0.07292480664755;4.428369225647631
15808;15808;2012-10-31;0.0001558677117614;0.01558677117614;4.428525093359393
15809;15809;2012-11-01;0.0108672128540972;1.0867212854097201;4.43939230621349
15810;15810;2012-11-02;-0.0094237184902956;-0.9423718490295601;4.429968587723194
15811;15811;2012-11-05;0.0021614716319646;0.21614716319646;4.432130059355159
15812;15812;2012-11-06;0.0078225092034802;0.78225092034802;4.439952568558639
15813;15813;2012-11-07;-0.0239904846382153;-2.39904846382153;4.415962083920424
15814;15814;2012-11-08;-0.012279932930479;-1.2279932930479;4.403682150989945
15815;15815;2012-11-09;0.0016972514097553;0.16972514097553001;4.4053794023997
15816;15816;2012-11-12;0.0001304788613483;0.013047886134830001;4.4055098812610485
15817;15817;2012-11-13;-0.0039933834756062;-0.39933834756062;4.401516497785442
15818;15818;2012-11-14;-0.0139488704012525;-1.39488704012525;4.38756762738419
15819;15819;2012-11-15;-0.001594815824518;-0.1594815824518;4.385972811559672
15820;15820;2012-11-16;0.0048282748617598;0.48282748617598004;4.3908010864214315
15821;15821;2012-11-19;0.0196673769068623;1.9667376906862302;4.410468463328294
15822;15822;2012-11-20;0.0006631664750651;0.06631664750651;4.411131629803359
15823;15823;2012-11-21;0.0023174931548233;0.23174931548233;4.413449122958182
15824;15824;2012-11-23;0.012942201988551;1.2942201988551;4.426391324946733
15825;15825;2012-11-26;-0.0020316440199312;-0.20316440199312;4.424359680926802
15826;15826;2012-11-27;-0.0052402939311821;-0.5240293931182101;4.41911938699562
15827;15827;2012-11-28;0.0078253312555425;0.78253312555425;4.426944718251162
15828;15828;2012-11-29;0.0042605532404778;0.42605532404778;4.43120527149164
15829;15829;2012-11-30;0.000162494659567;0.0162494659567;4.431367766151207
15830;15830;2012-12-03;-0.0047565193260314;-0.47565193260314;4.426611246825176
15831;15831;2012-12-04;-0.0017112757132444;-0.17112757132443998;4.424899971111931
15832;15832;2012-12-05;0.0015836073217769;0.15836073217769;4.426483578433708
15833;15833;2012-12-06;0.0033011357820491;0.33011357820491;4.429784714215757
15834;15834;2012-12-07;0.0029166620828258;0.29166620828258;4.432701376298583
15835;15835;2012-12-10;0.0003385035749801;0.033850357498010006;4.433039879873563
15836;15836;2012-12-11;0.0065275313199766;0.65275313199766;4.43956741119354
15837;15837;2012-12-12;0.0004481388799648;0.04481388799648;4.440015550073505
15838;15838;2012-12-13;-0.006341489769948;-0.6341489769948;4.433674060303557
15839;15839;2012-12-14;-0.0041439755970929;-0.41439755970929;4.429530084706464
15840;15840;2012-12-17;0.0118006878307124;1.18006878307124;4.441330772537176
15841;15841;2012-12-18;0.011421185869362;1.1421185869362;4.452751958406538
15842;15842;2012-12-19;-0.0076181452366803;-0.76181452366803;4.445133813169858
15843;15843;2012-12-20;0.0054731041292308;0.54731041292308;4.450606917299089
15844;15844;2012-12-21;-0.0094229444582723;-0.94229444582723;4.4411839728408165
15845;15845;2012-12-24;-0.002443278807692;-0.24432788076920003;4.438740694033124
15846;15846;2012-12-26;-0.0047989567024933;-0.47989567024933;4.433941737330631
15847;15847;2012-12-27;-0.0012191845857652;-0.12191845857651999;4.432722552744866
15848;15848;2012-12-28;-0.0111114457608297;-1.1111445760829701;4.421611106984036
15849;15849;2012-12-31;0.0168000267789203;1.6800026778920298;4.438411133762957
15850;15850;2013-01-02;0.0250861162809422;2.50861162809422;4.463497250043899
15851;15851;2013-01-03;-0.0020877955412199;-0.20877955412199;4.461409454502679
15852;15852;2013-01-04;0.0048533002617237;0.48533002617237;4.4662627547644025
15853;15853;2013-01-07;-0.0031280032210796;-0.31280032210796;4.463134751543323
15854;15854;2013-01-08;-0.0032476397053775;-0.32476397053775;4.459887111837945
15855;15855;2013-01-09;0.0026523459636784;0.26523459636784;4.462539457801624
15856;15856;2013-01-10;0.0075686997087682;0.7568699708768201;4.470108157510392
15857;15857;2013-01-11;-4.75149186138779e-05;-0.00475149186138779;4.470060642591778
15858;15858;2013-01-14;-0.0009311048251285;-0.09311048251285;4.46912953776665
15859;15859;2013-01-15;0.0011280332207963;0.11280332207963;4.470257570987446
15860;15860;2013-01-16;0.0001969724674912;0.01969724674912;4.470454543454937
15861;15861;2013-01-17;0.005627060187459;0.5627060187459;4.476081603642396
15862;15862;2013-01-18;0.0033974923370214;0.33974923370214;4.479479095979418
15863;15863;2013-01-22;0.0044183322153434;0.44183322153434;4.483897428194761
15864;15864;2013-01-23;0.0015063419238829;0.15063419238829;4.485403770118644
15865;15865;2013-01-24;6.61419639502725e-06;0.000661419639502725;4.485410384315039
15866;15866;2013-01-25;0.0054307088968288;0.54307088968288;4.490841093211868
15867;15867;2013-01-28;-0.0018513341236916;-0.18513341236916;4.488989759088176
15868;15868;2013-01-29;0.0050930037076888;0.50930037076888;4.494082762795865
15869;15869;2013-01-30;-0.0039072447493087;-0.39072447493087;4.490175518046557
15870;15870;2013-01-31;-0.0025665922346744;-0.25665922346744;4.487608925811882
15871;15871;2013-02-01;0.010002513494821;1.0002513494821;4.497611439306703
15872;15872;2013-02-04;-0.0116058327040065;-1.16058327040065;4.4860056066026965
15873;15873;2013-02-05;0.0103626321389179;1.03626321389179;4.496368238741614
15874;15874;2013-02-06;0.0005490198229907;0.05490198229907;4.496917258564605
15875;15875;2013-02-07;-0.0018070307454412;-0.18070307454412;4.495110227819164
15876;15876;2013-02-08;0.0056419945425583;0.5641994542558301;4.500752222361722
15877;15877;2013-02-11;-0.0006063012835717;-0.06063012835717001;4.5001459210781505
15878;15878;2013-02-12;0.0015940011733501;0.15940011733501;4.501739922251501
15879;15879;2013-02-13;0.0005920875485756;0.059208754857560005;4.502332009800076
15880;15880;2013-02-14;0.0006904333780513;0.06904333780513;4.503022443178128
15881;15881;2013-02-15;-0.0010456279141646;-0.10456279141646001;4.501976815263963
15882;15882;2013-02-19;0.0073096942171258;0.7309694217125801;4.509286509481089
15883;15883;2013-02-20;-0.0124817112783244;-1.2481711278324399;4.496804798202764
15884;15884;2013-02-21;-0.006323005315588;-0.6323005315588;4.490481792887176
15885;15885;2013-02-22;0.0087342136235752;0.87342136235752;4.499216006510752
15886;15886;2013-02-25;-0.0184792755796783;-1.8479275579678298;4.480736730931073
15887;15887;2013-02-26;0.0060908763128839;0.6090876312883899;4.486827607243957
15888;15888;2013-02-27;0.0126456992358053;1.26456992358053;4.4994733064797625
15889;15889;2013-02-28;-0.0008644531160149;-0.08644531160149;4.498608853363748
15890;15890;2013-03-01;0.0023211591454765;0.23211591454765;4.500930012509224
15891;15891;2013-03-04;0.0046001265488691;0.46001265488691;4.505530139058093
15892;15892;2013-03-05;0.0095205519445995;0.95205519445995;4.515050691002693
15893;15893;2013-03-06;0.0010839251365508;0.10839251365508001;4.516134616139244
15894;15894;2013-03-07;0.0018148437284324;0.18148437284323998;4.517949459867676
15895;15895;2013-03-08;0.0044711287475331;0.44711287475331;4.522420588615209
15896;15896;2013-03-11;0.0032438188702901;0.32438188702901;4.5256644074854995
15897;15897;2013-03-12;-0.0024061458895046;-0.24061458895045998;4.523258261595995
15898;15898;2013-03-13;0.0013131897606468;0.13131897606468002;4.524571451356642
15899;15899;2013-03-14;0.0055873515575717;0.5587351557571699;4.5301588029142135
15900;15900;2013-03-15;-0.0016197735602556;-0.16197735602556002;4.528539029353958
15901;15901;2013-03-18;-0.0055255699581211;-0.55255699581211;4.523013459395837
15902;15902;2013-03-19;-0.0024254698776005;-0.24254698776005001;4.520587989518236
15903;15903;2013-03-20;0.0066751637398638;0.66751637398638;4.5272631532581
15904;15904;2013-03-21;-0.0083169236849141;-0.8316923684914099;4.518946229573186
15905;15905;2013-03-22;0.0071486439179224;0.71486439179224;4.526094873491108
15906;15906;2013-03-25;-0.0033456297885692;-0.33456297885692;4.522749243702539
15907;15907;2013-03-26;0.0077549637562022;0.77549637562022;4.530504207458741
15908;15908;2013-03-27;-0.0005885230873801;-0.05885230873801;4.529915684371361
15909;15909;2013-03-28;0.0040484628723591;0.40484628723591;4.53396414724372
15910;15910;2013-04-01;-0.0044836165714574;-0.44836165714574;4.529480530672263
15911;15911;2013-04-02;0.0051589338638464;0.51589338638464;4.534639464536109
15912;15912;2013-04-03;-0.0106021334803152;-1.0602133480315201;4.524037331055794
15913;15913;2013-04-04;0.0040402789737266;0.40402789737266;4.528077610029521
15914;15914;2013-04-05;-0.0043041450595513;-0.43041450595513003;4.5237734649699695
15915;15915;2013-04-08;0.0062829587714663;0.6282958771466299;4.530056423741436
15916;15916;2013-04-09;0.0035380657673869;0.35380657673869;4.533594489508823
15917;15917;2013-04-10;0.0121154432584394;1.21154432584394;4.545709932767262
15918;15918;2013-04-11;0.0035459564012621;0.35459564012621;4.549255889168524
15919;15919;2013-04-12;-0.0028407979843967;-0.28407979843967;4.5464150911841275
15920;15920;2013-04-15;-0.0232341250374395;-2.32341250374395;4.523180966146688
15921;15921;2013-04-16;0.0142058408709529;1.42058408709529;4.537386807017641
15922;15922;2013-04-17;-0.0144313133513894;-1.4431313351389399;4.5229554936662515
15923;15923;2013-04-18;-0.0067235563486072;-0.67235563486072;4.516231937317644
15924;15924;2013-04-19;0.0088089892791041;0.88089892791041;4.525040926596748
15925;15925;2013-04-22;0.0046507982154269;0.46507982154268995;4.529691724812175
15926;15926;2013-04-23;0.0103653126175125;1.0365312617512499;4.540057037429688
15927;15927;2013-04-24;6.34031852619899e-06;0.000634031852619899;4.540063377748214
15928;15928;2013-04-25;0.0040266144912219;0.40266144912219004;4.544089992239436
15929;15929;2013-04-26;-0.0018438118362897;-0.18438118362897;4.542246180403146
15930;15930;2013-04-29;0.0071603152969279;0.71603152969279;4.549406495700074
15931;15931;2013-04-30;0.0024818174582508;0.24818174582508;4.551888313158325
15932;15932;2013-05-01;-0.0093514725772214;-0.93514725772214;4.5425368405811035
15933;15933;2013-05-02;0.0093640040313909;0.9364004031390901;4.5519008446124944
15934;15934;2013-05-03;0.0104795638695707;1.0479563869570698;4.562380408482065
15935;15935;2013-05-06;0.0019059610946099;0.19059610946099;4.564286369576675
15936;15936;2013-05-07;0.0052166391982764;0.52166391982764;4.5695030087749515
15937;15937;2013-05-08;0.0041305385794352;0.41305385794352;4.573633547354387
15938;15938;2013-05-09;-0.0036939177463315;-0.36939177463315004;4.569939629608055
15939;15939;2013-05-10;0.0043123436327592;0.43123436327591996;4.5742519732408145
15940;15940;2013-05-13;4.28888409889083e-05;0.00428888409889083;4.574294862081803
15941;15941;2013-05-14;0.0100910667911167;1.0091066791116698;4.58438592887292
15942;15942;2013-05-15;0.0051011032023593;0.5101103202359301;4.589487032075279
15943;15943;2013-05-16;-0.0050223316265656;-0.50223316265656;4.584464700448714
15944;15944;2013-05-17;0.0102474119847287;1.0247411984728698;4.5947121124334425
15945;15945;2013-05-20;-0.000707868620255;-0.0707868620255;4.594004243813187
15946;15946;2013-05-21;0.0017209046128599;0.17209046128599;4.595725148426047
15947;15947;2013-05-22;-0.0083080739079912;-0.83080739079912;4.587417074518056
15948;15948;2013-05-23;-0.0029281152127405;-0.29281152127404997;4.5844889593053155
15949;15949;2013-05-24;-0.000551517389983;-0.0551517389983;4.5839374419153325
15950;15950;2013-05-28;0.0063209621028725;0.6320962102872499;4.590258404018205
15951;15951;2013-05-29;-0.0070729367011663;-0.7072936701166299;4.583185467317039
15952;15952;2013-05-30;0.0036636252189827;0.36636252189826995;4.5868490925360215
15953;15953;2013-05-31;-0.0144105769569691;-1.4410576956969101;4.572438515579052
15954;15954;2013-06-03;0.0059184400368028;0.59184400368028;4.578356955615855
15955;15955;2013-06-04;-0.0055260479671099;-0.55260479671099;4.572830907648745
15956;15956;2013-06-05;-0.0138755548731133;-1.38755548731133;4.558955352775632
15957;15957;2013-06-06;0.0084544546519644;0.8454454651964399;4.567409807427596
15958;15958;2013-06-07;0.0127499143478786;1.27499143478786;4.580159721775475
15959;15959;2013-06-10;-0.0003468734276568;-0.03468734276568;4.579812848347818
15960;15960;2013-06-11;-0.010205264360045;-1.0205264360044999;4.569607583987773
15961;15961;2013-06-12;-0.0084047766894226;-0.84047766894226;4.561202807298351
15962;15962;2013-06-13;0.0146760685918217;1.46760685918217;4.575878875890172
15963;15963;2013-06-14;-0.0059024011357689;-0.59024011357689;4.569976474754403
15964;15964;2013-06-17;0.0075388758127372;0.75388758127372;4.577515350567141
15965;15965;2013-06-18;0.0077609637128581;0.77609637128581;4.585276314279999
15966;15966;2013-06-19;-0.0139483013969688;-1.3948301396968799;4.57132801288303
15967;15967;2013-06-20;-0.0253284248255481;-2.53284248255481;4.545999588057482
15968;15968;2013-06-21;0.002666219490842;0.2666219490842;4.548665807548324
15969;15969;2013-06-24;-0.0122193690269237;-1.22193690269237;4.5364464385214
15970;15970;2013-06-25;0.0094524562581312;0.94524562581312;4.545898894779532
15971;15971;2013-06-26;0.0095447899993219;0.9544789999321899;4.5554436847788535
15972;15972;2013-06-27;0.0061806910475672;0.61806910475672;4.561624375826421
15973;15973;2013-06-28;-0.0042987890587467;-0.42987890587467004;4.557325586767674
15974;15974;2013-07-01;0.005389199832912;0.5389199832911999;4.562714786600586
15975;15975;2013-07-02;-0.0005450567626335;-0.05450567626335;4.562169729837953
15976;15976;2013-07-03;0.0008237078172239;0.08237078172239;4.562993437655177
15977;15977;2013-07-05;0.0101500460298922;1.01500460298922;4.573143483685069
15978;15978;2013-07-08;0.0052378050365025;0.52378050365025;4.578381288721571
15979;15979;2013-07-09;0.00720366172182;0.7203661721819999;4.585584950443391
15980;15980;2013-07-10;0.0001815760686616;0.01815760686616;4.585766526512053
15981;15981;2013-07-11;0.0134632131161112;1.3463213116111201;4.599229739628164
15982;15982;2013-07-12;0.0030817296989935;0.30817296989935;4.602311469327158
15983;15983;2013-07-15;0.0013739353933441;0.13739353933441;4.603685404720502
15984;15984;2013-07-16;-0.0037156552778867;-0.37156552778867;4.599969749442615
15985;15985;2013-07-17;0.0027702064016788;0.27702064016788;4.602739955844294
15986;15986;2013-07-18;0.005020341749538;0.5020341749538;4.607760297593832
15987;15987;2013-07-19;0.001608755755206;0.1608755755206;4.609369053349038
15988;15988;2013-07-22;0.0020309622611414;0.20309622611414;4.6114000156101795
15989;15989;2013-07-23;-0.0018536534855124;-0.18536534855124;4.609546362124667
15990;15990;2013-07-24;-0.0038185031784134;-0.38185031784134;4.605727858946254
15991;15991;2013-07-25;0.0025532102261527;0.25532102261527;4.608281069172406
15992;15992;2013-07-26;0.0008279511931403;0.08279511931403;4.609109020365547
15993;15993;2013-07-29;-0.0037430339630484;-0.37430339630484;4.605365986402498
15994;15994;2013-07-30;0.0003737471548541;0.03737471548541;4.6057397335573524
15995;15995;2013-07-31;-0.0001364188311381;-0.013641883113809998;4.605603314726214
15996;15996;2013-08-01;0.0124625884398295;1.2462588439829498;4.618065903166044
15997;15997;2013-08-02;0.0016391141885909;0.16391141885909;4.619705017354635
15998;15998;2013-08-05;-0.0014809307036145;-0.14809307036145;4.61822408665102
15999;15999;2013-08-06;-0.0057394731055309;-0.57394731055309;4.612484613545489
16000;16000;2013-08-07;-0.0038131256991684;-0.38131256991684;4.608671487846321
16001;16001;2013-08-08;0.003877920904169;0.3877920904169;4.61254940875049
16002;16002;2013-08-09;-0.0035763477329497;-0.35763477329497;4.60897306101754
16003;16003;2013-08-12;-0.0011535857171365;-0.11535857171365001;4.607819475300404
16004;16004;2013-08-13;0.0027722097254843;0.27722097254843003;4.610591685025888
16005;16005;2013-08-14;-0.0051900629132006;-0.5190062913200599;4.605401622112687
16006;16006;2013-08-15;-0.0143845653305519;-1.43845653305519;4.591017056782135
16007;16007;2013-08-16;-0.0033100674825092;-0.33100674825092;4.587706989299626
16008;16008;2013-08-19;-0.0059177776773253;-0.59177776773253;4.581789211622301
16009;16009;2013-08-20;0.0038139131021592;0.38139131021592;4.58560312472446
16010;16010;2013-08-21;-0.0057963696133134;-0.57963696133134;4.5798067551111465
16011;16011;2013-08-22;0.0085824416765101;0.85824416765101;4.588389196787657
16012;16012;2013-08-23;0.0039392418724935;0.39392418724934997;4.59232843866015
16013;16013;2013-08-26;-0.004047839409246;-0.4047839409246;4.588280599250904
16014;16014;2013-08-27;-0.0160015393374877;-1.60015393374877;4.572279059913416
16015;16015;2013-08-28;0.0027438776346882;0.27438776346882;4.575022937548105
16016;16016;2013-08-29;0.0019614766442517;0.19614766442516998;4.576984414192356
16017;16017;2013-08-30;-0.0031793670442175;-0.31793670442175004;4.573805047148139
16018;16018;2013-09-03;0.0041555753310218;0.41555753310218;4.577960622479161
16019;16019;2013-09-04;0.0080841876096151;0.8084187609615099;4.586044810088776
16020;16020;2013-09-05;0.0012091315395075;0.12091315395075002;4.587253941628283
16021;16021;2013-09-06;5.44297258651127e-05;0.00544297258651127;4.5873083713541485
16022;16022;2013-09-09;0.0099432821433165;0.9943282143316501;4.597251653497465
16023;16023;2013-09-10;0.0073189403082372;0.73189403082372;4.604570593805702
16024;16024;2013-09-11;0.0030476348223738;0.30476348223738003;4.607618228628076
16025;16025;2013-09-12;-0.0033861418646932;-0.33861418646932;4.604232086763383
16026;16026;2013-09-13;0.002711001481769;0.2711001481769;4.606943088245152
16027;16027;2013-09-16;0.00567700867858;0.567700867858;4.612620096923732
16028;16028;2013-09-17;0.0042088694901245;0.42088694901244994;4.616828966413856
16029;16029;2013-09-18;0.0121041216925901;1.21041216925901;4.6289330881064465
16030;16030;2013-09-19;-0.0018446543158114;-0.18446543158114;4.627088433790635
16031;16031;2013-09-20;-0.0072430541722603;-0.72430541722603;4.619845379618375
16032;16032;2013-09-23;-0.0047307587312808;-0.47307587312807997;4.615114620887094
16033;16033;2013-09-24;-0.0026005215710984;-0.26005215710984003;4.612514099315995
16034;16034;2013-09-25;-0.0027432249096826;-0.27432249096826;4.609770874406313
16035;16035;2013-09-26;0.0034793656032787;0.34793656032787;4.613250240009592
16036;16036;2013-09-27;-0.0040821216956379;-0.40821216956379;4.609168118313954
16037;16037;2013-09-30;-0.006047479878978;-0.6047479878978;4.603120638434976
16038;16038;2013-10-01;0.0079667245811938;0.7966724581193799;4.6110873630161695
16039;16039;2013-10-02;-0.0006668919395238;-0.06668919395238;4.610420471076646
16040;16040;2013-10-03;-0.0090199725384119;-0.90199725384119;4.601400498538234
16041;16041;2013-10-04;0.0070284668113256;0.70284668113256;4.608428965349559
16042;16042;2013-10-07;-0.008542747606735;-0.8542747606735;4.599886217742824
16043;16043;2013-10-08;-0.0124087499649912;-1.24087499649912;4.587477467777833
16044;16044;2013-10-09;0.0005737415844517;0.057374158445170007;4.588051209362285
16045;16045;2013-10-10;0.0215956233728347;2.15956233728347;4.60964683273512
16046;16046;2013-10-11;0.0062665952763936;0.62665952763936;4.615913428011513
16047;16047;2013-10-14;0.0040664414517763;0.40664414517763;4.61997986946329
16048;16048;2013-10-15;-0.0070887895800906;-0.7088789580090601;4.612891079883199
16049;16049;2013-10-16;0.0137328040315845;1.37328040315845;4.6266238839147835
16050;16050;2013-10-17;0.0067213142111342;0.6721314211134201;4.633345198125918
16051;16051;2013-10-18;0.0065274057025304;0.65274057025304;4.639872603828448
16052;16052;2013-10-21;9.17321066111754e-05;0.00917321066111754;4.639964335935059
16053;16053;2013-10-22;0.0057211163737873;0.5721116373787299;4.645685452308847
16054;16054;2013-10-23;-0.0047357532041001;-0.47357532041001005;4.6409496991047465
16055;16055;2013-10-24;0.0032528383122683;0.32528383122682997;4.644202537417015
16056;16056;2013-10-25;0.0043852148241283;0.43852148241282995;4.648587752241143
16057;16057;2013-10-28;0.0013288160533546;0.13288160533546;4.649916568294498
16058;16058;2013-10-29;0.0055686613166088;0.55686613166088;4.655485229611107
16059;16059;2013-10-30;-0.0048878493671811;-0.48878493671811;4.6505973802439255
16060;16060;2013-10-31;-0.0038467708339098;-0.38467708339098;4.646750609410016
16061;16061;2013-11-01;0.0028992146473561;0.28992146473561;4.649649824057372
16062;16062;2013-11-04;0.0035641993420361;0.35641993420361;4.653214023399408
16063;16063;2013-11-05;-0.0028095308434483;-0.28095308434483;4.65040449255596
16064;16064;2013-11-06;0.0042564684115138;0.42564684115137996;4.654660960967473
16065;16065;2013-11-07;-0.0132704361042091;-1.32704361042091;4.641390524863264
16066;16066;2013-11-08;0.013338208830703;1.3338208830703;4.654728733693967
16067;16067;2013-11-11;0.000722670461938;0.0722670461938;4.655451404155905
16068;16068;2013-11-12;-0.0023732058738508;-0.23732058738508;4.653078198282055
16069;16069;2013-11-13;0.0080627529503187;0.80627529503187;4.661140951232373
16070;16070;2013-11-14;0.0048255967550057;0.48255967550057;4.665966547987379
16071;16071;2013-11-15;0.0042131465000787;0.42131465000787;4.670179694487458
16072;16072;2013-11-18;-0.0037050527499671;-0.37050527499671;4.666474641737491
16073;16073;2013-11-19;-0.0020450551774366;-0.20450551774366002;4.664429586560054
16074;16074;2013-11-20;-0.0036422359964003;-0.36422359964003004;4.660787350563654
16075;16075;2013-11-21;0.0080957057171069;0.80957057171069;4.668883056280761
16076;16076;2013-11-22;0.0049491903993281;0.49491903993281;4.673832246680089
16077;16077;2013-11-25;-0.0012641411771632;-0.12641411771632;4.672568105502926
16078;16078;2013-11-26;0.0001497934955621;0.01497934955621;4.672717898998488
16079;16079;2013-11-27;0.0024819984180863;0.24819984180863;4.675199897416574
16080;16080;2013-11-29;-0.0007859979727733;-0.07859979727733;4.674413899443801
16081;16081;2013-12-02;-0.0027227239896046;-0.27227239896046;4.671691175454196
16082;16082;2013-12-03;-0.00319795599263;-0.319795599263;4.668493219461566
16083;16083;2013-12-04;-0.0013043430125314;-0.13043430125314;4.667188876449035
16084;16084;2013-12-05;-0.0043490162059933;-0.43490162059933;4.662839860243041
16085;16085;2013-12-06;0.0111751951427346;1.11751951427346;4.674015055385776
16086;16086;2013-12-09;0.001815451083603;0.1815451083603;4.675830506469379
16087;16087;2013-12-10;-0.0031847248958634;-0.31847248958634;4.672645781573515
16088;16088;2013-12-11;-0.0113813974430217;-1.1381397443021701;4.661264384130494
16089;16089;2013-12-12;-0.0037776885457319;-0.37776885457319004;4.657486695584762
16090;16090;2013-12-13;-0.000101415449329;-0.0101415449329;4.657385280135433
16091;16091;2013-12-16;0.0063001522572356;0.63001522572356;4.663685432392668
16092;16092;2013-12-17;-0.0031058059013879;-0.31058059013879;4.66057962649128
16093;16093;2013-12-18;0.0165109057804926;1.65109057804926;4.677090532271773
16094;16094;2013-12-19;-0.0005800969708973;-0.05800969708973001;4.676510435300876
16095;16095;2013-12-20;0.0048071550529034;0.48071550529034;4.681317590353779
16096;16096;2013-12-23;0.0053040289169645;0.5304028916964499;4.686621619270744
16097;16097;2013-12-24;0.0029115042748486;0.29115042748486003;4.689533123545592
16098;16098;2013-12-26;0.0047343050332795;0.47343050332795;4.694267428578872
16099;16099;2013-12-27;-0.0003366414899463;-0.03366414899463;4.6939307870889255
16100;16100;2013-12-30;-0.0001792698941596;-0.01792698941596;4.693751517194766
16101;16101;2013-12-31;0.0039518563159175;0.39518563159174996;4.6977033735106835
16102;16102;2014-01-02;-0.008901413082297;-0.8901413082297;4.688801960428386
16103;16103;2014-01-03;-0.0003330203282789;-0.03330203282789;4.688468940100107
16104;16104;2014-01-06;-0.0025149269331707;-0.25149269331706997;4.685954013166937
16105;16105;2014-01-07;0.0060633451825538;0.60633451825538;4.69201735834949
16106;16106;2014-01-08;-0.0002122316947659;-0.02122316947659;4.6918051266547245
16107;16107;2014-01-09;0.00034824873482;0.034824873482;4.692153375389545
16108;16108;2014-01-10;0.0023040303630947;0.23040303630947;4.694457405752639
16109;16109;2014-01-13;-0.0126559664896657;-1.26559664896657;4.681801439262974
16110;16110;2014-01-14;0.01075987627814;1.0759876278140001;4.692561315541114
16111;16111;2014-01-15;0.0051528891343553;0.5152889134355301;4.697714204675469
16112;16112;2014-01-16;-0.0013480283593692;-0.13480283593692;4.6963661763161
16113;16113;2014-01-17;-0.0039027806039486;-0.39027806039486;4.692463395712151
16114;16114;2014-01-21;0.0027699124295121;0.27699124295121;4.695233308141663
16115;16115;2014-01-22;0.0005746997659867;0.057469976598669995;4.69580800790765
16116;16116;2014-01-23;-0.0089293245398254;-0.8929324539825401;4.686878683367825
16117;16117;2014-01-24;-0.0210964214964333;-2.10964214964333;4.665782261871391
16118;16118;2014-01-27;-0.0048882215903987;-0.48882215903987003;4.660894040280993
16119;16119;2014-01-28;0.0061218753944016;0.6121875394401599;4.667015915675394
16120;16120;2014-01-29;-0.0102617040053703;-1.02617040053703;4.656754211670024
16121;16121;2014-01-30;0.0112040442426675;1.1204044242667501;4.6679582559126915
16122;16122;2014-01-31;-0.0064862898870234;-0.64862898870234;4.661471966025668
16123;16123;2014-02-03;-0.0230966046034604;-2.30966046034604;4.638375361422208
16124;16124;2014-02-04;0.0076120433833306;0.76120433833306;4.645987404805538
16125;16125;2014-02-05;-0.002030282110029;-0.20302821100289997;4.643957122695509
16126;16126;2014-02-06;0.0123630544156672;1.23630544156672;4.656320177111176
16127;16127;2014-02-07;0.013214193602149;1.3214193602149;4.669534370713325
16128;16128;2014-02-10;0.001568004642241;0.1568004642241;4.6711023753555665
16129;16129;2014-02-11;0.0110013758444198;1.10013758444198;4.682103751199986
16130;16130;2014-02-12;-0.0002692985188907;-0.02692985188907;4.6818344526810955
16131;16131;2014-02-13;0.0057932118200598;0.57932118200598;4.687627664501155
16132;16132;2014-02-14;0.0047976894791714;0.47976894791714003;4.692425353980327
16133;16133;2014-02-18;0.001157803456147;0.11578034561469999;4.693583157436474
16134;16134;2014-02-19;-0.0065458619005207;-0.65458619005207;4.687037295535953
16135;16135;2014-02-20;0.0060133416655698;0.60133416655698;4.693050637201523
16136;16136;2014-02-21;-0.0019205665118171;-0.19205665118171;4.691130070689706
16137;16137;2014-02-24;0.0061674553620525;0.61674553620525;4.697297526051758
16138;16138;2014-02-25;-0.0013485905500072;-0.13485905500071999;4.695948935501751
16139;16139;2014-02-26;2.16997082533865e-05;0.00216997082533865;4.695970635210005
16140;16140;2014-02-27;0.0049358814720941;0.49358814720941;4.700906516682099
16141;16141;2014-02-28;0.0027788242226103;0.27788242226103;4.703685340904709
16142;16142;2014-03-03;-0.007405866361986;-0.7405866361986;4.696279474542723
16143;16143;2014-03-04;0.0151523228342167;1.51523228342167;4.71143179737694
16144;16144;2014-03-05;-5.33524369705773e-05;-0.00533524369705773;4.711378444939969
16145;16145;2014-03-06;0.0017169331218909;0.17169331218909;4.71309537806186
16146;16146;2014-03-07;0.0005379447019979;0.053794470199789994;4.713633322763858
16147;16147;2014-03-10;-0.000463353578807;-0.0463353578807;4.713169969185051
16148;16148;2014-03-11;-0.0050950969416021;-0.50950969416021;4.708074872243449
16149;16149;2014-03-12;0.000305124168463;0.0305124168463;4.708379996411912
16150;16150;2014-03-13;-0.0117700915065626;-1.17700915065626;4.696609904905349
16151;16151;2014-03-14;-0.0028257664511164;-0.28257664511164;4.693784138454233
16152;16152;2014-03-17;0.0095677176019695;0.95677176019695;4.703351856056202
16153;16153;2014-03-18;0.0071936822748934;0.71936822748934;4.710545538331096
16154;16154;2014-03-19;-0.0061505248448234;-0.61505248448234;4.704395013486272
16155;16155;2014-03-20;0.0060223339608098;0.60223339608098;4.710417347447082
16156;16156;2014-03-21;-0.0029369799906726;-0.29369799906726;4.70748036745641
16157;16157;2014-03-24;-0.0048765814292135;-0.48765814292135;4.702603786027196
16158;16158;2014-03-25;0.0043942710047222;0.43942710047222;4.706998057031918
16159;16159;2014-03-26;-0.0070249366727699;-0.70249366727699;4.699973120359148
16160;16160;2014-03-27;-0.0019018915970701;-0.19018915970701;4.698071228762078
16161;16161;2014-03-28;0.0046294892141265;0.46294892141265;4.702700717976205
16162;16162;2014-03-31;0.0078928715438513;0.78928715438513;4.710593589520056
16163;16163;2014-04-01;0.0070146881968487;0.7014688196848701;4.717608277716905
16164;16164;2014-04-02;0.0028492633642569;0.28492633642569;4.720457541081162
16165;16165;2014-04-03;-0.0011270847458568;-0.11270847458568;4.719330456335305
16166;16166;2014-04-04;-0.012616543077149;-1.2616543077149;4.706713913258156
16167;16167;2014-04-07;-0.010808312462367;-1.0808312462367;4.695905600795789
16168;16168;2014-04-08;0.0037435380478001;0.37435380478001;4.699649138843589
16169;16169;2014-04-09;0.0108590394626162;1.08590394626162;4.710508178306205
16170;16170;2014-04-10;-0.0211059679216197;-2.11059679216197;4.689402210384586
16171;16171;2014-04-11;-0.0095320599338073;-0.95320599338073;4.679870150450778
16172;16172;2014-04-14;0.0081837081824378;0.8183708182437801;4.688053858633216
16173;16173;2014-04-15;0.006734579455407;0.6734579455407;4.694788438088623
16174;16174;2014-04-16;0.0104338684212522;1.0433868421252201;4.705222306509875
16175;16175;2014-04-17;0.0013629237109862;0.13629237109862;4.7065852302208615
16176;16176;2014-04-21;0.0037680156213486;0.37680156213486;4.71035324584221
16177;16177;2014-04-22;0.0040837888997611;0.40837888997611005;4.714437034741971
16178;16178;2014-04-23;-0.0022157667665059;-0.22157667665059;4.712221267975465
16179;16179;2014-04-24;0.0017154879007303;0.17154879007303;4.713936755876196
16180;16180;2014-04-25;-0.0081293447785695;-0.81293447785695;4.705807411097626
16181;16181;2014-04-28;0.0032308115393355;0.32308115393354997;4.709038222636962
16182;16182;2014-04-29;0.0047494603208928;0.47494603208928;4.713787682957855
16183;16183;2014-04-30;0.0029875497405846;0.29875497405846;4.716775232698439
16184;16184;2014-05-01;-0.0001432714996445;-0.01432714996445;4.716631961198795
16185;16185;2014-05-02;-0.0013493549964387;-0.13493549964387;4.715282606202356
16186;16186;2014-05-05;0.0018694673001089;0.18694673001089002;4.717152073502465
16187;16187;2014-05-06;-0.0090290312076977;-0.90290312076977;4.708123042294767
16188;16188;2014-05-07;0.0056007547453589;0.56007547453589;4.713723797040126
16189;16189;2014-05-08;-0.001374569203584;-0.13745692035840001;4.712349227836542
16190;16190;2014-05-09;0.0015183228828634;0.15183228828634;4.713867550719406
16191;16191;2014-05-12;0.0096262562035391;0.96262562035391;4.723493806922945
16192;16192;2014-05-13;0.0004216689160143;0.04216689160143;4.723915475838959
16193;16193;2014-05-14;-0.0047120896316341;-0.47120896316341;4.719203386207325
16194;16194;2014-05-15;-0.0094059038054128;-0.9405903805412799;4.709797482401912
16195;16195;2014-05-16;0.0037399624104628;0.37399624104628;4.713537444812375
16196;16196;2014-05-19;0.0038374143479078;0.38374143479078;4.717374859160283
16197;16197;2014-05-20;-0.0065196046087328;-0.6519604608732801;4.71085525455155
16198;16198;2014-05-21;0.0080833404197067;0.8083340419706699;4.718938594971257
16199;16199;2014-05-22;0.0023594442281096;0.23594442281095998;4.721298039199366
16200;16200;2014-05-23;0.0042393928855233;0.42393928855233004;4.72553743208489
16201;16201;2014-05-27;0.0059699502737524;0.59699502737524;4.731507382358642
16202;16202;2014-05-28;-0.0011146928115257;-0.11146928115257;4.7303926895471164
16203;16203;2014-05-29;0.0053527586581916;0.53527586581916;4.735745448205308
16204;16204;2014-05-30;0.0018419804474474;0.18419804474474;4.7375874286527555
16205;16205;2014-06-02;0.0007275616685555;0.07275616685555;4.738314990321311
16206;16206;2014-06-03;-0.0003792887455595;-0.03792887455595;4.7379357015757515
16207;16207;2014-06-04;0.0018898767889501;0.18898767889501;4.739825578364702
16208;16208;2014-06-05;0.0065040820910855;0.65040820910855;4.746329660455787
16209;16209;2014-06-06;0.0046170833074175;0.46170833074174994;4.750946743763205
16210;16210;2014-06-09;0.0009383313051074;0.09383313051073999;4.751885075068312
16211;16211;2014-06-10;-0.0002460141541451;-0.024601415414510004;4.751639060914167
16212;16212;2014-06-11;-0.003543310938773;-0.3543310938773;4.748095749975394
16213;16213;2014-06-12;-0.0071141394519118;-0.71141394519118;4.740981610523482
16214;16214;2014-06-13;0.0031296592884118;0.31296592884118;4.744111269811894
16215;16215;2014-06-16;0.0008363552703887;0.08363552703887;4.744947625082283
16216;16216;2014-06-17;0.002170212477405;0.2170212477405;4.747117837559688
16217;16217;2014-06-18;0.0076892430418897;0.7689243041889701;4.754807080601577
16218;16218;2014-06-19;0.0012766632954708;0.12766632954708002;4.756083743897048
16219;16219;2014-06-20;0.0017285636751953;0.17285636751953;4.757812307572244
16220;16220;2014-06-23;-0.0001324729723268;-0.01324729723268;4.757679834599917
16221;16221;2014-06-24;-0.0064561065598747;-0.64561065598747;4.751223728040042
16222;16222;2014-06-25;0.0048855575116011;0.48855575116010996;4.756109285551643
16223;16223;2014-06-26;-0.0011795791244537;-0.11795791244537;4.754929706427189
16224;16224;2014-06-27;0.0019090451182739;0.19090451182739002;4.756838751545463
16225;16225;2014-06-30;-0.0003723262680033;-0.03723262680033;4.75646642527746
16226;16226;2014-07-01;0.0066555729894668;0.66555729894668;4.763121998266927
16227;16227;2014-07-02;0.0006585961622613;0.06585961622613;4.763780594429188
16228;16228;2014-07-03;0.0054645500824053;0.54645500824053;4.7692451445115935
16229;16229;2014-07-07;-0.0039312390590806;-0.39312390590806;4.765313905452513
16230;16230;2014-07-08;-0.0070737619404823;-0.70737619404823;4.7582401435120305
16231;16231;2014-07-09;0.0046335164937119;0.46335164937119;4.762873660005742
16232;16232;2014-07-10;-0.0041396281496242;-0.41396281496242004;4.758734031856118
16233;16233;2014-07-11;0.0014698417040044;0.14698417040044;4.760203873560123
16234;16234;2014-07-14;0.0048318610833399;0.48318610833399;4.765035734643463
16235;16235;2014-07-15;-0.0019339649278222;-0.19339649278222;4.76310176971564
16236;16236;2014-07-16;0.0041922850140201;0.41922850140200996;4.7672940547296605
16237;16237;2014-07-17;-0.0119046058414494;-1.19046058414494;4.755389448888211
16238;16238;2014-07-18;0.0102126091095895;1.0212609109589499;4.765602057997801
16239;16239;2014-07-21;-0.0023229465145995;-0.23229465145994999;4.763279111483201
16240;16240;2014-07-22;0.0050036109582531;0.50036109582531;4.768282722441454
16241;16241;2014-07-23;0.0017529010446368;0.17529010446367999;4.770035623486091
16242;16242;2014-07-24;0.0004880364588046;0.04880364588046;4.770523659944896
16243;16243;2014-07-25;-0.0048609457194892;-0.48609457194892003;4.765662714225407
16244;16244;2014-07-28;0.0002881132119236;0.028811321192359997;4.76595082743733
16245;16245;2014-07-29;-0.0045380684101603;-0.45380684101602997;4.76141275902717
16246;16246;2014-07-30;6.09108599309849e-05;0.00609108599309849;4.761473669887101
16247;16247;2014-07-31;-0.0202019319801767;-2.02019319801767;4.741271737906924
16248;16248;2014-08-01;-0.0028632164747053;-0.28632164747052996;4.738408521432219
16249;16249;2014-08-04;0.0071633145438525;0.71633145438525;4.7455718359760715
16250;16250;2014-08-05;-0.0097326790439131;-0.97326790439131;4.735839156932158
16251;16251;2014-08-06;1.56382717566572e-05;0.00156382717566572;4.735854795203915
16252;16252;2014-08-07;-0.0055721154760535;-0.5572115476053501;4.730282679727861
16253;16253;2014-08-08;0.0114654228023729;1.14654228023729;4.741748102530234
16254;16254;2014-08-11;0.0027556249610505;0.27556249610505;4.744503727491285
16255;16255;2014-08-12;-0.0016379824023902;-0.16379824023902;4.742865745088895
16256;16256;2014-08-13;0.0066847672550114;0.66847672550114;4.749550512343906
16257;16257;2014-08-14;0.004336398269042;0.43363982690419994;4.753886910612948
16258;16258;2014-08-15;-6.13747476219118e-05;-0.00613747476219118;4.753825535865326
16259;16259;2014-08-18;0.0084954828929992;0.8495482892999199;4.762321018758326
16260;16260;2014-08-19;0.0049881905070181;0.49881905070181004;4.767309209265344
16261;16261;2014-08-20;0.002474748191573;0.2474748191573;4.769783957456917
16262;16262;2014-08-21;0.0029455471034696;0.29455471034695996;4.772729504560386
16263;16263;2014-08-22;-0.0019945750682435;-0.19945750682435;4.770734929492143
16264;16264;2014-08-25;0.0047763540992145;0.47763540992145004;4.775511283591357
16265;16265;2014-08-26;0.001050529102244;0.10505291022440001;4.776561812693601
16266;16266;2014-08-27;4.99857503220014e-05;0.00499857503220014;4.776611798443923
16267;16267;2014-08-28;-0.0016913306037347;-0.16913306037347;4.774920467840189
16268;16268;2014-08-29;0.0033149143879036;0.33149143879035997;4.778235382228092
16269;16269;2014-09-02;-0.0005442143074763;-0.05442143074762999;4.777691167920616
16270;16270;2014-09-03;-0.0007794444561488;-0.07794444561488;4.776911723464467
16271;16271;2014-09-04;-0.0015355995603707;-0.15355995603707;4.775376123904096
16272;16272;2014-09-05;0.0050232479433631;0.50232479433631;4.7803993718474596
16273;16273;2014-09-08;-0.003077845916672;-0.3077845916672;4.7773215259307875
16274;16274;2014-09-09;-0.0065665217057651;-0.6566521705765099;4.770755004225022
16275;16275;2014-09-10;0.0036394436011102;0.36394436011102;4.774394447826133
16276;16276;2014-09-11;0.0008815168822389;0.08815168822389001;4.775275964708372
16277;16277;2014-09-12;-0.0059804054374366;-0.59804054374366;4.769295559270935
16278;16278;2014-09-15;-0.0007104036575693;-0.07104036575693;4.768585155613366
16279;16279;2014-09-16;0.0074565070309988;0.74565070309988;4.7760416626443645
16280;16280;2014-09-17;0.0012948051691656;0.12948051691655998;4.77733646781353
16281;16281;2014-09-18;0.0048792570969693;0.48792570969693005;4.7822157249104995
16282;16282;2014-09-19;-0.0004773835415754;-0.04773835415754;4.781738341368924
16283;16283;2014-09-22;-0.0080456023555974;-0.80456023555974;4.773692739013327
16284;16284;2014-09-23;-0.0057932498118749;-0.57932498118749;4.767899489201452
16285;16285;2014-09-24;0.0078019766082535;0.78019766082535;4.775701465809705
16286;16286;2014-09-25;-0.0163009134703964;-1.6300913470396399;4.759400552339309
16287;16287;2014-09-26;0.0085392614520385;0.85392614520385;4.767939813791347
16288;16288;2014-09-29;-0.0025500509788356;-0.25500509788356;4.765389762812512
16289;16289;2014-09-30;-0.0027898166629034;-0.27898166629034;4.762599946149608
16290;16290;2014-10-01;-0.0133371061732772;-1.33371061732772;4.749262839976331
16291;16291;2014-10-02;5.14344867941219e-06;0.000514344867941219;4.74926798342501
16292;16292;2014-10-03;0.0111036352853944;1.11036352853944;4.760371618710405
16293;16293;2014-10-06;-0.0015663859381094;-0.15663859381094;4.758805232772295
16294;16294;2014-10-07;-0.0152416182580346;-1.5241618258034602;4.743563614514261
16295;16295;2014-10-08;0.0173109474626436;1.73109474626436;4.760874561976904
16296;16296;2014-10-09;-0.0208778486004606;-2.08778486004606;4.739996713376444
16297;16297;2014-10-10;-0.0115170799971454;-1.15170799971454;4.728479633379298
16298;16298;2014-10-13;-0.0166050333890189;-1.66050333890189;4.71187459999028
16299;16299;2014-10-14;0.0015776197143493;0.15776197143492998;4.713452219704629
16300;16300;2014-10-15;-0.0081333007603818;-0.8133300760381801;4.705318918944247
16301;16301;2014-10-16;0.0001449674521021;0.01449674521021;4.705463886396349
16302;16302;2014-10-17;0.0128018133755461;1.28018133755461;4.718265699771895
16303;16303;2014-10-20;0.0091011161201555;0.9101116120155499;4.727366815892051
16304;16304;2014-10-21;0.0193853705517286;1.93853705517286;4.746752186443779
16305;16305;2014-10-22;-0.0073261006911149;-0.73261006911149;4.739426085752664
16306;16306;2014-10-23;0.0122283057558548;1.22283057558548;4.751654391508519
16307;16307;2014-10-24;0.0070286902960541;0.70286902960541;4.758683081804573
16308;16308;2014-10-27;-0.0015026967912614;-0.15026967912614;4.757180385013312
16309;16309;2014-10-28;0.0118683645937558;1.18683645937558;4.769048749607068
16310;16310;2014-10-29;-0.0013863159905227;-0.13863159905227002;4.767662433616545
16311;16311;2014-10-30;0.0062107969535816;0.62107969535816;4.773873230570127
16312;16312;2014-10-31;0.0116631145259039;1.1663114525903902;4.78553634509603
16313;16313;2014-11-03;-0.0001189288002354;-0.01189288002354;4.785417416295795
16314;16314;2014-11-04;-0.0028338532482115;-0.28338532482115;4.7825835630475835
16315;16315;2014-11-05;0.0056843107121711;0.56843107121711;4.788267873759755
16316;16316;2014-11-06;0.0037684038179453;0.37684038179453;4.7920362775777
16317;16317;2014-11-07;0.0003495251229255;0.03495251229255;4.792385802700625
16318;16318;2014-11-10;0.0031153271076318;0.31153271076318;4.795501129808257
16319;16319;2014-11-11;0.0006964516570198;0.06964516570198;4.796197581465277
16320;16320;2014-11-12;-0.0007013627206378;-0.07013627206378;4.795496218744639
16321;16321;2014-11-13;0.0005297044015835;0.05297044015835001;4.796025923146223
16322;16322;2014-11-14;0.0002402412336541;0.024024123365410002;4.796266164379877
16323;16323;2014-11-17;0.0007350887777626;0.07350887777626;4.79700125315764
16324;16324;2014-11-18;0.0051208495790611;0.51208495790611;4.802122102736701
16325;16325;2014-11-19;-0.0015022868144791;-0.15022868144791002;4.8006198159222215
16326;16326;2014-11-20;0.001965163868296;0.1965163868296;4.802584979790518
16327;16327;2014-11-21;0.0052232126037381;0.52232126037381;4.807808192394256
16328;16328;2014-11-24;0.002859929760886;0.28599297608859997;4.810668122155142
16329;16329;2014-11-25;-0.0011506915591885;-0.11506915591885002;4.809517430595953
16330;16330;2014-11-26;0.0028020525549239;0.28020525549239;4.812319483150877
16331;16331;2014-11-28;-0.0025456643802206;-0.25456643802205997;4.8097738187706565
16332;16332;2014-12-01;-0.0068527897391605;-0.68527897391605;4.802921029031496
16333;16333;2014-12-02;0.0063641670398562;0.63641670398562;4.809285196071352
16334;16334;2014-12-03;0.0037576736905968;0.37576736905968;4.813042869761949
16335;16335;2014-12-04;-0.0011625716111947;-0.11625716111946999;4.811880298150754
16336;16336;2014-12-05;0.0016638314482451;0.16638314482451;4.813544129598999
16337;16337;2014-12-08;-0.0072830218621913;-0.72830218621913;4.806261107736808
16338;16338;2014-12-09;-0.0002378521974817;-0.02378521974817;4.806023255539326
16339;16339;2014-12-10;-0.016486120835066;-1.6486120835065998;4.78953713470426
16340;16340;2014-12-11;0.0045254337712377;0.45254337712377;4.794062568475498
16341;16341;2014-12-12;-0.0163464657921013;-1.63464657921013;4.777716102683397
16342;16342;2014-12-15;-0.0063627861855106;-0.63627861855106;4.771353316497886
16343;16343;2014-12-16;-0.0085252600430862;-0.8525260043086199;4.7628280564548
16344;16344;2014-12-17;0.0201480735367579;2.0148073536757902;4.782976129991558
16345;16345;2014-12-18;0.0237313744836403;2.37313744836403;4.806707504475198
16346;16346;2014-12-19;0.0045596380288213;0.45596380288213;4.811267142504019
16347;16347;2014-12-22;0.0038032226158684;0.38032226158684;4.815070365119888
16348;16348;2014-12-23;0.0017448387198078;0.17448387198078;4.816815203839695
16349;16349;2014-12-24;-0.0001393062110457;-0.01393062110457;4.81667589762865
16350;16350;2014-12-26;0.0033041101164723;0.33041101164723;4.819980007745122
16351;16351;2014-12-29;0.0008614030317728;0.08614030317728;4.820841410776895
16352;16352;2014-12-30;-0.004900592697365;-0.49005926973649994;4.81594081807953
16353;16353;2014-12-31;-0.0103643838934451;-1.03643838934451;4.805576434186085
16354;16354;2015-01-02;-0.0003400213896851;-0.034002138968509996;4.8052364127964
16355;16355;2015-01-05;-0.0184472134761444;-1.84472134761444;4.786789199320255
16356;16356;2015-01-06;-0.0089332548391878;-0.8933254839187801;4.777855944481067
16357;16357;2015-01-07;0.0115627358160442;1.15627358160442;4.7894186802971115
16358;16358;2015-01-08;0.0177301685361213;1.77301685361213;4.807148848833233
16359;16359;2015-01-09;-0.0084393221529861;-0.8439322152986101;4.798709526680247
16360;16360;2015-01-12;-0.0081266169265896;-0.81266169265896;4.790582909753657
16361;16361;2015-01-13;-0.0025818856981185;-0.25818856981185;4.788001024055538
16362;16362;2015-01-14;-0.005830028588166;-0.5830028588166001;4.782170995467372
16363;16363;2015-01-15;-0.0092909032101848;-0.92909032101848;4.7728800922571875
16364;16364;2015-01-16;0.0133348931859034;1.33348931859034;4.786214985443091
16365;16365;2015-01-20;0.0015487524912991;0.15487524912991;4.78776373793439
16366;16366;2015-01-21;0.0047204648795427;0.47204648795426996;4.792484202813933
16367;16367;2015-01-22;0.0151543129616831;1.51543129616831;4.807638515775616
16368;16368;2015-01-23;-0.0055066562878369;-0.55066562878369;4.802131859487779
16369;16369;2015-01-26;0.0025651682269423;0.25651682269423;4.804697027714721
16370;16370;2015-01-27;-0.0134782877843405;-1.3478287784340501;4.791218739930381
16371;16371;2015-01-28;-0.0135875029854553;-1.35875029854553;4.777631236944925
16372;16372;2015-01-29;0.00948951714801;0.9489517148009999;4.7871207540929355
16373;16373;2015-01-30;-0.0130770991237998;-1.30770991237998;4.774043654969136
16374;16374;2015-02-02;0.0128791703225923;1.2879170322592302;4.786922825291728
16375;16375;2015-02-03;0.0143362382277425;1.43362382277425;4.8012590635194705
16376;16376;2015-02-04;-0.0041647063128333;-0.41647063128333;4.797094357206637
16377;16377;2015-02-05;0.0102388108233749;1.02388108233749;4.807333168030012
16378;16378;2015-02-06;-0.0034240276947166;-0.34240276947166;4.803909140335295
16379;16379;2015-02-09;-0.0042562395694254;-0.42562395694254;4.79965290076587
16380;16380;2015-02-10;0.010618979721448;1.0618979721447999;4.810271880487318
16381;16381;2015-02-11;-2.90342065518701e-05;-0.00290342065518701;4.810242846280766
16382;16382;2015-02-12;0.0095982949849897;0.9598294984989699;4.819841141265756
16383;16383;2015-02-13;0.004066459340458;0.4066459340458;4.823907600606214
16384;16384;2015-02-17;0.0015962998616405;0.15962998616405;4.825503900467854
16385;16385;2015-02-18;-0.0003143585041467;-0.03143585041467;4.825189541963708
16386;16386;2015-02-19;-0.0010626219688205;-0.10626219688205;4.824126919994887
16387;16387;2015-02-20;0.0061078428844467;0.61078428844467;4.830234762879334
16388;16388;2015-02-23;-0.0003033853452762;-0.030338534527619997;4.8299313775340575
16389;16389;2015-02-24;0.0027549722990949;0.27549722990949;4.8326863498331525
16390;16390;2015-02-25;-0.0007660169415979;-0.07660169415979;4.8319203328915545
16391;16391;2015-02-26;-0.0014771185417172;-0.14771185417172;4.830443214349837
16392;16392;2015-02-27;-0.0029606829375925;-0.29606829375925;4.827482531412245
16393;16393;2015-03-02;0.0061062383803758;0.61062383803758;4.8335887697926205
16394;16394;2015-03-03;-0.004548872943908;-0.4548872943908;4.8290398968487125
16395;16395;2015-03-04;-0.0043981612307755;-0.43981612307754997;4.824641735617937
16396;16396;2015-03-05;0.001195365362757;0.11953653627570002;4.825837100980694
16397;16397;2015-03-06;-0.0142753562195637;-1.42753562195637;4.81156174476113
16398;16398;2015-03-09;0.0039366624176437;0.39366624176437;4.815498407178774
16399;16399;2015-03-10;-0.017106821197868;-1.7106821197868;4.798391585980906
16400;16400;2015-03-11;-0.0019195207034581;-0.19195207034581;4.796472065277448
16401;16401;2015-03-12;0.0125227022377192;1.25227022377192;4.808994767515167
16402;16402;2015-03-13;-0.006093237174408;-0.6093237174407999;4.802901530340759
16403;16403;2015-03-16;0.0134429089960602;1.3442908996060199;4.816344439336819
16404;16404;2015-03-17;-0.0033256976557032;-0.33256976557032;4.813018741681116
16405;16405;2015-03-18;0.0120851016447512;1.20851016447512;4.825103843325867
16406;16406;2015-03-19;-0.00488448890259;-0.488448890259;4.820219354423277
16407;16407;2015-03-20;0.0089723821319607;0.89723821319607;4.829191736555238
16408;16408;2015-03-23;-0.0017472567103755;-0.17472567103755;4.827444479844862
16409;16409;2015-03-24;-0.0061583457609906;-0.61583457609906;4.821286134083872
16410;16410;2015-03-25;-0.0146659264438469;-1.46659264438469;4.806620207640025
16411;16411;2015-03-26;-0.0023803309880472;-0.23803309880472;4.804239876651978
16412;16412;2015-03-27;0.0023657611241212;0.23657611241211998;4.806605637776099
16413;16413;2015-03-30;0.0121623823073698;1.2162382307369801;4.818768020083469
16414;16414;2015-03-31;-0.0088346859011752;-0.8834685901175201;4.809933334182293
16415;16415;2015-04-01;-0.0039732546030979;-0.39732546030978994;4.8059600795791955
16416;16416;2015-04-02;0.0035234525311898;0.35234525311897996;4.809483532110385
16417;16417;2015-04-06;0.0065870725268109;0.65870725268109;4.816070604637196
16418;16418;2015-04-07;-0.002064032678672;-0.2064032678672;4.814006571958524
16419;16419;2015-04-08;0.0026789414524364;0.26789414524364;4.8166855134109605
16420;16420;2015-04-09;0.004447576210592;0.4447576210592;4.8211330896215525
16421;16421;2015-04-10;0.0051893769208657;0.51893769208657;4.826322466542418
16422;16422;2015-04-13;-0.0045918068424732;-0.45918068424732;4.821730659699945
16423;16423;2015-04-14;0.0016284321389497;0.16284321389497;4.823359091838895
16424;16424;2015-04-15;0.0051349890818137;0.51349890818137;4.828494080920708
16425;16425;2015-04-16;-0.000778746958332;-0.0778746958332;4.827715333962376
16426;16426;2015-04-17;-0.0113757039050322;-1.13757039050322;4.816339630057344
16427;16427;2015-04-20;0.0091927482501983;0.91927482501983;4.825532378307543
16428;16428;2015-04-21;-0.001481702370909;-0.1481702370909;4.8240506759366335
16429;16429;2015-04-22;0.0050745829128366;0.50745829128366;4.82912525884947
16430;16430;2015-04-23;0.0023549409829861;0.23549409829860998;4.831480199832456
16431;16431;2015-04-24;0.0022502664628332;0.22502664628332;4.83373046629529
16432;16432;2015-04-27;-0.004149912989626;-0.41499129896259995;4.8295805533056635
16433;16433;2015-04-28;0.0027654044889029;0.27654044889029;4.832345957794566
16434;16434;2015-04-29;-0.003747348075243;-0.3747348075243;4.828598609719323
16435;16435;2015-04-30;-0.010180553084024;-1.0180553084024;4.818418056635299
16436;16436;2015-05-01;0.0108637764214281;1.08637764214281;4.8292818330567275
16437;16437;2015-05-04;0.0029364330665648;0.29364330665648003;4.832218266123292
16438;16438;2015-05-05;-0.0119080032177754;-1.19080032177754;4.820310262905517
16439;16439;2015-05-06;-0.0044656813360965;-0.44656813360965;4.81584458156942
16440;16440;2015-05-07;0.0037667106347276;0.37667106347275997;4.819611292204148
16441;16441;2015-05-08;0.0133681481498069;1.33681481498069;4.832979440353955
16442;16442;2015-05-11;-0.005102556677901;-0.5102556677901;4.827876883676054
16443;16443;2015-05-12;-0.0029539964693166;-0.29539964693166;4.824922887206737
16444;16444;2015-05-13;-0.0003050014247047;-0.03050014247047;4.8246178857820325
16445;16445;2015-05-14;0.0107216046471983;1.07216046471983;4.835339490429231
16446;16446;2015-05-15;0.0007681184449799;0.07681184449799;4.836107608874211
16447;16447;2015-05-18;0.0030433126126716;0.30433126126716;4.839150921486882
16448;16448;2015-05-19;-0.000643581575864;-0.0643581575864;4.838507339911018
16449;16449;2015-05-20;-0.0009309492303488;-0.09309492303488;4.8375763906806695
16450;16450;2015-05-21;0.0023351455783888;0.23351455783887998;4.839911536259058
16451;16451;2015-05-22;-0.0022363847897466;-0.22363847897466;4.837675151469312
16452;16452;2015-05-26;-0.0103352051802652;-1.0335205180265201;4.8273399462890465
16453;16453;2015-05-27;0.009120918790046;0.9120918790046;4.836460865079093
16454;16454;2015-05-28;-0.0012675637262109;-0.12675637262109;4.835193301352882
16455;16455;2015-05-29;-0.0063385149544394;-0.63385149544394;4.828854786398442
16456;16456;2015-06-01;0.0020573430769852;0.20573430769852;4.830912129475427
16457;16457;2015-06-02;-0.0010091047804285;-0.10091047804285001;4.829903024694999
16458;16458;2015-06-03;0.0021166291368182;0.21166291368182;4.832019653831817
16459;16459;2015-06-04;-0.0086605619929223;-0.8660561992922301;4.823359091838895
16460;16460;2015-06-05;-0.0014372153446462;-0.14372153446462;4.821921876494248
16461;16461;2015-06-08;-0.0064955604213556;-0.64955604213556;4.815426316072893
16462;16462;2015-06-09;0.0004182654965276;0.041826549652759996;4.81584458156942
16463;16463;2015-06-10;0.0119704918361236;1.19704918361236;4.827815073405544
16464;16464;2015-06-11;0.0017371166381225;0.17371166381225;4.829552190043667
16465;16465;2015-06-12;-0.0070188746545119;-0.70188746545119;4.822533315389155
16466;16466;2015-06-15;-0.0046332892479039;-0.46332892479039;4.817900026141251
16467;16467;2015-06-16;0.0056737303135303;0.56737303135303;4.823573756454781
16468;16468;2015-06-17;0.0019776842314751;0.19776842314750998;4.825551440686256
16469;16469;2015-06-18;0.0098540001369311;0.98540001369311;4.8354054408231875
16470;16470;2015-06-19;-0.005317615238539;-0.5317615238539;4.830087825584648
16471;16471;2015-06-22;0.0060763682545497;0.60763682545497;4.836164193839198
16472;16472;2015-06-23;0.0006356661823518;0.06356661823518;4.83679986002155
16473;16473;2015-06-24;-0.0073804656966736;-0.73804656966736;4.829419394324876
16474;16474;2015-06-25;-0.0029780039040749;-0.29780039040749;4.8264413904208014
16475;16475;2015-06-26;-0.0003329996664209;-0.03329996664209;4.8261083907543805
16476;16476;2015-06-29;-0.021144125575324;-2.1144125575324;4.8049642651790565
16477;16477;2015-06-30;0.0026549619429534;0.26549619429534;4.80761922712201
16478;16478;2015-07-01;0.0069120966992928;0.69120966992928;4.814531323821303
16479;16479;2015-07-02;-0.0003080703926672;-0.030807039266719998;4.8142232534286356
16480;16480;2015-07-06;-0.0038692324426552;-0.38692324426552;4.81035402098598
16481;16481;2015-07-07;0.0060625605331265;0.60625605331265;4.816416581519107
16482;16482;2015-07-08;-0.0167929648234564;-1.67929648234564;4.7996236166956505
16483;16483;2015-07-09;0.0022596477016287;0.22596477016287;4.801883264397279
16484;16484;2015-07-10;0.0122629860966725;1.22629860966725;4.814146250493952
16485;16485;2015-07-13;0.0110052687613678;1.1005268761367801;4.82515151925532
16486;16486;2015-07-14;0.0044432729912813;0.44432729912813;4.829594792246601
16487;16487;2015-07-15;-0.000735256382355;-0.0735256382355;4.828859535864246
16488;16488;2015-07-16;0.007982733578169;0.7982733578168999;4.836842269442415
16489;16489;2015-07-17;0.001105571852249;0.11055718522489999;4.837947841294664
16490;16490;2015-07-20;0.000770936286135;0.0770936286135;4.838718777580799
16491;16491;2015-07-21;-0.0042707960737402;-0.42707960737402;4.834447981507059
16492;16492;2015-07-22;-0.0023905652122779;-0.23905652122779;4.832057416294781
16493;16493;2015-07-23;-0.0056922102123069;-0.56922102123069;4.826365206082474
16494;16494;2015-07-24;-0.010761020698431;-1.0761020698431;4.815604185384043
16495;16495;2015-07-27;-0.0057917546957346;-0.57917546957346;4.809812430688308
16496;16496;2015-07-28;0.0123100735978525;1.23100735978525;4.822122504286161
16497;16497;2015-07-29;0.0072921427569481;0.72921427569481;4.829414647043109
16498;16498;2015-07-30;2.83671633782845e-05;0.00283671633782845;4.829443014206487
16499;16499;2015-07-31;-0.0022741038379843;-0.22741038379843;4.827168910368503
16500;16500;2015-08-03;-0.0027606940266826;-0.27606940266825997;4.82440821634182
16501;16501;2015-08-04;-0.0022522393088202;-0.22522393088202;4.822155977033
16502;16502;2015-08-05;0.0031098384092551;0.31098384092551;4.825265815442255
16503;16503;2015-08-06;-0.0077831957796705;-0.77831957796705;4.817482619662584
16504;16504;2015-08-07;-0.0028790232242945;-0.28790232242945;4.81460359643829
16505;16505;2015-08-10;0.0127268359757942;1.27268359757942;4.827330432414084
16506;16506;2015-08-11;-0.0096030650234117;-0.9603065023411701;4.817727367390672
16507;16507;2015-08-12;0.0009496038930461;0.09496038930461;4.818676971283718
16508;16508;2015-08-13;-0.0012760257482797;-0.12760257482797;4.8174009455354385
16509;16509;2015-08-14;0.0039043320419827;0.39043320419827;4.821305277577421
16510;16510;2015-08-17;0.0051978915460573;0.5197891546057299;4.8265031691234785
16511;16511;2015-08-18;-0.0026289826827934;-0.26289826827934004;4.823874186440685
16512;16512;2015-08-19;-0.0082891366720714;-0.8289136672071399;4.815585049768614
16513;16513;2015-08-20;-0.021325960481545;-2.1325960481545;4.794259089287069
16514;16514;2015-08-21;-0.0323692421132389;-3.2369242113238896;4.76188984717383
16515;16515;2015-08-24;-0.0402114444918844;-4.02114444918844;4.721678402681945
16516;16516;2015-08-25;-0.0136142499639105;-1.36142499639105;4.708064152718035
16517;16517;2015-08-26;0.0382912997435536;3.82912997435536;4.7463554524615885
16518;16518;2015-08-27;0.0240072542785086;2.40072542785086;4.770362706740097
16519;16519;2015-08-28;0.000608551188356;0.0608551188356;4.770971257928453
16520;16520;2015-08-31;-0.0084270784584923;-0.8427078458492301;4.762544179469961
16521;16521;2015-09-01;-0.0300226497726479;-3.00226497726479;4.732521529697313
16522;16522;2015-09-02;0.0181276710264706;1.8127671026470602;4.7506492007237835
16523;16523;2015-09-03;0.0011641159398738;0.11641159398737999;4.751813316663657
16524;16524;2015-09-04;-0.0154483086598134;-1.54483086598134;4.736365008003844
16525;16525;2015-09-08;0.0247736369512754;2.47736369512754;4.761138644955119
16526;16526;2015-09-09;-0.0139950357100282;-1.39950357100282;4.747143609245091
16527;16527;2015-09-10;0.0052640754451047;0.52640754451047;4.752407684690196
16528;16528;2015-09-11;0.0044770065646435;0.44770065646435;4.7568846912548395
16529;16529;2015-09-14;-0.0040980414626954;-0.40980414626954004;4.752786649792144
16530;16530;2015-09-15;0.0127496878742788;1.27496878742788;4.765536337666423
16531;16531;2015-09-16;0.0086677408281392;0.86677408281392;4.774204078494562
16532;16532;2015-09-17;-0.0025643447325229;-0.25643447325229;4.771639733762039
16533;16533;2015-09-18;-0.0162962309543841;-1.62962309543841;4.755343502807655
16534;16534;2015-09-21;0.0045553920336729;0.45553920336729;4.759898894841328
16535;16535;2015-09-22;-0.0123949300193784;-1.23949300193784;4.7475039648219495
16536;16536;2015-09-23;-0.0020507442295931;-0.20507442295931;4.745453220592356
16537;16537;2015-09-24;-0.0033686518713071;-0.33686518713071;4.742084568721049
16538;16538;2015-09-25;-0.0004659018012205;-0.046590180122050004;4.741618666919829
16539;16539;2015-09-28;-0.0260012111628089;-2.6001211162808904;4.71561745575702
16540;16540;2015-09-29;0.0012320939129821;0.12320939129821;4.716849549670002
16541;16541;2015-09-30;0.0188958986035645;1.8895898603564503;4.735745448273566
16542;16542;2015-10-01;0.0019719386783378;0.19719386783377998;4.737717386951904
16543;16543;2015-10-02;0.0142137930164052;1.42137930164052;4.7519311799683095
16544;16544;2015-10-05;0.0181245935185021;1.8124593518502101;4.770055773486812
16545;16545;2015-10-06;-0.0035946893441431;-0.35946893441431;4.7664610841426684
16546;16546;2015-10-07;0.0080035198575529;0.8003519857552901;4.774464604000221
16547;16547;2015-10-08;0.0087797801445583;0.87797801445583;4.78324438414478
16548;16548;2015-10-09;0.0007248485605151;0.07248485605151;4.783969232705295
16549;16549;2015-10-12;0.0012746644773331;0.12746644773330998;4.785243897182628
16550;16550;2015-10-13;-0.0068488236901274;-0.68488236901274;4.778395073492501
16551;16551;2015-10-14;-0.0047274309119389;-0.47274309119388996;4.773667642580562
16552;16552;2015-10-15;0.0147435513513549;1.47435513513549;4.788411193931917
16553;16553;2015-10-16;0.0045600613736969;0.45600613736969;4.792971255305614
16554;16554;2015-10-19;0.0002705089438732;0.02705089438732;4.793241764249487
16555;16555;2015-10-20;-0.0014221010558941;-0.14221010558941;4.791819663193593
16556;16556;2015-10-21;-0.0058424489111335;-0.58424489111335;4.785977214282459
16557;16557;2015-10-22;0.0164908470125935;1.64908470125935;4.802468061295053
16558;16558;2015-10-23;0.0109699539690426;1.09699539690426;4.813438015264095
16559;16559;2015-10-26;-0.0019149330010996;-0.19149330010996;4.811523082262996
16560;16560;2015-10-27;-0.0025573858650878;-0.25573858650878;4.808965696397908
16561;16561;2015-10-28;0.0117704884881435;1.17704884881435;4.8207361848860515
16562;16562;2015-10-29;-0.0004498753806609;-0.04498753806609;4.8202863095053905
16563;16563;2015-10-30;-0.0048214816884248;-0.48214816884247996;4.815464827816966
16564;16564;2015-11-02;0.0118038763388144;1.18038763388144;4.82726870415578
16565;16565;2015-11-03;0.0027243529250675;0.27243529250674997;4.829993057080848
16566;16566;2015-11-04;-0.0035516669396473;-0.35516669396473;4.8264413901412
16567;16567;2015-11-05;-0.0011327897564985;-0.11327897564985001;4.825308600384702
16568;16568;2015-11-06;-0.0003476817800232;-0.03476817800232;4.8249609186046785
16569;16569;2015-11-09;-0.0098712906565028;-0.9871290656502799;4.815089627948176
16570;16570;2015-11-10;0.0015094551534495;0.15094551534495;4.816599083101625
16571;16571;2015-11-11;-0.0032333073215689;-0.32333073215689;4.813365775780056
16572;16572;2015-11-12;-0.0140891633366324;-1.40891633366324;4.799276612443424
16573;16573;2015-11-13;-0.0112706404321549;-1.1270640432154901;4.788005972011269
16574;16574;2015-11-16;0.0147933027942341;1.47933027942341;4.802799274805503
16575;16575;2015-11-17;-0.0013402770182464;-0.13402770182464;4.801458997787257
16576;16576;2015-11-18;0.0160332298771717;1.60332298771717;4.817492227664428
16577;16577;2015-11-19;-0.0011237403289792;-0.11237403289792;4.816368487335449
16578;16578;2015-11-20;0.0038029552801495;0.38029552801495004;4.820171442615599
16579;16579;2015-11-23;-0.0012356238416844;-0.12356238416844001;4.818935818773914
16580;16580;2015-11-24;0.0012212499449608;0.12212499449608;4.820157068718875
16581;16581;2015-11-25;-0.000129140614967;-0.012914061496700002;4.820027928103908
16582;16582;2015-11-27;0.0005934415594808;0.05934415594808;4.820621369663389
16583;16583;2015-11-30;-0.0046518001396185;-0.46518001396185;4.81596956952377
16584;16584;2015-12-01;0.0106239389467397;1.06239389467397;4.82659350847051
16585;16585;2015-12-02;-0.0110565926394494;-1.10565926394494;4.815536915831061
16586;16586;2015-12-03;-0.0144778264441498;-1.44778264441498;4.801059089386911
16587;16587;2015-12-04;0.0203178563638513;2.0317856363851297;4.821376945750762
16588;16588;2015-12-07;-0.0070140439603978;-0.70140439603978;4.814362901790364
16589;16589;2015-12-08;-0.0065110526255942;-0.65110526255942;4.80785184916477
16590;16590;2015-12-09;-0.0077690863656929;-0.77690863656929;4.800082762799077
16591;16591;2015-12-10;0.0022488565785945;0.22488565785945;4.8023316193776715
16592;16592;2015-12-11;-0.0196138677558153;-1.96138677558153;4.782717751621856
16593;16593;2015-12-14;0.0047442880640682;0.47442880640681995;4.787462039685924
16594;16594;2015-12-15;0.0105625801059145;1.0562580105914499;4.798024619791839
16595;16595;2015-12-16;0.0144106356507709;1.44106356507709;4.81243525544261
16596;16596;2015-12-17;-0.0151547766358763;-1.51547766358763;4.797280478806734
16597;16597;2015-12-18;-0.0179574950071064;-1.7957495007106399;4.779322983799627
16598;16598;2015-12-21;0.0077483067271559;0.7748306727155899;4.787071290526783
16599;16599;2015-12-22;0.0087780955915688;0.8778095591568801;4.795849386118352
16600;16600;2015-12-23;0.0123415965275537;1.23415965275537;4.808190982645906
16601;16601;2015-12-24;-0.0015999154038626;-0.15999154038626;4.806591067242043
16602;16602;2015-12-28;-0.0021809364563063;-0.21809364563063002;4.804410130785737
16603;16603;2015-12-29;0.0105736641730231;1.0573664173023098;4.81498379495876
16604;16604;2015-12-30;-0.0072433987837783;-0.72433987837783;4.807740396174982
16605;16605;2015-12-31;-0.0094564850414684;-0.9456485041468401;4.798283911133513
16606;16606;2016-01-04;-0.0154220417978061;-1.54220417978061;4.782861869335707
16607;16607;2016-01-05;0.0020102041393599;0.20102041393599002;4.784872073475067
16608;16608;2016-01-06;-0.0132021630026253;-1.32021630026253;4.771669910472442
16609;16609;2016-01-07;-0.0239858165193451;-2.39858165193451;4.747684093953096
16610;16610;2016-01-08;-0.0108975374458477;-1.08975374458477;4.736786556507249
16611;16611;2016-01-11;0.0008529082958226;0.08529082958226;4.737639464803071
16612;16612;2016-01-12;0.0077725141177742;0.77725141177742;4.7454119789208455
16613;16613;2016-01-13;-0.0252823750779089;-2.52823750779089;4.720129603842937
16614;16614;2016-01-14;0.0165580609343845;1.65580609343845;4.736687664777321
16615;16615;2016-01-15;-0.0218357726981626;-2.18357726981626;4.7148518920791584
16616;16616;2016-01-19;0.0005316801874286;0.05316801874285999;4.715383572266587
16617;16617;2016-01-20;-0.0117627660258987;-1.17627660258987;4.703620806240688
16618;16618;2016-01-21;0.0051819886359485;0.51819886359485;4.708802794876637
16619;16619;2016-01-22;0.0200807268822131;2.00807268822131;4.72888352175885
16620;16620;2016-01-25;-0.015761545172821;-1.5761545172820999;4.713121976586029
16621;16621;2016-01-26;0.0140452378303681;1.40452378303681;4.727167214416397
16622;16622;2016-01-27;-0.0109229223005282;-1.09229223005282;4.716244292115869
16623;16623;2016-01-28;0.0055133507175906;0.55133507175906;4.72175764283346
16624;16624;2016-01-29;0.024458650994557;2.4458650994557;4.746216293828017
16625;16625;2016-02-01;-0.0004433348455421;-0.044333484554210004;4.745772958982474
16626;16626;2016-02-02;-0.0189209687182314;-1.8920968718231401;4.726851990264243
16627;16627;2016-02-03;0.0049796200215741;0.49796200215741;4.731831610285817
16628;16628;2016-02-04;0.0015255682925232;0.15255682925232;4.73335717857834
16629;16629;2016-02-05;-0.0186541582763517;-1.86541582763517;4.714703020301989
16630;16630;2016-02-08;-0.0142550579230569;-1.42550579230569;4.700447962378932
16631;16631;2016-02-09;-0.0006638406467605;-0.06638406467605;4.699784121732171
16632;16632;2016-02-10;-0.0001889681307609;-0.018896813076089997;4.69959515360141
16633;16633;2016-02-11;-0.0123774473292561;-1.23774473292561;4.687217706272154
16634;16634;2016-02-12;0.0193300152070463;1.9330015207046298;4.7065477214792
16635;16635;2016-02-16;0.0163817377416846;1.6381737741684599;4.722929459220885
16636;16636;2016-02-17;0.0163461106256415;1.6346110625641501;4.7392755698465265
16637;16637;2016-02-18;-0.0046766321239344;-0.46766321239344;4.734598937722592
16638;16638;2016-02-19;-2.603328180228459e-05;-0.002603328180228459;4.73457290444079
16639;16639;2016-02-22;0.0143507310990766;1.43507310990766;4.7489236355398665
16640;16640;2016-02-23;-0.0125325775707887;-1.25325775707887;4.736391057969078
16641;16641;2016-02-24;0.0044299600346322;0.44299600346322;4.74082101800371
16642;16642;2016-02-25;0.0112843667304503;1.12843667304503;4.75210538473416
16643;16643;2016-02-26;-0.0018718653295648;-0.18718653295648;4.7502335194045955
16644;16644;2016-02-29;-0.0081541310915715;-0.81541310915715;4.742079388313024
16645;16645;2016-03-01;0.0235883854016192;2.35883854016192;4.765667773714643
16646;16646;2016-03-02;0.0040859498611016;0.40859498611016;4.769753723575745
16647;16647;2016-03-03;0.0034926343203167;0.34926343203167;4.7732463578960616
16648;16648;2016-03-04;0.0033004398659421;0.33004398659421;4.776546797762004
16649;16649;2016-03-07;0.0008846228008634;0.08846228008634;4.777431420562867
16650;16650;2016-03-08;-0.011303756056006;-1.1303756056006;4.766127664506861
16651;16651;2016-03-09;0.0050396727828143;0.50396727828143;4.7711673372896755
16652;16652;2016-03-10;0.0001557927971225;0.01557927971225;4.771323130086798
16653;16653;2016-03-11;0.0162625455888507;1.62625455888507;4.787585675675649
16654;16654;2016-03-14;-0.0012617686166116;-0.12617686166116;4.786323907059037
16655;16655;2016-03-15;-0.0018386309343174;-0.18386309343174;4.78448527612472
16656;16656;2016-03-16;0.0055847278817795;0.55847278817795;4.790070004006499
16657;16657;2016-03-17;0.0065735830685964;0.65735830685964;4.796643587075096
16658;16658;2016-03-18;0.0043959672510256;0.43959672510256004;4.801039554326121
16659;16659;2016-03-21;0.000985091904293;0.09850919042930001;4.802024646230414
16660;16660;2016-03-22;-0.0008777728967723;-0.08777728967723;4.801146873333642
16661;16661;2016-03-23;-0.0064065095306675;-0.64065095306675;4.794740363802974
16662;16662;2016-03-24;-0.0003781417793762;-0.03781417793762;4.794362222023598
16663;16663;2016-03-28;0.0005451068880724;0.05451068880724;4.794907328911671
16664;16664;2016-03-29;0.0087780120542371;0.8778012054237099;4.803685340965908
16665;16665;2016-03-30;0.004340879993566;0.43408799935660003;4.808026220959474
16666;16666;2016-03-31;-0.0020418423596204;-0.20418423596204002;4.805984378599853
16667;16667;2016-04-01;0.0063109590665995;0.63109590665995;4.812295337666453
16668;16668;2016-04-04;-0.0032134800458543;-0.32134800458543;4.8090818576205985
16669;16669;2016-04-05;-0.0101962984117944;-1.01962984117944;4.798885559208804
16670;16670;2016-04-06;0.0104527979320128;1.04527979320128;4.809338357140817
16671;16671;2016-04-07;-0.0120480739700052;-1.20480739700052;4.7972902831708115
16672;16672;2016-04-08;0.0027827026046169;0.27827026046169;4.8000729857754285
16673;16673;2016-04-11;-0.0027435458896043;-0.27435458896042997;4.797329439885824
16674;16674;2016-04-12;0.0096157538813903;0.9615753881390301;4.8069451937672145
16675;16675;2016-04-13;0.0099900697685573;0.99900697685573;4.816935263535772
16676;16676;2016-04-14;0.0001729124301323;0.01729124301323;4.817108175965904
16677;16677;2016-04-15;-0.0009847695761457;-0.09847695761457001;4.816123406389758
16678;16678;2016-04-18;0.0065197256137983;0.65197256137983;4.822643132003557
16679;16679;2016-04-19;0.0030797379028664;0.30797379028664;4.825722869906423
16680;16680;2016-04-20;0.0007612550492348;0.07612550492348;4.826484124955658
16681;16681;2016-04-21;-0.0052075628572927;-0.52075628572927;4.821276562098365
16682;16682;2016-04-22;4.785857954114903e-05;0.004785857954114903;4.8213244206779065
16683;16683;2016-04-25;-0.0018136896207625;-0.18136896207625;4.819510731057144
16684;16684;2016-04-26;0.0018710001742361;0.18710001742361;4.82138173123138
16685;16685;2016-04-27;0.0016479941117468;0.16479941117468;4.823029725343127
16686;16686;2016-04-28;-0.009273636061561;-0.9273636061560999;4.813756089281566
16687;16687;2016-04-29;-0.0050759492305578;-0.50759492305578;4.808680140051008
16688;16688;2016-05-02;0.0077796066972446;0.77796066972446;4.816459746748253
16689;16689;2016-05-03;-0.0087144993883958;-0.87144993883958;4.807745247359857
16690;16690;2016-05-04;-0.0059545827054732;-0.5954582705473199;4.8017906646543835
16691;16691;2016-05-05;-0.0002390366927933;-0.02390366927933;4.80155162796159
16692;16692;2016-05-06;0.0031696105535523;0.31696105535523;4.8047212385151425
16693;16693;2016-05-09;0.0007532133076093;0.07532133076093;4.805474451822752
16694;16694;2016-05-10;0.0124063652360373;1.24063652360373;4.817880817058789
16695;16695;2016-05-11;-0.009607522877868;-0.9607522877868001;4.808273294180921
16696;16696;2016-05-12;-0.0001694792679645;-0.016947926796450002;4.808103814912957
16697;16697;2016-05-13;-0.0085144341617526;-0.8514434161752601;4.799589380751204
16698;16698;2016-05-16;0.0097489763896128;0.97489763896128;4.809338357140817
16699;16699;2016-05-17;-0.0094558635521631;-0.94558635521631;4.799882493588654
16700;16700;2016-05-18;0.0002051576864019;0.02051576864019;4.800087651275056
16701;16701;2016-05-19;-0.0037135945227211;-0.37135945227211004;4.7963740567523345
16702;16702;2016-05-20;0.006001459222805;0.6001459222805;4.80237551597514
16703;16703;2016-05-23;-0.0020876365681017;-0.20876365681017;4.800287879407038
16704;16704;2016-05-24;0.0135886375339895;1.35886375339895;4.813876516941027
16705;16705;2016-05-25;0.0069505296515837;0.69505296515837;4.820827046592611
16706;16706;2016-05-26;-0.0002104660499284;-0.02104660499284;4.820616580542683
16707;16707;2016-05-27;0.0042776949394394;0.42776949394394;4.824894275482122
16708;16708;2016-05-31;-0.0010057686205895;-0.10057686205894999;4.8238885068615325
16709;16709;2016-06-01;0.0011343986539262;0.11343986539262;4.825022905515459
16710;16710;2016-06-02;0.0028206961669861;0.28206961669861;4.827843601682445
16711;16711;2016-06-03;-0.0029160622366948;-0.29160622366948;4.82492753944575
16712;16712;2016-06-06;0.0048853285193635;0.48853285193635;4.8298128679651136
16713;16713;2016-06-07;0.0012886156291971;0.12886156291971;4.831101483594311
16714;16714;2016-06-08;0.0033041019719552;0.33041019719552;4.834405585566266
16715;16715;2016-06-09;-0.0017192355978936;-0.17192355978936;4.832686349968372
16716;16716;2016-06-10;-0.0092175324101662;-0.92175324101662;4.823468817558206
16717;16717;2016-06-13;-0.0081482987897096;-0.8148298789709599;4.815320518768496
16718;16718;2016-06-14;-0.001800505071972;-0.1800505071972;4.813520013696524
16719;16719;2016-06-15;-0.0018424090638102;-0.18424090638101998;4.811677604632714
16720;16720;2016-06-16;0.0031280931110462;0.31280931110462;4.81480569774376
16721;16721;2016-06-17;-0.0032632841446096;-0.32632841446096;4.811542413599151
16722;16722;2016-06-20;0.0057913827784235;0.57913827784235;4.817333796377574
16723;16723;2016-06-21;0.0027083906042095;0.27083906042094996;4.820042186981784
16724;16724;2016-06-22;-0.0016529289965756;-0.16529289965756;4.818389257985208
16725;16725;2016-06-23;0.0132755670719548;1.32755670719548;4.831664825057163
16726;16726;2016-06-24;-0.0365807928055827;-3.65807928055827;4.79508403225158
16727;16727;2016-06-27;-0.0182622465117026;-1.82622465117026;4.776821785739878
16728;16728;2016-06-28;0.0176141216040877;1.76141216040877;4.794435907343965
16729;16729;2016-06-29;0.0168892429712546;1.6889242971254599;4.81132515031522
16730;16730;2016-06-30;0.0134738631494659;1.3473863149465901;4.824799013464686
16731;16731;2016-07-01;0.0019467062930313;0.19467062930313;4.826745719757717
16732;16732;2016-07-05;-0.0068710289855982;-0.68710289855982;4.819874690772119
16733;16733;2016-07-06;0.0053386870582761;0.53386870582761;4.825213377830395
16734;16734;2016-07-07;-0.0008719578867335;-0.08719578867335;4.824341419943662
16735;16735;2016-07-08;0.0151381865659923;1.51381865659923;4.839479606509654
16736;16736;2016-07-11;0.003402819311999;0.3402819311999;4.842882425821653
16737;16737;2016-07-12;0.0069848423073448;0.69848423073448;4.849867268128998
16738;16738;2016-07-13;0.0001347586749824;0.01347586749824;4.85000202680398
16739;16739;2016-07-14;0.0052454228016962;0.52454228016962;4.855247449605677
16740;16740;2016-07-15;-0.0009293790598707;-0.09293790598707;4.854318070545806
16741;16741;2016-07-18;0.0023794618218691;0.23794618218691;4.856697532367675
16742;16742;2016-07-19;-0.0014362045004157;-0.14362045004156998;4.855261327867259
16743;16743;2016-07-20;0.0042612083157642;0.42612083157642;4.859522536183023
16744;16744;2016-07-21;-0.0036190698565254;-0.36190698565254;4.855903466326498
16745;16745;2016-07-22;0.00454362678951;0.454362678951;4.860447093116008
16746;16746;2016-07-25;-0.0030160187399292;-0.30160187399292;4.857431074376079
16747;16747;2016-07-26;0.0003227321607193;0.032273216071930004;4.857753806536798
16748;16748;2016-07-27;-0.0011992609468087;-0.11992609468087;4.856554545589989
16749;16749;2016-07-28;0.0016049204480923;0.16049204480923;4.858159466038082
16750;16750;2016-07-29;0.0016299801176575;0.16299801176575;4.859789446155739
16751;16751;2016-08-01;-0.001270594147491;-0.12705941474909999;4.858518852008248
16752;16752;2016-08-02;-0.006381940812667;-0.6381940812667;4.852136911195581
16753;16753;2016-08-03;0.003129042716071;0.3129042716071;4.855265953911652
16754;16754;2016-08-04;0.0002125492994888;0.02125492994888;4.855478503211141
16755;16755;2016-08-05;0.00856669728938;0.8566697289380001;4.864045200500521
16756;16756;2016-08-08;-0.0009075772915414;-0.09075772915414;4.86313762320898
16757;16757;2016-08-09;0.0003897179865557;0.03897179865557;4.863527341195535
16758;16758;2016-08-10;-0.0028687970634884;-0.28687970634884;4.860658544132047
16759;16759;2016-08-11;0.0047234151024442;0.47234151024441995;4.865381959234491
16760;16760;2016-08-12;-0.0007963633869145;-0.07963633869145001;4.8645855958475765
16761;16761;2016-08-15;0.0027890162945221;0.27890162945221;4.867374612142099
16762;16762;2016-08-16;-0.0054941422164782;-0.5494142216478201;4.86188046992562
16763;16763;2016-08-17;0.0018668460061554;0.18668460061554001;4.863747315931776
16764;16764;2016-08-18;0.0021972016963829;0.21972016963829;4.865944517628159
16765;16765;2016-08-19;-0.0014413095687686;-0.14413095687686;4.86450320805939
16766;16766;2016-08-22;-0.0005634818833231;-0.05634818833231;4.863939726176067
16767;16767;2016-08-23;0.0019498671783617;0.19498671783617;4.865889593354429
16768;16768;2016-08-24;-0.0052540552596713;-0.52540552596713;4.8606355380947575
16769;16769;2016-08-25;-0.0013661603966461;-0.13661603966461;4.859269377698111
16770;16770;2016-08-26;-0.0015800642387127;-0.15800642387127;4.857689313459399
16771;16771;2016-08-29;0.0052144284286743;0.52144284286743;4.862903741888073
16772;16772;2016-08-30;-0.0019555914071229;-0.19555914071229;4.86094815048095
16773;16773;2016-08-31;-0.0023786911055623;-0.23786911055622997;4.858569459375388
16774;16774;2016-09-01;-4.138538941145242e-05;-0.004138538941145242;4.858528073985976
16775;16775;2016-09-02;0.0041922415990347;0.41922415990346995;4.862720315585011
16776;16776;2016-09-06;0.0029772423700045;0.29772423700045;4.8656975579550155
16777;16777;2016-09-07;-0.0001463959382927;-0.014639593829270001;4.865551162016723
16778;16778;2016-09-08;-0.0022254881924705;-0.22254881924705;4.863325673824252
16779;16779;2016-09-09;-0.024827742410836;-2.4827742410836002;4.838497931413416
16780;16780;2016-09-12;0.0145703872334346;1.45703872334346;4.853068318646851
16781;16781;2016-09-13;-0.0149417482782112;-1.49417482782112;4.838126570368639
16782;16782;2016-09-14;-0.000587849399813;-0.058784939981299994;4.837538720968826
16783;16783;2016-09-15;0.0100585164494404;1.00585164494404;4.847597237418267
16784;16784;2016-09-16;-0.003779427795572;-0.3779427795572;4.843817809622695
16785;16785;2016-09-19;-1.8603233825409404e-05;-0.0018603233825409404;4.843799206388869
16786;16786;2016-09-20;0.0002990934842346;0.029909348423460002;4.844098299873104
16787;16787;2016-09-21;0.010858000333636;1.0858000333636;4.85495630020674
16788;16788;2016-09-22;0.0064787519176414;0.64787519176414;4.861435052124381
16789;16789;2016-09-23;-0.0057532929597181;-0.57532929597181;4.855681759164663
16790;16790;2016-09-26;-0.0086248501179166;-0.86248501179166;4.847056909046747
16791;16791;2016-09-27;0.0064234951652979;0.64234951652979;4.8534804042120445
16792;16792;2016-09-28;0.0052825766036432;0.52825766036432;4.858762980815688
16793;16793;2016-09-29;-0.0093651277300814;-0.9365127730081401;4.849397853085606
16794;16794;2016-09-30;0.0079363925880278;0.7936392588027801;4.857334245673634
16795;16795;2016-10-03;-0.0032660231815277;-0.32660231815276997;4.854068222492106
16796;16796;2016-10-04;-0.0049678817863618;-0.49678817863617997;4.8491003407057445
16797;16797;2016-10-05;0.0042874862311972;0.42874862311972006;4.853387826936942
16798;16798;2016-10-06;0.0004814438526041;0.048144385260410004;4.853869270789546
16799;16799;2016-10-07;-0.0032587874416138;-0.32587874416138;4.850610483347932
16800;16800;2016-10-10;0.0045953303173247;0.45953303173247;4.855205813665257
16801;16801;2016-10-11;-0.0125245776977562;-1.25245776977562;4.8426812359675
16802;16802;2016-10-12;0.0011459322063984;0.11459322063984;4.843827168173899
16803;16803;2016-10-13;-0.0031040764122334;-0.31040764122334;4.8407230917616655
16804;16804;2016-10-14;0.0002015841591207;0.020158415912070002;4.840924675920786
16805;16805;2016-10-17;-0.0030426181118397;-0.30426181118397;4.8378820578089465
16806;16806;2016-10-18;0.0061415056056981;0.61415056056981;4.844023563414645
16807;16807;2016-10-19;0.0021895721553502;0.21895721553502;4.846213135569995
16808;16808;2016-10-20;-0.0013766711313802;-0.13766711313802;4.844836464438615
16809;16809;2016-10-21;-8.414514015520069e-05;-0.00841451401552007;4.844752319298459
16810;16810;2016-10-24;0.0047385946474278;0.47385946474278;4.849490913945887
16811;16811;2016-10-25;-0.0038049574647063;-0.38049574647063;4.845685956481181
16812;16812;2016-10-26;-0.0017419279211878;-0.17419279211878;4.843944028559993
16813;16813;2016-10-27;-0.0029911959060084;-0.29911959060084004;4.840952832653985
16814;16814;2016-10-28;-0.0031131401396251;-0.31131401396251;4.837839692514359
16815;16815;2016-10-31;-0.0001222838841981;-0.01222838841981;4.837717408630161
16816;16816;2016-11-01;-0.0068100191087356;-0.68100191087356;4.830907389521426
16817;16817;2016-11-02;-0.0065468844534537;-0.65468844534537;4.824360505067972
16818;16818;2016-11-03;-0.004433213022609;-0.4433213022609;4.819927292045363
16819;16819;2016-11-04;-0.0016675202716935;-0.16675202716935;4.818259771773669
16820;16820;2016-11-07;0.021980199729465;2.1980199729465;4.840239971503134
16821;16821;2016-11-08;0.003764878397158;0.3764878397158;4.844004849900292
16822;16822;2016-11-09;0.0110161198796561;1.1016119879656099;4.8550209697799485
16823;16823;2016-11-10;0.0019488457160949;0.19488457160949;4.8569698154960435
16824;16824;2016-11-11;-0.0013989283477977;-0.13989283477977;4.855570887148246
16825;16825;2016-11-14;-0.0001155094571831;-0.01155094571831;4.8554553776910625
16826;16826;2016-11-15;0.0074529550220896;0.74529550220896;4.862908332713152
16827;16827;2016-11-16;-0.001583516522376;-0.1583516522376;4.861324816190776
16828;16828;2016-11-17;0.004665469361198;0.46654693611979997;4.865990285551974
16829;16829;2016-11-18;-0.002389651365549;-0.23896513655489998;4.863600634186425
16830;16830;2016-11-21;0.0074337020708741;0.7433702070874101;4.871034336257299
16831;16831;2016-11-22;0.0021630911035934;0.21630911035934003;4.873197427360893
16832;16832;2016-11-23;0.0008076981569082;0.08076981569082001;4.874005125517801
16833;16833;2016-11-25;0.003906745613424;0.3906745613424;4.877911871131225
16834;16834;2016-11-28;-0.0052683892547351;-0.5268389254735101;4.87264348187649
16835;16835;2016-11-29;0.0013344023532617;0.13344023532617;4.873977884229752
16836;16836;2016-11-30;-0.0026569305551564;-0.26569305551564;4.871320953674595
16837;16837;2016-12-01;-0.0035217229667638;-0.35217229667638;4.867799230707831
16838;16838;2016-12-02;0.000396927720085;0.0396927720085;4.868196158427916
16839;16839;2016-12-05;0.0058044269267432;0.58044269267432;4.8740005853546595
16840;16840;2016-12-06;0.0034050844688744;0.34050844688744;4.877405669823534
16841;16841;2016-12-07;0.0130773587447237;1.30773587447237;4.890483028568258
16842;16842;2016-12-08;0.0021570150168708;0.21570150168708;4.8926400435851285
16843;16843;2016-12-09;0.0059214185329699;0.59214185329699;4.898561462118098
16844;16844;2016-12-12;-0.0011380822905993;-0.11380822905992999;4.897423379827499
16845;16845;2016-12-13;0.006518483201237;0.6518483201237001;4.903941863028736
16846;16846;2016-12-14;-0.008150295461859;-0.8150295461859001;4.895791567566877
16847;16847;2016-12-15;0.0038757076875537;0.38757076875537;4.899667275254431
16848;16848;2016-12-16;-0.0017521567509799;-0.17521567509799;4.897915118503451
16849;16849;2016-12-19;0.0019731727152114;0.19731727152114;4.899888291218662
16850;16850;2016-12-20;0.0036309124011522;0.36309124011522;4.9035192036198145
16851;16851;2016-12-21;-0.0024603857246772;-0.24603857246772;4.901058817895137
16852;16852;2016-12-22;-0.0018647112223968;-0.18647112223968;4.8991941066727405
16853;16853;2016-12-23;0.0012509325350791;0.12509325350790998;4.90044503920782
16854;16854;2016-12-27;0.0022458489045487;0.22458489045487;4.902690888112368
16855;16855;2016-12-28;-0.008391640709771;-0.8391640709771;4.894299247402597
16856;16856;2016-12-29;-0.0002933477318682;-0.029334773186820002;4.894005899670729
16857;16857;2016-12-30;-0.004647834696855;-0.4647834696855;4.889358064973874
16858;16858;2017-01-03;0.0084507667531577;0.8450766753157699;4.897808831727032
16859;16859;2017-01-04;0.0057059637705494;0.57059637705494;4.903514795497581
16860;16860;2017-01-05;-0.0007709676024818;-0.07709676024818;4.902743827895099
16861;16861;2017-01-06;0.0035107891805798;0.35107891805798;4.906254617075679
16862;16862;2017-01-09;-0.0035549054715602;-0.35549054715601996;4.902699711604119
16863;16863;2017-01-10;0.0;0.0;4.902699711604119
16864;16864;2017-01-11;0.0028256423891024;0.28256423891024;4.905525353993221
16865;16865;2017-01-12;-0.0021471123937297;-0.21471123937297;4.9033782415994915
16866;16866;2017-01-13;0.0018481313951461;0.18481313951460998;4.905226372994638
16867;16867;2017-01-17;-0.0029719144562179;-0.29719144562179;4.90225445853842
16868;16868;2017-01-18;0.001762200469809;0.17622004698090002;4.904016659008229
16869;16869;2017-01-19;-0.0036158376243191;-0.36158376243191004;4.90040082138391
16870;16870;2017-01-20;0.0033605840613004;0.33605840613004;4.90376140544521
16871;16871;2017-01-23;-0.0026937496460703;-0.26937496460703003;4.90106765579914
16872;16872;2017-01-24;0.0065431405289624;0.65431405289624;4.907610796328102
16873;16873;2017-01-25;0.0079940527959685;0.7994052795968499;4.915604849124071
16874;16874;2017-01-26;-0.000735654935263;-0.0735654935263;4.914869194188808
16875;16875;2017-01-27;-0.000866839489741;-0.0866839489741;4.9140023546990665
16876;16876;2017-01-30;-0.0060276734960966;-0.60276734960966;4.90797468120297
16877;16877;2017-01-31;-0.0008903016080328;-0.08903016080328001;4.907084379594937
16878;16878;2017-02-01;0.0002983189881167;0.02983189881167;4.907382698583054
16879;16879;2017-02-02;0.0005701468386902;0.05701468386902;4.907952845421744
16880;16880;2017-02-03;0.007238496854554;0.7238496854554;4.915191342276298
16881;16881;2017-02-06;-0.0021175975137088;-0.21175975137088;4.913073744762589
16882;16882;2017-02-07;0.0002268034638452;0.02268034638452;4.9133005482264345
16883;16883;2017-02-08;0.0006930821486097;0.06930821486097;4.913993630375044
16884;16884;2017-02-09;0.0057360637359602;0.5736063735960201;4.9197296941110045
16885;16885;2017-02-10;0.003559706822009;0.3559706822009;4.9232894009330135
16886;16886;2017-02-13;0.0052321335840117;0.52321335840117;4.928521534517025
16887;16887;2017-02-14;0.0039993271956726;0.39993271956726;4.932520861712698
16888;16888;2017-02-15;0.0049798886657344;0.49798886657344;4.937500750378432
16889;16889;2017-02-16;-0.0008644916015505;-0.08644916015505;4.936636258776882
16890;16890;2017-02-17;0.0016771493272376;0.16771493272376;4.938313408104119
16891;16891;2017-02-21;0.0060298500200692;0.60298500200692;4.944343258124189
16892;16892;2017-02-22;-0.0010827861468039;-0.10827861468039;4.943260471977385
16893;16893;2017-02-23;0.000418898971259;0.0418898971259;4.943679370948644
16894;16894;2017-02-24;0.0014922502320313;0.14922502320313;4.945171621180675
16895;16895;2017-02-27;0.0010174652677337;0.10174652677337;4.946189086448409
16896;16896;2017-02-28;-0.0025817061151949;-0.25817061151949;4.943607380333214
16897;16897;2017-03-01;0.013581211083725;1.3581211083725;4.957188591416939
16898;16898;2017-03-02;-0.0058771169721048;-0.58771169721048;4.951311474444834
16899;16899;2017-03-03;0.0005037503685345;0.050375036853449996;4.951815224813369
16900;16900;2017-03-06;-0.0032826227635656;-0.32826227635655997;4.948532602049803
16901;16901;2017-03-07;-0.0029176259020893;-0.29176259020893003;4.945614976147714
16902;16902;2017-03-08;-0.0022868279640642;-0.22868279640642;4.9433281481836495
16903;16903;2017-03-09;0.0007995756127661;0.07995756127661;4.944127723796416
16904;16904;2017-03-10;0.0032633397058585;0.32633397058585;4.947391063502274
16905;16905;2017-03-13;0.0003665656191698;0.03665656191698;4.947757629121444
16906;16906;2017-03-14;-0.0033847489808911;-0.33847489808911;4.944372880140553
16907;16907;2017-03-15;0.0083398791246862;0.83398791246862;4.952712759265239
16908;16908;2017-03-16;-0.0016280347991832;-0.16280347991832;4.951084724466056
16909;16909;2017-03-17;-0.0013151792642318;-0.13151792642318;4.949769545201824
16910;16910;2017-03-20;-0.0020119160803799;-0.20119160803799002;4.947757629121444
16911;16911;2017-03-21;-0.0124855945901023;-1.24855945901023;4.935272034531342
16912;16912;2017-03-22;0.0018881028474631;0.18881028474630998;4.937160137378805
16913;16913;2017-03-23;-0.0010608321448302;-0.10608321448302;4.9360993052339746
16914;16914;2017-03-24;-0.0008443522139387;-0.08443522139387;4.935254953020036
16915;16915;2017-03-27;-0.0010201075858455;-0.10201075858455001;4.93423484543419
16916;16916;2017-03-28;0.0072253088296241;0.72253088296241;4.941460154263814
16917;16917;2017-03-29;0.0010847362038299;0.10847362038299;4.942544890467644
16918;16918;2017-03-30;0.0029308109117049;0.29308109117049;4.945475701379349
16919;16919;2017-03-31;-0.0022575939382667;-0.22575939382667;4.943218107441083
16920;16920;2017-04-03;-0.001643475308013;-0.1643475308013;4.94157463213307
16921;16921;2017-04-04;0.0005593660746612;0.05593660746612;4.942133998207731
16922;16922;2017-04-05;-0.0030595368115227;-0.30595368115227;4.939074461396208
16923;16923;2017-04-06;0.0019276502937355;0.19276502937355;4.941002111689944
16924;16924;2017-04-07;-0.0008274724629453;-0.08274724629453001;4.940174639226998
16925;16925;2017-04-10;0.0006874501357838;0.06874501357838;4.940862089362782
16926;16926;2017-04-11;-0.0014349082919586;-0.14349082919586;4.9394271810708235
16927;16927;2017-04-12;-0.0037670374189868;-0.37670374189868;4.935660143651837
16928;16928;2017-04-13;-0.0068380202898046;-0.6838020289804599;4.928822123362032
16929;16929;2017-04-17;0.0085764656911075;0.85764656911075;4.9373985890531396
16930;16930;2017-04-18;-0.0029076028458332;-0.29076028458332;4.934490986207306
16931;16931;2017-04-19;-0.0017178253968683;-0.17178253968683;4.932773160810438
16932;16932;2017-04-20;0.0075288503629735;0.75288503629735;4.9403020111734115
16933;16933;2017-04-21;-0.0030396881071155;-0.30396881071155;4.937262323066296
16934;16934;2017-04-24;0.0107817365881119;1.0781736588111899;4.948044059654408
16935;16935;2017-04-25;0.006072214211751;0.6072214211751;4.954116273866159
16936;16936;2017-04-26;-0.0004858214756868;-0.04858214756868;4.953630452390472
16937;16937;2017-04-27;0.0005527670002987;0.05527670002987;4.954183219390771
16938;16938;2017-04-28;-0.0019149794714898;-0.19149794714898;4.952268239919281
16939;16939;2017-05-01;0.001730791826894;0.1730791826894;4.953999031746175
16940;16940;2017-05-02;0.0011883435858113;0.11883435858112999;4.955187375331986
16941;16941;2017-05-03;-0.0012721693958273;-0.12721693958273;4.953915205936159
16942;16942;2017-05-04;0.0005819332878695;0.05819332878695;4.954497139224029
16943;16943;2017-05-05;0.004080359407478;0.4080359407478;4.958577498631507
16944;16944;2017-05-08;3.744527190807645e-05;0.003744527190807645;4.958614943903415
16945;16945;2017-05-09;-0.0010257745567932;-0.10257745567932;4.957589169346622
16946;16946;2017-05-10;0.0011299627174494;0.11299627174494;4.958719132064071
16947;16947;2017-05-11;-0.0021651513741067;-0.21651513741067002;4.956553980689964
16948;16948;2017-05-12;-0.0014795353407937;-0.14795353407937;4.955074445349171
16949;16949;2017-05-15;0.0047651423030146;0.47651423030146006;4.959839587652185
16950;16950;2017-05-16;-0.0006871330369859;-0.06871330369859;4.959152454615199
16951;16951;2017-05-17;-0.0183454681711152;-1.8345468171115198;4.940806986444084
16952;16952;2017-05-18;0.0036800386272162;0.36800386272162;4.9444870250713
16953;16953;2017-05-19;0.0067447032082004;0.67447032082004;4.951231728279501
16954;16954;2017-05-22;0.0051468632960087;0.51468632960087;4.956378591575509
16955;16955;2017-05-23;0.0018361851723804;0.18361851723804;4.95821477674789
16956;16956;2017-05-24;0.0024860338045762;0.24860338045761998;4.960700810552466
16957;16957;2017-05-25;0.0044321120419779;0.44321120419779;4.965132922594444
16958;16958;2017-05-26;0.0003105017853028;0.031050178530279998;4.965443424379747
16959;16959;2017-05-30;-0.0012053507295339;-0.12053507295339001;4.964238073650213
16960;16960;2017-05-31;-0.0004600746199514;-0.04600746199514;4.9637779990302615
16961;16961;2017-06-01;0.0075425955848471;0.7542595584847099;4.971320594615109
16962;16962;2017-06-02;0.0037008746180466;0.37008746180466;4.975021469233155
16963;16963;2017-06-05;-0.0012184071404286;-0.12184071404286001;4.973803062092727
16964;16964;2017-06-06;-0.0027829086662043;-0.27829086662042996;4.971020153426522
16965;16965;2017-06-07;0.0015670287963471;0.15670287963471;4.9725871822228696
16966;16966;2017-06-08;0.0002671690356645;0.026716903566449998;4.972854351258534
16967;16967;2017-06-09;-0.0008303338661868;-0.08303338661868;4.972024017392347
16968;16968;2017-06-12;-0.0009792424797181;-0.09792424797181;4.971044774912629
16969;16969;2017-06-13;0.0045013588432301;0.45013588432301;4.975546133755859
16970;16970;2017-06-14;-0.0009963269653177;-0.09963269653177;4.974549806790542
16971;16971;2017-06-15;-0.0022421097968399;-0.22421097968399;4.972307696993702
16972;16972;2017-06-16;0.0002835991500589;0.028359915005889996;4.972591296143761
16973;16973;2017-06-19;0.0083125832068944;0.83125832068944;4.980903879350655
16974;16974;2017-06-20;-0.0067191604469316;-0.67191604469316;4.974184718903723
16975;16975;2017-06-21;-0.0005828141932715;-0.05828141932715;4.973601904710452
16976;16976;2017-06-22;-0.0004558859724381;-0.04558859724381;4.973146018738014
16977;16977;2017-06-23;0.0015596985554084;0.15596985554084;4.974705717293422
16978;16978;2017-06-26;0.0003157519397332;0.03157519397332;4.975021469233155
16979;16979;2017-06-27;-0.0081055865756729;-0.81055865756729;4.966915882657482
16980;16980;2017-06-28;0.0087695016465509;0.87695016465509;4.975685384304033
16981;16981;2017-06-29;-0.0086372168441419;-0.8637216844141901;4.967048167459891
16982;16982;2017-06-30;0.0015320576108743;0.15320576108743;4.968580225070766
16983;16983;2017-07-03;0.0023081679791472;0.23081679791471998;4.970888393049913
16984;16984;2017-07-05;0.0014522240362886;0.14522240362886;4.972340617086202
16985;16985;2017-07-06;-0.0094129873068657;-0.9412987306865701;4.962927629779336
16986;16986;2017-07-07;0.0063827125696152;0.63827125696152;4.969310342348951
16987;16987;2017-07-10;0.0009273361035129;0.09273361035129;4.970237678452464
16988;16988;2017-07-11;-0.0007829870660822;-0.07829870660822;4.969454691386382
16989;16989;2017-07-12;0.0072790509478215;0.7279050947821499;4.976733742334203
16990;16990;2017-07-13;0.0018728294734726;0.18728294734726;4.978606571807676
16991;16991;2017-07-14;0.0046626161700098;0.46626161700098;4.983269187977686
16992;16992;2017-07-17;-5.291423670694684e-05;-0.005291423670694684;4.983216273740979
16993;16993;2017-07-18;0.000597678698111;0.0597678698111;4.98381395243909
16994;16994;2017-07-19;0.0053582582160531;0.53582582160531;4.989172210655143
16995;16995;2017-07-20;-0.0001536710886069;-0.01536710886069;4.989018539566536
16996;16996;2017-07-21;-0.0003679393292088;-0.03679393292088;4.988650600237327
16997;16997;2017-07-24;-0.0010643009954085;-0.10643009954085;4.987586299241919
16998;16998;2017-07-25;0.0029189075198976;0.29189075198976;4.990505206761816
16999;16999;2017-07-26;0.00028262400612;0.028262400612;4.990787830767936
17000;17000;2017-07-27;-0.0009731616373942;-0.09731616373942;4.989814669130542
17001;17001;2017-07-28;-0.0013420156781158;-0.13420156781158002;4.988472653452426
17002;17002;2017-07-31;-0.0007284108345597;-0.07284108345597;4.987744242617866
17003;17003;2017-08-01;0.0024461207749384;0.24461207749383998;4.990190363392805
17004;17004;2017-08-02;0.0004925274073475;0.04925274073475;4.990682890800152
17005;17005;2017-08-03;-0.0021860418349461;-0.21860418349460997;4.988496848965206
17006;17006;2017-08-04;0.0018873214175396;0.18873214175396;4.990384170382746
17007;17007;2017-08-07;0.0016458446442806;0.16458446442806002;4.9920300150270265
17008;17008;2017-08-08;-0.0024173522303856;-0.24173522303856002;4.989612662796641
17009;17009;2017-08-09;-0.0003636747927124;-0.03636747927124;4.989248988003928
17010;17010;2017-08-10;-0.0145802184007415;-1.45802184007415;4.974668769603187
17011;17011;2017-08-11;0.0012747571279874;0.12747571279874;4.975943526731174
17012;17012;2017-08-14;0.0099936512460496;0.99936512460496;4.985937177977224
17013;17013;2017-08-15;-0.0004989323268835;-0.04989323268835;4.98543824565034
17014;17014;2017-08-16;0.0014190955233326;0.14190955233326;4.986857341173673
17015;17015;2017-08-17;-0.0155573424871917;-1.55573424871917;4.971299998686481
17016;17016;2017-08-18;-0.0018370536613518;-0.18370536613518001;4.969462945025129
17017;17017;2017-08-21;0.0011619757145657;0.11619757145657;4.970624920739695
17018;17018;2017-08-22;0.0098916952606256;0.98916952606256;4.980516616000321
17019;17019;2017-08-23;-0.0034595701326392;-0.34595701326392;4.9770570458676815
17020;17020;2017-08-24;-0.0020766167471384;-0.20766167471384;4.974980429120543
17021;17021;2017-08-25;0.0016714716689376;0.16714716689376;4.976651900789481
17022;17022;2017-08-28;0.0004869534732963;0.04869534732963;4.977138854262777
17023;17023;2017-08-29;0.0008424667620099;0.08424667620099;4.977981321024787
17024;17024;2017-08-30;0.0046045317880603;0.46045317880603004;4.982585852812847
17025;17025;2017-08-31;0.0057046735847139;0.57046735847139;4.988290526397561
17026;17026;2017-09-01;0.0019805780423354;0.19805780423354002;4.990271104439897
17027;17027;2017-09-05;-0.0075794585521453;-0.75794585521453;4.982691645887751
17028;17028;2017-09-06;0.0031238424931441;0.31238424931441;4.985815488380895
17029;17029;2017-09-07;-0.0001784520448531;-0.01784520448531;4.985637036336042
17030;17030;2017-09-08;-0.0014899601434583;-0.14899601434582999;4.984147076192584
17031;17031;2017-09-11;0.0107809751971474;1.07809751971474;4.994928051389731
17032;17032;2017-09-12;0.0033583025948829;0.33583025948829;4.998286353984614
17033;17033;2017-09-13;0.000756834248083;0.0756834248083;4.999043188232697
17034;17034;2017-09-14;-0.0011013238508281;-0.11013238508281;4.997941864381869
17035;17035;2017-09-15;0.0018454775461593;0.18454775461592998;4.9997873419280285
17036;17036;2017-09-18;0.0014548619291288;0.14548619291288;5.001242203857157
17037;17037;2017-09-19;0.0011095796167319;0.11095796167319;5.002351783473889
17038;17038;2017-09-20;0.0006341467023096;0.06341467023096001;5.002985930176199
17039;17039;2017-09-21;-0.0030505659469151;-0.30505659469151003;4.999935364229284
17040;17040;2017-09-22;0.0006475839951667;0.06475839951666999;5.000582948224451
17041;17041;2017-09-25;-0.002224522699854;-0.2224522699854;4.9983584255245965
17042;17042;2017-09-26;7.21641258953909e-05;0.00721641258953909;4.998430589650492
17043;17043;2017-09-27;0.0040768224019878;0.40768224019877997;5.00250741205248
17044;17044;2017-09-28;0.0012038906289379;0.12038906289379;5.003711302681418
17045;17045;2017-09-29;0.0036982630684985;0.36982630684985;5.007409565749916
17046;17046;2017-10-02;0.0038665188297128;0.38665188297128;5.011276084579629
17047;17047;2017-10-03;0.0021565111846602;0.21565111846602003;5.013432595764289
17048;17048;2017-10-04;0.0012459436611136;0.12459436611136;5.014678539425403
17049;17049;2017-10-05;0.0056309040312934;0.56309040312934;5.020309443456696
17050;17050;2017-10-06;-0.0010742111652399;-0.10742111652398999;5.019235232291456
17051;17051;2017-10-09;-0.0018060638680141;-0.18060638680141;5.017429168423442
17052;17052;2017-10-10;0.0023197196304787;0.23197196304787002;5.019748888053921
17053;17053;2017-10-11;0.0018018829296631;0.18018829296631;5.021550770983584
17054;17054;2017-10-12;-0.0016881771203509;-0.16881771203509;5.019862593863233
17055;17055;2017-10-13;0.0008777220048461;0.08777220048461;5.020740315868079
17056;17056;2017-10-16;0.0017492225323056;0.17492225323056;5.022489538400385
17057;17057;2017-10-17;0.0006723529054335;0.06723529054335;5.0231618913058185
17058;17058;2017-10-18;0.0007420595113298;0.07420595113298;5.023903950817148
17059;17059;2017-10-19;0.0003279441150105;0.032794411501049996;5.024231894932159
17060;17060;2017-10-20;0.0051037961850299;0.51037961850299;5.029335691117189
17061;17061;2017-10-23;-0.0039803953129968;-0.39803953129967995;5.025355295804192
17062;17062;2017-10-24;0.0016166008745583;0.16166008745583;5.02697189667875
17063;17063;2017-10-25;-0.0046739556872603;-0.46739556872603005;5.02229794099149
17064;17064;2017-10-26;0.001270139250602;0.1270139250602;5.023568080242092
17065;17065;2017-10-27;0.0080406099797274;0.80406099797274;5.03160869022182
17066;17066;2017-10-30;-0.0031975773767412;-0.31975773767411997;5.028411112845078
17067;17067;2017-10-31;0.0009440129366797;0.09440129366797;5.029355125781758
17068;17068;2017-11-01;0.0015908441079037;0.15908441079037;5.030945969889662
17069;17069;2017-11-02;0.0001899477696669;0.01899477696669;5.031135917659329
17070;17070;2017-11-03;0.0030922893263145;0.30922893263145;5.034228206985643
17071;17071;2017-11-06;0.0012704438847759;0.12704438847759;5.035498650870419
17072;17072;2017-11-07;-0.0001891208050821;-0.01891208050821;5.035309530065337
17073;17073;2017-11-08;0.0014426139320606;0.14426139320606002;5.036752143997398
17074;17074;2017-11-09;-0.0037689813393697;-0.37689813393697;5.032983162658028
17075;17075;2017-11-10;-0.0008980469760535;-0.08980469760535;5.032085115681975
17076;17076;2017-11-13;0.0009831509112929;0.09831509112929;5.033068266593268
17077;17077;2017-11-14;-0.0023122805602824;-0.23122805602823998;5.030755986032985
17078;17078;2017-11-15;-0.0055409987421235;-0.55409987421235;5.025214987290862
17079;17079;2017-11-16;0.0081626527829721;0.81626527829721;5.033377640073834
17080;17080;2017-11-17;-0.0026294169788974;-0.26294169788974003;5.030748223094936
17081;17081;2017-11-20;0.0012748698887907;0.12748698887907;5.032023092983727
17082;17082;2017-11-21;0.0065198388797522;0.65198388797522;5.038542931863479
17083;17083;2017-11-22;-0.0007505427033294;-0.07505427033294;5.03779238916015
17084;17084;2017-11-24;0.0020539842782323;0.20539842782323;5.039846373438382
17085;17085;2017-11-27;-0.0003843315868037;-0.03843315868037;5.0394620418515785
17086;17086;2017-11-28;0.0098003321967938;0.9800332196793801;5.049262374048372
17087;17087;2017-11-29;-0.000369293882791;-0.0369293882791;5.048893080165581
17088;17088;2017-11-30;0.0081575866628114;0.8157586662811399;5.057050666828393
17089;17089;2017-12-01;-0.0020265829358052;-0.20265829358052;5.0550240838925875
17090;17090;2017-12-04;-0.0010527105492865;-0.10527105492865;5.053971373343301
17091;17091;2017-12-05;-0.0037463905259551;-0.37463905259551;5.050224982817346
17092;17092;2017-12-06;-0.0001141121705305;-0.01141121705305;5.050110870646815
17093;17093;2017-12-07;0.0029280670101092;0.29280670101092;5.0530389376569245
17094;17094;2017-12-08;0.0054912020355182;0.54912020355182;5.058530139692443
17095;17095;2017-12-11;0.0031968421216959;0.31968421216959;5.061726981814139
17096;17096;2017-12-12;0.0015477237220897;0.15477237220897;5.063274705536228
17097;17097;2017-12-13;-0.0004730689701508;-0.04730689701508;5.0628016365660775
17098;17098;2017-12-14;-0.0040791677307625;-0.40791677307624996;5.058722468835315
17099;17099;2017-12-15;0.0089343134101431;0.89343134101431;5.067656782245458
17100;17100;2017-12-18;0.0053484785795969;0.53484785795969;5.073005260825055
17101;17101;2017-12-19;-0.0032354980431179;-0.32354980431179003;5.069769762781937
17102;17102;2017-12-20;-0.0008282360735725;-0.08282360735725;5.068941526708365
17103;17103;2017-12-21;0.0019836870126583;0.19836870126582998;5.070925213721023
17104;17104;2017-12-22;-0.0004582716381138;-0.045827163811379995;5.070466942082909
17105;17105;2017-12-26;-0.0010589757000589;-0.10589757000589;5.06940796638285
17106;17106;2017-12-27;0.0007906283102423;0.07906283102423;5.0701985946930925
17107;17107;2017-12-28;0.0018323190029194;0.18323190029194;5.072030913696012
17108;17108;2017-12-29;-0.0051966322927476;-0.51966322927476;5.066834281403264
17109;17109;2018-01-02;0.0082690782183973;0.8269078218397299;5.075103359621662
17110;17110;2018-01-03;0.0063784332439364;0.63784332439364;5.081481792865598
17111;17111;2018-01-04;0.0040205428553266;0.40205428553266;5.085502335720925
17112;17112;2018-01-05;0.0070091458885856;0.70091458885856;5.0925114816095105
17113;17113;2018-01-08;0.0016609637672972;0.16609637672972;5.094172445376808
17114;17114;2018-01-09;0.0013020835172978;0.13020835172978;5.095474528894106
17115;17115;2018-01-10;-0.0011128458115203;-0.11128458115203001;5.094361683082585
17116;17116;2018-01-11;0.0070090257688812;0.7009025768881201;5.101370708851467
17117;17117;2018-01-12;0.0067269263990947;0.67269263990947;5.108097635250561
17118;17118;2018-01-16;-0.0035307132616031;-0.35307132616031;5.104566921988958
17119;17119;2018-01-17;0.0093710062065026;0.9371006206502599;5.113937928195461
17120;17120;2018-01-18;-0.0016176974974735;-0.16176974974735;5.112320230697987
17121;17121;2018-01-19;0.0043756479869898;0.43756479869897996;5.116695878684977
17122;17122;2018-01-22;0.0080343643822136;0.80343643822136;5.124730243067191
17123;17123;2018-01-23;0.0021720049682221;0.21720049682221002;5.126902248035413
17124;17124;2018-01-24;-0.0005601325472319;-0.05601325472318999;5.126342115488181
17125;17125;2018-01-25;0.0006024393988326;0.06024393988326;5.126944554887014
17126;17126;2018-01-26;0.0117716381060839;1.17716381060839;5.138716192993098
17127;17127;2018-01-29;-0.0067547362848623;-0.67547362848623;5.131961456708235
17128;17128;2018-01-30;-0.0109586428053374;-1.09586428053374;5.121002813902898
17129;17129;2018-01-31;0.0004888658586947;0.04888658586947;5.121491679761593
17130;17130;2018-02-01;-0.000648298352023;-0.0648298352023;5.1208433814095695
17131;17131;2018-02-02;-0.0214366805166994;-2.1436680516699402;5.09940670089287
17132;17132;2018-02-05;-0.0418425409383811;-4.18425409383811;5.057564159954489
17133;17133;2018-02-06;0.0172905733489372;1.72905733489372;5.074854733303426
17134;17134;2018-02-07;-0.0050141382237525;-0.50141382237525;5.069840595079674
17135;17135;2018-02-08;-0.0382590522458015;-3.8259052245801497;5.031581542833872
17136;17136;2018-02-09;0.0148256451995241;1.48256451995241;5.046407188033396
17137;17137;2018-02-12;0.013818665678186;1.3818665678186;5.060225853711582
17138;17138;2018-02-13;0.0026095219802773;0.26095219802773;5.06283537569186
17139;17139;2018-02-14;0.0133134398088969;1.33134398088969;5.076148815500757
17140;17140;2018-02-15;0.011996861776776;1.1996861776776;5.088145677277533
17141;17141;2018-02-16;0.0003733996499208;0.037339964992080005;5.0885190769274535
17142;17142;2018-02-20;-0.0058585171068372;-0.58585171068372;5.082660559820616
17143;17143;2018-02-21;-0.0055116644833104;-0.55116644833104;5.077148895337306
17144;17144;2018-02-22;0.000973077485578;0.0973077485578;5.078121972822884
17145;17145;2018-02-23;0.0159012782451206;1.5901278245120598;5.094023251068005
17146;17146;2018-02-26;0.0116884386206272;1.16884386206272;5.105711689688632
17147;17147;2018-02-27;-0.0127883114414668;-1.27883114414668;5.092923378247165
17148;17148;2018-02-28;-0.0111578060836565;-1.1157806083656499;5.081765572163508
17149;17149;2018-03-01;-0.0134139658548759;-1.34139658548759;5.0683516063086325
17150;17150;2018-03-02;0.0050587854851986;0.50587854851986;5.073410391793831
17151;17151;2018-03-05;0.0109716176105258;1.09716176105258;5.084382009404357
17152;17152;2018-03-06;0.0026353829319969;0.26353829319969;5.087017392336354
17153;17153;2018-03-07;-0.0004839918257166;-0.048399182571659996;5.086533400510637
17154;17154;2018-03-08;0.0044531482088849;0.44531482088849006;5.090986548719522
17155;17155;2018-03-09;0.0172295467412073;1.7229546741207298;5.10821609546073
17156;17156;2018-03-12;-0.0012747973379978;-0.12747973379978;5.106941298122732
17157;17157;2018-03-13;-0.006383910414315;-0.6383910414315;5.100557387708417
17158;17158;2018-03-14;-0.0057409698251884;-0.57409698251884;5.094816417883228
17159;17159;2018-03-15;-0.0007822363990968;-0.07822363990968001;5.0940341814841315
17160;17160;2018-03-16;0.0017019979472321;0.17019979472321;5.095736179431364
17161;17161;2018-03-19;-0.0143060405413741;-1.43060405413741;5.081430138889989
17162;17162;2018-03-20;0.0014807086617194;0.14807086617194;5.082910847551709
17163;17163;2018-03-21;-0.0018456921256291;-0.18456921256290998;5.08106515542608
17164;17164;2018-03-22;-0.0254848869728547;-2.54848869728547;5.055580268453225
17165;17165;2018-03-23;-0.0211898073117504;-2.11898073117504;5.0343904611414745
17166;17166;2018-03-26;0.0267950407060348;2.67950407060348;5.061185501847509
17167;17167;2018-03-27;-0.0174272856453212;-1.74272856453212;5.043758216202188
17168;17168;2018-03-28;-0.0029209188994627;-0.29209188994627;5.040837297302725
17169;17169;2018-03-29;0.0136757774938436;1.36757774938436;5.054513074796569
17170;17170;2018-04-02;-0.0225906823434964;-2.2590682343496398;5.0319223924530725
17171;17171;2018-04-03;0.0125359613157414;1.25359613157414;5.044458353768814
17172;17172;2018-04-04;0.0115001023464467;1.15001023464467;5.055958456115261
17173;17173;2018-04-05;0.0068394214016516;0.68394214016516;5.062797877516912
17174;17174;2018-04-06;-0.0221640670570657;-2.2164067057065697;5.0406338104598465
17175;17175;2018-04-09;0.0033309949675937;0.33309949675937;5.04396480542744
17176;17176;2018-04-10;0.0165885989963134;1.65885989963134;5.060553404423754
17177;17177;2018-04-11;-0.0055406857724609;-0.55406857724609;5.055012718651293
17178;17178;2018-04-12;0.0082168986976567;0.82168986976567;5.0632296173489495
17179;17179;2018-04-13;-0.0028907998267069;-0.28907998267068996;5.060338817522243
17180;17180;2018-04-16;0.0080763368015635;0.80763368015635;5.068415154323806
17181;17181;2018-04-17;0.0106050716138668;1.06050716138668;5.079020225937673
17182;17182;2018-04-18;0.0008310204075527;0.08310204075527;5.079851246345226
17183;17183;2018-04-19;-0.0057425817958325;-0.57425817958325;5.074108664549393
17184;17184;2018-04-20;-0.0085731771883521;-0.8573177188352101;5.065535487361041
17185;17185;2018-04-23;5.623011118416344e-05;0.005623011118416344;5.065591717472225
17186;17186;2018-04-24;-0.0134708880064753;-1.34708880064753;5.05212082946575
17187;17187;2018-04-25;0.001835374232824;0.1835374232824;5.053956203698574
17188;17188;2018-04-26;0.0103801441873763;1.03801441873763;5.06433634788595
17189;17189;2018-04-27;0.0011130052713639;0.11130052713638999;5.065449353157314
17190;17190;2018-04-30;-0.0082211925489206;-0.8221192548920601;5.0572281606083935
17191;17191;2018-05-01;0.0025458021710269;0.25458021710268997;5.0597739627794205
17192;17192;2018-05-02;-0.007231951201402;-0.7231951201401999;5.052542011578018
17193;17193;2018-05-03;-0.0022562175850637;-0.22562175850637;5.050285793992955
17194;17194;2018-05-04;0.0127298100283343;1.2729810028334299;5.063015604021289
17195;17195;2018-05-07;0.0034519805549901;0.34519805549901;5.066467584576279
17196;17196;2018-05-08;-0.0002656766117334;-0.02656766117334;5.066201907964546
17197;17197;2018-05-09;0.0096356479348687;0.9635647934868701;5.075837555899414
17198;17198;2018-05-10;0.0093270116038484;0.93270116038484;5.085164567503263
17199;17199;2018-05-11;0.0017061392709614;0.17061392709614;5.086870706774224
17200;17200;2018-05-14;0.0008830995101263;0.08830995101262999;5.087753806284351
17201;17201;2018-05-15;-0.0068656550439909;-0.68656550439909;5.08088815124036
17202;17202;2018-05-16;0.0040523398475142;0.40523398475142;5.084940491087874
17203;17203;2018-05-17;-0.0008562387886099;-0.08562387886099;5.084084252299264
17204;17204;2018-05-18;-0.0026356652545507;-0.26356652545507003;5.081448587044713
17205;17205;2018-05-21;0.0073596045479336;0.73596045479336;5.088808191592647
17206;17206;2018-05-22;-0.0031406885928753;-0.31406885928753003;5.0856675029997715
17207;17207;2018-05-23;0.0032431452068992;0.32431452068992;5.088910648206671
17208;17208;2018-05-24;-0.0020252629577228;-0.20252629577227999;5.086885385248948
17209;17209;2018-05-25;-0.0023600030541857;-0.23600030541857;5.084525382194762
17210;17210;2018-05-29;-0.0116315725117921;-1.1631572511792099;5.07289380968297
17211;17211;2018-05-30;0.0126158753519236;1.26158753519236;5.085509685034894
17212;17212;2018-05-31;-0.006903333243434;-0.6903333243434;5.07860635179146
17213;17213;2018-06-01;0.0107907997092393;1.07907997092393;5.089397151500699
17214;17214;2018-06-04;0.0044695948983521;0.44695948983520994;5.093866746399051
17215;17215;2018-06-05;0.0007023462695761;0.07023462695761;5.094569092668627
17216;17216;2018-06-06;0.0085309006373117;0.8530900637311699;5.103099993305939
17217;17217;2018-06-07;-0.0007144436219848;-0.07144436219848;5.102385549683954
17218;17218;2018-06-08;0.0031210289077518;0.31210289077518;5.105506578591706
17219;17219;2018-06-11;0.00106813700694;0.10681370069400001;5.106574715598646
17220;17220;2018-06-12;0.0017418672787039;0.17418672787039;5.10831658287735
17221;17221;2018-06-13;-0.0040342545414118;-0.40342545414118003;5.104282328335938
17222;17222;2018-06-14;0.0024685005225038;0.24685005225038;5.106750828858442
17223;17223;2018-06-15;-0.0010176203154941;-0.10176203154940999;5.105733208542948
17224;17224;2018-06-18;-0.0021283911808867;-0.21283911808867;5.103604817362061
17225;17225;2018-06-19;-0.0040315179513914;-0.40315179513913996;5.09957329941067
17226;17226;2018-06-20;0.0017106902241126;0.17106902241125999;5.101283989634783
17227;17227;2018-06-21;-0.0063657288432201;-0.63657288432201;5.094918260791562
17228;17228;2018-06-22;0.0018602032551342;0.18602032551342;5.096778464046697
17229;17229;2018-06-25;-0.0138197229677707;-1.38197229677707;5.082958741078926
17230;17230;2018-06-26;0.0022021505056963;0.22021505056962998;5.085160891584622
17231;17231;2018-06-27;-0.008641586313141;-0.8641586313141001;5.076519305271481
17232;17232;2018-06-28;0.0061596800190315;0.61596800190315;5.082678985290513
17233;17233;2018-06-29;0.0007581158875167;0.07581158875166999;5.0834371011780295
17234;17234;2018-07-02;0.0030632608342937;0.30632608342937;5.086500362012323
17235;17235;2018-07-03;-0.0049596292805338;-0.49596292805338005;5.081540732731789
17236;17236;2018-07-05;0.0085838567455374;0.85838567455374;5.090124589477327
17237;17237;2018-07-06;0.0084455176005802;0.84455176005802;5.098570107077907
17238;17238;2018-07-09;0.0087842907853419;0.8784290785341899;5.107354397863249
17239;17239;2018-07-10;0.0034672493188221;0.34672493188221004;5.110821647182071
17240;17240;2018-07-11;-0.0071194863719163;-0.71194863719163;5.103702160810155
17241;17241;2018-07-12;0.0087109915801715;0.8710991580171501;5.112413152390326
17242;17242;2018-07-13;0.0010786555366086;0.10786555366086;5.113491807926935
17243;17243;2018-07-16;-0.0010286646208985;-0.10286646208985001;5.112463143306036
17244;17244;2018-07-17;0.0039658243434432;0.39658243434432;5.11642896764948
17245;17245;2018-07-18;0.0021581820767373;0.21581820767373;5.118587149726217
17246;17246;2018-07-19;-0.0039608268490489;-0.39608268490489;5.114626322877168
17247;17247;2018-07-20;-0.0009488977712743;-0.09488977712743;5.113677425105894
17248;17248;2018-07-23;0.0018363623432309;0.18363623432309;5.1155137874491245
17249;17249;2018-07-24;0.0047695188860537;0.47695188860537;5.120283306335178
17250;17250;2018-07-25;0.0090604350703724;0.9060435070372399;5.129343741405551
17251;17251;2018-07-26;-0.0030369027488674;-0.30369027488674;5.126306838656683
17252;17252;2018-07-27;-0.0065838346448447;-0.65838346448447;5.119723004011838
17253;17253;2018-07-30;-0.0057707893155871;-0.57707893155871;5.113952214696251
17254;17254;2018-07-31;0.0048728372193025;0.48728372193025005;5.118825051915554
17255;17255;2018-08-01;-0.0010408930675707;-0.10408930675707001;5.117784158847983
17256;17256;2018-08-02;0.0049143495822088;0.49143495822088;5.122698508430192
17257;17257;2018-08-03;0.004633432065348;0.46334320653480005;5.12733194049554
17258;17258;2018-08-06;0.0035319826508013;0.35319826508012997;5.130863923146341
17259;17259;2018-08-07;0.002820201746486;0.28202017464859996;5.133684124892827
17260;17260;2018-08-08;-0.0002624143932949;-0.02624143932949;5.133421710499532
17261;17261;2018-08-09;-0.0014427146770401;-0.14427146770401;5.131978995822492
17262;17262;2018-08-10;-0.007139312263245;-0.7139312263245;5.124839683559247
17263;17263;2018-08-13;-0.0040140376659802;-0.40140376659801996;5.120825645893267
17264;17264;2018-08-14;0.0063689300164178;0.6368930016417801;5.127194575909685
17265;17265;2018-08-15;-0.0076312085813787;-0.76312085813787;5.119563367328306
17266;17266;2018-08-16;0.0078882145526382;0.78882145526382;5.127451581880944
17267;17267;2018-08-17;0.0033176063752629;0.33176063752629;5.130769188256207
17268;17268;2018-08-20;0.0024250749021286;0.24250749021285997;5.133194263158336
17269;17269;2018-08-21;0.0020663999546268;0.20663999546268;5.1352606631129625
17270;17270;2018-08-22;-0.0003982310542438;-0.03982310542438;5.134862432058719
17271;17271;2018-08-23;-0.0016926939235348;-0.16926939235347999;5.133169738135184
17272;17272;2018-08-24;0.006179705928285;0.6179705928285;5.139349444063469
17273;17273;2018-08-27;0.0076411414071104;0.76411414071104;5.146990585470579
17274;17274;2018-08-28;0.0002692420775982;0.02692420775982;5.147259827548178
17275;17275;2018-08-29;0.0056852424689122;0.5685242468912199;5.15294507001709
17276;17276;2018-08-30;-0.0044401720444584;-0.44401720444584;5.148504897972631
17277;17277;2018-08-31;0.000134468467305;0.013446846730500001;5.148639366439936
17278;17278;2018-09-04;-0.001655692048879;-0.1655692048879;5.146983674391057
17279;17279;2018-09-05;-0.0028070628012661;-0.28070628012661;5.144176611589791
17280;17280;2018-09-06;-0.0036589910366187;-0.36589910366187;5.140517620553172
17281;17281;2018-09-07;-0.0022157978950136;-0.22157978950135998;5.138301822658159
17282;17282;2018-09-10;0.0018960282146931;0.18960282146931;5.140197850872852
17283;17283;2018-09-11;0.0037328656897148;0.37328656897148;5.143930716562567
17284;17284;2018-09-12;0.000356608349894;0.0356608349894;5.144287324912461
17285;17285;2018-09-13;0.0052683521593914;0.52683521593914;5.149555677071852
17286;17286;2018-09-14;0.0002754439007661;0.02754439007661;5.149831120972618
17287;17287;2018-09-17;-0.005585290991549;-0.5585290991549;5.144245829981069
17288;17288;2018-09-18;0.0053546528676253;0.53546528676253;5.149600482848695
17289;17289;2018-09-19;0.0012524880331721;0.12524880331721;5.150852970881867
17290;17290;2018-09-20;0.0078100141853285;0.78100141853285;5.1586629850671955
17291;17291;2018-09-21;-0.0003686009370067;-0.03686009370067;5.158294384130189
17292;17292;2018-09-24;-0.0035218823140139;-0.35218823140139;5.154772501816175
17293;17293;2018-09-25;-0.0013059484931181;-0.13059484931181;5.153466553323057
17294;17294;2018-09-26;-0.0032946996811595;-0.32946996811595;5.150171853641897
17295;17295;2018-09-27;0.002759476228511;0.27594762285109997;5.152931329870408
17296;17296;2018-09-28;-6.870144138027001e-06;-0.0006870144138027001;5.15292445972627
17297;17297;2018-10-01;0.003634492342198;0.3634492342198;5.156558952068468
17298;17298;2018-10-02;-0.0003967689102788;-0.03967689102788;5.156162183158189
17299;17299;2018-10-03;0.0007112667367188;0.07112667367188;5.156873449894908
17300;17300;2018-10-04;-0.00820303542101;-0.820303542101;5.148670414473898
17301;17301;2018-10-05;-0.0055433145846226;-0.55433145846226;5.143127099889275
17302;17302;2018-10-08;-0.0003951947083491;-0.039519470834909996;5.142731905180926
17303;17303;2018-10-09;-0.0014189098341548;-0.14189098341548;5.141312995346771
17304;17304;2018-10-10;-0.0334163890426015;-3.3416389042601504;5.10789660630417
17305;17305;2018-10-11;-0.0207875799725414;-2.0787579972541397;5.087109026331628
17306;17306;2018-10-12;0.0141062354083763;1.41062354083763;5.101215261740005
17307;17307;2018-10-15;-0.0059224822913002;-0.59224822913002;5.095292779448704
17308;17308;2018-10-16;0.021267828034901;2.1267828034901;5.116560607483605
17309;17309;2018-10-17;-0.0002526942626648;-0.02526942626648;5.116307913220941
17310;17310;2018-10-18;-0.0144964905753406;-1.4496490575340601;5.1018114226456
17311;17311;2018-10-19;-0.0003612351352799;-0.036123513527989995;5.10145018751032
17312;17312;2018-10-22;-0.0043087970964776;-0.43087970964776;5.097141390413842
17313;17313;2018-10-23;-0.0055270761806944;-0.55270761806944;5.091614314233148
17314;17314;2018-10-24;-0.0313507738611402;-3.1350773861140198;5.0602635403720075
17315;17315;2018-10-25;0.0184537179787138;1.84537179787138;5.078717258350721
17316;17316;2018-10-26;-0.0174791380100032;-1.7479138010003201;5.061238120340718
17317;17317;2018-10-29;-0.0065812082951941;-0.65812082951941;5.054656912045524
17318;17318;2018-10-30;0.015545322971878;1.5545322971878;5.070202235017402
17319;17319;2018-10-31;0.0107928787545708;1.07928787545708;5.080995113771973
17320;17320;2018-11-01;0.0105024988685293;1.05024988685293;5.091497612640502
17321;17321;2018-11-02;-0.00633672105588;-0.633672105588;5.085160891584622
17322;17322;2018-11-05;0.0055846936971946;0.5584693697194599;5.090745585281817
17323;17323;2018-11-06;0.0062397877444082;0.6239787744408201;5.096985373026225
17324;17324;2018-11-07;0.0209870785607737;2.09870785607737;5.117972451586999
17325;17325;2018-11-08;-0.0025120689884907;-0.25120689884907;5.115460382598508
17326;17326;2018-11-09;-0.0092415859153724;-0.9241585915372399;5.106218796683136
17327;17327;2018-11-12;-0.0198981509854681;-1.98981509854681;5.0863206456976675
17328;17328;2018-11-13;-0.0014830188221734;-0.14830188221734;5.084837626875494
17329;17329;2018-11-14;-0.007596188818451;-0.7596188818451;5.077241438057043
17330;17330;2018-11-15;0.0105380327426427;1.05380327426427;5.087779470799686
17331;17331;2018-11-16;0.0022208375374832;0.22208375374832;5.090000308337169
17332;17332;2018-11-19;-0.0167831612357209;-1.6783161235720898;5.073217147101448
17333;17333;2018-11-20;-0.0183179955565861;-1.83179955565861;5.054899151544862
17334;17334;2018-11-21;0.0030386693107669;0.30386693107669;5.057937820855629
17335;17335;2018-11-23;-0.0065764197118554;-0.65764197118554;5.051361401143773
17336;17336;2018-11-26;0.0154129758453667;1.5412975845366699;5.06677437698914
17337;17337;2018-11-27;0.0032563843646125;0.32563843646125;5.0700307613537525
17338;17338;2018-11-28;0.0227140513031143;2.27140513031143;5.092744812656867
17339;17339;2018-11-29;-0.0021854945453938;-0.21854945453938002;5.090559318111473
17340;17340;2018-11-30;0.0081375477166174;0.8137547716617399;5.0986968658280905
17341;17341;2018-12-03;0.0108820017943624;1.08820017943624;5.109578867622453
17342;17342;2018-12-04;-0.0329002288385558;-3.29002288385558;5.076678638783897
17343;17343;2018-12-06;-0.001523387914144;-0.15233879141440002;5.075155250869753
17344;17344;2018-12-07;-0.0235963354563226;-2.35963354563226;5.05155891541343
17345;17345;2018-12-10;0.0017606032229169;0.17606032229169;5.053319518636347
17346;17346;2018-12-11;-0.0003564096753061;-0.03564096753061;5.052963108961041
17347;17347;2018-12-12;0.0054048710103513;0.54048710103513;5.0583679799713925
17348;17348;2018-12-13;-0.0001999503124148;-0.019995031241480003;5.058168029658978
17349;17349;2018-12-14;-0.0192712122687002;-1.92712122687002;5.0388968173902775
17350;17350;2018-12-17;-0.0209922848285764;-2.0992284828576397;5.017904532561701
17351;17351;2018-12-18;8.639685378852846e-05;0.008639685378852846;5.01799092941549
17352;17352;2018-12-19;-0.0155154591759361;-1.55154591759361;5.0024754702395535
17353;17353;2018-12-20;-0.0158978094841044;-1.5897809484104402;4.986577660755449
17354;17354;2018-12-21;-0.0208031204985408;-2.08031204985408;4.965774540256908
17355;17355;2018-12-24;-0.0274865728783142;-2.74865728783142;4.938287967378594
17356;17356;2018-12-26;0.0484031776708056;4.84031776708056;4.9866911450494
17357;17357;2018-12-27;0.0085262289688161;0.8526228968816101;4.995217374018216
17358;17358;2018-12-28;-0.0012423539102313;-0.12423539102313;4.993975020107984
17359;17359;2018-12-31;0.0084566258622071;0.84566258622071;5.002431645970192
17360;17360;2019-01-02;0.0012676930626263;0.12676930626263;5.003699339032818
17361;17361;2019-01-03;-0.0250683318189155;-2.50683318189155;4.978631007213902
17362;17362;2019-01-04;0.0337593990603473;3.3759399060347297;5.01239040627425
17363;17363;2019-01-07;0.0069859759952297;0.69859759952297;5.0193763822694795
17364;17364;2019-01-08;0.009648587336497;0.9648587336497001;5.029024969605977
17365;17365;2019-01-09;0.0040896713328217;0.40896713328217005;5.033114640938798
17366;17366;2019-01-10;0.0045082413744621;0.45082413744620997;5.0376228823132605
17367;17367;2019-01-11;-0.0001463085444823;-0.01463085444823;5.037476573768778
17368;17368;2019-01-14;-0.0052713945872495;-0.52713945872495;5.0322051791815285
17369;17369;2019-01-15;0.010664618879761;1.0664618879760999;5.0428697980612895
17370;17370;2019-01-16;0.0022195205290884;0.22195205290884;5.045089318590378
17371;17371;2019-01-17;0.007562730706236;0.7562730706236;5.052652049296614
17372;17372;2019-01-18;0.0130969128398552;1.30969128398552;5.065748962136469
17373;17373;2019-01-22;-0.0142584768279716;-1.42584768279716;5.051490485308498
17374;17374;2019-01-23;0.00220048991945;0.220048991945;5.053690975227948
17375;17375;2019-01-24;0.0013747801109778;0.13747801109778;5.0550657553389255
17376;17376;2019-01-25;0.0084528677005177;0.84528677005177;5.063518623039443
17377;17377;2019-01-28;-0.0078777758487085;-0.7877775848708499;5.055640847190735
17378;17378;2019-01-29;-0.001457307935115;-0.1457307935115;5.05418353925562
17379;17379;2019-01-30;0.0154296098915596;1.5429609891559601;5.069613149147179
17380;17380;2019-01-31;0.0085606488097687;0.8560648809768701;5.078173797956948
17381;17381;2019-02-01;0.0008982065848064;0.08982065848064;5.079072004541755
17382;17382;2019-02-04;0.0067533811174795;0.67533811174795;5.085825385659234
17383;17383;2019-02-05;0.0046973704373503;0.46973704373503;5.0905227560965844
17384;17384;2019-02-06;-0.0022269157175083;-0.22269157175083001;5.088295840379076
17385;17385;2019-02-07;-0.0094011932022306;-0.9401193202230601;5.0788946471768455
17386;17386;2019-02-08;0.0006759725660128;0.06759725660128;5.079570619742858
17387;17387;2019-02-11;0.000708851803818;0.0708851803818;5.080279471546676
17388;17388;2019-02-12;0.0128078529028385;1.28078529028385;5.093087324449515
17389;17389;2019-02-13;0.003019431593711;0.3019431593711;5.096106756043226
17390;17390;2019-02-14;-0.0026551633836984;-0.26551633836984;5.093451592659528
17391;17391;2019-02-15;0.010820004664958;1.0820004664958;5.104271597324486
17392;17392;2019-02-19;0.0014976213265915;0.14976213265915;5.105769218651077
17393;17393;2019-02-20;0.0017755335607407;0.17755335607407;5.107544752211818
17394;17394;2019-02-21;-0.0035326693258417;-0.35326693258417;5.104012082885976
17395;17395;2019-02-22;0.006390638694711;0.6390638694711;5.110402721580687
17396;17396;2019-02-25;0.0012311044497517;0.12311044497517001;5.111633826030439
17397;17397;2019-02-26;-0.0007907696728404;-0.07907696728404;5.110843056357599
17398;17398;2019-02-27;-0.000544197436298;-0.054419743629799996;5.1102988589213005
17399;17399;2019-02-28;-0.0028295075989506;-0.28295075989505997;5.10746935132235
17400;17400;2019-03-01;0.0068716565887134;0.6871656588713401;5.114341007911063
17401;17401;2019-03-04;-0.0038881073952552;-0.38881073952552003;5.110452900515808
17402;17402;2019-03-05;-0.0011321734897071;-0.11321734897071;5.109320727026101
17403;17403;2019-03-06;-0.0065454736041248;-0.65454736041248;5.102775253421976
17404;17404;2019-03-07;-0.0081589111383308;-0.81589111383308;5.094616342283645
17405;17405;2019-03-08;-0.0021339641314543;-0.21339641314543;5.092482378152191
17406;17406;2019-03-11;0.0145595355634897;1.45595355634897;5.107041913715681
17407;17407;2019-03-12;0.0029489657278052;0.29489657278052;5.109990879443486
17408;17408;2019-03-13;0.006925546757019;0.6925546757019;5.116916426200505
17409;17409;2019-03-14;-0.0008683993315958;-0.08683993315958;5.116048026868909
17410;17410;2019-03-15;0.0049725194084304;0.49725194084304;5.1210205462773395
17411;17411;2019-03-18;0.0036990967989085;0.36990967989085;5.124719643076248
17412;17412;2019-03-19;-0.0001305700799267;-0.013057007992669999;5.124589072996321
17413;17413;2019-03-20;-0.0029486967407699;-0.29486967407699;5.121640376255551
17414;17414;2019-03-21;0.0107940154946888;1.07940154946888;5.13243439175024
17415;17415;2019-03-22;-0.0191568271342728;-1.9156827134272798;5.113277564615967
17416;17416;2019-03-25;-0.00083937283331;-0.083937283331;5.112438191782657
17417;17417;2019-03-26;0.0071570529479343;0.71570529479343;5.119595244730592
17418;17418;2019-03-27;-0.0046551432765991;-0.46551432765991;5.114940101453993
17419;17419;2019-03-28;0.0035830547152615;0.35830547152615;5.118523156169254
17420;17420;2019-03-29;0.0067117060433243;0.67117060433243;5.1252348622125785
17421;17421;2019-04-01;0.0115021955180445;1.15021955180445;5.136737057730623
17422;17422;2019-04-02;1.745555485843653e-05;0.0017455554858436528;5.1367545132854815
17423;17423;2019-04-03;0.0021460724200892;0.21460724200892;5.138900585705571
17424;17424;2019-04-04;0.002082465242994;0.2082465242994;5.140983050948565
17425;17425;2019-04-05;0.0046257176230994;0.46257176230994;5.145608768571664
17426;17426;2019-04-08;0.0010469117505236;0.10469117505236;5.146655680322188
17427;17427;2019-04-09;-0.0060859764356697;-0.60859764356697;5.140569703886518
17428;17428;2019-04-10;0.0034718377544997;0.34718377544997;5.144041541641018
17429;17429;2019-04-11;3.812234034228368e-05;0.003812234034228368;5.14407966398136
17430;17430;2019-04-12;0.0065875783895457;0.65875783895457;5.150667242370906
17431;17431;2019-04-15;-0.0006295672443563;-0.06295672443563;5.1500376751265495
17432;17432;2019-04-16;0.0005092283251393;0.05092283251393;5.150546903451689
17433;17433;2019-04-17;-0.0022764008207385;-0.22764008207385003;5.14827050263095
17434;17434;2019-04-18;0.0015778468242499;0.15778468242499;5.1498483494552
17435;17435;2019-04-22;0.0010115058169324;0.10115058169324;5.150859855272133
17436;17436;2019-04-23;0.008802351174995;0.8802351174994999;5.159662206447128
17437;17437;2019-04-24;-0.0021941686030357;-0.21941686030357002;5.157468037844092
17438;17438;2019-04-25;-0.0003690417402726;-0.036904174027260005;5.157098996103819
17439;17439;2019-04-26;0.0046743503233042;0.46743503233042;5.161773346427124
17440;17440;2019-04-29;0.0010709485042346;0.10709485042346;5.162844294931358
17441;17441;2019-04-30;0.0009509646987915;0.09509646987915;5.16379525963015
17442;17442;2019-05-01;-0.0075304458502918;-0.75304458502918;5.156264813779858
17443;17443;2019-05-02;-0.0021262446486822;-0.21262446486822;5.154138569131176
17444;17444;2019-05-03;0.0095921274789168;0.9592127478916799;5.163730696610092
17445;17445;2019-05-06;-0.0044810131890722;-0.44810131890721994;5.15924968342102
17446;17446;2019-05-07;-0.0166494880889054;-1.6649488088905402;5.142600195332115
17447;17447;2019-05-08;-0.0016067153894203;-0.16067153894202998;5.140993479942694
17448;17448;2019-05-09;-0.0030259986619283;-0.30259986619283;5.137967481280766
17449;17449;2019-05-10;0.0037133940699192;0.37133940699192;5.141680875350685
17450;17450;2019-05-13;-0.0244264691384978;-2.4426469138497797;5.117254406212187
17451;17451;2019-05-14;0.0079839875232163;0.7983987523216299;5.125238393735404
17452;17452;2019-05-15;0.0058219943277224;0.58219943277224;5.131060388063126
17453;17453;2019-05-16;0.0088559571164994;0.88559571164994;5.139916345179626
17454;17454;2019-05-17;-0.0058544371740438;-0.58544371740438;5.134061908005582
17455;17455;2019-05-20;-0.0067722579754052;-0.6772257975405199;5.127289650030177
17456;17456;2019-05-21;0.0084599490931909;0.84599490931909;5.1357495991233675
17457;17457;2019-05-22;-0.0028283923638996;-0.28283923638996;5.132921206759468
17458;17458;2019-05-23;-0.0119856922412822;-1.19856922412822;5.120935514518186
17459;17459;2019-05-24;0.0013526437720372;0.13526437720372;5.122288158290223
17460;17460;2019-05-28;-0.0084109500002602;-0.84109500002602;5.113877208289963
17461;17461;2019-05-29;-0.0069359101672308;-0.69359101672308;5.106941298122732
17462;17462;2019-05-30;0.0020962726749971;0.20962726749971;5.109037570797729
17463;17463;2019-05-31;-0.0132832052504534;-1.32832052504534;5.0957543655472755
17464;17464;2019-06-03;-0.0027690706543079;-0.27690706543079;5.0929852948929675
17465;17465;2019-06-04;0.0212059270810778;2.1205927081077802;5.114191221974045
17466;17466;2019-06-05;0.0081287269788132;0.81287269788132;5.122319948952859
17467;17467;2019-06-06;0.0061168406760048;0.61168406760048;5.128436789628863
17468;17468;2019-06-07;0.0104429792472595;1.0442979247259498;5.138879768876123
17469;17469;2019-06-10;0.004649220074766;0.46492200747659995;5.143528988950889
17470;17470;2019-06-11;-0.0003499414579515;-0.03499414579515;5.1431790474929375
17471;17471;2019-06-12;-0.002039657827237;-0.2039657827237;5.1411393896657005
17472;17472;2019-06-13;0.0040890105028497;0.40890105028497;5.14522840016855
17473;17473;2019-06-14;-0.0016128117861526;-0.16128117861526;5.1436155883823975
17474;17474;2019-06-17;0.0009313154323526;0.09313154323525999;5.14454690381475
17475;17475;2019-06-18;0.0096704895929704;0.9670489592970399;5.154217393407721
17476;17476;2019-06-19;0.002980716793024;0.2980716793024;5.157198110200745
17477;17477;2019-06-20;0.0094276053358735;0.9427605335873499;5.166625715536618
17478;17478;2019-06-21;-0.001260016279728;-0.12600162797279998;5.16536569925689
17479;17479;2019-06-24;-0.001733388460587;-0.1733388460587;5.163632310796303
17480;17480;2019-06-25;-0.0095417756403879;-0.95417756403879;5.154090535155915
17481;17481;2019-06-26;-0.0012346956788036;-0.12346956788036;5.152855839477112
17482;17482;2019-06-27;0.0038158857925907;0.38158857925906997;5.156671725269702
17483;17483;2019-06-28;0.0057409418405995;0.57409418405995;5.162412667110302
17484;17484;2019-07-01;0.0076430186109535;0.76430186109535;5.170055685721255
17485;17485;2019-07-02;0.002923847276989;0.2923847276989;5.172979532998244
17486;17486;2019-07-03;0.0076430956606836;0.76430956606836;5.180622628658928
17487;17487;2019-07-05;-0.0018075342045484;-0.18075342045484;5.17881509445438
17488;17488;2019-07-08;-0.0048471730101233;-0.48471730101233;5.173967921444256
17489;17489;2019-07-09;0.0012357930584538;0.12357930584538;5.17520371450271
17490;17490;2019-07-10;0.0045005469360823;0.45005469360822997;5.1797042614387925
17491;17491;2019-07-11;0.0022826195789491;0.22826195789491;5.181986881017742
17492;17492;2019-07-12;0.004609534302066;0.4609534302066;5.186596415319808
17493;17493;2019-07-15;0.0001758537283844;0.01758537283844;5.186772269048192
17494;17494;2019-07-16;-0.0034095845550101;-0.34095845550101;5.183362684493182
17495;17495;2019-07-17;-0.0065526654660938;-0.65526654660938;5.176810019027088
17496;17496;2019-07-18;0.0035755977088189;0.35755977088189;5.180385616735907
17497;17497;2019-07-19;-0.0061958894648439;-0.61958894648439;5.174189727271063
17498;17498;2019-07-22;0.0028247016862499;0.28247016862499;5.177014428957313
17499;17499;2019-07-23;0.0068241451392765;0.6824145139276501;5.1838385740965895
17500;17500;2019-07-24;0.0046771928134763;0.46771928134763;5.188515766910066
17501;17501;2019-07-25;-0.0052762964836006;-0.52762964836006;5.183239470426465
17502;17502;2019-07-26;0.0073605357707826;0.73605357707826;5.190600006197248
17503;17503;2019-07-29;-0.0016174219290565;-0.16174219290565;5.188982584268191
17504;17504;2019-07-30;-0.0025819853720445;-0.25819853720445;5.186400598896147
17505;17505;2019-07-31;-0.0109452069521394;-1.09452069521394;5.175455391944007
17506;17506;2019-08-01;-0.0090395275688059;-0.9039527568805901;5.166415864375201
17507;17507;2019-08-02;-0.0073093885395651;-0.73093885395651;5.159106475835636
17508;17508;2019-08-05;-0.0302301821696948;-3.02301821696948;5.128876293665941
17509;17509;2019-08-06;0.0129330239111666;1.2933023911166601;5.141809317577108
17510;17510;2019-08-07;0.0007665823338589;0.07665823338588999;5.142575899910967
17511;17511;2019-08-08;0.018588462466865;1.8588462466865001;5.161164362377832
17512;17512;2019-08-09;-0.0066385931336574;-0.66385931336574;5.154525769244175
17513;17513;2019-08-12;-0.012393809115915;-1.2393809115915;5.14213196012826
17514;17514;2019-08-13;0.0150183462673014;1.50183462673014;5.157150306395561
17515;17515;2019-08-14;-0.0297303524545355;-2.9730352454535502;5.1274199539410255
17516;17516;2019-08-15;0.0024612366981804;0.24612366981804001;5.129881190639206
17517;17517;2019-08-16;0.0143230581722448;1.43230581722448;5.144204248811451
17518;17518;2019-08-19;0.0120331755643974;1.20331755643974;5.156237424375848
17519;17519;2019-08-20;-0.0079462153121152;-0.7946215312115199;5.148291209063733
17520;17520;2019-08-21;0.0082129795573528;0.82129795573528;5.156504188621086
17521;17521;2019-08-22;-0.0005062029592783;-0.05062029592783;5.1559979856618074
17522;17522;2019-08-23;-0.0262888811228378;-2.62888811228378;5.1297091045389696
17523;17523;2019-08-26;0.010923112730798;1.0923112730798001;5.140632217269768
17524;17524;2019-08-27;-0.0032083218005567;-0.32083218005567;5.137423895469211
17525;17525;2019-08-28;0.0065241515305629;0.6524151530562899;5.143948046999774
17526;17526;2019-08-29;0.0126074824410942;1.26074824410942;5.156555529440868
17527;17527;2019-08-30;0.0006425807598766;0.06425807598766001;5.157198110200745
17528;17528;2019-09-03;-0.0069230093326853;-0.69230093326853;5.150275100868059
17529;17529;2019-09-04;0.0107837252784213;1.0783725278421301;5.161058826146481
17530;17530;2019-09-05;0.0129259129217595;1.29259129217595;5.17398473906824
17531;17531;2019-09-06;0.0009101908043769;0.09101908043769;5.174894929872617
17532;17532;2019-09-09;-9.401467889968984e-05;-0.009401467889968984;5.1748009151937175
17533;17533;2019-09-10;0.0003222524259305;0.03222524259305;5.175123167619648
17534;17534;2019-09-11;0.007203672326387;0.7203672326387001;5.182326839946035
17535;17535;2019-09-12;0.0028750162782333;0.28750162782333;5.1852018562242685
17536;17536;2019-09-13;-0.000724676876965;-0.0724676876965;5.1844771793473035
17537;17537;2019-09-16;-0.0031405129163566;-0.31405129163566;5.181336666430947
17538;17538;2019-09-17;0.0025784253724623;0.25784253724622996;5.183915091803409
17539;17539;2019-09-18;0.0003426332842675;0.03426332842675;5.184257725087677
17540;17540;2019-09-19;1.9974521929810866e-05;0.0019974521929810867;5.1842776996096065
17541;17541;2019-09-20;-0.0049075991048805;-0.49075991048804996;5.179370100504726
17542;17542;2019-09-23;-9.694061782816732e-05;-0.009694061782816732;5.179273159886898
17543;17543;2019-09-24;-0.0084519889635519;-0.8451988963551901;5.170821170923346
17544;17544;2019-09-25;0.0061396852419637;0.6139685241963699;5.1769608561653095
17545;17545;2019-09-26;-0.0024318710096125;-0.24318710096124999;5.174528985155697
17546;17546;2019-09-27;-0.0053305345791292;-0.53305345791292;5.169198450576568
17547;17547;2019-09-30;0.0050349102152491;0.50349102152491;5.174233360791817
17548;17548;2019-10-01;-0.0123341269454133;-1.23341269454133;5.161899233846404
17549;17549;2019-10-02;-0.0180654041876433;-1.8065404187643301;5.14383382965876
17550;17550;2019-10-03;0.0079403047738662;0.79403047738662;5.151774134432626
17551;17551;2019-10-04;0.0141167852392598;1.41167852392598;5.165890919671886
17552;17552;2019-10-07;-0.0044883522736816;-0.44883522736816;5.161402567398205
17553;17553;2019-10-08;-0.0156831595521103;-1.56831595521103;5.145719407846094
17554;17554;2019-10-09;0.0090632965148458;0.90632965148458;5.15478270436094
17555;17555;2019-10-10;0.0063952024117828;0.63952024117828;5.161177906772723
17556;17556;2019-10-11;0.010879579673789;1.0879579673789002;5.172057486446512
17557;17557;2019-10-14;-0.0013880816732187;-0.13880816732186999;5.170669404773293
17558;17558;2019-10-15;0.0099064453764885;0.99064453764885;5.180575850149782
17559;17559;2019-10-16;-0.0020015445531935;-0.20015445531935003;5.178574305596588
17560;17560;2019-10-17;0.0027590219697746;0.27590219697746;5.181333327566363
17561;17561;2019-10-18;-0.0039270457097995;-0.39270457097995;5.177406281856563
17562;17562;2019-10-21;0.0068481141053347;0.6848114105334699;5.184254395961898
17563;17563;2019-10-22;-0.0035750492583765;-0.35750492583765003;5.1806793467035215
17564;17564;2019-10-23;0.00284310334583;0.28431033458300004;5.1835224500493515
17565;17565;2019-10-24;0.0019186046591705;0.19186046591705;5.185441054708522
17566;17566;2019-10-25;0.0040644295106559;0.40644295106559;5.189505484219178
17567;17567;2019-10-28;0.0055658199161179;0.55658199161179;5.195071304135296
17568;17568;2019-10-29;-0.0008327519564801;-0.08327519564801;5.194238552178816
17569;17569;2019-10-30;0.0032480894008575;0.32480894008575;5.197486641579673
17570;17570;2019-10-31;-0.0030274386345396;-0.30274386345396;5.194459202945134
17571;17571;2019-11-01;0.0096159305596472;0.96159305596472;5.204075133504781
17572;17572;2019-11-04;0.0036972458053128;0.36972458053128;5.207772379310094
17573;17573;2019-11-05;-0.00118640271182;-0.11864027118200002;5.206585976598274
17574;17574;2019-11-06;0.0007022505922886;0.07022505922885999;5.2072882271905625
17575;17575;2019-11-07;0.0027263752442809;0.27263752442809;5.2100146024348435
17576;17576;2019-11-08;0.0025574031451167;0.25574031451167;5.21257200557996
17577;17577;2019-11-11;-0.0019643954133385;-0.19643954133385;5.210607610166622
17578;17578;2019-11-12;0.0015634233012633;0.15634233012633;5.212171033467885
17579;17579;2019-11-13;0.0007112815701173;0.07112815701173;5.212882315038002
17580;17580;2019-11-14;0.000836692614456;0.0836692614456;5.213719007652458
17581;17581;2019-11-15;0.0076660287779724;0.76660287779724;5.221385036430431
17582;17582;2019-11-18;0.0005030263228107;0.05030263228107;5.221888062753242
17583;17583;2019-11-19;-0.0005927700996934;-0.059277009969339996;5.221295292653548
17584;17584;2019-11-20;-0.0037632564209406;-0.37632564209406;5.217532036232607
17585;17585;2019-11-21;-0.0015840060861886;-0.15840060861886002;5.215948030146419
17586;17586;2019-11-22;0.0021725739423761;0.21725739423761;5.218120604088795
17587;17587;2019-11-25;0.0074792518874673;0.74792518874673;5.225599855976262
17588;17588;2019-11-26;0.0021931636449394;0.21931636449394;5.227793019621202
17589;17589;2019-11-27;0.0041657356252997;0.41657356252997;5.2319587552465014
17590;17590;2019-11-29;-0.0040192862299885;-0.40192862299885;5.227939469016513
17591;17591;2019-12-02;-0.008668483693965;-0.8668483693964999;5.219270985322548
17592;17592;2019-12-03;-0.0066602252580434;-0.66602252580434;5.212610760064504
17593;17593;2019-12-04;0.00630365760877;0.630365760877;5.2189144176732745
17594;17594;2019-12-05;0.00149912692663;0.149912692663;5.2204135445999045
17595;17595;2019-12-06;0.0090942460304255;0.9094246030425499;5.22950779063033
17596;17596;2019-12-09;-0.0031678336844755;-0.31678336844755;5.226339956945854
17597;17597;2019-12-10;-0.0010975361689826;-0.10975361689825999;5.225242420776872
17598;17598;2019-12-11;0.00290393752935;0.290393752935;5.228146358306222
17599;17599;2019-12-12;0.0085386673755554;0.8538667375555401;5.236685025681777
17600;17600;2019-12-13;7.257915021519068e-05;0.007257915021519068;5.236757604831992
17601;17601;2019-12-16;0.0071223609425423;0.71223609425423;5.243879965774535
17602;17602;2019-12-17;0.0003352360284605;0.03352360284605;5.244215201802995
17603;17603;2019-12-18;-0.0004323936405228;-0.04323936405228;5.243782808162472
17604;17604;2019-12-19;0.0044493788218655;0.44493788218654995;5.248232186984338
17605;17605;2019-12-20;0.004932595804334;0.4932595804334;5.253164782788672
17606;17606;2019-12-23;0.0008657687142985;0.08657687142984999;5.254030551502971
17607;17607;2019-12-24;-0.0001954673024684;-0.019546730246839998;5.253835084200502
17608;17608;2019-12-26;0.0051150624100539;0.51150624100539;5.258950146610556
17609;17609;2019-12-27;3.3984139657050605e-05;0.0033984139657050605;5.258984130750213
17610;17610;2019-12-30;-0.0057975960793488;-0.5797596079348799;5.253186534670864
17611;17611;2019-12-31;0.0029416906441905;0.29416906441905;5.256128225315055
17612;17612;2020-01-02;0.0083438953623158;0.83438953623158;5.264472120677371
17613;17613;2020-01-03;-0.0070849093649538;-0.70849093649538;5.257387211312417
17614;17614;2020-01-06;0.0035271451942726;0.35271451942726;5.26091435650669
17615;17615;2020-01-07;-0.0028071750845946;-0.28071750845946;5.258107181422095
17616;17616;2020-01-08;0.0048904734856414;0.48904734856413995;5.262997654907736
17617;17617;2020-01-09;0.0066332141169063;0.66332141169063;5.269630869024643
17618;17618;2020-01-10;-0.0028592624875063;-0.28592624875063;5.266771606537136
17619;17619;2020-01-13;0.0069519940459343;0.69519940459343;5.273723600583071
17620;17620;2020-01-14;-0.0015156808368956;-0.15156808368956;5.272207919746175
17621;17621;2020-01-15;0.0018684502436876;0.18684502436876;5.274076369989863
17622;17622;2020-01-16;0.0083317474222326;0.83317474222326;5.282408117412095
17623;17623;2020-01-17;0.0038547232474837;0.38547232474837;5.286262840659579
17624;17624;2020-01-21;-0.0026555003695847;-0.26555003695847;5.283607340289994
17625;17625;2020-01-22;0.0002890342966814;0.028903429668140003;5.283896374586676
17626;17626;2020-01-23;0.001140326193358;0.1140326193358;5.285036700780034
17627;17627;2020-01-24;-0.0090832894261936;-0.90832894261936;5.27595341135384
17628;17628;2020-01-27;-0.0158557523568436;-1.58557523568436;5.2600976589969966
17629;17629;2020-01-28;0.0100033835003525;1.00033835003525;5.270101042497349
17630;17630;2020-01-29;-0.0008672501435853;-0.08672501435853;5.269233792353764
17631;17631;2020-01-30;0.0031294569302104;0.31294569302104003;5.272363249283974
17632;17632;2020-01-31;-0.0178644435713621;-1.78644435713621;5.254498805712612
17633;17633;2020-02-03;0.007228425761232;0.7228425761232;5.261727231473844
17634;17634;2020-02-04;0.0148693159175063;1.4869315917506298;5.2765965473913505
17635;17635;2020-02-05;0.0111877786589733;1.11877786589733;5.287784326050324
17636;17636;2020-02-06;0.0033201550570023;0.33201550570023;5.291104481107326
17637;17637;2020-02-07;-0.0054154910094599;-0.54154910094599;5.285688990097866
17638;17638;2020-02-10;0.0072996901205737;0.72996901205737;5.29298868021844
17639;17639;2020-02-11;0.0016870486860032;0.16870486860032;5.294675728904443
17640;17640;2020-02-12;0.006441853105203;0.6441853105203;5.301117582009646
17641;17641;2020-02-13;-0.0016317763599893;-0.16317763599893;5.299485805649657
17642;17642;2020-02-14;0.0018418360984853;0.18418360984853;5.301327641748142
17643;17643;2020-02-18;-0.002924213986148;-0.2924213986148;5.298403427761994
17644;17644;2020-02-19;0.0046947482842849;0.46947482842849;5.303098176046279
17645;17645;2020-02-20;-0.0038228174279968;-0.38228174279967997;5.299275358618282
17646;17646;2020-02-21;-0.0105738092328202;-1.0573809232820202;5.288701549385462
17647;17647;2020-02-24;-0.0340880794204405;-3.4088079420440502;5.2546134699650215
17648;17648;2020-02-25;-0.0307479043753531;-3.07479043753531;5.223865565589668
17649;17649;2020-02-26;-0.0037856973235292;-0.37856973235292;5.220079868266139
17650;17650;2020-02-27;-0.0451681363522622;-4.51681363522622;5.174911731913877
17651;17651;2020-02-28;-0.0082724631096526;-0.82724631096526;5.166639268804224
17652;17652;2020-03-02;0.0450108687694132;4.50108687694132;5.2116501375736375
17653;17653;2020-03-03;-0.0285104849229149;-2.85104849229149;5.1831396526507225
17654;17654;2020-03-04;0.041336349360634;4.1336349360634;5.2244760020113565
17655;17655;2020-03-05;-0.0345107824399821;-3.4510782439982104;5.189965219571374
17656;17656;2020-03-06;-0.0172009436523854;-1.7200943652385399;5.172764275918989
17657;17657;2020-03-09;-0.0790104129403719;-7.9010412940371895;5.093753862978617
17658;17658;2020-03-10;0.0482150524258591;4.82150524258591;5.141968915404476
17659;17659;2020-03-11;-0.0501028928086055;-5.01028928086055;5.0918660225958705
17660;17660;2020-03-12;-0.0999448524024728;-9.99448524024728;4.991921170193398
17661;17661;2020-03-13;0.0888084069492354;8.88084069492354;5.080729577142633
17662;17662;2020-03-16;-0.127652197472817;-12.7652197472817;4.953077379669816
17663;17663;2020-03-17;0.0582263126356918;5.82263126356918;5.011303692305508
17664;17664;2020-03-18;-0.0532222723320803;-5.3222272332080305;4.9580814199734276
17665;17665;2020-03-19;0.0046967609704013;0.46967609704012997;4.962778180943829
17666;17666;2020-03-20;-0.0443276240533672;-4.43276240533672;4.918450556890462
17667;17667;2020-03-23;-0.0297315010095768;-2.97315010095768;4.888719055880885
17668;17668;2020-03-24;0.089683232517963;8.9683232517963;4.978402288398848
17669;17669;2020-03-25;0.0114689904208225;1.14689904208225;4.98987127881967
17670;17670;2020-03-26;0.0605438310742467;6.05438310742467;5.050415109893917
17671;17671;2020-03-27;-0.0342678455416267;-3.42678455416267;5.01614726435229
17672;17672;2020-03-30;0.0329665905699751;3.29665905699751;5.049113854922266
17673;17673;2020-03-31;-0.0161423107884157;-1.6142310788415701;5.03297154413385
17674;17674;2020-04-01;-0.0451463627327868;-4.51463627327868;4.987825181401063
17675;17675;2020-04-02;0.0225726570569602;2.25726570569602;5.010397838458023
17676;17676;2020-04-03;-0.015252860825945;-1.5252860825945;4.995144977632078
17677;17677;2020-04-06;0.067968244144831;6.7968244144831;5.063113221776909
17678;17678;2020-04-07;-0.0016043390483631;-0.16043390483631;5.061508882728546
17679;17679;2020-04-08;0.0334893711912851;3.3489371191285104;5.094998253919831
17680;17680;2020-04-09;0.0143834703036995;1.43834703036995;5.109381724223531
17681;17681;2020-04-13;-0.010156059444677;-1.0156059444677001;5.099225664778854
17682;17682;2020-04-14;0.0301145595723069;3.01145595723069;5.129340224351161
17683;17683;2020-04-15;-0.0222767326723687;-2.2276732672368698;5.107063491678792
17684;17684;2020-04-16;0.0057998378395414;0.5799837839541401;5.112863329518333
17685;17685;2020-04-17;0.0264409320213205;2.64409320213205;5.139304261539654
17686;17686;2020-04-20;-0.0180428456153478;-1.8042845615347798;5.121261415924306
17687;17687;2020-04-21;-0.0311551152363307;-3.11551152363307;5.090106300687975
17688;17688;2020-04-22;0.0226713005821368;2.26713005821368;5.112777601270112
17689;17689;2020-04-23;-0.000539567660196;-0.0539567660196;5.112238033609916
17690;17690;2020-04-24;0.0138220905668395;1.38220905668395;5.126060124176756
17691;17691;2020-04-27;0.0146068681817359;1.46068681817359;5.140666992358492
17692;17692;2020-04-28;-0.005256170190484;-0.5256170190484;5.135410822168008
17693;17693;2020-04-29;0.0262367040450737;2.62367040450737;5.161647526213081
17694;17694;2020-04-30;-0.0092551433190548;-0.92551433190548;5.152392382894027
17695;17695;2020-05-01;-0.0284602110147762;-2.84602110147762;5.12393217187925
17696;17696;2020-05-04;0.0042408225788497;0.42408225788497;5.1281729944581
17697;17697;2020-05-05;0.0089999351977798;0.89999351977798;5.13717292965588
17698;17698;2020-05-06;-0.0070038803990426;-0.70038803990426;5.130169049256837
17699;17699;2020-05-07;0.0114389557548904;1.14389557548904;5.141608005011728
17700;17700;2020-05-08;0.016730795065226;1.6730795065226;5.158338800076954
17701;17701;2020-05-11;0.0001330693667913;0.01330693667913;5.158471869443745
17702;17702;2020-05-12;-0.0207133657720479;-2.07133657720479;5.137758503671697
17703;17703;2020-05-13;-0.0176169966242802;-1.76169966242802;5.120141507047417
17704;17704;2020-05-14;0.011458917804072;1.1458917804072;5.131600424851489
17705;17705;2020-05-15;0.0039186752037227;0.39186752037227;5.135519100055212
17706;17706;2020-05-18;0.0310152087700732;3.10152087700732;5.166534308825285
17707;17707;2020-05-19;-0.0105397477115989;-1.05397477115989;5.155994561113686
17708;17708;2020-05-20;0.016513990613415;1.6513990613415;5.172508551727101
17709;17709;2020-05-21;-0.0078039683099531;-0.78039683099531;5.164704583417148
17710;17710;2020-05-22;0.0023509456868122;0.23509456868122;5.16705552910396
17711;17711;2020-05-26;0.0122142850214599;1.22142850214599;5.17926981412542
17712;17712;2020-05-27;0.0147184474903152;1.47184474903152;5.193988261615735
17713;17713;2020-05-28;-0.0021101393249196;-0.21101393249196;5.191878122290816
17714;17714;2020-05-29;0.0048007935523077;0.48007935523077;5.1966789158431235
17715;17715;2020-06-01;0.0037442164783634;0.37442164783634;5.200423132321487
17716;17716;2020-06-02;0.0081773072824002;0.81773072824002;5.208600439603887
17717;17717;2020-06-03;0.0135566708125622;1.35566708125622;5.2221571104164495
17718;17718;2020-06-04;-0.0033743890836088;-0.33743890836088003;5.218782721332841
17719;17719;2020-06-05;0.025874012821637;2.5874012821637;5.244656734154478
17720;17720;2020-06-08;0.0119696564058049;1.19696564058049;5.256626390560283
17721;17721;2020-06-09;-0.0078297434197214;-0.78297434197214;5.248796647140561
17722;17722;2020-06-10;-0.0053272557351817;-0.53272557351817;5.243469391405379
17723;17723;2020-06-11;-0.0607526929962887;-6.07526929962887;5.182716698409091
17724;17724;2020-06-12;0.0129762866052107;1.2976286605210698;5.195692985014301
17725;17725;2020-06-15;0.0082778608181754;0.82778608181754;5.203970845832477
17726;17726;2020-06-16;0.0187848528667107;1.8784852866710702;5.222755698699188
17727;17727;2020-06-17;-0.0036067962326296;-0.36067962326296;5.219148902466558
17728;17728;2020-06-18;0.0005940434038027;0.059404340380269996;5.219742945870361
17729;17729;2020-06-19;-0.005665513565674;-0.5665513565674001;5.214077432304687
17730;17730;2020-06-22;0.0064740932966582;0.64740932966582;5.220551525601345
17731;17731;2020-06-23;0.0042981691914842;0.42981691914842;5.224849694792829
17732;17732;2020-06-24;-0.0261952655956623;-2.61952655956623;5.198654429197167
17733;17733;2020-06-25;0.0108998277282168;1.08998277282168;5.209554256925384
17734;17734;2020-06-26;-0.0245252042748305;-2.45252042748305;5.185029052650553
17735;17735;2020-06-29;0.0145788881135331;1.45788881135331;5.1996079407640865
17736;17736;2020-06-30;0.0152923494357555;1.52923494357555;5.214900290199842
17737;17737;2020-07-01;0.0050095639758716;0.50095639758716;5.219909854175714
17738;17738;2020-07-02;0.0045309704768161;0.45309704768161;5.22444082465253
17739;17739;2020-07-06;0.015756930832163;1.5756930832163;5.240197755484693
17740;17740;2020-07-07;-0.0108774778696432;-1.08774778696432;5.22932027761505
17741;17741;2020-07-08;0.0077969862634308;0.7796986263430801;5.23711726387848
17742;17742;2020-07-09;-0.0056595914761956;-0.56595914761956;5.231457672402285
17743;17743;2020-07-10;0.0104118097744443;1.04118097744443;5.241869482176729
17744;17744;2020-07-13;-0.0094066452160586;-0.94066452160586;5.2324628369606705
17745;17745;2020-07-14;0.0133173005829032;1.33173005829032;5.245780137543574
17746;17746;2020-07-15;0.0090410569363541;0.90410569363541;5.254821194479928
17747;17747;2020-07-16;-0.0034119152141141;-0.34119152141141;5.251409279265814
17748;17748;2020-07-17;0.0028445625875832;0.28445625875832004;5.254253841853397
17749;17749;2020-07-20;0.0083717972551404;0.8371797255140401;5.2626256391085375
17750;17750;2020-07-21;0.0016776293345603;0.16776293345603;5.264303268443098
17751;17751;2020-07-22;0.0057306305944724;0.57306305944724;5.27003389903757
17752;17752;2020-07-23;-0.0123963784122462;-1.23963784122462;5.257637520625324
17753;17753;2020-07-24;-0.0062096400242754;-0.62096400242754;5.251427880601049
17754;17754;2020-07-27;0.0073679288214822;0.73679288214822;5.258795809422531
17755;17755;2020-07-28;-0.0064944354186469;-0.64944354186469;5.252301374003884
17756;17756;2020-07-29;0.0123517833517432;1.23517833517432;5.264653157355627
17757;17757;2020-07-30;-0.0037573017634553;-0.37573017634553;5.260895855592172
17758;17758;2020-07-31;0.0076412362421756;0.76412362421756;5.2685370918343475
17759;17759;2020-08-03;0.0071553626643598;0.71553626643598;5.275692454498707
17760;17760;2020-08-04;0.0036054230261335;0.36054230261334996;5.279297877524841
17761;17761;2020-08-05;0.0064091604355169;0.64091604355169;5.285707037960358
17762;17762;2020-08-06;0.0064071260206652;0.64071260206652;5.292114163981023
17763;17763;2020-08-07;0.0006328292699571;0.06328292699571;5.29274699325098
17764;17764;2020-08-10;0.0027384652733921;0.27384652733921;5.2954854585243725
17765;17765;2020-08-11;-0.0080010554013778;-0.8001055401377801;5.287484403122995
17766;17766;2020-08-12;0.0138995022936132;1.3899502293613202;5.301383905416608
17767;17767;2020-08-13;-0.0020492726761567;-0.20492726761567;5.299334632740451
17768;17768;2020-08-14;-0.000171897396278;-0.017189739627800002;5.299162735344173
17769;17769;2020-08-17;0.0027061775074237;0.27061775074237;5.301868912851597
17770;17770;2020-08-18;0.002300740419816;0.2300740419816;5.304169653271413
17771;17771;2020-08-19;-0.0044141233451817;-0.44141233451816997;5.299755529926231
17772;17772;2020-08-20;0.0031536547683455;0.31536547683455;5.302909184694577
17773;17773;2020-08-21;0.0034351999829738;0.34351999829738;5.30634438467755
17774;17774;2020-08-24;0.0099936153649018;0.99936153649018;5.316338000042452
17775;17775;2020-08-25;0.0035898997455401;0.35898997455401;5.319927899787992
17776;17776;2020-08-26;0.0101440013448428;1.01440013448428;5.330071901132835
17777;17777;2020-08-27;0.0016716460318093;0.16716460318093;5.331743547164645
17778;17778;2020-08-28;0.0067100028495694;0.67100028495694;5.338453550014214
17779;17779;2020-08-31;-0.0021973751755091;-0.21973751755091;5.336256174838705
17780;17780;2020-09-01;0.0074968314207062;0.7496831420706199;5.343753006259411
17781;17781;2020-09-02;0.0152490501438702;1.52490501438702;5.359002056403281
17782;17782;2020-09-03;-0.0357575941421863;-3.57575941421863;5.323244462261095
17783;17783;2020-09-04;-0.0081662807542741;-0.81662807542741;5.315078181506821
17784;17784;2020-09-08;-0.0281488290864668;-2.81488290864668;5.286929352420354
17785;17785;2020-09-09;0.0199447606621809;1.9944760662180898;5.306874113082535
17786;17786;2020-09-10;-0.0177412459253964;-1.77412459253964;5.2891328671571385
17787;17787;2020-09-11;0.0005329301580871;0.05329301580871;5.289665797315226
17788;17788;2020-09-14;0.0126613350250242;1.26613350250242;5.30232713234025
17789;17789;2020-09-15;0.0052057859304994;0.52057859304994;5.307532918270749
17790;17790;2020-09-16;-0.0046296468921518;-0.46296468921517997;5.3029032713785975
17791;17791;2020-09-17;-0.0084479495285521;-0.8447949528552099;5.294455321850045
17792;17792;2020-09-18;-0.0112455769478287;-1.12455769478287;5.283209744902217
17793;17793;2020-09-21;-0.0116385640272991;-1.1638564027299099;5.2715711808749175
17794;17794;2020-09-22;0.0104630163983774;1.04630163983774;5.282034197273295
17795;17795;2020-09-23;-0.0240073389143749;-2.40073389143749;5.25802685835892
17796;17796;2020-09-24;0.0029830055546291;0.29830055546291;5.261009863913549
17797;17797;2020-09-25;0.015850439224188;1.5850439224188;5.276860303137737
17798;17798;2020-09-28;0.0159821918538547;1.59821918538547;5.292842494991592
17799;17799;2020-09-29;-0.004824282704444;-0.48242827044439995;5.288018212287148
17800;17800;2020-09-30;0.0082198425683799;0.82198425683799;5.296238054855528
17801;17801;2020-10-01;0.0052789495642944;0.52789495642944;5.301517004419822
17802;17802;2020-10-02;-0.009623812866371;-0.9623812866371;5.291893191553451
17803;17803;2020-10-05;0.0178131090029012;1.7813109002901202;5.3097063005563525
17804;17804;2020-10-06;-0.0140720643875233;-1.40720643875233;5.295634236168829
17805;17805;2020-10-07;0.0172471637702411;1.7247163770241098;5.31288139993907
17806;17806;2020-10-08;0.0079782128948693;0.79782128948693;5.32085961283394
17807;17807;2020-10-09;0.0087550951807529;0.87550951807529;5.3296147080146925
17808;17808;2020-10-12;0.0162825301583247;1.62825301583247;5.345897238173017
17809;17809;2020-10-13;-0.006326891629163;-0.6326891629163;5.339570346543854
17810;17810;2020-10-14;-0.0066451720840596;-0.66451720840596;5.3329251744597945
17811;17811;2020-10-15;-0.001528923514213;-0.1528923514213;5.3313962509455814
17812;17812;2020-10-16;0.0001349104566301;0.01349104566301;5.331531161402212
17813;17813;2020-10-19;-0.0164646635149416;-1.64646635149416;5.31506649788727
17814;17814;2020-10-20;0.0047161953200003;0.47161953200003;5.31978269320727
17815;17815;2020-10-21;-0.0021981140115698;-0.21981140115698;5.3175845791957
17816;17816;2020-10-22;0.0052053540034915;0.52053540034915;5.322789933199192
17817;17817;2020-10-23;0.0034398383203892;0.34398383203892;5.326229771519581
17818;17818;2020-10-26;-0.0187644729853211;-1.87644729853211;5.30746529853426
17819;17819;2020-10-27;-0.0030302053504467;-0.30302053504467;5.304435093183813
17820;17820;2020-10-28;-0.0359255421085773;-3.5925542108577297;5.268509551075236
17821;17821;2020-10-29;0.0118765249399981;1.1876524939998099;5.280386076015234
17822;17822;2020-10-30;-0.0122037134452615;-1.22037134452615;5.268182362569973
17823;17823;2020-11-02;0.0122429508905916;1.22429508905916;5.280425313460564
17824;17824;2020-11-03;0.0176427376840777;1.7642737684077698;5.298068051144642
17825;17825;2020-11-04;0.0218075256550918;2.18075256550918;5.319875576799734
17826;17826;2020-11-05;0.019273265776702;1.9273265776702;5.339148842576436
17827;17827;2020-11-06;-0.000287756585374;-0.0287756585374;5.338861085991062
17828;17828;2020-11-09;0.0116319747463435;1.16319747463435;5.3504930607374055
17829;17829;2020-11-10;-0.0014007752208673;-0.14007752208673002;5.349092285516538
17830;17830;2020-11-11;0.0076227283629926;0.76227283629926;5.356715013879531
17831;17831;2020-11-12;-0.0100286515470706;-1.00286515470706;5.34668636233246
17832;17832;2020-11-13;0.0135185467062939;1.35185467062939;5.360204909038754
17833;17833;2020-11-16;0.0115807349228322;1.15807349228322;5.371785643961586
17834;17834;2020-11-17;-0.0048034437846471;-0.48034437846471;5.366982200176939
17835;17835;2020-11-18;-0.0116312106474811;-1.1631210647481098;5.355350989529458
17836;17836;2020-11-19;0.0039386756907333;0.39386756907333004;5.359289665220191
17837;17837;2020-11-20;-0.0068157373729196;-0.68157373729196;5.352473927847272
17838;17838;2020-11-23;0.0056201081818496;0.56201081818496;5.358094036029121
17839;17839;2020-11-24;0.016032458814033;1.6032458814033;5.374126494843154
17840;17840;2020-11-25;-0.0015856747555105;-0.15856747555105;5.372540820087644
17841;17841;2020-11-27;0.002394111025902;0.23941110259020001;5.374934931113546
17842;17842;2020-11-30;-0.004606140636973;-0.4606140636973;5.370328790476573
17843;17843;2020-12-01;0.0112081406615942;1.12081406615942;5.381536931138167
17844;17844;2020-12-02;0.0017895645286039;0.17895645286039;5.383326495666771
17845;17845;2020-12-03;-0.0006243520802939;-0.06243520802939;5.382702143586477
17846;17846;2020-12-04;0.0087974637151866;0.87974637151866;5.391499607301664
17847;17847;2020-12-07;-0.001937513438964;-0.1937513438964;5.3895620938627
17848;17848;2020-12-08;0.0027832711701716;0.27832711701716;5.392345365032871
17849;17849;2020-12-09;-0.007980964948473;-0.7980964948472999;5.384364400084398
17850;17850;2020-12-10;-0.0012859345277718;-0.12859345277718;5.383078465556626
17851;17851;2020-12-11;-0.0012657980842316;-0.12657980842316;5.381812667472395
17852;17852;2020-12-14;-0.0043687882451468;-0.43687882451467996;5.377443879227248
17853;17853;2020-12-15;0.012838482022218;1.2838482022218;5.390282361249466
17854;17854;2020-12-16;0.0017712256203239;0.17712256203239002;5.39205358686979
17855;17855;2020-12-17;0.0057411428089828;0.57411428089828;5.397794729678773
17856;17856;2020-12-18;-0.0035172969521486;-0.35172969521486;5.394277432726624
17857;17857;2020-12-21;-0.0039139284869094;-0.39139284869094;5.390363504239715
17858;17858;2020-12-22;-0.0020752446917704;-0.20752446917704;5.388288259547944
17859;17859;2020-12-23;0.000745533271818;0.0745533271818;5.389033792819762
17860;17860;2020-12-24;0.0035303499794867;0.35303499794867;5.392564142799249
17861;17861;2020-12-28;0.0086847075384124;0.86847075384124;5.4012488503376614
17862;17862;2020-12-29;-0.0022298648272798;-0.22298648272798;5.399018985510382
17863;17863;2020-12-30;0.0013406480950806;0.13406480950806;5.400359633605462
17864;17864;2020-12-31;0.0064182047117036;0.64182047117036;5.406777838317166
17865;17865;2021-01-04;-0.0148647627120261;-1.48647627120261;5.39191307560514
17866;17866;2021-01-05;0.0070576313833612;0.70576313833612;5.398970706988501
17867;17867;2021-01-06;0.0056936033824754;0.56936033824754;5.404664310370976
17868;17868;2021-01-07;0.0147382601077517;1.47382601077517;5.419402570478728
17869;17869;2021-01-08;0.0054768373935161;0.54768373935161;5.424879407872244
17870;17870;2021-01-11;-0.0065763276166208;-0.6576327616620801;5.418303080255623
17871;17871;2021-01-12;0.000415702030569;0.0415702030569;5.418718782286192
17872;17872;2021-01-13;0.0022730563867252;0.22730563867252;5.420991838672918
17873;17873;2021-01-14;-0.0037605130687428;-0.37605130687428;5.417231325604175
17874;17874;2021-01-15;-0.0072160007982784;-0.72160007982784;5.410015324805896
17875;17875;2021-01-19;0.0081034576357623;0.81034576357623;5.418118782441659
17876;17876;2021-01-20;0.013839417376511;1.3839417376510998;5.43195819981817
17877;17877;2021-01-21;0.0003166731613131;0.03166731613131;5.432274872979483
17878;17878;2021-01-22;-0.0030151526629378;-0.30151526629378;5.429259720316545
17879;17879;2021-01-25;0.0036093175130176;0.36093175130176003;5.432869037829563
17880;17880;2021-01-26;-0.0014899431611539;-0.14899431611539;5.431379094668409
17881;17881;2021-01-27;-0.0260133151261001;-2.60133151261001;5.405365779542309
17882;17882;2021-01-28;0.0097132987787595;0.97132987787595;5.415079078321068
17883;17883;2021-01-29;-0.0195003776547917;-1.9500377654791698;5.3955787006662765
17884;17884;2021-02-01;0.015924300234678;1.5924300234678002;5.411503000900955
17885;17885;2021-02-02;0.0138025288143115;1.3802528814311499;5.425305529715266
17886;17886;2021-02-03;0.0010082606153449;0.10082606153449;5.426313790330611
17887;17887;2021-02-04;0.0107948476439219;1.07948476439219;5.437108637974533
17888;17888;2021-02-05;0.0038899196077633;0.38899196077633;5.440998557582296
17889;17889;2021-02-08;0.0073721074762893;0.73721074762893;5.448370665058586
17890;17890;2021-02-09;-0.001114145421722;-0.1114145421722;5.447256519636864
17891;17891;2021-02-10;-0.000345244522391;-0.0345244522391;5.446911275114473
17892;17892;2021-02-11;0.0016610748145886;0.16610748145886;5.448572349929061
17893;17893;2021-02-12;0.0046999709261612;0.46999709261612;5.4532723208552225
17894;17894;2021-02-16;-0.0005694345154143;-0.05694345154143;5.452702886339808
17895;17895;2021-02-17;-0.0003204533489178;-0.03204533489178;5.45238243299089
17896;17896;2021-02-18;-0.0044256142272427;-0.44256142272427;5.447956818763648
17897;17897;2021-02-19;-0.0018566190956654;-0.18566190956654;5.446100199667982
17898;17898;2021-02-22;-0.0077628928937105;-0.77628928937105;5.4383373067742715
17899;17899;2021-02-23;0.0012555296115266;0.12555296115266;5.439592836385798
17900;17900;2021-02-24;0.0112876676709863;1.12876676709863;5.4508805040567845
17901;17901;2021-02-25;-0.0247833944241726;-2.4783394424172602;5.426097109632612
17902;17902;2021-02-26;-0.0047615322937986;-0.47615322937986;5.421335577338813
17903;17903;2021-03-01;0.0235121732256935;2.35121732256935;5.444847750564507
17904;17904;2021-03-02;-0.0081136787395088;-0.8113678739508801;5.436734071824998
17905;17905;2021-03-03;-0.0131523358948015;-1.31523358948015;5.423581735930196
17906;17906;2021-03-04;-0.0135080380643906;-1.35080380643906;5.410073697865806
17907;17907;2021-03-05;0.0193083563387101;1.93083563387101;5.429382054204516
17908;17908;2021-03-08;-0.0053736432240256;-0.53736432240256;5.42400841098049
17909;17909;2021-03-09;0.0140554007439313;1.40554007439313;5.4380638117244215
17910;17910;2021-03-10;0.0060122037709877;0.60122037709877;5.444076015495409
17911;17911;2021-03-11;0.0103418255006566;1.03418255006566;5.454417840996066
17912;17912;2021-03-12;0.0010148833275316;0.10148833275316;5.455432724323598
17913;17913;2021-03-15;0.0064709395394135;0.64709395394135;5.461903663863011
17914;17914;2021-03-16;-0.0015709169785971;-0.15709169785971;5.460332746884414
17915;17915;2021-03-17;0.0028752446501592;0.28752446501592;5.463207991534573
17916;17916;2021-03-18;-0.0148705600659475;-1.48705600659475;5.448337431468626
17917;17917;2021-03-19;-0.0006028856737536;-0.060288567375359994;5.447734545794872
17918;17918;2021-03-22;0.0070005568983422;0.70005568983422;5.454735102693214
17919;17919;2021-03-23;-0.0076601181193343;-0.76601181193343;5.44707498457388
17920;17920;2021-03-24;-0.0054823366003482;-0.54823366003482;5.441592647973532
17921;17921;2021-03-25;0.0052265834327283;0.52265834327283;5.44681923140626
17922;17922;2021-03-26;0.0164944186587163;1.64944186587163;5.463313650064976
17923;17923;2021-03-29;-0.0008683896263868;-0.08683896263868;5.46244526043859
17924;17924;2021-03-30;-0.0031628294096499;-0.31628294096499004;5.45928243102894
17925;17925;2021-03-31;0.0036159535924209;0.36159535924209;5.462898384621361
17926;17926;2021-04-01;0.0117558304276741;1.1755830427674099;5.474654215049035
17927;17927;2021-04-05;0.0143349877622434;1.43349877622434;5.488989202811278
17928;17928;2021-04-06;-0.0009740049407973;-0.09740049407973;5.488015197870481
17929;17929;2021-04-07;0.0014741456981077;0.14741456981077;5.4894893435685885
17930;17930;2021-04-08;0.0042117509405912;0.42117509405911996;5.49370109450918
17931;17931;2021-04-09;0.0076902881356879;0.76902881356879;5.501391382644868
17932;17932;2021-04-12;-0.0001960980747401;-0.01960980747401;5.5011952845701275
17933;17933;2021-04-13;0.003289071877063;0.3289071877063;5.504484356447191
17934;17934;2021-04-14;-0.0040961043207303;-0.40961043207302994;5.50038825212646
17935;17935;2021-04-15;0.0110331014011197;1.10331014011197;5.51142135352758
17936;17936;2021-04-16;0.0036023233905169;0.36023233905169;5.515023676918097
17937;17937;2021-04-19;-0.0053206898937574;-0.53206898937574;5.5097029870243395
17938;17938;2021-04-20;-0.006825561005078;-0.6825561005077999;5.502877426019261
17939;17939;2021-04-21;0.0092630209198532;0.9263020919853201;5.512140446939115
17940;17940;2021-04-22;-0.0092533378605548;-0.92533378605548;5.50288710907856
17941;17941;2021-04-23;0.0108694098955322;1.08694098955322;5.513756518974092
17942;17942;2021-04-26;0.0017806845645829;0.17806845645829;5.515537203538675
17943;17943;2021-04-27;-0.0002149189814453;-0.02149189814453;5.51532228455723
17944;17944;2021-04-28;-0.0008458975873963;-0.08458975873963;5.514476386969833
17945;17945;2021-04-29;0.0067400415367036;0.67400415367036;5.521216428506537
17946;17946;2021-04-30;-0.0072207134171211;-0.72207134171211;5.513995715089416
17947;17947;2021-05-03;0.0027443216495122;0.27443216495122;5.516740036738928
17948;17948;2021-05-04;-0.0067007374898473;-0.6700737489847299;5.5100392992490805
17949;17949;2021-05-05;0.0007032164471141;0.07032164471141;5.510742515696195
17950;17950;2021-05-06;0.0081322994986319;0.8132299498631901;5.518874815194827
17951;17951;2021-05-07;0.0073462914191875;0.7346291419187501;5.526221106614014
17952;17952;2021-05-10;-0.0104904805031385;-1.04904805031385;5.515730626110876
17953;17953;2021-05-11;-0.0087117501417814;-0.87117501417814;5.507018875969094
17954;17954;2021-05-12;-0.0216827823583027;-2.16827823583027;5.485336093610791
17955;17955;2021-05-13;0.0120996445780932;1.20996445780932;5.4974357381888845
17956;17956;2021-05-14;0.0148077785636235;1.48077785636235;5.512243516752508
17957;17957;2021-05-17;-0.0025332581839609;-0.25332581839609;5.509710258568547
17958;17958;2021-05-18;-0.0085537723840332;-0.85537723840332;5.501156486184514
17959;17959;2021-05-19;-0.0029477518113782;-0.29477518113782003;5.498208734373136
17960;17960;2021-05-20;0.0104994293345086;1.04994293345086;5.508708163707644
17961;17961;2021-05-21;-0.0007841880752526;-0.07841880752526;5.507923975632392
17962;17962;2021-05-24;0.0098624974812153;0.98624974812153;5.517786473113607
17963;17963;2021-05-25;-0.0021275454008282;-0.21275454008282;5.515658927712779
17964;17964;2021-05-26;0.0018750575506114;0.18750575506114;5.51753398526339
17965;17965;2021-05-27;0.0011646360898627;0.11646360898627;5.518698621353253
17966;17966;2021-05-28;0.000768586452887;0.0768586452887;5.51946720780614
17967;17967;2021-06-01;-0.0004924547586302;-0.04924547586302;5.51897475304751
17968;17968;2021-06-02;0.0014458890369013;0.14458890369013;5.520420642084411
17969;17969;2021-06-03;-0.0036353030560487;-0.36353030560487;5.516785339028362
17970;17970;2021-06-04;0.0087953033830157;0.87953033830157;5.525580642411378
17971;17971;2021-06-07;-0.0007970562694215;-0.07970562694215;5.5247835861419565
17972;17972;2021-06-08;0.0001750095494408;0.01750095494408;5.524958595691397
17973;17973;2021-06-09;-0.0018255325906153;-0.18255325906153;5.523133063100782
17974;17974;2021-06-10;0.004641454776463;0.46414547764630004;5.527774517877245
17975;17975;2021-06-11;0.0019465389328079;0.19465389328079;5.529721056810053
17976;17976;2021-06-14;0.0018135563851373;0.18135563851373;5.53153461319519
17977;17977;2021-06-15;-0.0020137199542773;-0.20137199542773002;5.529520893240913
17978;17978;2021-06-16;-0.0054047037470255;-0.54047037470255;5.5241161894938875
17979;17979;2021-06-17;-0.0004358105436725;-0.04358105436725;5.523680378950215
17980;17980;2021-06-18;-0.0132113556872841;-1.32113556872841;5.510469023262931
17981;17981;2021-06-21;0.0139051635123195;1.3905163512319498;5.52437418677525
17982;17982;2021-06-22;0.0051114063789903;0.51114063789903;5.529485593154241
17983;17983;2021-06-23;-0.0010838705186486;-0.10838705186486;5.528401722635592
17984;17984;2021-06-24;0.0057944295459169;0.5794429545916899;5.534196152181509
17985;17985;2021-06-25;0.0033250631646861;0.33250631646861;5.537521215346195
17986;17986;2021-06-28;0.0023122888604731;0.23122888604730998;5.539833504206668
17987;17987;2021-06-29;0.0002772977426861;0.027729774268609998;5.540110801949354
17988;17988;2021-06-30;0.0013272784229076;0.13272784229076;5.541438080372262
17989;17989;2021-07-01;0.0052080414322546;0.52080414322546;5.546646121804517
17990;17990;2021-07-02;0.0074720958946912;0.74720958946912;5.554118217699208
17991;17991;2021-07-06;-0.0020239027700217;-0.20239027700217002;5.552094314929186
17992;17992;2021-07-07;0.0033533465536628;0.33533465536628004;5.555447661482849
17993;17993;2021-07-08;-0.008597881009555;-0.8597881009555001;5.546849780473294
17994;17994;2021-07-09;0.0112148259024138;1.1214825902413799;5.558064606375708
17995;17995;2021-07-12;0.0034452326955936;0.34452326955936;5.561509839071301
17996;17996;2021-07-13;-0.0035230111811657;-0.35230111811657;5.557986827890136
17997;17997;2021-07-14;0.0011642565654685;0.11642565654685;5.559151084455604
17998;17998;2021-07-15;-0.0032675735627449;-0.32675735627449;5.555883510892859
17999;17999;2021-07-16;-0.0075674150068127;-0.75674150068127;5.5483160958860465
18000;18000;2021-07-19;-0.0159967813999841;-1.59967813999841;5.532319314486062
18001;18001;2021-07-20;0.015048806004799;1.5048806004799;5.547368120490861
18002;18002;2021-07-21;0.0082080416621437;0.82080416621437;5.555576162153005
18003;18003;2021-07-22;0.0020146392092428;0.20146392092428;5.557590801362248
18004;18004;2021-07-23;0.0100943323862559;1.00943323862559;5.567685133748504
18005;18005;2021-07-26;0.0023793669227281;0.23793669227281;5.570064500671232
18006;18006;2021-07-27;-0.0047235833821765;-0.47235833821764994;5.565340917289055
18007;18007;2021-07-28;-0.0001862792315527;-0.01862792315527;5.5651546380575025
18008;18008;2021-07-29;0.0041973318452726;0.41973318452725994;5.569351969902775
18009;18009;2021-07-30;-0.0054207136082613;-0.5420713608261299;5.563931256294514
18010;18010;2021-08-02;-0.0018445056700606;-0.18445056700606;5.562086750624453
18011;18011;2021-08-03;0.0081699613389183;0.8169961338918299;5.5702567119633715
18012;18012;2021-08-04;-0.0046431506612965;-0.46431506612964996;5.565613561302075
18013;18013;2021-08-05;0.0059874859904205;0.59874859904205;5.5716010472924955
18014;18014;2021-08-06;0.001673864548529;0.1673864548529;5.5732749118410245
18015;18015;2021-08-09;-0.0009403502649565;-0.09403502649565;5.572334561576068
18016;18016;2021-08-10;0.000992186953864;0.0992186953864;5.573326748529932
18017;18017;2021-08-11;0.001274930718015;0.1274930718015;5.574601679247947
18018;18018;2021-08-12;0.0041378077354785;0.41378077354785;5.578739486983426
18019;18019;2021-08-13;0.0016060163209239;0.16060163209238998;5.58034550330435
18020;18020;2021-08-16;0.0026174222619932;0.26174222619932;5.582962925566343
18021;18021;2021-08-17;-0.0070857435071367;-0.70857435071367;5.575877182059206
18022;18022;2021-08-18;-0.0108066528452557;-1.08066528452557;5.56507052921395
18023;18023;2021-08-19;0.0012559032561583;0.12559032561583;5.566326432470109
18024;18024;2021-08-20;0.0081086038907418;0.81086038907418;5.574435036360851
18025;18025;2021-08-23;0.0084876679844114;0.84876679844114;5.582922704345262
18026;18026;2021-08-24;0.0014946188019617;0.14946188019617002;5.584417323147224
18027;18027;2021-08-25;0.0022176574032517;0.22176574032517;5.586634980550476
18028;18028;2021-08-26;-0.0058419498276034;-0.58419498276034;5.580793030722872
18029;18029;2021-08-27;0.0087690715404527;0.87690715404527;5.589562102263325
18030;18030;2021-08-30;0.004297324106874;0.4297324106874;5.593859426370199
18031;18031;2021-08-31;-0.0013500269158921;-0.13500269158921;5.592509399454307
18032;18032;2021-09-01;0.0003116400609517;0.031164006095169998;5.592821039515258
18033;18033;2021-09-02;0.0028386057544054;0.28386057544054;5.595659645269664
18034;18034;2021-09-03;-0.0003350872611811;-0.03350872611811;5.595324558008483
18035;18035;2021-09-07;-0.0034013524523217;-0.34013524523217;5.591923205556161
18036;18036;2021-09-08;-0.0013194368138158;-0.13194368138158;5.590603768742345
18037;18037;2021-09-09;-0.0046162471500021;-0.46162471500020996;5.585987521592343
18038;18038;2021-09-10;-0.0077525522862771;-0.77525522862771;5.578234969306066
18039;18039;2021-09-13;0.0022739003463705;0.22739003463705001;5.580508869652436
18040;18040;2021-09-14;-0.005763213966258;-0.5763213966258001;5.574745655686178
18041;18041;2021-09-15;0.0084382942220795;0.84382942220795;5.583183949908258
18042;18042;2021-09-16;-0.0015523447127652;-0.15523447127652;5.581631605195493
18043;18043;2021-09-17;-0.009152630275798;-0.9152630275797999;5.572478974919695
18044;18044;2021-09-20;-0.0171230777263815;-1.7123077726381501;5.555355897193313
18045;18045;2021-09-21;-0.0008126886585468;-0.08126886585468;5.554543208534766
18046;18046;2021-09-22;0.0094745852242184;0.9474585224218399;5.5640177937589845
18047;18047;2021-09-23;0.0120616803699373;1.20616803699373;5.576079474128922
18048;18048;2021-09-24;0.0014599428113637;0.14599428113637;5.577539416940286
18049;18049;2021-09-27;-0.0027802439201884;-0.27802439201884;5.574759173020097
18050;18050;2021-09-28;-0.0205743177398929;-2.05743177398929;5.554184855280204
18051;18051;2021-09-29;0.0015679543362843;0.15679543362843;5.5557528096164885
18052;18052;2021-09-30;-0.0119812029450159;-1.19812029450159;5.543771606671473
18053;18053;2021-10-01;0.0114259521133348;1.1425952113334799;5.5551975587848075
18054;18054;2021-10-04;-0.0130709520486433;-1.30709520486433;5.542126606736164
18055;18055;2021-10-05;0.0104695174986009;1.04695174986009;5.552596124234765
18056;18056;2021-10-06;0.0040943993496238;0.40943993496237996;5.556690523584389
18057;18057;2021-10-07;0.0082640392250663;0.82640392250663;5.564954562809455
18058;18058;2021-10-08;-0.0019155566024213;-0.19155566024213;5.563039006207034
18059;18059;2021-10-11;-0.0068894416443399;-0.68894416443399;5.556149564562694
18060;18060;2021-10-12;-0.0024197056865542;-0.24197056865542;5.55372985887614
18061;18061;2021-10-13;0.0030179558702307;0.30179558702307;5.5567478147463705
18062;18062;2021-10-14;0.0169191622857116;1.6919162285711602;5.573666977032082
18063;18063;2021-10-15;0.0074325206371899;0.74325206371899;5.581099497669272
18064;18064;2021-10-18;0.0033690878018042;0.33690878018042003;5.584468585471076
18065;18065;2021-10-19;0.0073661427842353;0.73661427842353;5.591834728255312
18066;18066;2021-10-20;0.0036573335985607;0.36573335985607003;5.595492061853872
18067;18067;2021-10-21;0.0029913931683598;0.29913931683598;5.598483455022232
18068;18068;2021-10-22;-0.0010731292246628;-0.10731292246628;5.597410325797569
18069;18069;2021-10-25;0.0047369594408532;0.47369594408532;5.602147285238423
18070;18070;2021-10-26;0.0018181414322437;0.18181414322437;5.603965426670666
18071;18071;2021-10-27;-0.0050643703711052;-0.50643703711052;5.598901056299561
18072;18072;2021-10-28;0.0097812884241843;0.97812884241843;5.6086823447237455
18073;18073;2021-10-29;0.0019474372317169;0.19474372317169;5.6106297819554625
18074;18074;2021-11-01;0.0017984589459025;0.17984589459025;5.612428240901365
18075;18075;2021-11-02;0.0036736071203886;0.36736071203886;5.616101848021754
18076;18076;2021-11-03;0.0064404946128888;0.6440494612888801;5.622542342634643
18077;18077;2021-11-04;0.0041732223428176;0.41732223428175996;5.62671556497746
18078;18078;2021-11-05;0.003725850045285;0.37258500452849996;5.630441415022745
18079;18079;2021-11-08;0.000887394060701;0.0887394060701;5.631328809083446
18080;18080;2021-11-09;-0.0035049109263987;-0.35049109263987;5.627823898157048
18081;18081;2021-11-10;-0.0082598421638611;-0.82598421638611;5.6195640559931865
18082;18082;2021-11-11;0.0005507883329887;0.05507883329886999;5.620114844326175
18083;18083;2021-11-12;0.0071966975641295;0.7196697564129501;5.627311541890305
18084;18084;2021-11-15;-1.0739878016252646e-05;-0.0010739878016252646;5.6273008020122885
18085;18085;2021-11-16;0.0038577790571263;0.38577790571263004;5.631158581069415
18086;18086;2021-11-17;-0.0026050154828958;-0.26050154828958;5.628553565586519
18087;18087;2021-11-18;0.0033790647401712;0.33790647401712004;5.63193263032669
18088;18088;2021-11-19;-0.0013996446049873;-0.13996446049873001;5.630532985721703
18089;18089;2021-11-22;-0.0032022583169606;-0.32022583169606;5.627330727404742
18090;18090;2021-11-23;0.0016557613831942;0.16557613831942;5.628986488787937
18091;18091;2021-11-24;0.0022912237766679;0.22912237766679;5.6312777125646045
18092;18092;2021-11-26;-0.0229870111593211;-2.29870111593211;5.608290701405283
18093;18093;2021-11-29;0.0131138360828231;1.31138360828231;5.6214045374881065
18094;18094;2021-11-30;-0.0191433811878489;-1.91433811878489;5.602261156300258
18095;18095;2021-12-01;-0.011885541457957;-1.1885541457957;5.5903756148423005
18096;18096;2021-12-02;0.0140946383960578;1.4094638396057801;5.604470253238358
18097;18097;2021-12-03;-0.0084844551417386;-0.84844551417386;5.59598579809662
18098;18098;2021-12-06;0.0116625993096857;1.16625993096857;5.607648397406305
18099;18099;2021-12-07;0.0204956031862533;2.0495603186253297;5.628144000592559
18100;18100;2021-12-08;0.0030805355865854;0.30805355865854;5.631224536179144
18101;18101;2021-12-09;-0.0072069882325234;-0.72069882325234;5.624017547946621
18102;18102;2021-12-10;0.0095037691182096;0.9503769118209601;5.63352131706483
18103;18103;2021-12-13;-0.0091781583427934;-0.91781583427934;5.624343158722037
18104;18104;2021-12-14;-0.0074987228546241;-0.74987228546241;5.616844435867413
18105;18105;2021-12-15;0.0162162673518917;1.62162673518917;5.6330607032193045
18106;18106;2021-12-16;-0.0087818633111123;-0.87818633111123;5.624278839908192
18107;18107;2021-12-17;-0.0103409645840546;-1.03409645840546;5.613937875324138
18108;18108;2021-12-20;-0.0114533983232565;-1.14533983232565;5.602484477000881
18109;18109;2021-12-21;0.0176217553851962;1.76217553851962;5.620106232386077
18110;18110;2021-12-22;0.0101287280291266;1.0128728029126601;5.630234960415204
18111;18111;2021-12-23;0.0062044126852516;0.62044126852516;5.636439373100456
18112;18112;2021-12-27;0.0137440515736066;1.37440515736066;5.650183424674062
18113;18113;2021-12-28;-0.001010665398887;-0.1010665398887;5.649172759275175
18114;18114;2021-12-29;0.0014009134018575;0.14009134018574998;5.650573672677033
18115;18115;2021-12-30;-0.0029942338419051;-0.29942338419051;5.647579438835128
18116;18116;2021-12-31;-0.0026296343734735;-0.26296343734735;5.644949804461654
18117;18117;2022-01-03;0.0063538241703877;0.63538241703877;5.651303628632042
18118;18118;2022-01-04;-0.0006298202522039;-0.06298202522039001;5.650673808379838
18119;18119;2022-01-05;-0.0195832643045008;-1.9583264304500798;5.631090544075337
18120;18120;2022-01-06;-0.0009642337401807;-0.09642337401807001;5.630126310335156
18121;18121;2022-01-07;-0.0040584410823356;-0.40584410823356;5.626067869252821
18122;18122;2022-01-10;-0.0014420705375393;-0.14420705375393;5.6246257987152815
18123;18123;2022-01-11;0.0091182864523986;0.91182864523986;5.63374408516768
18124;18124;2022-01-12;0.0028137920146669;0.28137920146669;5.636557877182347
18125;18125;2022-01-13;-0.0143460292343995;-1.43460292343995;5.6222118479479475
18126;18126;2022-01-14;0.0008196442695904;0.08196442695904001;5.623031492217538
18127;18127;2022-01-18;-0.0185591053980083;-1.85591053980083;5.60447238681953
18128;18128;2022-01-19;-0.00973679094146;-0.9736790941460001;5.59473559587807
18129;18129;2022-01-20;-0.0110987423043322;-1.10987423043322;5.583636853573737
18130;18130;2022-01-21;-0.0190959953246352;-1.9095995324635202;5.564540858249102
18131;18131;2022-01-24;0.0027679047582704;0.27679047582704;5.5673087630073725
18132;18132;2022-01-25;-0.0122465905568667;-1.22465905568667;5.555062172450506
18133;18133;2022-01-26;-0.001497756925886;-0.14977569258860002;5.55356441552462
18134;18134;2022-01-27;-0.0053986351999704;-0.5398635199970401;5.548165780324649
18135;18135;2022-01-28;0.0240559679147356;2.40559679147356;5.572221748239385
18136;18136;2022-01-31;0.0187098262229845;1.87098262229845;5.5909315744623695
18137;18137;2022-02-01;0.0068395603483182;0.68395603483182;5.597771134810688
18138;18138;2022-02-02;0.0093784004483232;0.93784004483232;5.607149535259011
18139;18139;2022-02-03;-0.0246934717201199;-2.46934717201199;5.582456063538891
18140;18140;2022-02-04;0.0051436784398628;0.51436784398628;5.587599741978754
18141;18141;2022-02-07;-0.0037085809278281;-0.37085809278281;5.583891161050926
18142;18142;2022-02-08;0.0083661134666339;0.83661134666339;5.59225727451756
18143;18143;2022-02-09;0.014412842079265;1.4412842079265;5.606670116596825
18144;18144;2022-02-10;-0.0182818244850562;-1.82818244850562;5.588388292111769
18145;18145;2022-02-11;-0.0191516826380855;-1.91516826380855;5.569236609473683
18146;18146;2022-02-14;-0.003847990755629;-0.3847990755629;5.565388618718054
18147;18147;2022-02-15;0.0156437176460642;1.56437176460642;5.581032336364118
18148;18148;2022-02-16;0.0008808197202831;0.08808197202831;5.5819131560844015
18149;18149;2022-02-17;-0.0214005041369365;-2.14005041369365;5.560512651947465
18150;18150;2022-02-18;-0.0071919616638655;-0.71919616638655;5.553320690283599
18151;18151;2022-02-22;-0.0101947354350162;-1.01947354350162;5.543125954848583
18152;18152;2022-02-23;-0.0185837357487876;-1.8583735748787598;5.5245422190997955
18153;18153;2022-02-24;0.0148461052527242;1.48461052527242;5.53938832435252
18154;18154;2022-02-25;0.0221260805512653;2.21260805512653;5.561514404903785
18155;18155;2022-02-28;-0.0024455914631271;-0.24455914631271;5.559068813440658
18156;18156;2022-03-01;-0.0155944677866113;-1.55944677866113;5.5434743456540465
18157;18157;2022-03-02;0.0184710467806503;1.84710467806503;5.561945392434697
18158;18158;2022-03-03;-0.0052685207442451;-0.52685207442451;5.556676871690452
18159;18159;2022-03-04;-0.0079656845430022;-0.7965684543002199;5.5487111871474495
18160;18160;2022-03-07;-0.0299625868144151;-2.99625868144151;5.518748600333034
18161;18161;2022-03-08;-0.0072600439756982;-0.72600439756982;5.511488556357336
18162;18162;2022-03-09;0.0253735981221403;2.5373598122140297;5.5368621544794765
18163;18163;2022-03-10;-0.0043010499202473;-0.43010499202472996;5.532561104559229
18164;18164;2022-03-11;-0.0130462789332383;-1.30462789332383;5.519514825625991
18165;18165;2022-03-14;-0.0074486750955333;-0.74486750955333;5.512066150530457
18166;18166;2022-03-15;0.0211826297241461;2.11826297241461;5.5332487802546035
18167;18167;2022-03-16;0.0221369216483928;2.21369216483928;5.555385701902996
18168;18168;2022-03-17;0.0122722050687009;1.22722050687009;5.567657906971697
18169;18169;2022-03-18;0.0115948144118878;1.15948144118878;5.579252721383585
18170;18170;2022-03-21;-0.0004347548543019;-0.043475485430189996;5.578817966529283
18171;18171;2022-03-22;0.0112406995540741;1.12406995540741;5.590058666083357
18172;18172;2022-03-23;-0.0123486302524948;-1.23486302524948;5.5777100358308624
18173;18173;2022-03-24;0.0142420122816186;1.42420122816186;5.591952048112481
18174;18174;2022-03-25;0.0050533807042363;0.50533807042363;5.5970054288167175
18175;18175;2022-03-28;0.0071195510200432;0.71195510200432;5.604124979836761
18176;18176;2022-03-29;0.012182044101392;1.2182044101392;5.616307023938153
18177;18177;2022-03-30;-0.0063135889990899;-0.6313588999089901;5.609993434939063
18178;18178;2022-03-31;-0.0157763352268816;-1.57763352268816;5.594217099712181
18179;18179;2022-04-01;0.0034044209614627;0.34044209614626997;5.597621520673644
18180;18180;2022-04-04;0.008058382532134;0.8058382532134;5.605679903205778
18181;18181;2022-04-05;-0.0126311590740062;-1.26311590740062;5.593048744131772
18182;18182;2022-04-06;-0.009764433912478;-0.9764433912478001;5.583284310219294
18183;18183;2022-04-07;0.0042443655520365;0.42443655520365;5.58752867577133
18184;18184;2022-04-08;-0.0026545466755525;-0.26545466755525;5.584874129095778
18185;18185;2022-04-11;-0.0170213345846956;-1.70213345846956;5.567852794511082
18186;18186;2022-04-12;-0.0034233005304535;-0.34233005304534997;5.5644294939806285
18187;18187;2022-04-13;0.0111126032689021;1.1112603268902101;5.575542097249531
18188;18188;2022-04-14;-0.0122184803835079;-1.22184803835079;5.563323616866023
18189;18189;2022-04-18;-0.0002048892724069;-0.02048892724069;5.563118727593616
18190;18190;2022-04-19;0.0159300447493873;1.59300447493873;5.579048772343003
18191;18191;2022-04-20;-0.0006186664061829;-0.061866640618289996;5.57843010593682
18192;18192;2022-04-21;-0.0148628555513106;-1.48628555513106;5.56356725038551
18193;18193;2022-04-22;-0.0281320763773678;-2.81320763773678;5.535435174008142
18194;18194;2022-04-25;0.0056817651441125;0.5681765144112499;5.541116939152254
18195;18195;2022-04-26;-0.0285500089285974;-2.85500089285974;5.512566930223657
18196;18196;2022-04-27;0.0020958490249647;0.20958490249647;5.514662779248622
18197;18197;2022-04-28;0.0244456553408323;2.44456553408323;5.539108434589454
18198;18198;2022-04-29;-0.0369591597846952;-3.6959159784695204;5.502149274804759
18199;18199;2022-05-02;0.0056591992938184;0.56591992938184;5.507808474098577
18200;18200;2022-05-03;0.0048254650753598;0.48254650753598;5.512633939173937
18201;18201;2022-05-04;0.0294252215573269;2.94252215573269;5.542059160731264
18202;18202;2022-05-05;-0.0363006775640997;-3.63006775640997;5.505758483167164
18203;18203;2022-05-06;-0.0056903844139526;-0.56903844139526;5.500068098753212
18204;18204;2022-05-09;-0.0325615195396036;-3.25615195396036;5.467506579213608
18205;18205;2022-05-10;0.0024548817604088;0.24548817604088;5.469961460974017
18206;18206;2022-05-11;-0.0166002320956977;-1.66002320956977;5.453361228878319
18207;18207;2022-05-12;-0.0012968049941122;-0.12968049941122;5.452064423884207
18208;18208;2022-05-13;0.0235892679568685;2.35892679568685;5.475653691841075
18209;18209;2022-05-16;-0.0039542085177224;-0.39542085177224007;5.471699483323353
18210;18210;2022-05-17;0.019968919581462;1.9968919581462001;5.491668402904815
18211;18211;2022-05-18;-0.0412338092912474;-4.12338092912474;5.450434593613568
18212;18212;2022-05-19;-0.0058508647773489;-0.5850864777348901;5.444583728836219
18213;18213;2022-05-20;0.0001461310919914;0.01461310919914;5.44472985992821
18214;18214;2022-05-23;0.0183849954120596;1.83849954120596;5.46311485534027
18215;18215;2022-05-24;-0.0081539509035568;-0.81539509035568;5.454960904436713
18216;18216;2022-05-25;0.0094063856489317;0.94063856489317;5.464367290085645
18217;18217;2022-05-26;0.0196881660077199;1.96881660077199;5.4840554560933645
18218;18218;2022-05-27;0.0244411301958216;2.44411301958216;5.508496586289186
18219;18219;2022-05-31;-0.0062941351936665;-0.62941351936665;5.50220245109552
18220;18220;2022-06-01;-0.0075109050411548;-0.7510905041154801;5.494691546054365
18221;18221;2022-06-02;0.018263225415545;1.8263225415545;5.51295477146991
18222;18222;2022-06-03;-0.0164824056098176;-1.64824056098176;5.496472365860092
18223;18223;2022-06-06;0.0031324894070365;0.31324894070365;5.499604855267129
18224;18224;2022-06-07;0.009478331531719;0.9478331531719;5.509083186798848
18225;18225;2022-06-08;-0.0108526230401544;-1.0852623040154399;5.4982305637586935
18226;18226;2022-06-09;-0.024086457665156;-2.4086457665156;5.474144106093537
18227;18227;2022-06-10;-0.0295424148114094;-2.95424148114094;5.444601691282128
18228;18228;2022-06-13;-0.0395399319900402;-3.9539931990040205;5.405061759292088
18229;18229;2022-06-14;-0.0037808180394893;-0.37808180394893;5.401280941252598
18230;18230;2022-06-15;0.0144870588365346;1.44870588365346;5.415768000089133
18231;18231;2022-06-16;-0.0330522071138403;-3.3052207113840297;5.382715792975293
18232;18232;2022-06-17;0.0021984473410121;0.21984473410121003;5.384914240316305
18233;18233;2022-06-21;0.0241824749606731;2.41824749606731;5.409096715276978
18234;18234;2022-06-22;-0.0013024200953584;-0.13024200953584;5.40779429518162
18235;18235;2022-06-23;0.0094870724855571;0.9487072485557101;5.417281367667177
18236;18236;2022-06-24;0.0301055397299006;3.01055397299006;5.447386907397077
18237;18237;2022-06-27;-0.0029774998903402;-0.29774998903402;5.444409407506737
18238;18238;2022-06-28;-0.0203486731494955;-2.03486731494955;5.424060734357242
18239;18239;2022-06-29;-0.0007119988201722;-0.07119988201722001;5.423348735537069
18240;18240;2022-06-30;-0.0087978662463683;-0.87978662463683;5.414550869290701
18241;18241;2022-07-01;0.0104985112966407;1.04985112966407;5.425049380587342
18242;18242;2022-07-05;0.0015828751061928;0.15828751061928;5.4266322556935345
18243;18243;2022-07-06;0.0035667957050655;0.35667957050655;5.4301990513986
18244;18244;2022-07-07;0.0148537231809307;1.48537231809307;5.445052774579531
18245;18245;2022-07-08;-0.0008306163961275;-0.08306163961275;5.444222158183403
18246;18246;2022-07-11;-0.0115944176605253;-1.15944176605253;5.432627740522878
18247;18247;2022-07-12;-0.0092868684974938;-0.92868684974938;5.423340872025384
18248;18248;2022-07-13;-0.0044668641118157;-0.44668641118157;5.418874007913568
18249;18249;2022-07-14;-0.0030031388127653;-0.30031388127653;5.415870869100803
18250;18250;2022-07-15;0.0190192316586337;1.9019231658633702;5.434890100759437
18251;18251;2022-07-18;-0.008398742485836;-0.8398742485836;5.4264913582736005
18252;18252;2022-07-19;0.0272535176437305;2.72535176437305;5.453744875917331
18253;18253;2022-07-20;0.0058784939410578;0.58784939410578;5.459623369858389
18254;18254;2022-07-21;0.0098130666895048;0.9813066689504799;5.469436436547894
18255;18255;2022-07-22;-0.0093762872938132;-0.93762872938132;5.460060149254081
18256;18256;2022-07-25;0.0013143029733058;0.13143029733057998;5.461374452227386
18257;18257;2022-07-26;-0.0116103425992637;-1.16103425992637;5.449764109628123
18258;18258;2022-07-27;0.0258200487786286;2.58200487786286;5.475584158406751
18259;18259;2022-07-28;0.012060319791912;1.2060319791912;5.487644478198663
18260;18260;2022-07-29;0.0141077757817544;1.41077757817544;5.501752253980418
18261;18261;2022-08-01;-0.002827076544916;-0.2827076544916;5.498925177435502
18262;18262;2022-08-02;-0.006684688378872;-0.6684688378872;5.49224048905663
18263;18263;2022-08-03;0.015517456270091;1.5517456270091001;5.507757945326721
18264;18264;2022-08-04;-0.0007776424495844;-0.07776424495844;5.506980302877136
18265;18265;2022-08-05;-0.0016270690189177;-0.16270690189177;5.5053532338582185
18266;18266;2022-08-08;-0.0012383171221213;-0.12383171221212999;5.504114916736097
18267;18267;2022-08-09;-0.004257744235927;-0.4257744235927;5.49985717250017
18268;18268;2022-08-10;0.0210671584604078;2.10671584604078;5.520924330960578
18269;18269;2022-08-11;-0.000705722922202;-0.07057229222019999;5.520218608038376
18270;18270;2022-08-12;0.0171740469514922;1.71740469514922;5.537392654989868
18271;18271;2022-08-15;0.0039616840562342;0.39616840562342;5.541354339046102
18272;18272;2022-08-16;0.001873922825947;0.18739228259469998;5.543228261872049
18273;18273;2022-08-17;-0.0072641148676471;-0.72641148676471;5.535964147004402
18274;18274;2022-08-18;0.0022669896063849;0.22669896063849;5.538231136610787
18275;18275;2022-08-19;-0.0129839287130391;-1.2983928713039101;5.525247207897748
18276;18276;2022-08-22;-0.0216323664664948;-2.16323664664948;5.503614841431253
18277;18277;2022-08-23;-0.0022403704344373;-0.22403704344373002;5.501374470996816
18278;18278;2022-08-24;0.0029119166987232;0.29119166987232;5.504286387695539
18279;18279;2022-08-25;0.0139932418361077;1.3993241836107702;5.518279629531647
18280;18280;2022-08-26;-0.0342685763170393;-3.42685763170393;5.484011053214608
18281;18281;2022-08-29;-0.006688675197326;-0.6688675197326;5.4773223780172815
18282;18282;2022-08-30;-0.0110894164921155;-1.10894164921155;5.466232961525166
18283;18283;2022-08-31;-0.007847738208154;-0.7847738208153999;5.458385223317012
18284;18284;2022-09-01;0.0029917522671958;0.29917522671958;5.461376975584208
18285;18285;2022-09-02;-0.010794552570724;-1.0794552570724;5.450582423013484
18286;18286;2022-09-06;-0.0041034646908961;-0.41034646908961003;5.446478958322587
18287;18287;2022-09-07;0.0181748486661703;1.81748486661703;5.464653806988758
18288;18288;2022-09-08;0.0065889668804413;0.6588966880441299;5.471242773869199
18289;18289;2022-09-09;0.0151560149812119;1.51560149812119;5.486398788850411
18290;18290;2022-09-12;0.0105286514839963;1.0528651483996299;5.4969274403344075
18291;18291;2022-09-13;-0.0441991630319744;-4.41991630319744;5.452728277302433
18292;18292;2022-09-14;0.0033812890788453;0.33812890788453;5.456109566381278
18293;18293;2022-09-15;-0.0113822721681504;-1.13822721681504;5.444727294213128
18294;18294;2022-09-16;-0.007208049775663;-0.7208049775663;5.437519244437465
18295;18295;2022-09-19;0.0068336977247049;0.68336977247049;5.44435294216217
18296;18296;2022-09-20;-0.0113361147365989;-1.13361147365989;5.433016827425571
18297;18297;2022-09-21;-0.0172646740985076;-1.72646740985076;5.415752153327063
18298;18298;2022-09-22;-0.008463293830454;-0.8463293830454;5.407288859496609
18299;18299;2022-09-23;-0.0173828287673298;-1.7382828767329799;5.389906030729279
18300;18300;2022-09-26;-0.010394360890281;-1.0394360890281;5.379511669838998
18301;18301;2022-09-27;-0.0021226109548244;-0.21226109548244002;5.377389058884174
18302;18302;2022-09-28;0.0194811441811531;1.9481144181153098;5.396870203065327
18303;18303;2022-09-29;-0.0213527948230982;-2.13527948230982;5.375517408242229
18304;18304;2022-09-30;-0.0151813515462091;-1.5181351546209099;5.36033605669602
18305;18305;2022-10-03;0.0255545775309293;2.55545775309293;5.385890634226949
18306;18306;2022-10-04;0.0301253414168005;3.01253414168005;5.41601597564375
18307;18307;2022-10-05;-0.0020199875589383;-0.20199875589383;5.413995988084811
18308;18308;2022-10-06;-0.0102979229113948;-1.02979229113948;5.403698065173416
18309;18309;2022-10-07;-0.0284031965314781;-2.84031965314781;5.375294868641938
18310;18310;2022-10-10;-0.0075206731336532;-0.75206731336532;5.367774195508285
18311;18311;2022-10-11;-0.0065405184123239;-0.65405184123239;5.361233677095961
18312;18312;2022-10-12;-0.0032961996501654;-0.32961996501654;5.3579374774457955
18313;18313;2022-10-13;0.0256342593076315;2.56342593076315;5.383571736753427
18314;18314;2022-10-14;-0.0239471207445287;-2.3947120744528703;5.359624616008898
18315;18315;2022-10-17;0.0261355245575618;2.61355245575618;5.38576014056646
18316;18316;2022-10-18;0.0113627682070873;1.13627682070873;5.3971229087735475
18317;18317;2022-10-19;-0.0066944552396854;-0.6694455239685401;5.390428453533862
18318;18318;2022-10-20;-0.0079826867387655;-0.79826867387655;5.3824457667950965
18319;18319;2022-10-21;0.0234477598604474;2.34477598604474;5.405893526655544
18320;18320;2022-10-24;0.0118119402051117;1.18119402051117;5.417705466860656
18321;18321;2022-10-25;0.0161357700158735;1.61357700158735;5.433841236876529
18322;18322;2022-10-26;-0.0074151403989883;-0.7415140398988299;5.426426096477541
18323;18323;2022-10-27;-0.0061011850531844;-0.61011850531844;5.420324911424356
18324;18324;2022-10-28;0.0243280367708553;2.43280367708553;5.444652948195212
18325;18325;2022-10-31;-0.0074823270303365;-0.74823270303365;5.437170621164875
18326;18326;2022-11-01;-0.0041096637203583;-0.41096637203583003;5.433060957444517
18327;18327;2022-11-02;-0.025319843737483;-2.5319843737483;5.407741113707034
18328;18328;2022-11-03;-0.0106424225319567;-1.06424225319567;5.397098691175077
18329;18329;2022-11-04;0.0135268232855629;1.35268232855629;5.41062551446064
18330;18330;2022-11-07;0.00956806167936;0.9568061679359999;5.42019357614
18331;18331;2022-11-08;0.0055822828287599;0.55822828287599;5.42577585896876
18332;18332;2022-11-09;-0.0209967847123024;-2.0996784712302397;5.404779074256457
18333;18333;2022-11-10;0.0539525156647968;5.39525156647968;5.458731589921254
18334;18334;2022-11-11;0.00919831230477;0.9198312304769999;5.467929902226024
18335;18335;2022-11-14;-0.0089759405449179;-0.8975940544917901;5.4589539616811065
18336;18336;2022-11-15;0.0086753764146685;0.86753764146685;5.467629338095775
18337;18337;2022-11-16;-0.0082862831118735;-0.82862831118735;5.4593430549839015
18338;18338;2022-11-17;-0.0030941046442301;-0.30941046442301;5.456248950339671
18339;18339;2022-11-18;0.0047472956481584;0.47472956481583994;5.46099624598783
18340;18340;2022-11-21;-0.0038912498002758;-0.38912498002758;5.457104996187554
18341;18341;2022-11-22;0.0134886062698296;1.34886062698296;5.470593602457384
18342;18342;2022-11-23;0.0058972660417371;0.58972660417371;5.476490868499121
18343;18343;2022-11-25;-0.0002830842622021;-0.02830842622021;5.476207784236919
18344;18344;2022-11-28;-0.0155646967940654;-1.55646967940654;5.460643087442853
18345;18345;2022-11-29;-0.0015931337016237;-0.15931337016237;5.459049953741229
18346;18346;2022-11-30;0.0304786435212953;3.0478643521295297;5.489528597262525
18347;18347;2022-12-01;-0.0008680098296061;-0.08680098296061;5.488660587432919
18348;18348;2022-12-02;-0.0011953746637622;-0.11953746637622001;5.487465212769156
18349;18349;2022-12-05;-0.0180562496309715;-1.8056249630971501;5.469408963138185
18350;18350;2022-12-06;-0.0145038694229864;-1.45038694229864;5.454905093715198
18351;18351;2022-12-07;-0.0018641072533824;-0.18641072533824;5.453040986461816
18352;18352;2022-12-08;0.0074936344139331;0.74936344139331;5.460534620875749
18353;18353;2022-12-09;-0.0073767194642115;-0.7376719464211501;5.4531579014115374
18354;18354;2022-12-12;0.0141783072996499;1.41783072996499;5.467336208711187
18355;18355;2022-12-13;0.0072632232554568;0.72632232554568;5.474599431966644
18356;18356;2022-12-14;-0.0060711166238363;-0.60711166238363;5.468528315342808
18357;18357;2022-12-15;-0.0252374779018254;-2.52374779018254;5.4432908374409825
18358;18358;2022-12-16;-0.011200239946012;-1.1200239946012;5.4320905974949705
18359;18359;2022-12-19;-0.0090483289411036;-0.9048328941103599;5.423042268553867
18360;18360;2022-12-20;0.0010368006978893;0.10368006978893;5.424079069251756
18361;18361;2022-12-21;0.0147585486690555;1.47585486690555;5.438837617920812
18362;18362;2022-12-22;-0.0145571424981465;-1.45571424981465;5.424280475422665
18363;18363;2022-12-23;0.0058509522719152;0.58509522719152;5.4301314276945805
18364;18364;2022-12-27;-0.0040578440346585;-0.40578440346585;5.426073583659922
18365;18365;2022-12-28;-0.0120934704429487;-1.2093470442948702;5.413980113216973
18366;18366;2022-12-29;0.0173106343149935;1.7310634314993498;5.431290747531967
18367;18367;2022-12-30;-0.0025439756461107;-0.25439756461107;5.428746771885856
18368;18368;2023-01-03;-0.0040085724812737;-0.40085724812737;5.424738199404582
18369;18369;2023-01-04;0.0075106945621392;0.75106945621392;5.4322488939667215
18370;18370;2023-01-05;-0.0117138691364573;-1.17138691364573;5.420535024830264
18371;18371;2023-01-06;0.0225838355890317;2.2583835589031698;5.443118860419296
18372;18372;2023-01-09;-0.0007679273259917;-0.07679273259917;5.442350933093304
18373;18373;2023-01-10;0.0069539979705943;0.69539979705943;5.449304931063899
18374;18374;2023-01-11;0.0127675711922936;1.2767571192293599;5.462072502256192
18375;18375;2023-01-12;0.0034100849120424;0.34100849120424;5.465482587168235
18376;18376;2023-01-13;0.0039888921446564;0.39888921446563996;5.469471479312891
18377;18377;2023-01-17;-0.002032555430997;-0.20325554309969998;5.467438923881894
18378;18378;2023-01-18;-0.0156849669777443;-1.5684966977744301;5.45175395690415
18379;18379;2023-01-19;-0.007667671901812;-0.7667671901812;5.444086285002338
18380;18380;2023-01-20;0.018741673552352;1.8741673552352;5.46282795855469
18381;18381;2023-01-23;0.0118113159513288;1.18113159513288;5.474639274506019
18382;18382;2023-01-24;-0.0007117563642928;-0.07117563642928;5.473927518141726
18383;18383;2023-01-25;-0.0001817415734652;-0.01817415734652;5.4737457765682604
18384;18384;2023-01-26;0.0109477080291142;1.09477080291142;5.484693484597375
18385;18385;2023-01-27;0.0024917340217047;0.24917340217047;5.4871852186190795
18386;18386;2023-01-30;-0.0130535693152928;-1.30535693152928;5.474131649303787
18387;18387;2023-01-31;0.0145363044164188;1.45363044164188;5.488667953720205
18388;18388;2023-02-01;0.0103980562968857;1.03980562968857;5.499066010017091
18389;18389;2023-02-02;0.0145923846268534;1.45923846268534;5.513658394643945
18390;18390;2023-02-03;-0.0104085926372849;-1.04085926372849;5.50324980200666
18391;18391;2023-02-06;-0.0061593931939398;-0.61593931939398;5.49709040881272
18392;18392;2023-02-07;0.0127903640373983;1.27903640373983;5.509880772850118
18393;18393;2023-02-08;-0.0111425730124121;-1.11425730124121;5.498738199837706
18394;18394;2023-02-09;-0.008869009831038;-0.8869009831038;5.489869190006668
18395;18395;2023-02-10;0.0021928557092181;0.21928557092181;5.492062045715886
18396;18396;2023-02-13;0.011383569951155;1.1383569951155;5.503445615667041
18397;18397;2023-02-14;-0.0002804538554936;-0.02804538554936;5.503165161811547
18398;18398;2023-02-15;0.0027693375330759;0.27693375330759;5.505934499344623
18399;18399;2023-02-16;-0.0138846892048807;-1.38846892048807;5.492049810139743
18400;18400;2023-02-17;-0.0027712421722831;-0.27712421722831;5.489278567967459
18401;18401;2023-02-21;-0.0202447839734709;-2.02447839734709;5.469033783993988
18402;18402;2023-02-22;-0.0015747954856433;-0.15747954856433;5.467458988508345
18403;18403;2023-02-23;0.0053152782632377;0.53152782632377;5.472774266771583
18404;18404;2023-02-24;-0.0105934646197756;-1.0593464619775599;5.462180802151807
18405;18405;2023-02-27;0.0030682925395524;0.30682925395524;5.46524909469136
18406;18406;2023-02-28;-0.0030406198309478;-0.30406198309478;5.462208474860412
18407;18407;2023-03-01;-0.0047364642034928;-0.47364642034928;5.457472010656919
18408;18408;2023-03-02;0.0075535937311972;0.75535937311972;5.465025604388116
18409;18409;2023-03-03;0.0160187491764833;1.6018749176483298;5.4810443535646
18410;18410;2023-03-06;0.0006869307788477;0.06869307788477;5.481731284343447
18411;18411;2023-03-07;-0.0154455904792634;-1.54455904792634;5.466285693864184
18412;18412;2023-03-08;0.0014137941356029;0.14137941356029;5.467699487999787
18413;18413;2023-03-09;-0.0186318579454809;-1.86318579454809;5.449067630054306
18414;18414;2023-03-10;-0.0145839694360674;-1.4583969436067399;5.4344836606182385
18415;18415;2023-03-13;-0.0015109018407386;-0.15109018407386002;5.4329727587775
18416;18416;2023-03-14;0.0163423882353637;1.63423882353637;5.449315147012864
18417;18417;2023-03-15;-0.0070053639293536;-0.70053639293536;5.44230978308351
18418;18418;2023-03-16;0.0174095762490313;1.7409576249031298;5.459719359332541
18419;18419;2023-03-17;-0.0110806212739529;-1.1080621273952902;5.448638738058588
18420;18420;2023-03-20;0.0088788696359412;0.88788696359412;5.4575176076945295
18421;18421;2023-03-21;0.0128986475185577;1.28986475185577;5.470416255213087
18422;18422;2023-03-22;-0.0166002486398415;-1.6600248639841502;5.453816006573246
18423;18423;2023-03-23;0.0029800838691826;0.29800838691826004;5.456796090442428
18424;18424;2023-03-24;0.005623963084302;0.5623963084302;5.46242005352673
18425;18425;2023-03-27;0.0016455995637674;0.16455995637673998;5.464065653090498
18426;18426;2023-03-28;-0.0015750832883885;-0.15750832883885;5.462490569802109
18427;18427;2023-03-29;0.0141368707750473;1.41368707750473;5.476627440577157
18428;18428;2023-03-30;0.0056989991994829;0.56989991994829;5.48232643977664
18429;18429;2023-03-31;0.0143333277820367;1.43333277820367;5.496659767558676
18430;18430;2023-04-03;0.0036920225658025;0.36920225658025;5.500351790124479
18431;18431;2023-04-04;-0.0058138397451621;-0.5813839745162099;5.494537950379317
18432;18432;2023-04-05;-0.0024954816571209;-0.24954816571209001;5.492042468722196
18433;18433;2023-04-06;0.0035727731328023;0.35727731328023;5.495615241854998
18434;18434;2023-04-10;0.0009958070170092;0.09958070170092001;5.4966110488720075
18435;18435;2023-04-11;-4.135333298194155e-05;-0.004135333298194155;5.4965696955390255
18436;18436;2023-04-12;-0.0041434563234616;-0.41434563234615995;5.492426239215564
18437;18437;2023-04-13;0.013175510497831;1.3175510497831;5.505601749713395
18438;18438;2023-04-14;-0.0020715175845786;-0.20715175845786002;5.503530232128816
18439;18439;2023-04-17;0.0033007035826155;0.33007035826155;5.506830935711432
18440;18440;2023-04-18;0.0008548548034656;0.08548548034656;5.5076857905148975
18441;18441;2023-04-19;-8.426554794027652e-05;-0.008426554794027652;5.507601524966957
18442;18442;2023-04-20;-0.0059703351883104;-0.5970335188310399;5.501631189778647
18443;18443;2023-04-21;0.0009027812573005;0.09027812573005;5.502533971035947
18444;18444;2023-04-24;0.0008512167782726;0.08512167782726;5.50338518781422
18445;18445;2023-04-25;-0.0159371838185773;-1.59371838185773;5.487448003995643
18446;18446;2023-04-26;-0.0038485835033448;-0.38485835033448;5.483599420492298
18447;18447;2023-04-27;0.0193771934026969;1.9377193402696902;5.502976613894995
18448;18448;2023-04-28;0.0082193313132439;0.8219331313243899;5.511195945208239
